Created At,Product Id,Product SKU,Product Title,Product Tags
2024-07-25T18:25:07+02:00,9399619715402,wp-00010000356,Inner fork tube set ALL MODELS 16-26,WP - Technical Accessories
2024-07-25T18:27:28+02:00,9399622500682,wp-00010000358,Inner fork tube set,WP - Pro Components
2024-07-25T18:28:37+02:00,9399624859978,wp-00010000362,Front brake conversion kit 85 SX & 85 TC 18-20,WP - Pro Components
2024-07-25T18:24:01+02:00,9399618568522,wp-00010000413,Adjuster kit 125-450 SX/XC & 125-450 FC/FX/TC/TX 2023,WP - Technical Accessories
2025-01-09T12:18:38+01:00,9637535351114,wp-00010000415,Preload adjuster set,WP - Pro Components
2025-01-09T12:18:54+01:00,9637535547722,wp-00010000416,Preload adjuster set 150-500 EXC/EXC-F & 125-501 TE/FE/TX/FX 24-25,WP - Technical Accessories
2024-07-25T18:24:12+02:00,9399618699594,wp-00010000420,Piston ring set 125-450 SX/XC & 125-450 FC/FX/TC/TX 2023,WP - Technical Accessories
2024-07-25T18:41:06+02:00,9399639834954,wp-00029016100,Combination tool,WP - Tool/transport
2024-07-25T18:55:37+02:00,9399652614474,wp-00029090100,Sag scale,WP - Special tools
2024-07-25T18:41:01+02:00,9399639703882,wp-00029090200,Sag scale,"Out of stock, WP - Tool/transport"
2024-07-25T18:40:30+02:00,9399639245130,wp-00029920000c1,Chain gauge,WP - Tool/transport
2025-01-09T12:26:22+01:00,9637543772490,wp-00029920100c1,Chain gauge,"stock, synkro-clone-ktm-shop-nederland, WP - Tool/transport"
2024-07-25T18:40:27+02:00,9399639179594,wp-00029996100,Torque wrench,WP - Tool/transport
2024-07-25T18:20:11+02:00,9399614570826,wp-00050000929,Handlebar mount kit,WP - Offroad
2024-07-25T18:56:49+02:00,9399654023498,wp-00062010051,Special grease AER Fork 50g,WP - Special tools
2024-07-25T18:56:41+02:00,9399653892426,wp-00062010053,Special grease AER Fork,WP - Special tools
2024-07-25T18:27:50+02:00,9399623090506,wp-0015080256s,Hexagonal bolt with external hexagon with collar M8x25,WP - Pro Components
2026-05-18T21:58:36+02:00,15665041670474,wp-0025080256s,Hexagonal bolt with external hexagon with collar M8x25,WP - Pro Components
2026-05-18T21:58:38+02:00,15665041768778,wp-0025080356,Hexagonal bolt with external hexagon with collar M8X35,WP - Pro Components
2026-05-18T21:58:41+02:00,15665041801546,wp-0025080406,Hexagonal bolt with external hexagon with collar M8X40 ISA 40,WP - Pro Components
2026-05-18T21:58:43+02:00,15665041899850,wp-0025080456,Hexagonal bolt with external hexagon with collar M8X45 TX40,WP - Pro Components
2026-05-18T21:58:46+02:00,15665041965386,wp-0025080506,Hexagonal bolt with external hexagon with collar,WP - Pro Components
2024-07-25T18:11:18+02:00,9399602118986,wp-0251l101u400220,AER Conversion kit,WP - Pro Components
2024-07-25T18:18:00+02:00,9399611720010,wp-03180m01set,XACT PRO 7736 Shock absorber,WP - Offroad
2024-07-25T18:18:04+02:00,9399611818314,wp-03180n02set,XACT PRO 7736 Shock absorber,WP - Offroad
2024-07-25T18:10:36+02:00,9399600775498,wp-0472c104u203220,XACT PRO 7543 Spring fork,WP - Pro Components
2024-07-25T18:10:50+02:00,9399601529162,wp-0472c404u311220,XACT PRO 8946 Shock absorber,WP - Pro Components
2024-07-26T10:09:42+02:00,9400593613130,wp-0472c404u314220,XACT PRO 8946 Shock absorber 85 SX & 85 TC 21-24,WP - Offroad
2024-07-25T18:17:17+02:00,9399610966346,wp-05060l01set,APEX PRO 7500 Cartridge,WP - Cartridge
2024-07-25T18:14:26+02:00,9399606346058,wp-05140l01set,APEX PRO 7500 Cartridge,WP - Pro Components
2024-07-25T18:14:50+02:00,9399607263562,wp-05140l02set,APEX PRO 7500 Cartridge,WP - Pro Components
2024-07-25T18:14:23+02:00,9399606280522,wp-05170l01set,APEX PRO 7500 Cartridge,WP - Pro Components
2024-07-25T18:14:52+02:00,9399607296330,wp-05170l02set,APEX PRO 7500 Cartridge,WP - Pro Components
2024-07-25T18:14:55+02:00,9399607394634,wp-05180l01set,APEX PRO 7500 Cartridge,WP - Pro Components
2024-07-25T18:16:18+02:00,9399609721162,wp-05182n02set,APEX PRO 6543 Spring fork,WP - Fork
2024-07-25T18:12:41+02:00,9399603855690,wp-05182o03set,XACT PRO 7543 Spring fork,WP - Pro Components
2024-07-25T18:14:30+02:00,9399606411594,wp-05182r10set,APEX PRO 6543 Spring fork,WP - Pro Components
2024-07-25T18:17:21+02:00,9399610999114,wp-05230l01set,APEX PRO 7500 Cartridge,WP - Cartridge
2024-07-25T18:17:23+02:00,9399611097418,wp-05230l02set,APEX PRO 7500 Cartridge,WP - Cartridge
2024-07-25T18:14:57+02:00,9399607460170,wp-05270l01set,APEX PRO 7500 Cartridge,WP - Pro Components
2024-07-25T18:40:23+02:00,9399639081290,wp-05992p01set,APEX PRO 7543 Spring fork,WP - Pro Components
2024-07-25T18:15:13+02:00,9399607787850,wp-05992p02set,APEX PRO 7543 Spring fork,WP - Pro Components
2024-07-25T18:15:16+02:00,9399607853386,wp-05992p03set,APEX PRO 7543 Spring fork,WP - Pro Components
2024-07-25T18:15:19+02:00,9399607918922,wp-05992p04set,APEX PRO 7543 Spring fork,WP - Pro Components
2024-07-25T18:16:15+02:00,9399609655626,wp-0617c101u402220,APEX PRO 7548 Spring fork 1290 SUPER DUKE 20-23,WP - Fork
2025-01-09T12:20:23+01:00,9637536891210,wp-06992m01,Moto 3 Spring fork 2013,WP - Pro Components
2024-07-25T18:16:22+02:00,9399609885002,wp-06992m02,Moto 3 Spring fork 2013,WP - Fork
2024-07-25T18:15:51+02:00,9399608869194,wp-07182n02set,XACT PRO 7535 Spring fork,WP - Offroad
2024-07-25T18:16:28+02:00,9399609950538,wp-0761c141v002220,XPLOR PRO 6500 Cartridge 690/701 ENDURO 20-23,WP - Offroad
2024-07-25T18:11:20+02:00,9399602151754,wp-0791l101u400220,AER Conversion kit,WP - Pro Components
2024-07-25T18:16:50+02:00,9399610409290,wp-0797c167u002220,XPLOR PRO 6500 Cartridge 125-501 EXC & 125-500 EC/FE/TE/TX 17-23,WP - Offroad
,8543683248458,wp-0900001601200,"Collar screw M16 x 1,5",Pro Components
2024-07-26T10:09:11+02:00,9400592925002,wp-0963c104w001220,"APEX PRO 6500 Cartridge 125-390 DUKE 24-25 & 401 SVARTPILEN, VITPILEN 24-25",WP - Cartridge
2024-07-26T10:09:48+02:00,9400593711434,wp-0963c404w313220,APEX PRO 6746 Shock absorber 125-390 DUKE 24-25,WP - Shock
2024-07-26T10:08:26+02:00,9400592007498,wp-10150u07set,XACT PRO HUSQVARNA SUSPENSION SET,WP - Pro Components
2024-07-26T10:08:38+02:00,9400592171338,wp-10180t07set,XACT PRO MX SUSPENSION SET,WP - Pro Components
2024-07-26T10:08:35+02:00,9400592138570,wp-10180t67set,XPLOR PRO ENDURO SUSPENSION SET,WP - Pro Components
,,wp-1050adv2015,1050 Adventure 2015,WP Dealer Net INT
,,wp-1050adv2016,1050 Adventure 2016,WP Dealer Net INT
2024-07-25T19:06:47+02:00,9399664705866,wp-1086001,Tool panel,WP - Special tools
2024-07-25T19:06:43+02:00,9399664640330,wp-1086002,Tool panel,WP - Special tools
,,wp-1090adventure2017,1090 Adventure 2017,WP Dealer Net INT
,,wp-1090adventurer2017,1090 Adventure R 2017,WP Dealer Net INT
,,wp-1190rc82010,1190 RC8 2010,WP Dealer Net INT
,,wp-1190rc82011,1190 RC8 2011,WP Dealer Net INT
,,wp-1190rc8r2010,1190 RC8 R 2010,WP Dealer Net INT
,,wp-1190rc8r2011,1190 RC8 R 2011,WP Dealer Net INT
,,wp-1190rc8r2012,1190 RC8 R 2012,WP Dealer Net INT
,,wp-1190rc8r2013,1190 RC8 R 2013,WP Dealer Net INT
,,wp-1190rc8r2014,1190 RC8 R 2014,WP Dealer Net INT
,,wp-1190rc8r2015,1190 RC8 R 2015,WP Dealer Net INT
,,wp-1190rc8r2016,1190 RC8 R 2016,WP Dealer Net INT
,,wp-1190rc8rt2011,1190 RC8 R Track 2011,WP Dealer Net INT
,,wp-1199panigale2011,Ducati 1199 Panigale 2011,WP Dealer Net INT
,,wp-1199panigale2012,Ducati 1199 Panigale 2012,WP Dealer Net INT
,,wp-1199panigale2013,Ducati 1199 Panigale 2013,WP Dealer Net INT
,,wp-1199panigale2014,Ducati 1199 Panigale 2014,WP Dealer Net INT
2024-07-25T18:23:16+02:00,9399617782090,wp-12000l03,Preload Adjuster Trax Link,WP - Technical Accessories
2024-07-25T18:23:13+02:00,9399617749322,wp-12000l04,Preload Adjuster OEM PDS 125-500 EXC 2012,WP - Technical Accessories
2024-07-25T18:23:10+02:00,9399617716554,wp-12000l06,Preload Adjuster OEM PDS,WP - Technical Accessories
2024-07-25T18:23:07+02:00,9399617683786,wp-12000l07,Preload Adjuster Trax Link,WP - Technical Accessories
2024-07-25T18:31:43+02:00,9399628988746,wp-12000p01,Preload adjuster,WP - Pro Components
2024-07-25T18:23:20+02:00,9399617913162,wp-12000q04e,Preload Adjuster Trax PDS,WP - Technical Accessories
2024-07-25T18:31:37+02:00,9399628923210,wp-12000q06e,Preload adjuster,WP - Pro Components
2024-07-25T18:13:18+02:00,9399604642122,wp-12180o0202set,XPLOR PRO 7746 Shock absorber,WP - Pro Components
2024-07-25T18:18:36+02:00,9399612440906,wp-12180p6102set,XPLOR PRO 7746 Shock absorber,WP - Offroad
2025-01-09T12:20:27+01:00,9637536956746,wp-12180p6302set,XPLOR PRO 7746 Shock absorber,WP - Pro Components
2024-07-25T18:18:39+02:00,9399612506442,wp-12180p6702set,XPLOR PRO 7746 Shock absorber,WP - Offroad
2024-07-25T18:13:21+02:00,9399604707658,wp-12180p6902set,XPLOR PRO 7746 Shock absorber,WP - Pro Components
2024-07-25T18:18:07+02:00,9399611883850,wp-12180r04set,XACT PRO 7746 Shock absorber,WP - Offroad
2024-07-25T18:18:11+02:00,9399611916618,wp-12180r6102set,XPLOR PRO 7746 Shock absorber,WP - Offroad
2024-07-25T18:18:14+02:00,9399611982154,wp-12180r6302set,XPLOR PRO 7746 Shock absorber,WP - Offroad
2024-07-25T18:18:17+02:00,9399612047690,wp-12180r6702set,XPLOR PRO 7746 Shock absorber,WP - Offroad
2024-07-25T18:18:20+02:00,9399612145994,wp-12180r6902set,XPLOR PRO 7746 Shock absorber,WP - Offroad
2024-07-25T18:17:53+02:00,9399611654474,wp-12180s08set,XPLOR PRO 6746 Shock absorber 790/890 ADVENTURE & 901 NORDEN 19-23,WP - Offroad
2024-07-25T18:17:56+02:00,9399611687242,wp-12180s10set,XPLOR PRO 6746 Shock absorber 790/890 ADVENTURE & 901 NORDEN 19-23,WP - Offroad
2024-07-25T18:10:53+02:00,9399601594698,wp-12180u67set,XPLOR PRO 8946 Shock absorber,WP - Pro Components
,,wp-125 rc 2 2012,125 RC 2 2012,WP Dealer Net INT
,,wp-125duke2019,125 Duke 2019,WP Dealer Net INT
,,wp-125duke2023,125 Duke 2023,WP Dealer Net INT
,,wp-125duke2025,125 Duke 2025,WP Dealer Net INT
,,wp-125duke2026,125 Duke 2026,WP Dealer Net INT
,,wp-125enduror2026,125 Enduro R 2026,WP Dealer Net INT
,,wp-125ser2019,Sherco 125 SE-R 2019,WP Dealer Net INT
,,wp-125ser2020,Sherco 125 SE-R 2020,WP Dealer Net INT
,,wp-125smcr2026,125 SMC R 2026,WP Dealer Net INT
,,wp-125sx2015,125 SX 2015,WP Dealer Net INT
,,wp-125sx2016,125 SX 2016,WP Dealer Net INT
,,wp-125sx2017,125 SX 2017,WP Dealer Net INT
,,wp-125sx2018,125 SX 2018,WP Dealer Net INT
,,wp-125sx2019,125 SX 2019,WP Dealer Net INT
,,wp-125sx2020,125 SX 2020,WP Dealer Net INT
,,wp-1290sduker2014,1290 Super Duke R 2014,WP Dealer Net INT
,,wp-1290sduker2015,1290 Super Duke R 2015,WP Dealer Net INT
,,wp-1290sduker2016,1290 Super Duke R 2016,WP Dealer Net INT
,,wp-1290superadventurer2017,1290 Super Adventure R 2017,WP Dealer Net INT
,,wp-1290superadventurer2021,1290 Super Adventure R 2021,WP Dealer Net INT
,,wp-1290superadventurer2022,1290 Super Adventure R 2022,WP Dealer Net INT
,,wp-1290superadventures2017,1290 Super Adventure S 2017,WP Dealer Net INT
,,wp-1290superadventures2021,1290 Super Adventure S 2021,WP Dealer Net INT
,,wp-1290superadventures2022,1290 Super Adventure S 2022,WP Dealer Net INT
,,wp-1290superadventuret2017,1290 Super Adventure T 2017,WP Dealer Net INT
,,wp-1290superdukegt2017,1290 Super Duke GT 2017,WP Dealer Net INT
,,wp-1290superdukegt2021,1290 Super Duke GT 2021,WP Dealer Net INT
,,wp-1290superdukegt2023,1290 Super Duke GT 2023,WP Dealer Net INT
,,wp-1290superduker2017,1290 Super Duke R 2017,WP Dealer Net INT
,,wp-1290superduker2018,1290 SUPER DUKE R 2018,WP Dealer Net INT
,,wp-1290superduker2019,1290 Super Duke R 2019,WP Dealer Net INT
,,wp-1290superduker2020,1290 Super Duke R 2020,WP Dealer Net INT
,,wp-1290superduker2021,1290 Super Duke R 2021,WP Dealer Net INT
,,wp-1290superduker2023,1290 Super Duke R 2023,WP Dealer Net INT
,,wp-1290superdukerevo2023,1290 Super Duke R EVO 2023,WP Dealer Net INT
,,wp-1290superdukerr2021,1290 Super Duke RR 2021,WP Dealer Net INT
,,wp-1299panigale2015,Ducati 1299 Panigale 2015,WP Dealer Net INT
,,wp-1299panigale2016,Ducati 1299 Panigale 2016,WP Dealer Net INT
,,wp-1299panigale2017,Ducati 1299 Panigale 2017,WP Dealer Net INT
,,wp-1299panigale2018,Ducati 1299 Panigale R FE 2018,WP Dealer Net INT
,,wp-1390superduker2024,1390 Super Duke R 2024,WP Dealer Net INT
2025-01-09T12:19:09+01:00,9637535711562,wp-14142o01set,Cone Valve Spring fork Honda,WP - Pro Components
2024-07-25T18:12:58+02:00,9399604085066,wp-14142o02set,XACT PRO 7548 Spring fork,WP - Pro Components
2025-01-09T12:24:35+01:00,9637542297930,wp-14142p02set,XACT PRO 7548 Spring fork,WP - Pro Components
2025-01-09T12:24:38+01:00,9637542330698,wp-14142q01set,XACT PRO 7548 Spring fork,WP - Pro Components
2024-07-25T18:12:12+02:00,9399603069258,wp-14142q02set,XACT PRO 7548 Spring fork,WP - Pro Components
2024-07-25T18:12:36+02:00,9399603790154,wp-14142r01set,XACT PRO 7548 Spring fork,WP - Pro Components
2025-01-09T12:24:42+01:00,9637542363466,wp-14152o01set,XACT PRO 7548 Spring fork,WP - Pro Components
2025-01-09T12:24:45+01:00,9637542396234,wp-14152o03set,XPLOR PRO 7548 Spring fork,WP - Pro Components
2024-07-25T18:37:37+02:00,9399636656458,wp-14152t6770set,XPLOR PRO 7548 Spring fork,WP - Pro Components
2024-07-25T18:15:34+02:00,9399608279370,wp-14152u07set,XACT PRO 7548 Spring fork,WP - Offroad
2025-01-09T12:24:48+01:00,9637542429002,wp-14172o01set,XACT PRO 7548 Spring fork,WP - Pro Components
2025-01-09T12:24:50+01:00,9637542461770,wp-14172o02set,XACT PRO 7548 Spring fork,WP - Pro Components
2025-01-09T12:19:54+01:00,9637536399690,wp-14172p02set,XACT PRO 7548 Spring fork,WP - Pro Components
2025-01-09T12:19:43+01:00,9637536268618,wp-14172q01set,XACT PRO 7548 Spring fork,WP - Pro Components
2024-07-25T18:15:58+02:00,9399609065802,wp-14172q02set,XACT PRO 7548 Spring fork,WP - Offroad
2024-07-25T18:15:55+02:00,9399609000266,wp-14172s02set,XACT PRO 7548 Spring fork,WP - Offroad
2025-01-09T12:24:53+01:00,9637542494538,wp-14182n09set,XPLOR PRO 7548 Spring fork,WP - Pro Components
2025-01-09T12:24:56+01:00,9637542527306,wp-14182o01set,XACT PRO 7548 Spring fork,WP - Pro Components
2025-01-09T12:24:59+01:00,9637542592842,wp-14182o03set,XPLOR PRO 7548 Spring fork,WP - Pro Components
2025-01-09T12:25:02+01:00,9637542625610,wp-14182o07set,XPLOR PRO 7548 Spring fork,WP - Pro Components
2025-01-09T12:19:57+01:00,9637536432458,wp-14182p01set,XACT PRO 7548 Spring fork,WP - Pro Components
2025-01-09T12:20:00+01:00,9637536465226,wp-14182p03set,XACT PRO 7548 Spring fork,WP - Pro Components
2025-01-09T12:25:06+01:00,9637542658378,wp-14182p05set,XACT PRO 7548 Spring fork,WP - Pro Components
2025-01-09T12:25:09+01:00,9637542691146,wp-14182p07set,XACT PRO 7548 Spring fork,WP - Pro Components
2025-01-09T12:25:12+01:00,9637542723914,wp-14182p09set,XACT PRO 7548 Spring fork,WP - Pro Components
2025-01-09T12:20:03+01:00,9637536497994,wp-14182p61set,XPLOR PRO 7548 Spring fork,WP - Pro Components
2025-01-09T12:20:06+01:00,9637536563530,wp-14182p63set,XPLOR PRO 7548 Spring fork,WP - Pro Components
2025-01-09T12:25:18+01:00,9637542822218,wp-14182p69set,XPLOR PRO 7548 Spring fork,WP - Pro Components
2025-01-09T12:25:21+01:00,9637542854986,wp-14182q61set,XPLOR PRO 7548 Spring fork,WP - Pro Components
2025-01-09T12:25:24+01:00,9637542920522,wp-14182q63set,XPLOR PRO 7548 Spring fork,WP - Pro Components
2025-01-09T12:19:49+01:00,9637536334154,wp-14182q67set,XPLOR PRO 7548 Spring fork,WP - Pro Components
2025-01-09T12:25:27+01:00,9637542953290,wp-14182q69set,XPLOR PRO 7548 Spring fork,WP - Pro Components
2024-07-25T18:15:42+02:00,9399608672586,wp-14182s08set,XPLOR PRO 7548 Spring fork 790/890 ADVENTURE 19-23 & 901 NORDEN 22-23,WP - Offroad
2024-07-25T18:15:45+02:00,9399608738122,wp-14182s10set,XPLOR PRO 7548 Spring fork 790/890 ADVENTURE 19-23 & 901 NORDEN 22-23,WP - Offroad
2024-07-25T18:36:05+02:00,9399635149130,wp-14182t0170set,XACT PRO 7548 Spring fork,WP - Pro Components
2024-07-25T18:36:11+02:00,9399635312970,wp-14182t0570set,XACT PRO 7548 Spring fork,WP - Pro Components
2024-07-25T18:36:22+02:00,9399635476810,wp-14182t0580set,XACT PRO 7548 Spring fork,WP - Pro Components
2024-07-25T18:36:32+02:00,9399635575114,wp-14182t0590set,XACT PRO 7548 Spring fork,WP - Pro Components
2024-07-25T18:36:35+02:00,9399635673418,wp-14182t0790set,XACT PRO 7548 Spring fork,WP - Pro Components
2024-07-25T18:11:15+02:00,9399602020682,wp-14182t07set,XACT PRO 7548 Spring fork,WP - Pro Components
2024-07-25T18:36:59+02:00,9399636001098,wp-14182t5780set,XACT PRO 7548 Spring fork,WP - Pro Components
2024-07-25T18:37:14+02:00,9399636230474,wp-14182t5990set,XACT PRO 7548 Spring fork,WP - Pro Components
2025-01-09T12:24:11+01:00,9637541937482,wp-14182t6790set,XPLOR PRO 7548 Spring fork,WP - Pro Components
2024-07-25T18:15:39+02:00,9399608639818,wp-14182t67set,XPLOR PRO 7548 Spring fork 125-501 EXC/XC/XCF & 125-500 FE/TE/TX 15-23,WP - Offroad
2025-01-09T12:19:12+01:00,9637535809866,wp-14232o01set,Cone Valve Spring fork Suzuki,WP - Pro Components
2025-01-09T12:25:30+01:00,9637543051594,wp-14232o02set,XACT PRO 7548 Spring fork,WP - Pro Components
2025-01-09T12:19:16+01:00,9637535842634,wp-14232p01set,Cone Valve Spring fork Suzuki,WP - Pro Components
2025-01-09T12:25:33+01:00,9637543149898,wp-14232q01set,XACT PRO 7548 Spring fork,WP - Pro Components
2025-01-09T12:25:35+01:00,9637543182666,wp-14232q02set,XACT PRO 7548 Spring fork,WP - Pro Components
2024-07-25T18:16:01+02:00,9399609327946,wp-14232r02set,XACT PRO 7548 Spring fork,WP - Offroad
2025-01-09T12:19:20+01:00,9637535908170,wp-14272o01set,Cone Valve Spring fork Yamaha,WP - Pro Components
2025-01-09T12:25:38+01:00,9637543215434,wp-14272o02set,XACT PRO 7548 Spring fork,WP - Pro Components
2025-01-09T12:25:41+01:00,9637543248202,wp-14272p02set,XACT PRO 7548 Spring fork,WP - Pro Components
2025-01-09T12:25:44+01:00,9637543313738,wp-14272p03set,XACT PRO 7548 Spring fork,WP - Pro Components
2024-07-25T18:16:07+02:00,9399609426250,wp-14272p04set,XACT PRO 7548 Spring fork,WP - Offroad
2025-01-09T12:25:47+01:00,9637543379274,wp-14272q01set,XACT PRO 7548  Spring fork,WP - Pro Components
2024-07-25T18:31:46+02:00,9399629021514,wp-14272q02set,XACT PRO 7548  Spring fork,WP - Pro Components
2024-07-25T18:16:10+02:00,9399609557322,wp-14272r02set,XACT PRO 7548 Spring fork,WP - Offroad
2025-01-09T12:20:09+01:00,9637536629066,wp-14442o01set,XPLOR PRO 7548 Spring fork,WP - Pro Components
2025-01-09T12:25:50+01:00,9637543412042,wp-14442o02set,XPLOR PRO 7548 Spring fork,WP - Pro Components
2024-07-25T18:27:20+02:00,9399622271306,wp-14460107,"O-Ring 10x1,5 NBR70",WP - Pro Components
2025-01-09T12:20:12+01:00,9637536694602,wp-14522o01set,XPLOR PRO 7548 Spring fork,WP - Pro Components
2024-07-25T18:28:40+02:00,9399624892746,wp-15000d07,Preload Adjuster,WP - Pro Components
2024-07-25T18:23:03+02:00,9399617651018,wp-15000m02s1,Preload Adjuster Cup Shock RC390,WP - Technical Accessories
2024-07-25T18:23:00+02:00,9399617618250,wp-15004t01,Preload Adjuster,WP - Technical Accessories
2024-07-25T18:14:47+02:00,9399607198026,wp-15060o0102set,APEX PRO 7746 Shock absorber,WP - Pro Components
2024-07-25T18:10:57+02:00,9399601693002,wp-15060t11set,APEX PRO 7746 Shock absorber,WP - Pro Components
2024-07-25T18:19:05+02:00,9399613030730,wp-15067k0402set,APEX PRO 7746 Shock absorber,WP - Shock
2024-07-25T18:19:08+02:00,9399613063498,wp-15067l0302set,APEX PRO 7746 Shock absorber,WP - Shock
2024-07-25T18:19:10+02:00,9399613129034,wp-15097l0102set,APEX PRO 7746 Shock absorber,WP - Shock
,,wp-150sx2015,150 SX 2015,WP Dealer Net INT
,,wp-150sx2016,150 SX 2016,WP Dealer Net INT
,,wp-150sx2017,150 SX 2017,WP Dealer Net INT
,,wp-150sx2018,150 SX 2018,WP Dealer Net INT
,,wp-150sx2019,150 SX 2019,WP Dealer Net INT
,,wp-150sx2020,150 SX 2020,WP Dealer Net INT
,,wp-150xc-w2017,150 XC-W 2017,WP Dealer Net INT
2024-07-25T18:15:00+02:00,9399607492938,wp-15147k2902set,APEX PRO 7746 Shock absorber,WP - Pro Components
2024-07-25T18:14:20+02:00,9399606247754,wp-15147l2702set,APEX PRO 7746 Shock absorber,WP - Pro Components
2024-07-25T18:19:13+02:00,9399613161802,wp-15147l2802set,APEX PRO 7746 Shock absorber,WP - Shock
2024-07-25T18:15:11+02:00,9399607722314,wp-15147m01,Moto 3 Shock absorber Honda 2013,WP - Pro Components
2024-07-25T18:14:17+02:00,9399606182218,wp-15170p02set,APEX PRO 7746 Shock absorber,WP - Pro Components
2024-07-25T18:15:02+02:00,9399607591242,wp-15177l2302set,APEX PRO 7746 Shock absorber,WP - Pro Components
2024-07-25T18:19:16+02:00,9399613194570,wp-15177l2402set,APEX PRO 7746 Shock absorber,WP - Shock
2024-07-25T18:19:18+02:00,9399613292874,wp-15180n01set,APEX PRO 7746 Shock absorber,WP - Shock
2025-01-09T12:20:39+01:00,9637537186122,wp-15180o02set,APEX PRO 6746 Shock absorber,WP - Pro Components
2024-07-25T18:12:33+02:00,9399603691850,wp-15180o03set,XACT PRO 7746 Shock absorber,WP - Pro Components
2024-07-25T18:14:33+02:00,9399606509898,wp-15180r10set,APEX PRO 6746 Shock absorber,WP - Pro Components
2024-07-25T18:19:39+02:00,9399613718858,wp-15180r8102set,APEX PRO 6746 Shock absorber,WP - Shock
2024-07-25T18:19:36+02:00,9399613653322,wp-15180r81set,APEX PRO 6746 Shock absorber 790-890 DUKE 18-25 & 801 SVARTPILEN/VITPILEN 24-25,WP - Shock
2024-07-25T18:11:41+02:00,9399602479434,wp-15180t01set,APEX PRO 7746 Shock absorber,WP - Pro Components
2024-07-25T18:11:37+02:00,9399602381130,wp-15180t91set,APEX PRO 7746 Shock absorber,WP - Pro Components
2024-07-25T18:32:40+02:00,9399630365002,wp-15187l0102set,APEX PRO 7746 Shock absorber,WP - Pro Components
2024-07-25T18:15:08+02:00,9399607656778,wp-15187m5002,Moto 3 Shock absorber KTM 2013,WP - Pro Components
2024-07-25T18:19:21+02:00,9399613358410,wp-15230q11set,APEX PRO 7746 Shock absorber,WP - Shock
2024-07-25T18:19:24+02:00,9399613391178,wp-15237l2302set,APEX PRO 7746 Shock absorber,WP - Shock
2024-07-25T18:19:27+02:00,9399613456714,wp-15237l2402set,APEX PRO 7746 Shock absorber,WP - Shock
2024-07-25T18:19:29+02:00,9399613522250,wp-15237l2502set,APEX PRO 7746 Shock absorber,WP - Shock
2024-07-25T18:14:14+02:00,9399606051146,wp-15270o0202set,APEX PRO 7746 Shock absorber,WP - Pro Components
2024-07-25T18:11:07+02:00,9399601889610,wp-15270q61set,APEX PRO 7746 Shock absorber,WP - Pro Components
2024-07-25T18:13:47+02:00,9399605330250,wp-15270q81set,APEX PRO 6746 Shock absorber,WP - Pro Components
2024-07-25T18:14:11+02:00,9399605985610,wp-15277l1602set,APEX PRO 7746 Shock absorber,WP - Pro Components
2024-07-25T18:15:05+02:00,9399607624010,wp-15277l1702set,APEX PRO 7746 Shock absorber,WP - Pro Components
2024-07-25T18:19:32+02:00,9399613555018,wp-15287l3102set,APEX PRO 7746 Shock absorber,WP - Shock
2024-07-25T18:20:24+02:00,9399614767434,wp-16061t11set,APEX PRO 7117 Steering damper,WP - Steering Damper
2024-07-25T18:20:27+02:00,9399614865738,wp-16141m01s,APEX PRO 7115 Steering damper,WP - Steering Damper
2024-07-25T18:14:45+02:00,9399607066954,wp-16181l01s2,APEX PRO 7115 Steering damper,WP - Pro Components
2024-07-25T18:33:07+02:00,9399630889290,wp-16181m50s,APEX PRO 7115 Steering damper,WP - Pro Components
2024-07-26T10:10:02+02:00,9400593973578,wp-16181t01e,APEX PRO 7117 Steering damper kit 1290 SUPER DUKE/KTMR2R 20-23,WP - Steering Damper
2025-01-09T12:20:43+01:00,9637537284426,wp-16231q11set,APEX PRO 7115 Steering damper,WP - Pro Components
2024-07-25T18:14:42+02:00,9399606935882,wp-16271o11set,APEX PRO 7115 Steering damper,WP - Pro Components
2024-07-25T18:14:39+02:00,9399606706506,wp-16271q61set,APEX PRO 7115 Steering damper,WP - Pro Components
2025-01-09T12:19:25+01:00,9637536006474,wp-18140o01set,XACT PRO 7750 Shock absorber,WP - Pro Components
2025-01-09T12:19:30+01:00,9637536104778,wp-18140o02set,XACT PRO 7750 Shock absorber,WP - Pro Components
2024-07-25T18:13:24+02:00,9399604773194,wp-18140p02set,XACT PRO 7750 Shock absorber,WP - Pro Components
2024-07-25T18:13:27+02:00,9399604871498,wp-18140q01set,XACT PRO 7750 Shock absorber,WP - Pro Components
2024-07-25T18:12:06+02:00,9399602905418,wp-18140q02set,XACT PRO 7750 Shock absorber,WP - Pro Components
2024-07-25T18:12:30+02:00,9399603626314,wp-18140r01set,XACT PRO 7750 Shock absorber,WP - Pro Components
2024-07-25T18:13:01+02:00,9399604216138,wp-18150o0102set,XACT PRO 7750 Shock absorber,WP - Pro Components
2024-07-25T18:18:58+02:00,9399612866890,wp-18150o0202set,XACT PRO 7750 Shock absorber,WP - Offroad
2024-07-25T18:13:15+02:00,9399604576586,wp-18150o0302set,XPLOR PRO 7750 Shock absorber,WP - Pro Components
2024-07-25T18:18:34+02:00,9399612408138,wp-18150p6102set,XPLOR PRO 7750 Shock absorber,WP - Offroad
2024-07-25T18:18:42+02:00,9399612539210,wp-18150p6302set,XPLOR PRO 7750 Shock absorber,WP - Offroad
2024-07-25T18:18:44+02:00,9399612571978,wp-18150p6702set,XPLOR PRO 7750 Shock absorber,WP - Offroad
2024-07-25T18:18:48+02:00,9399612604746,wp-18150p6902set,XPLOR PRO 7750 Shock absorber,WP - Offroad
2025-01-09T12:20:30+01:00,9637536989514,wp-18150q6102set,XPLOR PRO 7750 Shock absorber,WP - Pro Components
2025-01-09T12:19:46+01:00,9637536301386,wp-18150q6302set,XPLOR PRO 7750 Shock absorber,WP - Pro Components
2025-01-09T12:19:36+01:00,9637536170314,wp-18150q6702set,XPLOR PRO 7750 Shock absorber,WP - Pro Components
2025-01-09T12:19:38+01:00,9637536203082,wp-18150q6902set,XPLOR PRO 7750 Shock absorber,WP - Pro Components
2024-07-25T18:17:49+02:00,9399611588938,wp-18150t67set,XPLOR PRO 8950 Shock absorber 150 TE / 501 FE 20-23,WP - Offroad
2024-07-25T18:11:01+02:00,9399601791306,wp-18150u07set,XACT PRO 8950 Shock absorber,WP - Pro Components
2024-07-25T18:13:30+02:00,9399604904266,wp-18170o01set,XACT PRO 7750 Shock absorber,WP - Pro Components
2024-07-25T18:13:33+02:00,9399604937034,wp-18170o02set,XACT PRO 7750 Shock absorber,WP - Pro Components
2024-07-25T18:12:27+02:00,9399603593546,wp-18170p02set,XACT PRO 7750 Shock absorber,WP - Pro Components
2024-07-25T18:12:24+02:00,9399603528010,wp-18170q01set,XACT PRO 7750 Shock absorber,WP - Pro Components
2024-07-25T18:12:43+02:00,9399603888458,wp-18170q02set,XACT PRO 7750 Shock absorber,WP - Pro Components
2024-07-25T18:12:21+02:00,9399603429706,wp-18170s02set,XACT PRO 7750 Shock absorber,WP - Pro Components
2024-07-25T18:13:04+02:00,9399604314442,wp-18180o0102set,XACT PRO 7750 Shock absorber,WP - Pro Components
2024-07-25T18:13:07+02:00,9399604379978,wp-18180o0202set,XACT PRO 7750 Shock absorber,WP - Pro Components
2024-07-25T18:13:09+02:00,9399604445514,wp-18180o0302set,XACT PRO 7750 Shock absorber,WP - Pro Components
2024-07-25T18:13:12+02:00,9399604511050,wp-18180o0402set,XACT PRO 7750 Shock absorber,WP - Pro Components
2025-01-09T12:19:33+01:00,9637536137546,wp-18180p0102set,XACT PRO 7750 Shock absorber,WP - Pro Components
2024-07-25T18:18:31+02:00,9399612375370,wp-18180p0302set,XACT PRO 7750 Shock absorber,WP - Offroad
2025-01-09T12:20:33+01:00,9637537087818,wp-18180p0502set,XACT PRO 7750 Shock absorber,WP - Pro Components
2025-01-09T12:19:41+01:00,9637536235850,wp-18180p0702set,XACT PRO 7750 Shock absorber,WP - Pro Components
2024-07-25T18:12:39+02:00,9399603822922,wp-18180p0902set,XACT PRO 7750 Shock absorber,WP - Pro Components
2025-01-09T12:20:36+01:00,9637537120586,wp-18180q0302set,XACT PRO 7750 Shock absorber,WP - Pro Components
2024-07-25T18:11:04+02:00,9399601824074,wp-18180t07set,XACT PRO 8950 Shock absorber,WP - Pro Components
2024-07-25T18:32:05+02:00,9399629349194,wp-18180t5370set,XACT PRO 8950 Shock absorber,WP - Pro Components
2024-07-25T18:32:02+02:00,9399629316426,wp-18180t5380set,XACT PRO 8950 Shock absorber,WP - Pro Components
2024-07-25T18:31:58+02:00,9399629283658,wp-18180t5390set,XACT PRO 8950 Shock absorber,WP - Pro Components
2024-07-25T18:32:29+02:00,9399630168394,wp-18230o01set,XACT PRO 7750 Shock absorber,WP - Pro Components
2024-07-25T18:13:35+02:00,9399605002570,wp-18230o02set,XACT PRO 7750 Shock absorber,WP - Pro Components
2024-07-25T18:32:32+02:00,9399630201162,wp-18230p01set,XACT PRO 7750 Shock absorber,WP - Pro Components
2024-07-25T18:12:46+02:00,9399603921226,wp-18230q01set,XACT PRO 7750 Shock absorber,WP - Pro Components
2024-07-25T18:13:38+02:00,9399605035338,wp-18230q02set,XACT PRO 7750 Shock absorber,WP - Pro Components
2024-07-25T18:18:27+02:00,9399612309834,wp-18230r02set,XACT PRO 7750 Shock absorber,WP - Offroad
2025-01-09T12:19:28+01:00,9637536039242,wp-18270o01set,XACT PRO 7750 Shock absorber,WP - Pro Components
2024-07-25T18:13:41+02:00,9399605133642,wp-18270o02set,XACT PRO 7750 Shock absorber,WP - Pro Components
2024-07-25T18:18:50+02:00,9399612670282,wp-18270p02set,XACT PRO 7750 Shock absorber,WP - Offroad
2024-07-25T18:18:53+02:00,9399612703050,wp-18270p03set,XACT PRO 7750 Shock absorber,WP - Offroad
2024-07-25T18:18:55+02:00,9399612768586,wp-18270p04set,XACT PRO 7750 Shock absorber,WP - Offroad
2024-07-25T18:12:18+02:00,9399603298634,wp-18270q01set,XACT PRO 7750 Shock absorber,WP - Pro Components
2024-07-25T18:12:49+02:00,9399603986762,wp-18270q02set,XACT PRO 7750 Shock absorber,WP - Pro Components
2024-07-25T18:18:24+02:00,9399612277066,wp-18270r02set,XACT PRO 7750 Shock absorber,WP - Offroad
2024-07-25T18:12:51+02:00,9399604019530,wp-18440o01set,XPLOR PRO 7750 Shock absorber,WP - Pro Components
2024-07-25T18:12:15+02:00,9399603200330,wp-18440o02set,XPLOR PRO 7750 Shock absorber,WP - Pro Components
2024-07-25T18:12:54+02:00,9399604052298,wp-18520o01set,XPLOR PRO 7750 Shock absorber,WP - Pro Components
,,wp-200duke2018,200 Duke 2018,WP Dealer Net INT
,,wp-200duke2019,200 Duke 2019,WP Dealer Net INT
,,wp-200duke2021,200 Duke 2021,WP Dealer Net INT
,,wp-200duke2023,200 Duke 2023,WP Dealer Net INT
,,wp-200duke2025,200 Duke 2025,WP Dealer Net INT
,,wp-200duke2026,200 Duke 2026,WP Dealer Net INT
,,wp-200dukewoabs2023,200 Duke 2023,WP Dealer Net INT
,,wp-200exc2012,200 EXC 2012,WP Dealer Net INT
,,wp-200exc2015,200 EXC 2015,WP Dealer Net INT
,,wp-200exc2016,200 EXC 2016,WP Dealer Net INT
2024-07-25T18:47:30+02:00,9399645372746,wp-20170043int,GROUP Ball Pen,WP - Retail & Marketing Material
,,wp-2020dukewoabs2021,200 Duke 2021,WP Dealer Net INT
2026-05-18T21:59:15+02:00,15665042882890,wp-20210006de,Dakar Book,WP - Retail &amp; Marketing Material
2024-07-25T18:46:43+02:00,9399644553546,wp-20220020int,PMAG Lanyard,WP - Retail & Marketing Material
2024-07-25T18:46:33+02:00,9399644389706,wp-20230007int,PMAG Document Folder Premium,WP - Retail & Marketing Material
2024-07-25T18:46:30+02:00,9399644356938,wp-20230008int,PMAG Notepad A4,WP - Retail & Marketing Material
2024-07-25T18:46:27+02:00,9399644324170,wp-20230009int,PMAG Notebook Premium,WP - Retail & Marketing Material
2024-07-25T18:46:40+02:00,9399644520778,wp-20230012int,PMAG Notepad A5,WP - Retail & Marketing Material
2024-07-25T18:46:37+02:00,9399644488010,wp-20230013int,PMAG Greeting Card,WP - Retail & Marketing Material
2024-07-25T18:20:43+02:00,9399615291722,wp-22101999088c1a,Factory triple clamp 790-890 ADVENTURE & 901 NORDEN 19-23,WP - Technical Accessories
2024-07-25T18:21:24+02:00,9399616143690,wp-22112955044,Lowering kit 901 NORDEN 22-23,WP - Technical Accessories
2024-07-25T19:06:50+02:00,9399664804170,wp-2286007,WP header,WP - Special tools
2024-07-25T19:06:53+02:00,9399664869706,wp-2286008,WP header,WP - Special tools
2024-07-25T18:24:45+02:00,9399619354954,wp-25001939500,Progressive handlebar damping system (PHDS),WP - Technical Accessories
,,wp-250adventure2021,250 Adventure 2021,WP Dealer Net INT
,,wp-250adventure2022,250 Adventure 2022,WP Dealer Net INT
,,wp-250duke2018,250 Duke 2018,WP Dealer Net INT
,,wp-250duke2019,250 Duke 2019,WP Dealer Net INT
,,wp-250duke2021,250 Duke 2021,WP Dealer Net INT
,,wp-250duke2023,250 Duke 2023,WP Dealer Net INT
,,wp-250duke2025,250 Duke 2025,WP Dealer Net INT
,,wp-250duke2026,250 Duke 2026,WP Dealer Net INT
,,wp-250dukewoabs2021,250 Duke 2021,WP Dealer Net INT
,,wp-250exc-f2017,250 EXC-F 2017,WP Dealer Net INT
,,wp-250exc-f2018,250 EXC-F 2018,WP Dealer Net INT
,,wp-250exc-f2019,250 EXC-F 2019,WP Dealer Net INT
,,wp-250exc2012,250 EXC 2012,WP Dealer Net INT
,,wp-250exc2015,250 EXC 2015,WP Dealer Net INT
,,wp-250exc2016,250 EXC 2016,WP Dealer Net INT
,,wp-250exc2017,250 EXC 2017,WP Dealer Net INT
,,wp-250excf2012,250 EXC-F 2012,WP Dealer Net INT
,,wp-250excf2015,250 EXC-F 2015,WP Dealer Net INT
,,wp-250excf2016,250 EXC-F 2016,WP Dealer Net INT
,,wp-250excf2020,250 EXC-F 2020,WP Dealer Net INT
,,wp-250excf2021,250 EXC-F 2021,WP Dealer Net INT
,,wp-250excf2023,250 EXC-F 2023,WP Dealer Net INT
,,wp-250exctpi2018,250 EXC TPI 2018,WP Dealer Net INT
,,wp-250se-rfactory2015,Sherco 250 SE-R Factory 2015,WP Dealer Net INT
,,wp-250se-rfactory2016,Sherco 250 SE-R Factory 2016,WP Dealer Net INT
,,wp-250sef-r2015,Sherco 250 SEF-R 2015,WP Dealer Net INT
,,wp-250sef-r2016,Sherco 250 SEF-R 2016,WP Dealer Net INT
,,wp-250sef2015,Sherco 250 SEF 2015,WP Dealer Net INT
,,wp-250sef2016,Sherco 250 SEF 2016,WP Dealer Net INT
,,wp-250sefr2017,Sherco 250 SEF-R 2017,WP Dealer Net INT
,,wp-250sefr2018,Sherco 250 SEF-R 2018,WP Dealer Net INT
,,wp-250sefr2019,Sherco 250 SEF-R 2019,WP Dealer Net INT
,,wp-250sefr2020,Sherco 250 SEF-R 2020,WP Dealer Net INT
,,wp-250ser2017,Sherco 250 SE-R 2017,WP Dealer Net INT
,,wp-250ser2018,Sherco 250 SE-R 2018,WP Dealer Net INT
,,wp-250ser2019,Sherco 250 SE-R 2019,WP Dealer Net INT
,,wp-250ser2020,Sherco 250 SE-R 2020,WP Dealer Net INT
,,wp-250sx-f2017,250 SX-F 2017,WP Dealer Net INT
,,wp-250sx-f2018,250 SX-F 2018,WP Dealer Net INT
,,wp-250sx-f2019,250 SX-F 2019,WP Dealer Net INT
,,wp-250sx-f2020,250 SX-F 2020,WP Dealer Net INT
,,wp-250sx2013,250 SX 2013,WP Dealer Net INT
,,wp-250sx2015,250 SX 2015,WP Dealer Net INT
,,wp-250sx2016,250 SX 2016,WP Dealer Net INT
,,wp-250sx2017,250 SX 2017,WP Dealer Net INT
,,wp-250sx2018,250 SX 2018,WP Dealer Net INT
,,wp-250sx2019,250 SX 2019,WP Dealer Net INT
,,wp-250sx2020,250 SX 2020,WP Dealer Net INT
,,wp-250sxf2015,250 SX-F 2015,WP Dealer Net INT
,,wp-250sxf2016,250 SX-F 2016,WP Dealer Net INT
,,wp-250sxf2021,250 SX-F 2021,WP Dealer Net INT
,,wp-250sxf2023,250 SX-F 2023,WP Dealer Net INT
,,wp-250sxf2027,250 SX-F 2027,WP Dealer Net INT
,,wp-250xc-f2017,250 XC-F 2017,WP Dealer Net INT
,,wp-250xc-w2017,250 XC-W 2017,WP Dealer Net INT
,,wp-250xc-w2018,250 XC-W 2018,WP Dealer Net INT
,,wp-250xc2017,250 XC 2017,WP Dealer Net INT
2024-07-25T18:22:45+02:00,9399617421642,wp-27004905000,Preload adjuster 690/701 ENDURO/SUPERMOTO 19-23,WP - Technical Accessories
2024-07-25T18:21:49+02:00,9399616569674,wp-28012955044,Lowering kit 401 SVARTPILEN 2019,WP - Technical Accessories
2026-05-18T21:59:21+02:00,15665043046730,wp-28112955044,Lowering kit,WP - Technical Accessories
2024-07-25T18:21:53+02:00,9399616635210,wp-28512955044,Lowering kit 401 VITPILEN 18-19,WP - Technical Accessories
,,wp-300exc2012,300 EXC 2012,WP Dealer Net INT
,,wp-300exc2015,300 EXC 2015,WP Dealer Net INT
,,wp-300exc2016,300 EXC 2016,WP Dealer Net INT
,,wp-300exc2017,300 EXC 2017,WP Dealer Net INT
,,wp-300exc2023,300 EXC 2023,WP Dealer Net INT
,,wp-300excsd2023,300 EXC Six Days 2023,WP Dealer Net INT
,,wp-300exctpi2018,300 EXC TPI 2018,WP Dealer Net INT
,,wp-300se-rfactory2015,Sherco 300 SE-R Factory 2015,WP Dealer Net INT
,,wp-300se-rfactory2016,Sherco 300 SE-R Factory 2016,WP Dealer Net INT
,,wp-300sef-r2015,Sherco 300 SEF-R 2015,WP Dealer Net INT
,,wp-300sef-r2016,Sherco 300 SEF-R 2016,WP Dealer Net INT
,,wp-300sef-rfactory15,$M-300SEF-RFACTORY15,WP Dealer Net INT
,,wp-300sef-rfactory16,$M-300SEF-RFACTORY16,WP Dealer Net INT
,,wp-300sef2015,Sherco 300 SEF 2015,WP Dealer Net INT
,,wp-300sef2016,Sherco 300 SEF 2016,WP Dealer Net INT
,,wp-300sefr2017,Sherco 300 SEF-R 2017,WP Dealer Net INT
,,wp-300sefr2018,Sherco 300 SEF-R 2018,WP Dealer Net INT
,,wp-300sefr2019,Sherco 300 SEF-R 2019,WP Dealer Net INT
,,wp-300sefr2020,Sherco 300 SEF-R 2020,WP Dealer Net INT
,,wp-300ser2017,Sherco 300 SE-R 2017,WP Dealer Net INT
,,wp-300ser2018,Sherco 300 SE-R 2018,WP Dealer Net INT
,,wp-300ser2019,Sherco 300 SE-R 2019,WP Dealer Net INT
,,wp-300ser2020,Sherco 300 SE-R 2020,WP Dealer Net INT
,,wp-300xc-w2017,300 XC-W 2017,WP Dealer Net INT
,,wp-300xc2017,300 XC 2017,WP Dealer Net INT
,,wp-300xcwsixdays2017,300 XC-W Six Days 2017,WP Dealer Net INT
2024-07-25T18:50:14+02:00,9399647863114,wp-318216,Tent Frame 3 x 3m,WP - Retail & Marketing Material
2024-07-25T18:50:19+02:00,9399647994186,wp-3210589,Tent Frame 6 x 3m,WP - Retail & Marketing Material
2024-07-25T19:06:36+02:00,9399664542026,wp-3287001,Clamp,WP - Special tools
2024-07-25T19:06:33+02:00,9399664443722,wp-3287002,Clamp,WP - Special tools
2024-07-25T19:06:29+02:00,9399664378186,wp-3287003,Clamp,WP - Special tools
2024-07-25T19:06:26+02:00,9399664345418,wp-3287004,Hook,WP - Special tools
2024-07-25T19:06:23+02:00,9399664312650,wp-3287005,Hook,WP - Special tools
2024-07-25T19:06:19+02:00,9399664279882,wp-3287006,Hook,WP - Special tools
2024-07-25T19:06:16+02:00,9399664247114,wp-3287007,Hook,WP - Special tools
2024-07-25T19:06:12+02:00,9399664214346,wp-3287008,Hook,WP - Special tools
2024-07-25T19:06:09+02:00,9399664148810,wp-3287009,Hook,WP - Special tools
2024-07-25T19:06:05+02:00,9399664083274,wp-3287010,Hook,WP - Special tools
2024-07-25T19:06:01+02:00,9399664017738,wp-3287011,Magnet holder,WP - Special tools
2024-07-25T19:05:58+02:00,9399663984970,wp-3287012,Metal box,WP - Special tools
2024-07-25T19:05:54+02:00,9399663853898,wp-3287013,Clamp,WP - Special tools
2024-07-25T19:05:51+02:00,9399663788362,wp-3287014,Hook,WP - Special tools
2024-07-25T19:05:48+02:00,9399663755594,wp-3287015,Hook,WP - Special tools
2024-07-25T19:05:44+02:00,9399663722826,wp-3287016,Metal box,WP - Special tools
2024-07-25T19:05:41+02:00,9399663591754,wp-3287017,Hook,WP - Special tools
2024-07-25T19:05:36+02:00,9399663558986,wp-3287018,Hook,WP - Special tools
2025-01-09T12:25:53+01:00,9637543444810,wp-34182q01set,XACT PRO 7448 Airfork,WP - Pro Components
2025-01-09T12:20:16+01:00,9637536792906,wp-34182q03set,XACT PRO 7448 Airfork,WP - Pro Components
2025-01-09T12:25:56+01:00,9637543477578,wp-34182q05set,XACT PRO 7448 Airfork,WP - Pro Components
2025-01-09T12:26:00+01:00,9637543510346,wp-34182q07set,XACT PRO 7448 Airfork,WP - Pro Components
2025-01-09T12:20:19+01:00,9637536825674,wp-34182q09set,XACT PRO 7448 Airfork,WP - Pro Components
2024-07-25T18:11:11+02:00,9399601955146,wp-34182t07set,XACT PRO 7448 Airfork,WP - Pro Components
2024-07-25T18:10:41+02:00,9399601103178,wp-34182u67set,XPLOR PRO 7448 Air spring fork,WP - Pro Components
,,wp-350exc-f2017,350 EXC-F 2017,WP Dealer Net INT
,,wp-350exc-f2018,350 EXC-F 2018,WP Dealer Net INT
,,wp-350exc-f2019,350 EXC-F 2019,WP Dealer Net INT
,,wp-350exc-fsd2017,350 EXC-F Six Days 2017,WP Dealer Net INT
,,wp-350exc-fsd2019,350 EXC-F Six Days 2019,WP Dealer Net INT
,,wp-350exc-fsixdays2018,350 EXC-F SIX DAYS 2018,WP Dealer Net INT
,,wp-350excf2012,350 EXC-F 2012,WP Dealer Net INT
,,wp-350excf2015,350 EXC-F 2015,WP Dealer Net INT
,,wp-350excf2016,350 EXC-F 2016,WP Dealer Net INT
,,wp-350excf2020,350 EXC-F 2020,WP Dealer Net INT
,,wp-350excf2021,350 EXC-F 2021,WP Dealer Net INT
,,wp-350excf2023,350 EXC-F 2023,WP Dealer Net INT
,,wp-350excfsd2020,350 EXC-F Six Days 2020,WP Dealer Net INT
,,wp-350excfsd2021,350 EXC-F Six Days 2021,WP Dealer Net INT
,,wp-350excfsd2023,350 EXC-F Six Days 2023,WP Dealer Net INT
,,wp-350sx-f2017,350 SX-F 2017,WP Dealer Net INT
,,wp-350sx-f2018,350 SX-F 2018,WP Dealer Net INT
,,wp-350sx-f2019,350 SX-F 2019,WP Dealer Net INT
,,wp-350sx-f2020,350 SX-F 2020,WP Dealer Net INT
,,wp-350sxf2015,350 SX-F 2015,WP Dealer Net INT
,,wp-350sxf2016,350 SX-F 2016,WP Dealer Net INT
,,wp-350sxf2021,350 SX-F 2021,WP Dealer Net INT
,,wp-350sxf2023,350 SX-F 2023,WP Dealer Net INT
,,wp-350sxf2027,350 SX-F 2027,WP Dealer Net INT
,,wp-350xc-f2017,350 XC-F 2017,WP Dealer Net INT
2024-07-25T18:30:01+02:00,9399626858826,wp-36120060,"Dirt scraper 12,7X18X3-4,5",WP - Pro Components
,,wp-390adventure2020,390 Adventure 2020,WP Dealer Net INT
,,wp-390adventure2021,390 Adventure 2021,WP Dealer Net INT
,,wp-390adventure2022,390 Adventure 2022,WP Dealer Net INT
,,wp-390adventurer2026,390 Adventure R 2026,WP Dealer Net INT
,,wp-390adventurex2026,390 Adventure X 2026,WP Dealer Net INT
,,wp-390duke2017,390 DUKE 2017,WP Dealer Net INT
,,wp-390duke2018,390 Duke 2018,WP Dealer Net INT
,,wp-390duke2019,390 Duke 2019,WP Dealer Net INT
,,wp-390duke2021,390 Duke 2021,WP Dealer Net INT
,,wp-390duke2022,390 Duke 2022,WP Dealer Net INT
,,wp-390duke2023,390 Duke 2023,WP Dealer Net INT
,,wp-390duke2025,390 Duke 2025,WP Dealer Net INT
,,wp-390duke2026,390 Duke 2026,WP Dealer Net INT
,,wp-390enduror2026,390 Enduro R 2026,WP Dealer Net INT
,,wp-390smcr2026,390 SMC R 2026,WP Dealer Net INT
2024-07-25T18:46:18+02:00,9399644193098,wp-3wp21006230x,Mechanic Gloves,WP - Casual and Accessories
2024-07-25T18:46:00+02:00,9399643996490,wp-3wp210062400,Curved Cap,WP - Casual and Accessories
2024-07-25T18:45:54+02:00,9399643898186,wp-3wp210062500,Flat Cap,WP - Casual and Accessories
2024-07-25T18:43:42+02:00,9399641768266,wp-3wp21006290x,Replica Team Polo,WP - Casual and Accessories
2024-07-25T18:43:36+02:00,9399641702730,wp-3wp21006300x,Replica Team Shirt,WP - Casual and Accessories
2024-07-25T18:44:17+02:00,9399642423626,wp-3wp21006310x,Replica Team Thin Sweater,WP - Casual and Accessories
2024-07-25T18:45:01+02:00,9399643242826,wp-3wp21006330x,Replica Team Softshell Jacket,WP - Casual and Accessories
2024-07-25T18:44:55+02:00,9399643144522,wp-3wp21006340x,Replica Team Hardshell Jacket,WP - Casual and Accessories
2024-07-25T18:44:49+02:00,9399643078986,wp-3wp21006350x,Replica Team Winter Jacket,WP - Casual and Accessories
2025-01-09T12:26:42+01:00,9637544198474,wp-3wp210077500,Renegade Backpack,WP - Casual and Accessories
2025-01-09T12:26:34+01:00,9637543870794,wp-3wp210077600,Travel Bag 9800,WP - Casual and Accessories
2024-07-25T18:43:13+02:00,9399641538890,wp-3wp21007860x,Replica Team Tee,WP - Casual and Accessories
2024-07-25T18:43:20+02:00,9399641604426,wp-3wp21007870x,Replica Team Polo,WP - Casual and Accessories
2024-07-25T18:43:26+02:00,9399641669962,wp-3wp21007880x,Replica Team Shirt,WP - Casual and Accessories
2024-07-25T18:44:04+02:00,9399642161482,wp-3wp21007890x,Replica Team Thin Sweater,WP - Casual and Accessories
2024-07-25T18:44:11+02:00,9399642325322,wp-3wp21007900x,Replica Team Zip Hoodie,WP - Casual and Accessories
2024-07-25T18:44:31+02:00,9399642718538,wp-3wp21007910x,Replica Team Softshell Jacket,WP - Casual and Accessories
2024-07-25T18:44:38+02:00,9399642882378,wp-3wp21007920x,Replica Team Hardshell Jacket,WP - Casual and Accessories
2024-07-25T18:44:44+02:00,9399643013450,wp-3wp21007930x,Replica Team Winter Jacket,WP - Casual and Accessories
2024-07-25T18:45:28+02:00,9399643537738,wp-3wp21007940x,Replica Team Shorts,WP - Casual and Accessories
2024-07-25T18:45:33+02:00,9399643636042,wp-3wp21007950x,Replica Team Pants,WP - Casual and Accessories
2024-07-25T18:42:50+02:00,9399641375050,wp-3wp21008030x,MECHANIC GLOVES,WP -
2026-05-18T21:59:28+02:00,15665043276106,wp-3wp220067000,Lanyard,WP - Casual and Accessories
2024-07-25T18:42:35+02:00,9399641211210,wp-3wp220067100,BUFF,WP -
2024-07-25T18:42:40+02:00,9399641243978,wp-3wp240040300,REPLICA TEAM REV BACKPACK,WP -
2024-07-25T18:42:45+02:00,9399641342282,wp-3wp240040400,REPLICA TEAM TRAVEL BAG 9800,"Out of stock, WP -"
2024-07-25T18:42:26+02:00,9399641112906,wp-3wp240040500,REPLICA TEAM FLAT CAP,WP -
2024-07-25T18:42:31+02:00,9399641178442,wp-3wp240040600,REPLICA TEAM CURVED CAP,WP -
2024-07-25T18:41:38+02:00,9399640424778,wp-3wp24004070x,REPLICA TEAM TEE,WP -
2024-07-25T18:41:45+02:00,9399640490314,wp-3wp24004080x,REPLICA TEAM POLO,WP -
2024-07-25T18:43:00+02:00,9399641440586,wp-3wp24004090x,REPLICA TEAM HALFZIP SWEATER,"Out of stock, WP - Apparel and Accessories"
2024-07-25T18:41:55+02:00,9399640686922,wp-3wp24004100x,REPLICA TEAM SOFTSHELL JACKET,WP -
2024-07-25T18:42:02+02:00,9399640785226,wp-3wp24004110x,REPLICA TEAM HARDSHELL JACKET,WP -
2024-07-25T18:42:08+02:00,9399640883530,wp-3wp24004120x,REPLICA TEAM WINTER JACKET,WP -
2024-07-25T18:42:14+02:00,9399640981834,wp-3wp24004130x,REPLICA TEAM SHORTS,WP -
2024-07-25T18:42:20+02:00,9399641080138,wp-3wp24004140x,REPLICA TEAM PANTS,WP -
2024-07-25T18:43:06+02:00,9399641506122,wp-3wp24004150x,REPLICA TEAM ZIP HOODIE,WP - Apparel and Accessories
2024-07-25T18:41:50+02:00,9399640555850,wp-3wp24004160x,WOMEN REPLICA TEAM TEE,WP -
2024-07-25T19:06:40+02:00,9399664607562,wp-4086602,WP label kit,WP - Special tools
2024-07-25T18:15:47+02:00,9399608770890,wp-43182r04set,XACT PRO 7443 Airfork,WP - Offroad
2024-07-25T18:27:21+02:00,9399622304074,wp-43570397,"O-Ring 8x1,5 NBR70",WP - Pro Components
2024-07-25T18:31:01+02:00,9399628169546,wp-43570874,"Preload bush 12,5x18x27",WP - Pro Components
,,wp-450exc-f2017,450 EXC-F 2017,WP Dealer Net INT
,,wp-450exc-f2018,450 EXC-F 2018,WP Dealer Net INT
,,wp-450exc-f2019,450 EXC-F 2019,WP Dealer Net INT
,,wp-450exc-fsd2017,450 EXC-F Six Days 2017,WP Dealer Net INT
,,wp-450exc-fsd2019,450 EXC-F Six Days 2019,WP Dealer Net INT
,,wp-450exc-fsixdays2018,450 EXC-F SIX DAYS 2018,WP Dealer Net INT
,,wp-450exc2012,450 EXC 2012,WP Dealer Net INT
,,wp-450exc2015,450 EXC 2015,WP Dealer Net INT
,,wp-450exc2016,450 EXC 2016,WP Dealer Net INT
,,wp-450se2015,Sherco 450 SE 2015,WP Dealer Net INT
,,wp-450se2016,Sherco 450 SE 2016,WP Dealer Net INT
,,wp-450sefr2017,Sherco 450 SEF-R 2017,WP Dealer Net INT
,,wp-450sefr2018,Sherco 450 SEF-R 2018,WP Dealer Net INT
,,wp-450sefr2019,Sherco 450 SEF-R 2019,WP Dealer Net INT
,,wp-450sefr2020,Sherco 450 SEF-R 2020,WP Dealer Net INT
,,wp-450sx-f2017,450 SX-F 2017,WP Dealer Net INT
,,wp-450sx-f2018,450 SX-F 2018,WP Dealer Net INT
,,wp-450sx-f2019,450 SX-F 2019,WP Dealer Net INT
,,wp-450sx-f2020,450 SX-F 2020,WP Dealer Net INT
,,wp-450sxf2015,450 SX-F 2015,WP Dealer Net INT
,,wp-450sxf2016,450 SX-F 2016,WP Dealer Net INT
,,wp-450sxf2021,450 SX-F 2021,WP Dealer Net INT
,,wp-450sxf2023,450 SX-F 2023,WP Dealer Net INT
,,wp-450sxf2027,450 SX-F 2027,WP Dealer Net INT
,,wp-450xcf2017,450 XC-F 2017,WP Dealer Net INT
2024-07-25T18:29:18+02:00,9399625679178,wp-45201034022,Triple clamp,WP - Pro Components
2024-07-25T18:22:34+02:00,9399617290570,wp-45304905000,Preload adjuster 50 SX & 50 TC 16-23,WP - Technical Accessories
2024-07-25T18:21:37+02:00,9399616405834,wp-45412955044s,Lowering kit 50 SX /SX-E 5 20-23 & EE 5/50 TC 20-23,WP - Technical Accessories
2026-05-18T21:59:35+02:00,15665043439946,wp-45412955144s,Lowering kit,WP - Technical Accessories
2024-07-25T18:27:29+02:00,9399622533450,wp-46001086000,"Protection ring 20,1x39x5","stock, synkro-clone-ktm-shop-nederland, WP - Pro Components"
2024-07-25T18:29:21+02:00,9399625744714,wp-46201032022,Triple clamp,WP - Pro Components
2024-07-25T18:21:11+02:00,9399615947082,wp-46301996100,Factory start device 65 SX 21-25 & 65 TC 21-25,WP - Technical Accessories
2024-07-25T18:22:31+02:00,9399617225034,wp-46304905000,Preload adjuster,WP - Technical Accessories
2024-07-25T18:21:08+02:00,9399615881546,wp-47201996100faa,"Factory start device 85-105 SX/SXS  03-24 & PIONEER, TC (660W, 85) 14-25",WP - Technical Accessories
2024-07-25T18:20:50+02:00,9399615390026,wp-47201999014c1a,Factory triple clamp 85 SX & 85 TC  18-23,WP - Technical Accessories
2024-07-25T18:27:22+02:00,9399622336842,wp-48600044,"O-ring 6x1,5 NBR70",WP - Pro Components
2024-07-25T18:34:09+02:00,9399631970634,wp-48600074s9,Preload adjuster set,WP - Pro Components
2024-07-25T18:26:09+02:00,9399620862282,wp-48600494s,Front Fork Fluid SAE 5,WP - Oil
2024-07-25T18:26:06+02:00,9399620731210,wp-48600495s,Front Fork Fluid SAE 7.5,WP - Oil
2024-07-25T18:26:01+02:00,9399620665674,wp-48600496s,Front Fork Fluid SAE 10,WP - Oil
2024-07-25T18:25:57+02:00,9399620632906,wp-48600497s,Front Fork Fluid SAE 15,WP - Oil
2024-07-25T18:25:53+02:00,9399620567370,wp-48600498s,Front Fork Fluid SAE 20,WP - Oil
2024-07-25T18:21:14+02:00,9399616012618,wp-48601164,Factory start device Cone Valve 125- 501 EXC/SX/XC/XCF & 125-500 FC/FE/FX/TC/TE/TX 16-23,WP - Technical Accessories
2024-07-25T18:26:16+02:00,9399620960586,wp-48601166s1,FRONT FORK FLUID SAE 4 5L,"Out of stock, WP - Oil"
2025-01-09T12:19:22+01:00,9637535973706,wp-48601166s2,Front Fork Fluid SAE 4 10L,WP - Pro Components
2024-07-25T18:26:12+02:00,9399620927818,wp-48601166s4,Front Fork Fluid SAE 4 200L,WP - Oil
2025-01-09T12:19:05+01:00,9637535678794,wp-48601167,"Handlebar ""Fix System""",WP - Pro Components
2024-07-25T18:32:08+02:00,9399629414730,wp-48601172,Progressive handlebar damping system (PHDS),WP - Pro Components
2024-07-25T18:31:40+02:00,9399628955978,wp-48601175,Factory start device,WP - Pro Components
2024-07-25T18:13:44+02:00,9399605199178,wp-48601193,Factory triple clamp,WP - Pro Components
2024-07-25T18:30:14+02:00,9399627317578,wp-48601194,Handlebar riser 3mm,WP - Pro Components
2024-07-25T18:30:18+02:00,9399627448650,wp-48601195,Handlebar riser 6mm,WP - Pro Components
2024-07-25T18:30:21+02:00,9399627514186,wp-48601196,Handlebar riser 10mm,WP - Pro Components
2025-01-09T12:19:52+01:00,9637536366922,wp-48601441s,Race Performance Kit KTM/ Husqvarna,WP - Pro Components
2024-07-25T18:28:01+02:00,9399623319882,wp-48601494,Valve,WP - Pro Components
2024-07-25T18:24:49+02:00,9399619387722,wp-48601627,Valve cap 50-1290 MODELS 92-25,"stock, synkro-clone-ktm-shop-nederland, WP - Technical Accessories"
2024-07-25T18:27:34+02:00,9399622664522,wp-49001081000,Tapered roller bearing,"stock, synkro-clone-ktm-shop-nederland, WP - Pro Components"
,,wp-500exc-f2017,500 EXC-F 2017,WP Dealer Net INT
,,wp-500exc-f2018,500 EXC-F 2018,WP Dealer Net INT
,,wp-500exc-f2019,500 EXC-F 2019,WP Dealer Net INT
,,wp-500exc-fsd2017,500 EXC-F Six Days 2017,WP Dealer Net INT
,,wp-500exc2012,500 EXC 2012,WP Dealer Net INT
,,wp-500exc2015,500 EXC 2015,WP Dealer Net INT
,,wp-500exc2016,500 EXC 2016,WP Dealer Net INT
,,wp-500excf2020,500 EXC-F 2020,WP Dealer Net INT
,,wp-500excf2021,500 EXC-F 2021,WP Dealer Net INT
,,wp-500excf2023,500 EXC-F 2023,WP Dealer Net INT
,,wp-500excfsd2020,500 EXC-F Six Days 2020,WP Dealer Net INT
,,wp-500excfsd2021,500 EXC-F Six Days 2021,WP Dealer Net INT
,,wp-500excfsd2023,500 EXC-F Six Days 2023,WP Dealer Net INT
,,wp-500excsd2016,500 EXC Six Days 2016,WP Dealer Net INT
2024-07-25T18:26:23+02:00,9399621026122,wp-50180751s1,SHOCK FLUID SAE 2.5 5L,WP - Oil
2024-07-25T18:32:58+02:00,9399630758218,wp-50180751s2,Shock Fluid SAF 1579 10L,WP - Pro Components
2024-07-25T18:26:19+02:00,9399620993354,wp-50180751s4,SHOCK FLUID SAE 2.5 205L,WP - Oil
2024-07-25T18:28:04+02:00,9399623450954,wp-50181126,Bladderholder,WP - Pro Components
2024-07-25T18:28:06+02:00,9399623516490,wp-50181170,Bladder,WP - Pro Components
2024-07-25T18:28:02+02:00,9399623385418,wp-50181177,Snap ring,WP - Pro Components
2024-07-25T18:28:00+02:00,9399623287114,wp-50181234,Bladder,WP - Pro Components
2024-07-25T18:31:28+02:00,9399628661066,wp-50181235,Spring ring,WP - Pro Components
2024-07-25T18:22:23+02:00,9399617159498,wp-50312955044,Lowering kit,"nada-hidden, WP - Technical Accessories"
2024-07-25T18:48:23+02:00,9399646257482,wp-52000117,Track Tape,WP - Retail & Marketing Material
2024-07-25T18:28:08+02:00,9399623745866,wp-52000146,Sticker,WP - Pro Components
2024-07-25T18:47:34+02:00,9399645471050,wp-52000182,Racing Umbrella,WP - Retail & Marketing Material
2024-07-25T18:47:52+02:00,9399645831498,wp-52000185,Sticker sheet,WP - Retail & Marketing Material
2024-07-25T18:11:27+02:00,9399602282826,wp-52000194,Service pit mat,WP - Pro Components
2024-07-25T18:27:11+02:00,9399621976394,wp-52000312e,Sticker XACT LDS 80x29,WP - Pro Components
2026-05-18T21:59:43+02:00,15665043669322,wp-52000347,Sticker sheet,WP - Technical Accessories
2024-07-25T18:17:11+02:00,9399610802506,wp-53182r81set,APEX PRO 6500 Cartridge 790/890 DUKE 18-25 & 801 SVARTPILEN/VITPILEN 24-25,WP - Cartridge
2024-07-25T18:13:51+02:00,9399605363018,wp-53272q81set,APEX PRO 6500 Cartridge,WP - Pro Components
2024-07-25T18:46:21+02:00,9399644225866,wp-54000235,Apron (one size),WP - Casual and Accessories
2024-07-25T18:46:09+02:00,9399644127562,wp-54000237,Baseball Cap (one size),WP - Casual and Accessories
2024-07-25T18:46:05+02:00,9399644029258,wp-54000238,Flexfit Cap (one size),WP - Casual and Accessories
2024-07-25T18:47:43+02:00,9399645634890,wp-54000240,USB Stick 8GB,WP - Retail & Marketing Material
2024-07-25T18:28:26+02:00,9399624597834,wp-54801036000,Steering head screw,"stock, synkro-clone-ktm-shop-nederland, WP - Pro Components"
2024-07-25T18:27:56+02:00,9399623188810,wp-54801036100,Collar screw,WP - Pro Components
2024-07-25T18:14:36+02:00,9399606640970,wp-55062o01set,APEX PRO 7500 Cartridge,WP - Pro Components
2024-07-25T18:11:24+02:00,9399602184522,wp-55062t11set,APEX PRO 7500 Cartridge,WP - Pro Components
2024-07-25T18:14:08+02:00,9399605920074,wp-55172p02set,APEX PRO 7500 Cartridge,WP - Pro Components
2024-07-25T18:17:14+02:00,9399610900810,wp-55182n01set,APEX PRO 7500 Cartridge,WP - Cartridge
2024-07-25T18:16:53+02:00,9399610474826,wp-55182p01,XACT PRO 7500 Cartridge,WP - Offroad
2024-07-25T18:16:56+02:00,9399610507594,wp-55182p05,XACT PRO 7500 Cartridge,WP - Offroad
2024-07-25T18:16:59+02:00,9399610540362,wp-55182p07,XACT PRO 7500 Cartridge 350 SX-F 16-20 & 350 FC/FX 17-20,WP - Offroad
2024-07-25T18:17:02+02:00,9399610573130,wp-55182p09,XACT PRO 7500 Cartridge,WP - Offroad
2024-07-25T18:11:58+02:00,9399602774346,wp-55182t01set,APEX PRO 7500 Cartridge,WP - Pro Components
2024-07-25T18:11:54+02:00,9399602643274,wp-55182t91set,APEX PRO 7500 Cartridge,WP - Pro Components
2024-07-25T18:14:05+02:00,9399605821770,wp-55232q11set,APEX PRO 7500 Cartridge,WP - Pro Components
2024-07-25T18:14:02+02:00,9399605723466,wp-55232q12set,APEX PRO 7500 Cartridge,WP - Pro Components
2024-07-25T18:13:58+02:00,9399605625162,wp-55272o02set,APEX PRO 7500 Cartridge,WP - Pro Components
2024-07-25T18:13:55+02:00,9399605559626,wp-55272o03set,APEX PRO 7500 Cartridge,WP - Pro Components
2024-07-25T18:12:02+02:00,9399602839882,wp-55272q61set,APEX PRO 7500 Cartridge,WP - Pro Components
2024-07-25T18:55:42+02:00,9399652778314,wp-58310025000,Wheel alignment gauge,WP - Special tools
2024-07-26T10:10:18+02:00,9400594170186,wp-58310025100,Wheel alignment gauge,WP - Tool/transport
2024-07-25T18:24:20+02:00,9399618896202,wp-60812905044,Steering damper kit,WP - Technical Accessories
2026-05-18T21:59:50+02:00,15665043898698,wp-6170891000001a,Fender,WP - Technical Accessories
2024-07-25T18:29:45+02:00,9399626400074,wp-63503223000c1,Side stand,WP - Pro Components
2024-07-25T18:21:46+02:00,9399616536906,wp-63512955044,Lowering kit,"nada-hidden, WP - Technical Accessories"
2024-07-25T18:21:27+02:00,9399616176458,wp-63512955144,Lowering kit 790/890 ADVENTURE 19-23,WP - Technical Accessories
2024-07-25T18:21:31+02:00,9399616241994,wp-63512955544,Lowering kit 790-890 ADVENTURE 19-22,WP - Technical Accessories
2024-07-25T18:29:43+02:00,9399626334538,wp-63542203000,Brake line,WP - Pro Components
2024-07-25T18:28:33+02:00,9399624794442,wp-63601042000,Thrust washer,WP - Pro Components
2024-07-25T18:21:34+02:00,9399616373066,wp-63612955044,Lowering kit 890 DUKE 20-23,WP - Technical Accessories
2024-07-25T18:20:33+02:00,9399615029578,wp-6410199914430b,Factory triple clamp 790-890 DUKE 18-23,WP - Technical Accessories
2024-07-25T18:20:46+02:00,9399615324490,wp-6410199918830b,Factory triple clamp 790-890 DUKE 2018-2023,WP - Technical Accessories
2024-07-25T18:21:59+02:00,9399616733514,wp-64112955044,Lowering kit 790/890 DUKE 18-23,WP - Technical Accessories
,,wp-690duker2013,690 Duke R 2013,WP Dealer Net INT
,,wp-690duker2014,690 Duke R 2014,WP Dealer Net INT
,,wp-690duker2015,690 Duke R 2015,WP Dealer Net INT
,,wp-690duker2016,690 Duke R 2016,WP Dealer Net INT
,,wp-690enduror2012,690 Enduro R 2012,WP Dealer Net INT
,,wp-690enduror2013,690 Enduro R 2013,WP Dealer Net INT
,,wp-690enduror2014,690 Enduro R 2014,WP Dealer Net INT
,,wp-690enduror2015,690 Enduro R 2015,WP Dealer Net INT
,,wp-690enduror2016,690 Enduro R 2016,WP Dealer Net INT
,,wp-690enduror2019,690 Enduro R 2019,WP Dealer Net INT
,,wp-690enduror2020,690 Enduro R 2020,WP Dealer Net INT
,,wp-690enduror2023,690 Enduro R 2023,WP Dealer Net INT
,,wp-690enduror2025,690 Enduro R 2025,WP Dealer Net INT
,,wp-690smcr2012,690 SMC R 2012,WP Dealer Net INT
,,wp-690smcr2013,690 SMC R 2013,WP Dealer Net INT
,,wp-690smcr2014,690 SMC R 2014,WP Dealer Net INT
,,wp-690smcr2015,690 SMC R 2015,WP Dealer Net INT
,,wp-690smcr2019,690 SMC R 2019,WP Dealer Net INT
,,wp-690smcr2023,690 SMC R 2023,WP Dealer Net INT
2026-05-18T21:59:54+02:00,15665044062538,wp-70009082000,"Collar screw M20x1,5",WP - Pro Components
,,wp-701enduro2019,701 Enduro 2019,WP Dealer Net INT
,,wp-701enduro2020,701 Enduro 2020,WP Dealer Net INT
,,wp-701enduro2021,701 Enduro 2021,WP Dealer Net INT
,,wp-701enduro2023,701 Enduro 2023,WP Dealer Net INT
,,wp-701enduro2025,701 Enduro 2025,WP Dealer Net INT
,,wp-701endurolr2020,701 Enduro LR 2020,WP Dealer Net INT
,,wp-701supermoto2016,701 Supermoto 2016,WP Dealer Net INT
,,wp-701supermoto2017,701 Supermoto 2017,WP Dealer Net INT
,,wp-701supermoto2023,701 Supermoto 2023,WP Dealer Net INT
,,wp-7103l2,125 EXC Six Days 2012,WP Dealer Net INT
,,wp-7103l6,125 EXC 2012,WP Dealer Net INT
2024-07-25T18:22:02+02:00,9399616799050,wp-72112955044,Lowering kit,"nada-hidden, WP - Technical Accessories"
2024-07-25T18:22:19+02:00,9399617126730,wp-72512955044,Lowering kit,"nada-hidden, WP - Technical Accessories"
,,wp-7303l2,250 EXC Six Days 2012,WP Dealer Net INT
,,wp-7403l2,300 EXC Six Days 2012,WP Dealer Net INT
2026-05-18T21:59:57+02:00,15665044128074,wp-76012955033,Lowering kit,WP - Technical Accessories
2024-07-25T18:26:46+02:00,9399621484874,wp-76409071240c1,Spoke,WP - Pro Components
2024-07-25T18:20:15+02:00,9399614636362,wp-76512905000,Steering damper kit,WP - Offroad
2026-05-18T21:59:59+02:00,15665044226378,wp-76912955044,Lowering kit,WP - Technical Accessories
2024-07-25T18:21:43+02:00,9399616504138,wp-76912955544,Lowering kit 690/701 ENDURO 20-23,WP - Technical Accessories
2024-07-25T18:27:18+02:00,9399622238538,wp-77012005050,Steering damper repair kit,"stock, synkro-clone-ktm-shop-nederland, WP - Pro Components"
2024-07-25T18:19:47+02:00,9399613948234,wp-77012005144,Factory steering damper bracket 125-501 E/EXC/SX/SXS/XC/XCF & 85-500 FC/FE/FREERIDE/FS/TC/TE/TX 12-23,WP - Offroad
2024-07-25T18:19:54+02:00,9399614144842,wp-77012005544,Factory steering damper bracket,WP - Offroad
2024-07-25T18:19:58+02:00,9399614210378,wp-77012005644,PHDS bracket for Factory steering damper 125-501 EXC/XC/XCF & 125-500 FE/TE  12-23,WP - Offroad
2024-07-25T18:26:49+02:00,9399621550410,wp-77109072000c1s,Spoke nipple,WP - Pro Components
2024-07-25T18:26:39+02:00,9399621255498,wp-77110071193,Spoke,WP - Pro Components
2024-07-25T18:26:41+02:00,9399621321034,wp-7711007120530,Spoke,WP - Pro Components
2024-07-25T18:20:03+02:00,9399614406986,wp-77212905444,Steering damper counter bearing 125-501 E/EXC/SX/XC/XCF & 125-500 FC/FE/FREERIDE/FS/TC/TE/TX 12-23,WP - Offroad
2026-05-18T22:00:05+02:00,15665044390218,wp-77701084000,O-ring support with sealing lip,WP - Pro Components
2026-05-18T22:00:08+02:00,15665044488522,wp-777019390x0,Handlebar riser,WP - Technical Accessories
2024-07-25T18:41:10+02:00,9399639867722,wp-77719910100,C-Spanner,WP - Tool/transport
2024-07-25T18:26:37+02:00,9399621222730,wp-78010070000c1,"Rim 2,5x18"" EXCEL",WP - Pro Components
2026-05-18T22:00:22+02:00,15665044914506,wp-78901939x44,Handlebar mount kit,WP - Technical Accessories
2024-07-25T18:24:32+02:00,9399619125578,wp-79001939500,Progressive handlebar damping system (PHDS) 125-690 ENDURO/SMC/SX/XC 16-23,WP - Technical Accessories
2024-07-25T18:25:38+02:00,9399620436298,wp-79001940144,Handlebar mount bushing kit 125-450 SX/XC & 125-450 FC/FS/FX/TC/TX  16-22,WP - Technical Accessories
2024-07-25T18:23:49+02:00,9399618371914,wp-7900199400049,Fork protector kit 125-501 EXC/SX/XC/XCF & 125-500 FC/FE/FS/FX/TC/TE/TX 12-23,WP - Technical Accessories
2024-07-25T18:20:08+02:00,9399614505290,wp-79012970100,Steering damper counter bearing 125-450 SX/XC & 125-450 FC/FS/FX/TC/TX 125-450 16-22,WP - Offroad
,,wp-790adventure2021,790 Adventure 2021,WP Dealer Net INT
,,wp-790adventure2023,790 Adventure 2023,WP Dealer Net INT
,,wp-790adventure2026,790 Adventure 2026,WP Dealer Net INT
,,wp-790adventurer2019,790 Adventure R 2019,WP Dealer Net INT
,,wp-790adventurer2020,790 Adventure R 2020,WP Dealer Net INT
,,wp-790adventurer2021,790 Adventure R 2021,WP Dealer Net INT
,,wp-790adventurerrally2020,790 Adventure R Rally 2020,WP Dealer Net INT
,,wp-790adventures2019,790 Adventure 2019,WP Dealer Net INT
,,wp-790duke2018,790 DUKE 2018,WP Dealer Net INT
,,wp-790duke2019,790 Duke 2019,WP Dealer Net INT
,,wp-790duke2020,790 Duke 2020,WP Dealer Net INT
,,wp-790duke2026,790 Duke 2026,WP Dealer Net INT
2024-07-25T18:31:32+02:00,9399628759370,wp-79101900000,Bleeder valve,WP - Pro Components
2024-07-25T18:24:54+02:00,9399619518794,wp-79101900100,Bleeder valve  KTM MODELS 5-700 & HSQ MODELS 50-701 12-23,"Out of stock, WP - Technical Accessories"
2024-07-25T18:27:58+02:00,9399623254346,wp-79101933000,Steering stem,WP - Pro Components
2024-07-25T18:20:53+02:00,9399615521098,wp-79101999021c1a,Factory Racing triple clamp 125-450 EXC/SX/XC & 125-450 FC/FX/TC/TX  13-22,WP - Technical Accessories
2024-07-25T18:23:54+02:00,9399618437450,wp-79104983000,Shock absorber linkage protection 125-501 SX/XC & 125-450 FC/FE/FX/TC/TE/TX  15-23,"stock, synkro-clone-ktm-shop-nederland, WP - Technical Accessories"
2024-07-25T18:26:44+02:00,9399621419338,wp-7910907000030,"Rim 1,6x21"" EXCEL",WP - Pro Components
2024-07-25T18:26:40+02:00,9399621288266,wp-7911007000030,"Rim 2,5x19"" EXCEL",WP - Pro Components
2024-07-25T18:27:40+02:00,9399622828362,wp-79129955000bj,Bike stand,WP - Pro Components
2026-05-18T22:00:13+02:00,15665044619594,wp-79129955000bjc,Bike stand,WP - Tool/transport
2026-05-18T22:00:16+02:00,15665044750666,wp-79129955014,Sticker kit,WP - Pro Components
2024-07-25T18:28:54+02:00,9399625253194,wp-79129955020c1,Top plate,WP - Pro Components
2024-07-25T18:28:52+02:00,9399625220426,wp-79129955030bj,Side part,WP - Pro Components
2024-07-25T18:28:46+02:00,9399625023818,wp-7912995504001,Aluminum tube,WP - Pro Components
2024-07-25T18:28:49+02:00,9399625122122,wp-79129955050ab,Sticker panel,WP - Pro Components
2024-07-25T18:22:56+02:00,9399617552714,wp-79401905000,Preload adjuster set,WP - Technical Accessories
2024-07-25T18:41:22+02:00,9399640162634,wp-79412966100,Fork airpump,"stock, synkro-clone-ktm-shop-nederland, WP - Tool/transport"
2024-07-25T18:22:52+02:00,9399617487178,wp-79601905000,Preload adjuster set 125-500 EXC/XC 18-19,WP - Technical Accessories
2024-07-25T18:23:58+02:00,9399618502986,wp-79601994000,Fork shoe protection kit 125-501 EXC/SX/XC/XCF &  85-500 FC/FE/FS/FX/TC/TE/TX 15-23,WP - Technical Accessories
2024-07-25T18:21:56+02:00,9399616700746,wp-79612955144,Lowering kit 125-501 EXC/XC/XCF & 125-500 FE/TE/TX  17-23,WP - Technical Accessories
2024-07-25T18:22:15+02:00,9399617061194,wp-79612955544,Lowering kit 125-500 EXC/XC/XCF 17-23,WP - Technical Accessories
2024-07-25T18:41:16+02:00,9399639998794,wp-79619910000,C-Spanner,"Out of stock, stock, synkro-clone-ktm-shop-nederland, WP - Tool/transport"
2024-07-25T18:22:48+02:00,9399617454410,wp-79701905000,Preload adjuster set 150-501 EXC/XC/XCF & 150-500 FE/TE 20-23,WP - Technical Accessories
2024-07-25T18:20:56+02:00,9399615586634,wp-79701999021c1a,Factory Racing triple clamp,WP - Technical Accessories
,,wp-8103l2,250 EXC-F Six Days 2012,WP Dealer Net INT
,,wp-8203l2,350 EXC-F Six Days 2012,WP Dealer Net INT
,,wp-8403l2,450 EXC Six Days 2012,WP Dealer Net INT
,,wp-8503l2,500 EXC Six Days 2012,WP Dealer Net INT
,,wp-85sx17142014,85 SX 17/14 2014,WP Dealer Net INT
,,wp-890adventure2021,890 Adventure 2021,WP Dealer Net INT
,,wp-890adventure2022,890 Adventure 2022,WP Dealer Net INT
,,wp-890adventure2023,890 Adventure 2023,WP Dealer Net INT
,,wp-890adventurer2021,890 Adventure R 2021,WP Dealer Net INT
,,wp-890adventurer2022,890 Adventure R 2022,WP Dealer Net INT
,,wp-890adventurer2023,890 Adventure R 2023,WP Dealer Net INT
,,wp-890adventurer2024,890 Adventure R 2024,WP Dealer Net INT
,,wp-890adventurer2026,890 Adventure R 2026,WP Dealer Net INT
,,wp-890adventurerrally2021,890 Adventure R Rally 2021,WP Dealer Net INT
,,wp-890duke2021,890 Duke 2021,WP Dealer Net INT
,,wp-890duker2020,890 Duke R 2020,WP Dealer Net INT
,,wp-890duker2021,890 Duke R 2021,WP Dealer Net INT
,,wp-890duker2023,890 Duke R 2023,WP Dealer Net INT
2026-05-18T22:00:24+02:00,15665044980042,wp-90212955044,Lowering kit,WP - Technical Accessories
2024-07-25T18:26:51+02:00,9399621615946,wp-910101xx,Shock spring,WP - Pro Components
2024-07-25T18:30:58+02:00,9399628136778,wp-91010375,Mainspring (59) 85-170-170 damper,WP - Pro Components
2024-07-25T18:29:33+02:00,9399626039626,wp-910103xx,Shock spring,WP - Pro Components
2024-07-25T18:27:00+02:00,9399621747018,wp-9101040x,Shock spring,WP - Pro Components
2024-07-25T18:29:24+02:00,9399625810250,wp-91010xxx,Shock spring,WP - Pro Components
2024-07-25T18:27:03+02:00,9399621779786,wp-91010xxxs,Shock absorber spring,WP - Pro Components
2024-07-25T18:26:57+02:00,9399621681482,wp-9121013x,Shock absorber spring,WP - Pro Components
2024-07-25T18:31:26+02:00,9399628628298,wp-912101xx,Shock absorber spring,WP - Pro Components
2024-07-25T18:28:58+02:00,9399625351498,wp-9141012x,Fork spring 125-450 SX/XC &  125-450 FC/TC 21-22,WP - Pro Components
2024-07-25T18:29:48+02:00,9399626498378,wp-91410132,Fork spring set 4.4N/mm,WP - Pro Components
2024-07-25T18:31:13+02:00,9399628366154,wp-91410133,Fork spring set hard 4.6N/mm,WP - Pro Components
2024-07-25T18:31:17+02:00,9399628464458,wp-91410134,Fork spring set hard 4.8N/mm,WP - Pro Components
2024-07-25T18:30:54+02:00,9399628071242,wp-91410139,"Mainspring (36,5) 5-8-320",WP - Pro Components
2024-07-25T18:31:05+02:00,9399628267850,wp-91410140,Fork spring set soft 4.0N/mm,WP - Pro Components
2024-07-25T18:31:09+02:00,9399628333386,wp-91410141,Fork spring set soft 4.2N/mm,WP - Pro Components
2024-07-25T18:31:21+02:00,9399628562762,wp-914101xx,Fork spring set,WP - Pro Components
2024-07-25T18:27:09+02:00,9399621878090,wp-914101xxs,Fork spring set,WP - Pro Components
2024-07-25T18:29:29+02:00,9399625941322,wp-91410xxxs,Fork spring set,WP - Pro Components
2024-07-25T18:29:15+02:00,9399625613642,wp-9301021xs,Shock absorber spring,WP - Pro Components
2024-07-25T18:22:06+02:00,9399616831818,wp-93012955044,Lowering kit,"nada-hidden, WP - Technical Accessories"
2026-05-18T22:00:31+02:00,15665045176650,wp-93312955033,Lowering kit,WP - Technical Accessories
2024-07-25T18:22:10+02:00,9399616930122,wp-93312955044,Lowering Kit,"nada-hidden, WP - Technical Accessories"
2024-07-25T18:29:08+02:00,9399625515338,wp-9501003xs,Fork spring set,WP - Pro Components
2024-07-25T18:28:17+02:00,9399624335690,wp-9501005xs,Fork spring set,WP - Pro Components
2024-07-25T18:27:06+02:00,9399621812554,wp-9501009xs,Fork spring set 990 DUKE 2024,WP - Pro Components
2024-07-25T18:28:12+02:00,9399624106314,wp-950100xxx,Fork spring set,WP - Pro Components
2024-07-25T18:21:40+02:00,9399616438602,wp-95812955044,Lowering kit 390 ADVENTURE 20-22,WP - Technical Accessories
2026-05-18T22:00:35+02:00,15665045307722,wp-96312955044,Lowering kit,WP - Technical Accessories
2024-07-25T18:29:40+02:00,9399626269002,wp-970100xx,Fork spring set,WP - Pro Components
,,wp-9903j2_idm,1200 RC 8 R,WP Dealer Net INT
,,wp-9903lt,1190 RC8 R Track 2012,WP Dealer Net INT
,,wp-990duke2026,990 Duke 2026,WP Dealer Net INT
,,wp-990duker2026,990 Duke R 2026,WP Dealer Net INT
2024-07-25T18:15:23+02:00,9399608017226,wp-a360c101w403220,XACT PRO 7548 Spring fork 125-450 TC/FC 23-25,WP - Offroad
2024-07-25T18:16:46+02:00,9399610343754,wp-a360c107u002220,XACT PRO 6500 Cartridge 125-450 FC/TC 21-25,WP - Offroad
2024-07-25T18:15:28+02:00,9399608213834,wp-a360c109w403220,XACT PRO 7548 Spring fork 250-450 FC 2023,WP - Offroad
2024-07-25T18:17:37+02:00,9399611326794,wp-a360c401w411220,XACT PRO 8950 Shock absorber 125-450 FC/TC 23-25,WP - Offroad
2024-07-25T18:17:43+02:00,9399611490634,wp-a360c409w411220,XACT PRO 8950 Shock absorber 250-450 FC 2023,WP - Offroad
2024-07-26T10:08:48+02:00,9400592466250,wp-a390c167x403220,XPLOR PRO 7548 Spring Fork 125-501 FE/TE 24-25,WP - Offroad
2024-07-26T10:09:32+02:00,9400593416522,wp-a390c467x411220,XPLOR PRO 8950 Shock absorber 150-501 TE/FE 24-26,WP - Offroad
2024-07-25T18:10:07+02:00,9399599989066,wp-a40001999022c1a,Factory triple clamp 50 SX & 50 TC 24-25,WP - Pro Components
2026-05-18T22:00:40+02:00,15665045504330,wp-a40012955044,Lowering kit,WP - Technical Accessories
2026-05-18T22:00:42+02:00,15665045569866,wp-a40012955144,Lowering kit,WP - Technical Accessories
2026-05-18T22:00:45+02:00,15665045635402,wp-a400c102z003220,XACT PRO 7500 Cartridge,WP - Cartridge
2024-07-26T10:09:29+02:00,9400593383754,wp-a400c402x113220,XACT PRO 6736 Shock absorber 50 SX & 50 TC 13-23,WP - Offroad
2024-07-25T18:10:03+02:00,9399599956298,wp-a40501999022c1a,Factory triple clamp 65 SX & 65 TC 24-26,WP - Pro Components
2026-05-18T22:00:48+02:00,15665045799242,wp-a405c103z003220,XACT PRO 7500 Cartridge,WP - Cartridge
2024-07-26T10:09:25+02:00,9400593350986,wp-a405c403x111220,XACT PRO 8936 Shock absorber 65 SX & 65 TC 24-26,WP - Offroad
2026-05-18T22:00:51+02:00,15665045897546,wp-a405c403z111220,XACT PRO 8936 Shock absorber,WP - Shock
2025-01-09T12:18:50+01:00,9637535482186,wp-a41001999014c1a,Factory triple clamp 85 SX & 85 TC 2025,WP - Technical Accessories
2024-07-26T10:08:57+02:00,9400592695626,wp-a410c104y002220,XACT PRO 6500 Cartridge 85 SX 18-23 & 85 TC 18-23,WP - Offroad
2026-05-18T22:00:54+02:00,15665045995850,wp-a410c104y203220,XACT PRO 7543 Spring fork,WP - Fork
2024-07-26T10:09:21+02:00,9400593252682,wp-a410c404y311220,XACT PRO 8946 Shock absorber 85 SX & 85 TC 25-26,WP - Offroad
2024-07-25T18:24:27+02:00,9399619060042,wp-a46001939500,Progressive handlebar damping system (PHDS) 125-450 SX/XC & 125-450 FC/FS/FX/TC/TX 2023,WP - Technical Accessories
2024-07-25T18:23:45+02:00,9399618306378,wp-a46001995000,Fork protector 125-700 ADVENTURE/ENDURO/EXC/SMC/SUPERMOTO/SX/XC/XCF & 125-990 FC/FE/FS/FX/TC/TE/TX 12-23,WP - Technical Accessories
2024-07-25T18:23:42+02:00,9399618208074,wp-a46001996000,Fork protector ALL MODELS 12-23,"stock, synkro-clone-ktm-shop-nederland, WP - Technical Accessories"
2024-07-25T18:20:37+02:00,9399615127882,wp-a46001999021c1a,Factory Racing triple clamp 125-450 SX/XC & 125-450 FC/FX/TC/TX  2023,WP - Technical Accessories
2024-07-25T18:19:43+02:00,9399613882698,wp-a46002922044,Steering damper kit,WP - Offroad
2024-07-25T18:24:09+02:00,9399618666826,wp-a46004925033,Adjuster rebound 125-450 SX/XC & 125-450 FC/FX/TC/TX 2023,WP - Technical Accessories
2024-07-25T18:24:05+02:00,9399618634058,wp-a46004925066,Dual compression control adjuster 125-450 SX/XC & 125-450 FC/FX/TC/TX  2023,WP - Technical Accessories
2024-07-25T18:23:32+02:00,9399618077002,wp-a46009901544c1a,"Factory Racing front wheel 1.6x21""  125-450 SX/XC  & 125-450 FC/FS/FX/TC/TX  2023",WP - Technical Accessories
2024-07-25T18:26:47+02:00,9399621517642,wp-a46009910044c1a,Front wheel hub,WP - Pro Components
2024-07-25T18:23:28+02:00,9399618044234,wp-a46010901544c1a,"Factory Racing rear wheel 2.15x19"" 125-450 SX/XC & 125-450 FC/FS/FX/TC/TX 2023",WP - Technical Accessories
2024-07-25T18:26:43+02:00,9399621353802,wp-a46010910044c1a,Rear wheel hub,WP - Pro Components
2024-07-25T18:10:17+02:00,9399600218442,wp-a46019909000,Spoke torque wrench,WP - Pro Components
2024-07-25T18:15:26+02:00,9399608049994,wp-a460c101w403220,XACT PRO 7548 Spring fork 125-300 SX/XC & 300 TX  21-23,WP - Offroad
2024-07-25T18:16:39+02:00,9399610179914,wp-a460c107t002220,XACT PRO 6500 Cartridge 125-450 SX/SX-F 16-20 & 125-450 TC/FC/TX/FX 16-20,WP - Offroad
2024-07-25T18:16:43+02:00,9399610245450,wp-a460c107u002220,XACT PRO 6500 Cartridge 125-450 SX/SX-F 21-23,WP - Offroad
2024-07-25T18:15:31+02:00,9399608246602,wp-a460c109w403220,XACT PRO 7548 Spring fork 250-450 SX-F & 350/450 FC/FX 2023,WP - Offroad
2024-07-26T10:44:22+02:00,9400619467082,wp-a460c199x400220,XACT PRO Cairoli Edition,WP - Offroad
2024-07-25T18:17:39+02:00,9399611392330,wp-a460c401w411220,XACT PRO 8950 Shock absorber,WP - Offroad
2024-07-25T18:17:45+02:00,9399611523402,wp-a460c409w411220,XACT PRO 8950 Shock absorber 250-450 SX-F & 350/450 FX 2023,WP - Offroad
,10218359193930,wp-a48009072000c1s,Spoke nipple,Pro Components
2024-07-25T18:17:07+02:00,9399610638666,wp-a480c108w002220,XACT PRO 6500 Cartridge 450 SMR 21-24 & 450 FS 21-23,WP - Cartridge
2024-07-25T18:23:37+02:00,9399618142538,wp-a49001997000,Dirt scraper 105-530 EXC/SX & 125-570 FC/FE/FX/TC/TE/TX 10-25,"stock, synkro-clone-ktm-shop-nederland, WP - Technical Accessories"
2024-07-25T18:23:23+02:00,9399618011466,wp-a49010901544c1a,"Factory Racing rear wheel 2.15x18"" 125-450 SX/XC & 125-450 FC/FS/FX/TC/TX 2023",WP - Technical Accessories
2025-01-09T12:26:26+01:00,9637543805258,wp-a49012906000,Service pit mat,WP - Tool/transport
2024-07-25T18:10:13+02:00,9399600087370,wp-a49012955044,Lowering kit 150-500 EXC/EXC-F 24-25 & 150-501 FE/TE 24-25,WP - Pro Components
2024-07-25T18:10:10+02:00,9399600054602,wp-a49012955544,Lowering kit 150-500 EXC/EXC-F 24-25 & 125-501 FE/TE 24-25,WP - Pro Components
2026-05-18T22:01:04+02:00,15665046290762,wp-a49012955644,Lowering kit,WP - Technical Accessories
2024-07-26T10:09:08+02:00,9400592826698,wp-a490c167x003220,XPLOR PRO 7500 Cartridge 125-500 XC/EXC 24-26,WP - Offroad
2024-07-26T10:08:44+02:00,9400592302410,wp-a490c167x403220,XPLOR PRO 7548 Spring Fork 150-500 EXC/EXC-F 24-26,WP - Offroad
2024-07-26T10:09:37+02:00,9400593514826,wp-a490c467x311220,XPLOR PRO 8946 shock absorber 150-300 EXC 24-26,WP - Offroad
2025-01-09T12:18:45+01:00,9637535383882,wp-a490c467y311220,XPLOR PRO 8946 Federbein 150-500 EXC-EXC-F 24-26,WP - Cartridge
2024-07-25T18:21:05+02:00,9399615750474,wp-a54001996000faa,Factory start device 125-500 EXC/MR/SX & 125-501 FC/FE/FS/FX/TC/TE/TX  15-25,"stock, synkro-clone-ktm-shop-nederland, WP - Technical Accessories"
2024-07-25T18:21:02+02:00,9399615684938,wp-a54001996500faa,Factory start device 125-501 EXC/SX/XC/XCF & 125-500 FC/FE/FS/FX/TC/TE/TX 15-23,WP - Technical Accessories
2024-07-25T18:22:41+02:00,9399617388874,wp-a54004905000faa,Preload adjuster 125-501 SX/XC & 125-450 FC/FE/FS/FX/TC/TE/TX  2016-2023,WP - Technical Accessories
2024-07-25T18:22:38+02:00,9399617323338,wp-a54004905500faa,Preload adjuster 125-500 EXC/XC/XCF 17-23,WP - Technical Accessories
2024-07-25T18:24:16+02:00,9399618830666,wp-a54007930000c1,Factory fuel cap vent 50-501 EXC/SX/SXS/XC/XCF & 50-500 FC/FE/FS/FX/TC/TE/TX  12-23,"Out of stock, WP - Technical Accessories"
2024-07-25T18:20:20+02:00,9399614734666,wp-a54012905000faa,Factory steering damper,WP - Offroad
2024-07-25T18:41:32+02:00,9399640260938,wp-a54012928000,Case,WP - Tool/transport
2024-07-25T18:40:41+02:00,9399639408970,wp-a54029935000c1,Mud removal tool,WP - Tool/transport
2024-07-25T18:40:33+02:00,9399639277898,wp-a54029963000,Measuring cup,WP - Tool/transport
2024-07-25T18:40:36+02:00,9399639343434,wp-a54029994000c1,Fork support,WP - Tool/transport
2024-07-25T18:40:46+02:00,9399639474506,wp-a54029994500,Fork seal doctor,"Out of stock, stock, synkro-clone-ktm-shop-nederland, WP - Tool/transport"
2024-07-26T10:10:05+02:00,9400594006346,wp-a59012955544,Lowering kit,WP - Technical Accessories
2026-05-18T22:01:10+02:00,15665046421834,wp-a601c142y001220,XPLOR PRO 6500 Cartridge,WP - Cartridge
2026-05-18T22:01:13+02:00,15665046487370,wp-a601c442y313220,XPLOR PRO 6746 Federbein,WP - Shock
,,wp-a606c141y401102,Fork 690 SMC R 2025,Fork
,,wp-a606c410y313000,Shock absorber 690 Enduro R 2025,Shock
2024-07-25T18:21:19+02:00,9399616078154,wp-a60712955044,Lowering kit,"nada-hidden, WP - Technical Accessories"
2024-07-26T10:09:14+02:00,9400592990538,wp-a607c126x001220,APEX PRO 6500 Cartridge 990 DUKE 2024,WP - Cartridge
2024-07-26T10:08:54+02:00,9400592597322,wp-a607c249x100200,APEX PRO 7117 Steering damper kit 990 DUKE & 801 SVARTPILEN/VITPILEN 24-25,WP - Fork
2024-07-26T10:09:51+02:00,9400593842506,wp-a607c426x313220,APEX PRO 6746 shock absorber 990 DUKE 2024,WP - Shock
2024-07-25T18:10:21+02:00,9399600283978,wp-a610c155x403220,XPLOR PRO 7548 Spring fork 890 ADVENTURE 21-25,WP - Pro Components
2024-07-25T18:17:27+02:00,9399611162954,wp-a610c455x305220,XPLOR PRO 6746 Shock absorber 790/890 ADVENTURE & 901 NORDEN 19-23,WP - Offroad
2024-07-26T10:09:17+02:00,9400593088842,wp-a624c122x702220,APEX PRO 8500 Cartridge 1390 SUPER DUKE 24-25,WP - Cartridge
2024-07-26T10:09:57+02:00,9400593908042,wp-a624c422x413220,APEX PRO 8750 shock absorber 1390 SUPER DUKE 24-25,WP - Shock
2025-01-09T12:26:18+01:00,9637543739722,wp-a62612903010,Air compressor,WP - Tool/transport
2026-05-18T22:01:23+02:00,15665046847818,wp-a674c101y702220,APEX PRO 8500 Cartridge,WP - Cartridge
2026-05-18T22:01:25+02:00,15665046946122,wp-a674c401y413220,APEX PRO 8750 Shock absorber,WP - Shock
2026-05-18T22:01:28+02:00,15665047011658,wp-a67912955044,Lowering kit,WP - Technical Accessories
,,wp-a681c422y413200,Shock absorber 1390 Super Duke RR 2025,Shock
,,wp-a719c122y402200,Fork 1390 Super Duke RR Track 2025,Fork
2026-05-18T22:01:38+02:00,15665047372106,wp-a719c122y402220,WP Apex Pro Fork,WP - Fork
2026-05-18T22:01:42+02:00,15665047437642,wp-a719c423y413220,WP Apex Pro Shock,WP - Shock
2024-07-25T18:48:41+02:00,9399646519626,wp-ag180001int,Tent Frame 3 x 3 m,WP - Retail & Marketing Material
2024-07-25T18:48:45+02:00,9399646552394,wp-ag180002int,Tent Frame 6 x 3 m,WP - Retail & Marketing Material
2024-07-25T18:48:53+02:00,9399646617930,wp-ag180003int,Rainwater Gutter Small,WP - Retail & Marketing Material
2024-07-25T18:48:59+02:00,9399646683466,wp-ag180004int,Rainwater Gutter Big,WP - Retail & Marketing Material
2024-07-25T18:49:02+02:00,9399646749002,wp-ag180005int,Tent Roof Interior 3 x 3 m,WP - Retail & Marketing Material
2024-07-25T18:49:05+02:00,9399646847306,wp-ag180006int,Tent Roof Interior 6 x 3 m,WP - Retail & Marketing Material
2024-07-25T18:49:25+02:00,9399647240522,wp-ag180007int,Ground Plate for Beachflag,WP - Retail & Marketing Material
2024-07-25T18:49:22+02:00,9399647174986,wp-ag180008int,Ground Spike for Beachflag,WP - Retail & Marketing Material
2024-07-26T10:08:29+02:00,9400592073034,wp-ap01c001u400set,XACT PRO KAWASAKI SUSPENSION SET,WP - Pro Components
2024-07-25T18:10:31+02:00,9399600546122,wp-ap01c101u403220,XACT PRO 7548 Spring fork,WP - Pro Components
2024-07-25T18:10:46+02:00,9399601365322,wp-ap01c401u411220,XACT PRO 8950 Shock absorber,WP - Pro Components
2024-07-25T18:11:49+02:00,9399602610506,wp-ap06c100u001220,APEX PRO 6500 Cartridge,WP - Pro Components
2024-07-25T18:11:46+02:00,9399602512202,wp-ap06c100u001221,APEX PRO 6500 Cartridge,WP - Pro Components
2024-07-25T18:11:34+02:00,9399602315594,wp-ap06c400u313220,APEX PRO 6746 Shock absorber,WP - Pro Components
2024-07-25T18:16:36+02:00,9399610147146,wp-ap08c102v001220,XACT PRO 7500 Cartridge 50 SX 17-23 & 50 TC 17-23,WP - Offroad
2024-07-25T18:16:33+02:00,9399610048842,wp-ap09c103v001220,XACT PRO 7500 Cartridge 65 SX 17-26 & 65 TC 17-25,WP - Offroad
2024-07-26T10:08:32+02:00,9400592105802,wp-ap13c002v400set,XACT PRO HONDA SUSPENSION SET,WP - Pro Components
2024-07-25T18:10:27+02:00,9399600447818,wp-ap13c102v403220,XACT PRO 7548 Spring fork,WP - Pro Components
2024-07-25T18:10:24+02:00,9399600382282,wp-ap13c402v411220,XACT PRO 8950 Shock absorber,WP - Pro Components
,,wp-betarr2t1252019,Beta RR 2T 125 2019,WP Dealer Net INT
,,wp-betarr2t1252020,Beta RR 2T 125 2020,WP Dealer Net INT
,,wp-cbr10002009,Honda CBR1000RR 2009,WP Dealer Net INT
,,wp-cbr10002010,Honda CBR1000RR 2010,WP Dealer Net INT
,,wp-cbr10002011,Honda CBR1000RR 2011,WP Dealer Net INT
,,wp-cbr10002012,Honda CBR1000RR 2012,WP Dealer Net INT
,,wp-cbr10002013,Honda CBR1000RR 2013,WP Dealer Net INT
,,wp-cbr10002014,Honda CBR1000RR 2014,WP Dealer Net INT
,,wp-cbr10002015,Honda CBR1000RR 2015,WP Dealer Net INT
,,wp-cbr10002016,Honda CBR1000RR 2016,WP Dealer Net INT
,,wp-cbr10002017,Honda CBR1000RR 2017,WP Dealer Net INT
,,wp-cbr6002012,Honda CBR600RR 2012,WP Dealer Net INT
,,wp-cbr6002013,Honda CBR600RR 2013,WP Dealer Net INT
,,wp-cbr6002014,Honda CBR600RR 2014,WP Dealer Net INT
,,wp-cbr6002015,Honda CBR600RR 2015,WP Dealer Net INT
,,wp-cbr6002016,Honda CBR600RR 2016,WP Dealer Net INT
,,wp-cbr6002017,Honda CBR600RR 2017,WP Dealer Net INT
,,wp-cbr6002018,$M-CBR600RR2018,WP Dealer Net INT
,,wp-crf2502015,Honda CRF250R 2015,WP Dealer Net INT
,,wp-crf2502016,Honda CRF250R 2016,WP Dealer Net INT
,,wp-crf2502017,Honda CRF250R 2017,WP Dealer Net INT
,,wp-crf250r2018,Honda CRF250R 2018,WP Dealer Net INT
,,wp-crf250r2019,Honda CRF250R 2019,WP Dealer Net INT
,,wp-crf250r2020,Honda CRF250R 2020,WP Dealer Net INT
,,wp-crf250r2021,Honda CRF250R 2021,WP Dealer Net INT
,,wp-crf250r2022,Honda CRF250R 2022,WP Dealer Net INT
,,wp-crf250r2024,Honda CRF250R 2024,WP Dealer Net INT
,,wp-crf250r2025,Honda CRF250R 2025,WP Dealer Net INT
,,wp-crf4502015,Honda CRF450R 2015,WP Dealer Net INT
,,wp-crf4502016,Honda CRF450R 2016,WP Dealer Net INT
,,wp-crf4502017,Honda CRF450R 2017,WP Dealer Net INT
,,wp-crf450r2018,Honda CRF450R 2018,WP Dealer Net INT
,,wp-crf450r2019,Honda CRF450R 2019,WP Dealer Net INT
,,wp-crf450r2020,Honda CRF450R 2020,WP Dealer Net INT
,,wp-crf450r2021,Honda CRF450R 2021,WP Dealer Net INT
,,wp-crf450r2022,Honda CRF450R 2022,WP Dealer Net INT
,,wp-crf450r2024,Honda CRF450R 2024,WP Dealer Net INT
,,wp-crf450r2025,Honda CRF450R 2025,WP Dealer Net INT
,,wp-daytona6752012,Triumph Daytona 675 2012,WP Dealer Net INT
,,wp-daytona6752013,Triumph Daytona 675 2013,WP Dealer Net INT
,,wp-daytona6752014,Triumph Daytona 675 2014,WP Dealer Net INT
,,wp-daytona6752015,Triumph Daytona 675 2015,WP Dealer Net INT
,,wp-daytona6752016,Triumph Daytona 675 2016,WP Dealer Net INT
,,wp-daytona6752017,Triumph Daytona 675 2017,WP Dealer Net INT
,,wp-ec2502023,EC 250 2023,WP Dealer Net INT
,,wp-ec250f2023,EC 250F 2023,WP Dealer Net INT
,,wp-ec3002021,EC 300 2021,WP Dealer Net INT
,,wp-ec3002023,EC 300 2023,WP Dealer Net INT
,,wp-es7002022,ES 700 2022,WP Dealer Net INT
,,wp-es7002023,ES 700 2023,WP Dealer Net INT
,,wp-es7002024,ES 700 2024,WP Dealer Net INT
,,wp-f0001u1,MC-E 5 2021,WP Dealer Net INT
,,wp-f0001u4,MC 50 2021,WP Dealer Net INT
,,wp-f0001u6,MC 65 2021,WP Dealer Net INT
,,wp-f0001u9,MC 85 2021,WP Dealer Net INT
,,wp-f0001w1,MC-E 5 2023,WP Dealer Net INT
,,wp-f0001w4,MC 50 2023,WP Dealer Net INT
,,wp-f0001w6,MC 65 2023,WP Dealer Net INT
,,wp-f0001w8,MC 85 17/14 2023,WP Dealer Net INT
,,wp-f0001w9,MC 85 19/16 2023,WP Dealer Net INT
,,wp-f0003to,TXE 2020,WP Dealer Net INT
,,wp-f0003uo,TXE 2021,WP Dealer Net INT
,,wp-f0101u0,MC 125 2021,WP Dealer Net INT
,,wp-f0101wx,MC 125 2023,WP Dealer Net INT
,,wp-f0103tk,TXT GP 125 2020,WP Dealer Net INT
,,wp-f0201u5,MC 250F 2021,WP Dealer Net INT
,,wp-f0203u9,EC 250F 2021,WP Dealer Net INT
,,wp-f0203v9,EC 250F 2022,WP Dealer Net INT
,,wp-f0275u1,EX 250F 2021,WP Dealer Net INT
,,wp-f0275w5,MC 250F Factory Edition 2023,WP Dealer Net INT
,,wp-f0275wx,EX 250F 2023,WP Dealer Net INT
,,wp-f0301u5,MC 450F 2021,WP Dealer Net INT
,,wp-f0301wx,MC 450F 2023,WP Dealer Net INT
,,wp-f0303tl,TXT GP 250 2020,WP Dealer Net INT
,,wp-f0303tm,TXT GP 280 2020,WP Dealer Net INT
,,wp-f0303u7,EC 250 2021,WP Dealer Net INT
,,wp-f0303u9,EC 350F 2021,WP Dealer Net INT
,,wp-f0303v9,EC 350F 2022,WP Dealer Net INT
,,wp-f0303w9,EC 350F 2023,WP Dealer Net INT
,,wp-f0303x9,EC 350F 2024,WP Dealer Net INT
,,wp-f0375u1,EX 350F 2021,WP Dealer Net INT
,,wp-f0375u2,EX 450F 2021,WP Dealer Net INT
,,wp-f0375w5,MC 450F Factory Edition 2023,WP Dealer Net INT
,,wp-f0375wx,EX 350F 2023,WP Dealer Net INT
,,wp-f0403tn,TXT GP 300 2020,WP Dealer Net INT
,,wp-f0475127,EX 300 2027,WP Dealer Net INT
,,wp-f0475u1,EX 300 2021,WP Dealer Net INT
,,wp-f0475wx,EX 300 2023,WP Dealer Net INT
,,wp-f2001427,TC 50 2027,WP Dealer Net INT
,,wp-f2001627,TC 65 2027,WP Dealer Net INT
,,wp-f2001827,TC 85 17/14 2027,WP Dealer Net INT
,,wp-f2001927,TC 85 19/16 2027,WP Dealer Net INT
,,wp-f2001o8,TC 85 17/14 2015,WP Dealer Net INT
,,wp-f2001o9,TC 85 19/16 2015,WP Dealer Net INT
,,wp-f2001p8,TC 85 17/14 2016,WP Dealer Net INT
,,wp-f2001p9,TC 85 19/16 2016,WP Dealer Net INT
,,wp-f2001q4,TC 50 2017,WP Dealer Net INT
,,wp-f2001q6,TC 65 2017,WP Dealer Net INT
,,wp-f2001q8,TC 85 17/14 2017,WP Dealer Net INT
,,wp-f2001q9,TC 85 19/16 2017,WP Dealer Net INT
,,wp-f2001r4,TC 50 2018,WP Dealer Net INT
,,wp-f2001r6,TC 65 2018,WP Dealer Net INT
,,wp-f2001r8,TC 85 17/14 2018,WP Dealer Net INT
,,wp-f2001r9,TC 85 19/16 2018,WP Dealer Net INT
,,wp-f2001s4,TC 50 2019,WP Dealer Net INT
,,wp-f2001s6,TC 65 2019,WP Dealer Net INT
,,wp-f2001s8,TC 85 17/14 2019,WP Dealer Net INT
,,wp-f2001s9,TC 85 19/16 2019,WP Dealer Net INT
,,wp-f2001t4,TC 50 2020,WP Dealer Net INT
,,wp-f2001t5,TC 50 Mini 2020,WP Dealer Net INT
,,wp-f2001t6,TC 65 2020,WP Dealer Net INT
,,wp-f2001t8,TC 85 17/14 2020,WP Dealer Net INT
,,wp-f2001t9,TC 85 19/16 2020,WP Dealer Net INT
,,wp-f2001u4,TC 50 2021,WP Dealer Net INT
,,wp-f2001u6,TC 65 2021,WP Dealer Net INT
,,wp-f2001u8,TC 85 17/14 2021,WP Dealer Net INT
,,wp-f2001u9,TC 85 19/16 2021,WP Dealer Net INT
,,wp-f2001v4,TC 50 2022,WP Dealer Net INT
,,wp-f2001v5,TC 50 Mini 2022,WP Dealer Net INT
,,wp-f2001v6,TC 65 2022,WP Dealer Net INT
,,wp-f2001v8,TC 85 17/14 2022,WP Dealer Net INT
,,wp-f2001v9,TC 85 19/16 2022,WP Dealer Net INT
,,wp-f2001w4,TC 50 2023,WP Dealer Net INT
,,wp-f2001w5,TC 50 Mini 2023,WP Dealer Net INT
,,wp-f2001w6,TC 65 2023,WP Dealer Net INT
,,wp-f2001w8,TC 85 17/14 2023,WP Dealer Net INT
,,wp-f2001w9,TC 85 19/16 2023,WP Dealer Net INT
,,wp-f2001z8,TC 85 17/14 2026,WP Dealer Net INT
,,wp-f2001z9,TC 85 19/16 2026,WP Dealer Net INT
,,wp-f2101027,TC 125 2027,WP Dealer Net INT
,,wp-f2101n1,FC 250 2014,WP Dealer Net INT
,,wp-f2101o0,TC 125 2015,WP Dealer Net INT
,,wp-f2101p0,TC 125 2016,WP Dealer Net INT
,,wp-f2101p1,FC 250 2016,WP Dealer Net INT
,,wp-f2101q0,TC 125 2017,WP Dealer Net INT
,,wp-f2101q1,FC 250 2017,WP Dealer Net INT
,,wp-f2101q6,FX 250 2017,WP Dealer Net INT
,,wp-f2101r0,TC 125 2018,WP Dealer Net INT
,,wp-f2101r1,FC 250 2018,WP Dealer Net INT
,,wp-f2101s0,TC 125 2019,WP Dealer Net INT
,,wp-f2101s1,FC 250 2019,WP Dealer Net INT
,,wp-f2101t0,TC 125 2020,WP Dealer Net INT
,,wp-f2101t1,FC 250 2020,WP Dealer Net INT
,,wp-f2101u0,TC 125 2021,WP Dealer Net INT
,,wp-f2101v0,TC 125 2022,WP Dealer Net INT
,,wp-f2101w0,TC 125 2023,WP Dealer Net INT
,,wp-f2101w2,TC 125 Heritage 2023,WP Dealer Net INT
,,wp-f2103q9,TX 125 2017,WP Dealer Net INT
,,wp-f2103r9,TX 125 2018,WP Dealer Net INT
,,wp-f2103s9,TX 125 2019,WP Dealer Net INT
,,wp-f2103t4,FE 250 2020,WP Dealer Net INT
,,wp-f2103u4,FE 250 2021,WP Dealer Net INT
,,wp-f2175q9,TE 150 2017,WP Dealer Net INT
,,wp-f2175r9,TE 150 2018,WP Dealer Net INT
,,wp-f2175s9,TE 150 2019,WP Dealer Net INT
,,wp-f2175z6,FC 250 Factory Edition 2026,WP Dealer Net INT
,,wp-f2201n1,FC 350 2014,WP Dealer Net INT
,,wp-f2201o1,FC 350 2015,WP Dealer Net INT
,,wp-f2201p1,FC 350 2016,WP Dealer Net INT
,,wp-f2201q1,FC 350 2017,WP Dealer Net INT
,,wp-f2201q6,FX 350 2017,WP Dealer Net INT
,,wp-f2201r1,FC 350 2018,WP Dealer Net INT
,,wp-f2201r6,FX 350 2018,WP Dealer Net INT
,,wp-f2201s1,FC 350 2019,WP Dealer Net INT
,,wp-f2201s6,FX 350 2019,WP Dealer Net INT
,,wp-f2201t1,FC 350 2020,WP Dealer Net INT
,,wp-f2201t6,FX 350 2020,WP Dealer Net INT
,,wp-f2201u6,FX 350 2021,WP Dealer Net INT
,,wp-f2201v6,FX 350 2022,WP Dealer Net INT
,,wp-f2201wx,FX 350 Heritage 2023,WP Dealer Net INT
,,wp-f2275o4,FE 350s 2015,WP Dealer Net INT
,,wp-f2275p4,FE 350s 2016,WP Dealer Net INT
,,wp-f2275t4,FE 350s 2020,WP Dealer Net INT
,,wp-f2275u4,FE 350s 2021,WP Dealer Net INT
,,wp-f2275w4,FE 350s 2023,WP Dealer Net INT
,,wp-f2301127,TC 250 2027,WP Dealer Net INT
,,wp-f2301n1,TC 250 2014,WP Dealer Net INT
,,wp-f2301o1,TC 250 2015,WP Dealer Net INT
,,wp-f2301p1,TC 250 2016,WP Dealer Net INT
,,wp-f2301q1,TC 250 2017,WP Dealer Net INT
,,wp-f2301q6,FX 450 2017,WP Dealer Net INT
,,wp-f2301r1,TC 250 2018,WP Dealer Net INT
,,wp-f2301r6,FX 450 2018,WP Dealer Net INT
,,wp-f2301s1,TC 250 2019,WP Dealer Net INT
,,wp-f2301s6,FX 450 2019,WP Dealer Net INT
,,wp-f2301t1,TC 250 2020,WP Dealer Net INT
,,wp-f2301t6,FX 450 2020,WP Dealer Net INT
,,wp-f2301u1,TC 250 2021,WP Dealer Net INT
,,wp-f2301u6,FX 450 2021,WP Dealer Net INT
,,wp-f2301v1,TC 250 2022,WP Dealer Net INT
,,wp-f2301v6,FX 450 2022,WP Dealer Net INT
,,wp-f2301w1,TC 250 2023,WP Dealer Net INT
,,wp-f2301w2,TC 250 Heritage 2023,WP Dealer Net INT
,,wp-f2301w7,FX 450 Heritage 2023,WP Dealer Net INT
,,wp-f2301wx,FX 450 2023,WP Dealer Net INT
,,wp-f2303o0,FS 450 2015,WP Dealer Net INT
,,wp-f2303p0,FS 450 2016,WP Dealer Net INT
,,wp-f2303q0,FS 450 2017,WP Dealer Net INT
,,wp-f2303q7,TE 250 EFI 2017,WP Dealer Net INT
,,wp-f2303r0,FS 450 2018,WP Dealer Net INT
,,wp-f2303s0,FS 450 2019,WP Dealer Net INT
,,wp-f2303t4,FE 450 2020,WP Dealer Net INT
,,wp-f2303u0,FS 450 2021,WP Dealer Net INT
,,wp-f2303u4,FE 450 2021,WP Dealer Net INT
,,wp-f2303w0,FS 450 2023,WP Dealer Net INT
,,wp-f2401227,TC 300 2027,WP Dealer Net INT
,,wp-f2401n1,FC 450 2014,WP Dealer Net INT
,,wp-f2401p1,FC 450 2016,WP Dealer Net INT
,,wp-f2401q1,FC 450 2017,WP Dealer Net INT
,,wp-f2401q5,TX 300 2017,WP Dealer Net INT
,,wp-f2401r1,FC 450 2018,WP Dealer Net INT
,,wp-f2401r5,TX 300 2018,WP Dealer Net INT
,,wp-f2401s1,FC 450 2019,WP Dealer Net INT
,,wp-f2401s5,TX 300 2019,WP Dealer Net INT
,,wp-f2401t1,FC 450 2020,WP Dealer Net INT
,,wp-f2401t5,TX 300i 2020,WP Dealer Net INT
,,wp-f2401u5,TX 300i 2021,WP Dealer Net INT
,,wp-f2401v5,TX 300i 2022,WP Dealer Net INT
,,wp-f2401wx,TX 300 Heritage 2023,WP Dealer Net INT
,,wp-f2403q7,TE 300 EFI 2017,WP Dealer Net INT
,,wp-f2403r7,TE 300i 2018,WP Dealer Net INT
,,wp-f2403w6,FE 501 Heritage 2023,WP Dealer Net INT
,,wp-f2475o4,FE 501s 2015,WP Dealer Net INT
,,wp-f2475p4,FE 501s 2016,WP Dealer Net INT
,,wp-f2475r1,FC 450 Rockstar Edition 2018,WP Dealer Net INT
,,wp-f2475s1,FC 450 Rockstar Edition 2019,WP Dealer Net INT
,,wp-f2475t1,FC 450 Rockstar Edition 2020,WP Dealer Net INT
,,wp-f2475t4,FE 501s 2020,WP Dealer Net INT
,,wp-f2475u4,FE 501s 2021,WP Dealer Net INT
,,wp-f2475w1,FC 450 Rockstar Edition 2023,WP Dealer Net INT
,,wp-f2475w4,FE 501s 2023,WP Dealer Net INT
,,wp-f2475z1,FC 450 Factory Edition 2026,WP Dealer Net INT
,,wp-f2675127,701 Enduro 2027,WP Dealer Net INT
,,wp-f2703z2,Svartpilen 801 SE 2026,WP Dealer Net INT
,,wp-f2775227,Svartpilen 801 SE 2027,WP Dealer Net INT
,,wp-f2875127,Norden 901 2027,WP Dealer Net INT
,,wp-f2875227,Norden 901 Expedition 2027,WP Dealer Net INT
,,wp-f3001s1,Freeride E-XC 2019,WP Dealer Net INT
,,wp-f3001t1,Freeride E-XC 2020,WP Dealer Net INT
,,wp-f3001t6,SX-E 5 2020,WP Dealer Net INT
,,wp-f3001t7,EE 5 2020,WP Dealer Net INT
,,wp-f3001u6,SX-E 5 2021,WP Dealer Net INT
,,wp-f3001u7,EE 5 2021,WP Dealer Net INT
,,wp-f3001v1,Freeride E-XC 2022,WP Dealer Net INT
,,wp-f3001v7,EE 5 2022,WP Dealer Net INT
,,wp-f3001w6,SX-E 5 2023,WP Dealer Net INT
,,wp-f3001w7,EE 5 2023,WP Dealer Net INT
,,wp-f3001w8,SX-E 3 2023,WP Dealer Net INT
,,wp-f3001w9,EE 3 2023,WP Dealer Net INT
,,wp-f4003qx,125 Duke 2017,WP Dealer Net INT
,,wp-f4003rx,125 Duke 2018,WP Dealer Net INT
,,wp-f5003ox,RC 125 2015,WP Dealer Net INT
,,wp-f5003px,RC 125 2016,WP Dealer Net INT
,,wp-f5003qx,RC 125 2017,WP Dealer Net INT
,,wp-f5303p1,RC 390 2016 (Euro 4),WP Dealer Net INT
,,wp-f5303q1,RC 390 2017,WP Dealer Net INT
,,wp-f5387ux,390 Adventure 低座版 2021,WP Dealer Net INT
,,wp-f5399ox,RC 390 ADAC CUP 2015,WP Dealer Net INT
,,wp-f5399p2,RC 390 2016,WP Dealer Net INT
,,wp-f5399px,RC 390 CUP 2016,WP Dealer Net INT
,,wp-f6001427,50 SX 2027,WP Dealer Net INT
,,wp-f6001627,65 SX 2027,WP Dealer Net INT
,,wp-f6001827,85 SX 17/14 2027,WP Dealer Net INT
,,wp-f6001927,85 SX 19/16 2027,WP Dealer Net INT
,,wp-f6001m4,50 SX 2013,WP Dealer Net INT
,,wp-f6001m8,85 SX 17/14 2013,WP Dealer Net INT
,,wp-f6001m9,85 SX 19/16 2013,WP Dealer Net INT
,,wp-f6001n4,50 SX 2014,WP Dealer Net INT
,,wp-f6001n9,85 SX 19/16 2014,WP Dealer Net INT
,,wp-f6001o4,50 SX 2015,WP Dealer Net INT
,,wp-f6001o5,50 SX Mini 2015,WP Dealer Net INT
,,wp-f6001o6,65 SX 2015,WP Dealer Net INT
,,wp-f6001o8,85 SX 17/14 2015,WP Dealer Net INT
,,wp-f6001o9,85 SX 19/16 2015,WP Dealer Net INT
,,wp-f6001p4,50 SX 2016,WP Dealer Net INT
,,wp-f6001p5,50 SX Mini 2016,WP Dealer Net INT
,,wp-f6001p6,65 SX 2016,WP Dealer Net INT
,,wp-f6001p8,85 SX 17/14 2016,WP Dealer Net INT
,,wp-f6001p9,85 SX 19/16 2016,WP Dealer Net INT
,,wp-f6001q4,50 SX 2017,WP Dealer Net INT
,,wp-f6001q5,50 SX MINI 2017,WP Dealer Net INT
,,wp-f6001q6,65 SX 2017,WP Dealer Net INT
,,wp-f6001q8,85 SX 17/14 2017,WP Dealer Net INT
,,wp-f6001q9,85 SX 19/16 2017,WP Dealer Net INT
,,wp-f6001r4,50 SX 2018,WP Dealer Net INT
,,wp-f6001r6,65 SX 2018,WP Dealer Net INT
,,wp-f6001r8,85 SX 17/14 2018,WP Dealer Net INT
,,wp-f6001r9,85 SX 19/16 2018,WP Dealer Net INT
,,wp-f6001s4,50 SX 2019,WP Dealer Net INT
,,wp-f6001s5,50 SX Mini 2019,WP Dealer Net INT
,,wp-f6001s6,65 SX 2019,WP Dealer Net INT
,,wp-f6001s8,85 SX 17/14 2019,WP Dealer Net INT
,,wp-f6001s9,85 SX 19/16 2019,WP Dealer Net INT
,,wp-f6001t4,50 SX 2020,WP Dealer Net INT
,,wp-f6001t5,50 SX Mini 2020,WP Dealer Net INT
,,wp-f6001t6,65 SX 2020,WP Dealer Net INT
,,wp-f6001t8,85 SX 17/14 2020,WP Dealer Net INT
,,wp-f6001t9,85 SX 19/16 2020,WP Dealer Net INT
,,wp-f6001u4,50 SX 2021,WP Dealer Net INT
,,wp-f6001u6,65 SX 2021,WP Dealer Net INT
,,wp-f6001u8,85 SX 17/14 2021,WP Dealer Net INT
,,wp-f6001u9,85 SX 19/16 2021,WP Dealer Net INT
,,wp-f6001w4,50 SX 2023,WP Dealer Net INT
,,wp-f6001w5,50 SX Mini 2023,WP Dealer Net INT
,,wp-f6001w6,65 SX 2023,WP Dealer Net INT
,,wp-f6001w8,85 SX 17/14 2023,WP Dealer Net INT
,,wp-f6001w9,85 SX 19/16 2023,WP Dealer Net INT
,,wp-f6075m4,50 SXS 2013,WP Dealer Net INT
,,wp-f6075m8,85 SXS 17/14 2013,WP Dealer Net INT
,,wp-f6075n4,50 SXS 2014,WP Dealer Net INT
,,wp-f6075n9,85 SXS 17/14 2014,WP Dealer Net INT
,,wp-f6075o4,50 SXS 2015,WP Dealer Net INT
,,wp-f6075o6,65 SXS 2015,WP Dealer Net INT
,,wp-f6075o8,85 SXS 17/14 2015,WP Dealer Net INT
,,wp-f6075o9,85 SXS 19/16 2015,WP Dealer Net INT
,,wp-f6075p4,50 SXS 2016,WP Dealer Net INT
,,wp-f6075p5,50 SXS Mini 2016,WP Dealer Net INT
,,wp-f6101027,125 SX 2027,WP Dealer Net INT
,,wp-f6101u0,125 SX 2021,WP Dealer Net INT
,,wp-f6101u1,150 SX 2021,WP Dealer Net INT
,,wp-f6101w0,125 SX 2023,WP Dealer Net INT
,,wp-f6175327,125 XC 2027,WP Dealer Net INT
,,wp-f6175o5,150 XC 2015,WP Dealer Net INT
,,wp-f6175u3,125 XC 2021,WP Dealer Net INT
,,wp-f6175w3,125 XC 2023,WP Dealer Net INT
,,wp-f6301027,250 SX 2027,WP Dealer Net INT
,,wp-f6301u0,250 SX 2021,WP Dealer Net INT
,,wp-f6301w0,250 SX 2023,WP Dealer Net INT
,,wp-f6375527,250 XC 2027,WP Dealer Net INT
,,wp-f6375o5,250 XC 2015,WP Dealer Net INT
,,wp-f6375p5,250 XC 2016,WP Dealer Net INT
,,wp-f6375r5,250 XC 2018,WP Dealer Net INT
,,wp-f6375s5,250 XC 2019,WP Dealer Net INT
,,wp-f6375t5,250 XC TPI 2020,WP Dealer Net INT
,,wp-f6375u5,250 XC TPI 2021,WP Dealer Net INT
,,wp-f6375w5,250 XC 2023,WP Dealer Net INT
,,wp-f6401127,300 SX 2027,WP Dealer Net INT
,,wp-f6401w1,300 SX 2023,WP Dealer Net INT
,,wp-f6475527,300 XC 2027,WP Dealer Net INT
,,wp-f6475o5,300 XC 2015,WP Dealer Net INT
,,wp-f6475p5,300 XC 2016,WP Dealer Net INT
,,wp-f6475r5,300 XC 2018,WP Dealer Net INT
,,wp-f6475s5,300 XC 2019,WP Dealer Net INT
,,wp-f6475t5,300 XC TPI 2020,WP Dealer Net INT
,,wp-f6475u5,300 XC TPI 2021,WP Dealer Net INT
,,wp-f6475w5,300 XC 2023,WP Dealer Net INT
,,wp-f7103o2,125 EXC Six Days 2015,WP Dealer Net INT
,,wp-f7103o6,125 EXC 2015,WP Dealer Net INT
,,wp-f7103o7,125 EXC Factory Edition 2015,WP Dealer Net INT
,,wp-f7103p2,125 EXC Six Days 2016,WP Dealer Net INT
,,wp-f7103p6,125 EXC 2016,WP Dealer Net INT
,,wp-f7103q2,125 EXC Six Days 2017,WP Dealer Net INT
,,wp-f7103q3,125 XC-W 2017,WP Dealer Net INT
,,wp-f7103q6,125 EXC 2017,WP Dealer Net INT
,,wp-f7103r3,125 XC-W 2018,WP Dealer Net INT
,,wp-f7103s3,125 XC-W 2019,WP Dealer Net INT
,,wp-f7103t6,150 EXC TPI 2020,WP Dealer Net INT
,,wp-f7103u6,150 EXC TPI 2021,WP Dealer Net INT
,,wp-f7103w6,150 EXC 2023,WP Dealer Net INT
,,wp-f7175r3,150 XC-W 2018,WP Dealer Net INT
,,wp-f7175s3,150 XC-W 2019,WP Dealer Net INT
,,wp-f7175t3,150 XC-W TPI 2020,WP Dealer Net INT
,,wp-f7175u3,150 XC-W TPI 2021,WP Dealer Net INT
,,wp-f7175w3,150 XC-W 2023,WP Dealer Net INT
,,wp-f7275o3,200 XC-W 2015,WP Dealer Net INT
,,wp-f7275p3,200 XC-W 2016,WP Dealer Net INT
,,wp-f7303o2,250 EXC Six Days 2015,WP Dealer Net INT
,,wp-f7303o7,250 EXC Factory Edition  2015,WP Dealer Net INT
,,wp-f7303p2,250 EXC Six Days 2016,WP Dealer Net INT
,,wp-f7303q2,250 EXC Six Days 2017,WP Dealer Net INT
,,wp-f7303s2,250 EXC Six Days TPI 2019,WP Dealer Net INT
,,wp-f7303s7,250 EXC TPI 2019,WP Dealer Net INT
,,wp-f7303t2,250 EXC Six Days TPI 2020,WP Dealer Net INT
,,wp-f7303t7,250 EXC TPI 2020,WP Dealer Net INT
,,wp-f7303u2,250 EXC TPI Six Days 2021,WP Dealer Net INT
,,wp-f7303u7,250 EXC TPI 2021,WP Dealer Net INT
,,wp-f7303w2,250 EXC Six Days 2023,WP Dealer Net INT
,,wp-f7303w7,250 EXC 2023,WP Dealer Net INT
,,wp-f7375o3,250 XC-W 2015,WP Dealer Net INT
,,wp-f7375p3,250 XC-W 2016,WP Dealer Net INT
,,wp-f7375r4,250 XC-W TPI 2018,WP Dealer Net INT
,,wp-f7375s3,250 XC-W 2019,WP Dealer Net INT
,,wp-f7375s4,250 XC-W TPI 2019,WP Dealer Net INT
,,wp-f7375t4,250 XC-W TPI 2020,WP Dealer Net INT
,,wp-f7375u4,250 XC-W TPI 2021,WP Dealer Net INT
,,wp-f7375w4,250 XC-W 2023,WP Dealer Net INT
,,wp-f7403o2,300 EXC Six Days 2015,WP Dealer Net INT
,,wp-f7403o7,300 EXC Factory Edition  2015,WP Dealer Net INT
,,wp-f7403p2,300 EXC Six Days 2016,WP Dealer Net INT
,,wp-f7403q2,300 EXC Six Days 2017,WP Dealer Net INT
,,wp-f7403r2,300 EXC TPI SIX DAYS 2018,WP Dealer Net INT
,,wp-f7403s2,300 EXC Six Days TPI 2019,WP Dealer Net INT
,,wp-f7403s7,300 EXC TPI 2019,WP Dealer Net INT
,,wp-f7403t2,300 EXC Six Days TPI 2020,WP Dealer Net INT
,,wp-f7403t3,300 EXC TPI Erzberg Edition 2020,WP Dealer Net INT
,,wp-f7403t7,300 EXC TPI 2020,WP Dealer Net INT
,,wp-f7403u2,300 EXC TPI Six Days 2021,WP Dealer Net INT
,,wp-f7403u3,300 EXC TPI Erzbergrodeo 2021,WP Dealer Net INT
,,wp-f7403u7,300 EXC TPI 2021,WP Dealer Net INT
,,wp-f7403w3,300 EXC Erzbergrodeo 2023,WP Dealer Net INT
,,wp-f7440s2,300 EXC Six Days 2019,WP Dealer Net INT
,,wp-f7440s6,300 EXC 2019,WP Dealer Net INT
,,wp-f7440t6,300 EXC 2020,WP Dealer Net INT
,,wp-f7440u6,300 EXC 2021,WP Dealer Net INT
,,wp-f7475o2,300 XC-W Six Days 2015,WP Dealer Net INT
,,wp-f7475o3,300 XC-W 2015,WP Dealer Net INT
,,wp-f7475p2,300 XC-W Six Days 2016,WP Dealer Net INT
,,wp-f7475p3,300 XC-W 2016,WP Dealer Net INT
,,wp-f7475r2,300 XC-W SIX DAYS 2018,WP Dealer Net INT
,,wp-f7475r3,300 XC-W 2018,WP Dealer Net INT
,,wp-f7475s2,300 XC-W TPI Six Days 2019,WP Dealer Net INT
,,wp-f7475s3,300 XC-W TPI 2019,WP Dealer Net INT
,,wp-f7475t2,300 XC-W Six Days TPI 2020,WP Dealer Net INT
,,wp-f7475t3,300 XC-W TPI 2020,WP Dealer Net INT
,,wp-f7475u3,300 XC-W TPI 2021,WP Dealer Net INT
,,wp-f7475w3,300 XC-W 2023,WP Dealer Net INT
,,wp-f7475w6,300 XC-W Erzbergrodeo 2023,WP Dealer Net INT
,,wp-f8103o2,250 EXC-F Six Days 2015,WP Dealer Net INT
,,wp-f8103o7,250 EXC-F Factory Edition  2015,WP Dealer Net INT
,,wp-f8103p2,250 EXC-F Six Days 2016,WP Dealer Net INT
,,wp-f8103q2,250 EXC-F Six Days 2017,WP Dealer Net INT
,,wp-f8103r2,250 EXC-F SIX DAYS 2018,WP Dealer Net INT
,,wp-f8103s2,250 EXC-F Six Days 2019,WP Dealer Net INT
,,wp-f8103s4,Freeride 250 F 2019,WP Dealer Net INT
,,wp-f8103t2,250 EXC-F Six Days 2020,WP Dealer Net INT
,,wp-f8103t4,Freeride 250 F 2020,WP Dealer Net INT
,,wp-f8103u2,250 EXC-F Six Days 2021,WP Dealer Net INT
,,wp-f8103w2,250 EXC-F Six Days 2023,WP Dealer Net INT
,,wp-f8175027,250 XC-F 2027,WP Dealer Net INT
,,wp-f8175o0,250 XC-F 2015,WP Dealer Net INT
,,wp-f8175o1,250 SX-F Factory Edition 2015,WP Dealer Net INT
,,wp-f8175o3,250 XCF-W 2015,WP Dealer Net INT
,,wp-f8175p0,250 XC-F 2016,WP Dealer Net INT
,,wp-f8175p1,250 SX-F Factory Edition 2016,WP Dealer Net INT
,,wp-f8175p3,250 XCF-W 2016,WP Dealer Net INT
,,wp-f8175q1,250 SX-F Factory Edition 2017,WP Dealer Net INT
,,wp-f8175r0,250 XC-F 2018,WP Dealer Net INT
,,wp-f8175s0,250 XC-F 2019,WP Dealer Net INT
,,wp-f8175t0,250 XC-F 2020,WP Dealer Net INT
,,wp-f8175u0,250 XC-F 2021,WP Dealer Net INT
,,wp-f8175v0,250 XC-F 2022,WP Dealer Net INT
,,wp-f8175w0,250 XC-F 2023,WP Dealer Net INT
,,wp-f8199mx,RC 250 R 2013,WP Dealer Net INT
,,wp-f8199n0,RC 250 R 2014,WP Dealer Net INT
,,wp-f8199o0,RC 250 R 2015,WP Dealer Net INT
,,wp-f8199p0,RC 250 R 2016,WP Dealer Net INT
,,wp-f8199q0,RC 250 R 2017,WP Dealer Net INT
,,wp-f8203o2,350 EXC-F Six Days 2015,WP Dealer Net INT
,,wp-f8203o7,350 EXC-F Factory Edition  2015,WP Dealer Net INT
,,wp-f8203p2,350 EXC-F Six Days 2016,WP Dealer Net INT
,,wp-f8203u3,350 EXC-F Wess 2021,WP Dealer Net INT
,,wp-f8275027,350 XC-F 2027,WP Dealer Net INT
,,wp-f8275o0,350 XC-F 2015,WP Dealer Net INT
,,wp-f8275o2,350 XCF-W Six Days 2015,WP Dealer Net INT
,,wp-f8275o3,350 XCF-W 2015,WP Dealer Net INT
,,wp-f8275p0,350 XC-F 2016,WP Dealer Net INT
,,wp-f8275p2,350 XCF-W Six Days 2016,WP Dealer Net INT
,,wp-f8275p3,350 XCF-W 2016,WP Dealer Net INT
,,wp-f8275r0,350 XC-F 2018,WP Dealer Net INT
,,wp-f8275s0,350 XC-F 2019,WP Dealer Net INT
,,wp-f8275t0,350 XC-F 2020,WP Dealer Net INT
,,wp-f8275t1,350 XCF-W 2020,WP Dealer Net INT
,,wp-f8275u0,350 XC-F 2021,WP Dealer Net INT
,,wp-f8275u1,350 XCF-W 2021,WP Dealer Net INT
,,wp-f8275w0,350 XC-F 2023,WP Dealer Net INT
,,wp-f8403o2,450 EXC Six Days 2015,WP Dealer Net INT
,,wp-f8403o7,450 EXC F-Factory Edition  2015,WP Dealer Net INT
,,wp-f8403p2,450 EXC Six Days 2016,WP Dealer Net INT
,,wp-f8403t2,450 EXC-F Six Days 2020,WP Dealer Net INT
,,wp-f8403t9,450 EXC-F 2020,WP Dealer Net INT
,,wp-f8403u2,450 EXC-F Six Days 2021,WP Dealer Net INT
,,wp-f8403u9,450 EXC-F 2021,WP Dealer Net INT
,,wp-f8403w2,450 EXC-F Six Days 2023,WP Dealer Net INT
,,wp-f8403w9,450 EXC-F 2023,WP Dealer Net INT
,,wp-f8475027,450 XC-F 2027,WP Dealer Net INT
,,wp-f8475o0,450 XC-F 2015,WP Dealer Net INT
,,wp-f8475o1,450 SX-F Factory Edition 2015,WP Dealer Net INT
,,wp-f8475o3,450 XC-W 2015,WP Dealer Net INT
,,wp-f8475p0,450 XC-F 2016,WP Dealer Net INT
,,wp-f8475p1,450 SX-F Factory-Edition 2016,WP Dealer Net INT
,,wp-f8475p3,450 XC-W 2016,WP Dealer Net INT
,,wp-f8475q1,450 SX-F Factory Edition 2017,WP Dealer Net INT
,,wp-f8475r0,450 XC-F 2018,WP Dealer Net INT
,,wp-f8475r1,450 SX-F Factory Edition 2018,WP Dealer Net INT
,,wp-f8475s0,450 XC-F 2019,WP Dealer Net INT
,,wp-f8475s1,450 SX-F FACTORY EDITION 2019,WP Dealer Net INT
,,wp-f8475t0,450 XC-F 2020,WP Dealer Net INT
,,wp-f8475t1,450 SX-F Factory Edition 2020,WP Dealer Net INT
,,wp-f8475u0,450 XC-F 2021,WP Dealer Net INT
,,wp-f8475w0,450 XC-F 2023,WP Dealer Net INT
,,wp-f8475w2,450 XCF-W 2023,WP Dealer Net INT
,,wp-f8503o2,500 EXC Six Days 2015,WP Dealer Net INT
,,wp-f8503r2,500 EXC-F SIX DAYS 2018,WP Dealer Net INT
,,wp-f8503s2,500 EXC-F Six Days 2019,WP Dealer Net INT
,,wp-f8575o3,500 XC-W 2015,WP Dealer Net INT
,,wp-f8575p3,500 XC-W 2016,WP Dealer Net INT
,,wp-f8575t1,500 XCF-W 2020,WP Dealer Net INT
,,wp-f8575u1,500 XCF-W 2021,WP Dealer Net INT
,,wp-f9299s9,Moto 3 2019,WP Dealer Net INT
,,wp-f9399827,450 Rally Replica 2027,WP Dealer Net INT
,,wp-f9599q1,Moto 2 2017,WP Dealer Net INT
,,wp-f9603r8,790 Duke L (A2) 2018,WP Dealer Net INT
,,wp-f9603sx,790 Duke L (A2) 2019,WP Dealer Net INT
,,wp-f9703vx,890 Adventure L 2022,WP Dealer Net INT
,,wp-f9703wx,890 Duke GP 2023,WP Dealer Net INT
,,wp-f9703xx,890 Adventure 2024,WP Dealer Net INT
,,wp-f9703zd,890 Adventure R Rally 2026,WP Dealer Net INT
,,wp-f9703zg,890 SMT 2026,WP Dealer Net INT
,,wp-f9775627,890 Adventure R Rally 2027,WP Dealer Net INT
,,wp-f9799w9,RC 8C 2023,WP Dealer Net INT
,,wp-f9801827,990 RC R Track 2027,WP Dealer Net INT
,,wp-f9801z8,990 RC R Track 2026,WP Dealer Net INT
,,wp-f9875c27,990 Duke 2027,WP Dealer Net INT
,,wp-f9875m7,990 Adventure 2013,WP Dealer Net INT
,,wp-f9901zu,1390 Super Duke RR TRACK 2026,WP Dealer Net INT
,,wp-f9903yx,1390 Super Duke R 2025,WP Dealer Net INT
,,wp-f9903zr,1390 Super Duke RR 2026,WP Dealer Net INT
,,wp-f9903zx,1390 Super Duke R 2026,WP Dealer Net INT
,,wp-f9975127,1390 Super Adventure S EVO 2027,WP Dealer Net INT
,,wp-f9975w7,1290 Super Adventure R 2023,WP Dealer Net INT
,,wp-f9975wx,1290 Super Adventure S 2023,WP Dealer Net INT
,,wp-f9999q1,RC 16 2017,WP Dealer Net INT
,,wp-f9999r1,RC 16 2018,WP Dealer Net INT
,,wp-f9999sx,RC16 2019,WP Dealer Net INT
,,wp-fc2502015,FC 250 2015,WP Dealer Net INT
,,wp-fc2502021,FC 250 2021,WP Dealer Net INT
,,wp-fc2502022,FC 250 2022,WP Dealer Net INT
,,wp-fc2502023,FC 250 2023,WP Dealer Net INT
,,wp-fc2502027,FC 250 2027,WP Dealer Net INT
,,wp-fc250heritage2023,FC 250 Heritage 2023,WP Dealer Net INT
,,wp-fc3502021,FC 350 2021,WP Dealer Net INT
,,wp-fc3502022,FC 350 2022,WP Dealer Net INT
,,wp-fc3502023,FC 350 2023,WP Dealer Net INT
,,wp-fc3502027,FC 350 2027,WP Dealer Net INT
,,wp-fc350heritage2023,FC 350 Heritage 2023,WP Dealer Net INT
,,wp-fc4502015,FC 450 2015,WP Dealer Net INT
,,wp-fc4502021,FC 450 2021,WP Dealer Net INT
,,wp-fc4502022,FC 450 2022,WP Dealer Net INT
,,wp-fc4502023,FC 450 2023,WP Dealer Net INT
,,wp-fc4502027,FC 450 2027,WP Dealer Net INT
,,wp-fc450heritage2023,FC 450 Heritage 2023,WP Dealer Net INT
,,wp-fe2502015,FE 250 2015,WP Dealer Net INT
,,wp-fe2502016,FE 250 2016,WP Dealer Net INT
,,wp-fe2502017,FE 250 2017,WP Dealer Net INT
,,wp-fe2502018,FE 250 2018,WP Dealer Net INT
,,wp-fe2502019,FE 250 2019,WP Dealer Net INT
,,wp-fe2502023,FE 250 2023,WP Dealer Net INT
,,wp-fe3502015,FE 350 2015,WP Dealer Net INT
,,wp-fe3502016,FE 350 2016,WP Dealer Net INT
,,wp-fe3502017,FE 350 2017,WP Dealer Net INT
,,wp-fe3502018,FE 350 2018,WP Dealer Net INT
,,wp-fe3502019,FE 350 2019,WP Dealer Net INT
,,wp-fe3502020,FE 350 2020,WP Dealer Net INT
,,wp-fe3502021,FE 350 2021,WP Dealer Net INT
,,wp-fe3502023,FE 350 2023,WP Dealer Net INT
,,wp-fe4502015,FE 450 2015,WP Dealer Net INT
,,wp-fe4502016,FE 450 2016,WP Dealer Net INT
,,wp-fe4502017,FE 450 2017,WP Dealer Net INT
,,wp-fe4502018,FE 450 2018,WP Dealer Net INT
,,wp-fe4502019,FE 450 2019,WP Dealer Net INT
,,wp-fe4502023,FE 450 2023,WP Dealer Net INT
,,wp-fe5012015,FE 501 2015,WP Dealer Net INT
,,wp-fe5012016,FE 501 2016,WP Dealer Net INT
,,wp-fe5012017,FE 501 2017,WP Dealer Net INT
,,wp-fe5012018,FE 501 2018,WP Dealer Net INT
,,wp-fe5012019,FE 501 2019,WP Dealer Net INT
,,wp-fe5012020,FE 501 2020,WP Dealer Net INT
,,wp-fe5012021,FE 501 2021,WP Dealer Net INT
,,wp-fe5012023,FE 501 2023,WP Dealer Net INT
,,wp-freeride250r2014,Freeride 250 R 2014,WP Dealer Net INT
,,wp-freeride250r2015,Freeride 250 R 2015,WP Dealer Net INT
,,wp-freeride250r2016,Freeride 250 R 2016,WP Dealer Net INT
,,wp-freeride250r2017,Freeride 250 R 2017,WP Dealer Net INT
,,wp-freeride3502014,Freeride 350 2014,WP Dealer Net INT
,,wp-freeride3502015,Freeride 350 2015,WP Dealer Net INT
,,wp-freeride3502016,Freeride 350 2016,WP Dealer Net INT
,,wp-freeride3502017,Freeride 350 2017,WP Dealer Net INT
,,wp-freeridee660w2027,FREERIDE E 660W 2027,WP Dealer Net INT
,,wp-gsxr10002012,Suzuki GSX-R1000 2012,WP Dealer Net INT
,,wp-gsxr10002013,Suzuki GSX-R1000 2013,WP Dealer Net INT
,,wp-gsxr10002014,Suzuki GSX-R1000 2014,WP Dealer Net INT
,,wp-gsxr10002015,Suzuki GSX-R1000 2015,WP Dealer Net INT
,,wp-gsxr10002016,Suzuki GSX-R1000 2016,WP Dealer Net INT
,,wp-gsxr10002017,Suzuki GSX-R1000 2017,WP Dealer Net INT
,,wp-gsxr10002018,Suzuki GSX-R1000 2018,WP Dealer Net INT
,,wp-gsxr10002019,Suzuki GSX-R1000 2019,WP Dealer Net INT
,,wp-gsxr10002020,Suzuki GSX-R1000 2020,WP Dealer Net INT
,,wp-gsxr10002022,Suzuki GSX-R1000 2022,WP Dealer Net INT
,,wp-gsxr1000r2017,Suzuki GSX-R1000R 2017,WP Dealer Net INT
,,wp-gsxr1000r2018,Suzuki GSX-R1000R 2018,WP Dealer Net INT
,,wp-gsxr1000r2019,Suzuki GSX-R1000R 2019,WP Dealer Net INT
,,wp-gsxr1000r2022,Suzuki GSX-R1000R 2022,WP Dealer Net INT
,,wp-gsxr1000rr2020,Suzuki GSX-R1000R 2020,WP Dealer Net INT
,,wp-gsxr6002012,Suzuki GSX-R600 2012,WP Dealer Net INT
,,wp-gsxr6002013,Suzuki GSX-R600 2013,WP Dealer Net INT
,,wp-gsxr6002014,Suzuki GSX-R600 2014,WP Dealer Net INT
,,wp-gsxr6002015,Suzuki GSX-R600 2015,WP Dealer Net INT
,,wp-gsxr6002016,Suzuki GSX-R600 2016,WP Dealer Net INT
,,wp-gsxr6002017,Suzuki GSX-R600 2017,WP Dealer Net INT
,,wp-gsxr6002018,Suzuki GSX-R600 2018,WP Dealer Net INT
,,wp-gsxr7502012,Suzuki GSX-R750 2012,WP Dealer Net INT
,,wp-gsxr7502013,Suzuki GSX-R750 2013,WP Dealer Net INT
,,wp-gsxr7502014,Suzuki GSX-R750 2014,WP Dealer Net INT
,,wp-gsxr7502015,Suzuki GSX-R750 2015,WP Dealer Net INT
,,wp-kx10rr2016,Kawasaki ZX-10RR 2016,WP Dealer Net INT
,,wp-kx250f2016,Kawasaki KX 250 2016,WP Dealer Net INT
,,wp-kx250f2019,Kawasaki KX 250 2019,WP Dealer Net INT
,,wp-kx250f2020,Kawasaki KX 250 2020,WP Dealer Net INT
,,wp-kx250f2022,Kawasaki KX 250 2022,WP Dealer Net INT
,,wp-kx250f2024,Kawasaki KX 250 2024,WP Dealer Net INT
,,wp-kx250f2025,Kawasaki KX 250 2025,WP Dealer Net INT
,,wp-kx450f2018,Kawasaki KX 450 2018,WP Dealer Net INT
,,wp-kx450f2019,Kawasaki KX 450 2019,WP Dealer Net INT
,,wp-kx450f2020,Kawasaki KX 450 2020,WP Dealer Net INT
,,wp-kx450f2021,Kawasaki KX 450 2021,WP Dealer Net INT
,,wp-kx450f2022,Kawasaki KX 450 2022,WP Dealer Net INT
,,wp-kx450f2023,Kawasaki KX 450 2023,WP Dealer Net INT
,,wp-kxf2502015,Kawasaki KX 250 2015,WP Dealer Net INT
,,wp-kxf2502017,Kawasaki KX 250 2017,WP Dealer Net INT
,,wp-kxf2502018,Kawasaki KX 250 2018,WP Dealer Net INT
,,wp-kxf4502015,Kawasaki KX 450 2015,WP Dealer Net INT
,,wp-kxf4502016,Kawasaki KX 450 2016,WP Dealer Net INT
,,wp-kxf4502017,Kawasaki KX 450 2017,WP Dealer Net INT
,,wp-mc250f2023,MC 250F 2023,WP Dealer Net INT
,,wp-mt092017,Yamaha MT-09 2017,WP Dealer Net INT
,,wp-mt092018,Yamaha MT-09 2018,WP Dealer Net INT
,,wp-mt092019,Yamaha MT-09 2019,WP Dealer Net INT
,,wp-mt092020,Yamaha MT-09 2020,WP Dealer Net INT
,,wp-mt092021,Yamaha MT-09 2021,WP Dealer Net INT
,,wp-mt09sp2018,Yamaha MT-09 SP 2018,WP Dealer Net INT
,,wp-mt09sp2019,Yamaha MT-09 SP 2019,WP Dealer Net INT
,,wp-norden9012022,Norden 901 2022,WP Dealer Net INT
,,wp-norden9012023,Norden 901 2023,WP Dealer Net INT
,,wp-norden9012024,Norden 901 2024,WP Dealer Net INT
,,wp-norden9012026,Norden 901 2026,WP Dealer Net INT
,,wp-norden901exp2024,Norden 901 Expedition 2024,WP Dealer Net INT
,,wp-norden901exp2026,Norden 901 Expedition 2026,WP Dealer Net INT
2024-07-25T18:30:11+02:00,9399627252042,wp-r12012,heim joint kit,"nada-hidden, WP - Pro Components"
2024-07-25T18:30:44+02:00,9399627841866,wp-r14042,fork repair kit,WP - Pro Components
2025-01-09T12:18:58+01:00,9637535646026,wp-r14042t,Pilot bushing set,Partstream
2024-07-25T18:30:05+02:00,9399626957130,wp-r14046,Fork repair kit,WP - Pro Components
2024-07-25T18:30:08+02:00,9399627120970,wp-r14047,fork repair kit,WP - Pro Components
2024-07-25T18:29:03+02:00,9399625417034,wp-r14047t,Fork repair kit,"Out of stock, stock, synkro-clone-ktm-shop-nederland, WP - Pro Components"
2026-05-18T22:01:50+02:00,15665047699786,wp-r14054t,Spacer kit,WP - Pro Components
2024-07-25T18:30:41+02:00,9399627776330,wp-r516,Fork repair kit,WP - Pro Components
,9357001457994,wp-r516t,Fork gasket kit 43 mm,Pro Components
,,wp-rc1252014,RC 125 2014,WP Dealer Net INT
,,wp-rc1252018,RC 125 2018,WP Dealer Net INT
,,wp-rc1252019,RC 125 2019,WP Dealer Net INT
,,wp-rc1252020,RC 125 2020,WP Dealer Net INT
,,wp-rc1252023,RC 125 2023,WP Dealer Net INT
,,wp-rc2002014,RC 200 2014,WP Dealer Net INT
,,wp-rc2002015,RC 200 2015,WP Dealer Net INT
,,wp-rc2002018,RC 200 2018,WP Dealer Net INT
,,wp-rc2002019,RC 200 2019,WP Dealer Net INT
,,wp-rc2002020,RC 200 2020,WP Dealer Net INT
,,wp-rc2002023,RC 200 2023,WP Dealer Net INT
,,wp-rc2502018,RC 250 2018,WP Dealer Net INT
,,wp-rc2502019,RC 250 2019,WP Dealer Net INT
,,wp-rc2502020,RC 250 2020,WP Dealer Net INT
,,wp-rc250rrookies,RC 250 R Rookies,WP Dealer Net INT
,,wp-rc3902014,RC 390 2014,WP Dealer Net INT
,,wp-rc3902015,RC 390 2015,WP Dealer Net INT
,,wp-rc3902018,RC 390 2018,WP Dealer Net INT
,,wp-rc3902019,RC 390 2019,WP Dealer Net INT
,,wp-rc3902020,RC 390 2020,WP Dealer Net INT
,,wp-rc3902021gen1,RC 390 2021,WP Dealer Net INT
,,wp-rc3902023,RC 390 2023,WP Dealer Net INT
,,wp-rc390r2018,RC 390 R 2018,WP Dealer Net INT
,,wp-rc390r2019,RC 390 R 2019,WP Dealer Net INT
,,wp-rc390r2020,RC 390 R 2020,WP Dealer Net INT
,,wp-rmz2502015,Suzuki RM-Z250 2015,WP Dealer Net INT
,,wp-rmz2502016,Suzuki RM-Z250 2016,WP Dealer Net INT
,,wp-rmz2502017,Suzuki RM-Z250 2017,WP Dealer Net INT
,,wp-rmz2502018,$M-SUZUKIRMZ2502018,WP Dealer Net INT
,,wp-rmz2502019,Suzuki RM-Z250 2019,WP Dealer Net INT
,,wp-rmz2502020,Suzuki RM-Z 250 2020,WP Dealer Net INT
,,wp-rmz2502021,Suzuki RM-Z 250 2021,WP Dealer Net INT
,,wp-rmz2502022,Suzuki RM-Z 250 2022,WP Dealer Net INT
,,wp-rmz4502015,Suzuki RM-Z450 2015,WP Dealer Net INT
,,wp-rmz4502016,Suzuki RM-Z450 2016,WP Dealer Net INT
,,wp-rmz4502017,Suzuki RM-Z450 2017,WP Dealer Net INT
,,wp-rmz4502018,Suzuki RM-Z450 2018,WP Dealer Net INT
,,wp-rmz4502019,Suzuki RM-Z450 2019,WP Dealer Net INT
,,wp-rmz4502020,Suzuki RM-Z 450 2020,WP Dealer Net INT
,,wp-rmz4502021,Suzuki RM-Z 450 2021,WP Dealer Net INT
,,wp-rmz4502022,Suzuki RM-Z 450 2022,WP Dealer Net INT
2024-07-25T18:30:48+02:00,9399627874634,wp-rp10006,fork repair kit,WP - Pro Components
2024-07-25T18:30:51+02:00,9399627972938,wp-rp10007,fork repair kit,WP - Pro Components
2024-07-25T18:29:58+02:00,9399626760522,wp-rp10012,Fork repair kit,WP - Pro Components
,8753710924106,wp-rp10048t,Fork repair kit,Pro Components
,,wp-rr2t2502015,Beta RR 2T 250 2015,WP Dealer Net INT
,,wp-rr2t2502016,Beta RR 2T 250 2016,WP Dealer Net INT
,,wp-rr2t2502017,Beta RR 2T 250 2017,WP Dealer Net INT
,,wp-rr2t2502018,$M-BETARR2T2502018,WP Dealer Net INT
,,wp-rr2t2502019,Beta RR 2T 250 2019,WP Dealer Net INT
,,wp-rr2t2502019-kopie,$M-BETARR2T2502019-KOPIE,WP Dealer Net INT
,,wp-rr2t2502019-kopie-kopie,$M-BETARR2T3002019-KOPIE,WP Dealer Net INT
,,wp-rr2t3002015,Beta RR 2T 300 2015,WP Dealer Net INT
,,wp-rr2t3002016,Beta RR 2T 300 2016,WP Dealer Net INT
,,wp-rr2t3002017,$M-RR2T3002017,WP Dealer Net INT
,,wp-rr2t3002018,$M-BETARR2T3002018,WP Dealer Net INT
,,wp-rr2t3002019,Beta RR 2T 300 2019,WP Dealer Net INT
,,wp-rr4t3502015,Beta RR 4T 350 2015,WP Dealer Net INT
,,wp-rr4t3502016,Beta RR 4T 350 2016,WP Dealer Net INT
,,wp-rr4t3502017,$M-RR4T3502017,WP Dealer Net INT
,,wp-rr4t3502018,$M-BETARR4T3502018,WP Dealer Net INT
,,wp-rr4t3502019,Beta RR 4T 350 2019,WP Dealer Net INT
,,wp-rr4t3502020,$M-BETARR4T3502019-KOPIE,WP Dealer Net INT
,,wp-rr4t3902015,Beta RR 4T 390 2015,WP Dealer Net INT
,,wp-rr4t3902016,Beta RR 4T 390 2016,WP Dealer Net INT
,,wp-rr4t3902017,$M-RR4T3902017,WP Dealer Net INT
,,wp-rr4t3902018,$M-BETARR4T3902018,WP Dealer Net INT
,,wp-rr4t3902019,Beta RR 4T 390 2019,WP Dealer Net INT
,,wp-rr4t3902020,$M-BETARR4T3902019-KOPIE,WP Dealer Net INT
,,wp-rr4t4302017,$M-RR4T4302017,WP Dealer Net INT
,,wp-rr4t4302018,$M-BETARR4T4302018,WP Dealer Net INT
,,wp-rr4t4302019,Beta RR 4T 430 2019,WP Dealer Net INT
,,wp-rr4t4302020,$M-BETARR4T4302019-KOPIE,WP Dealer Net INT
,,wp-rr4t4502015,Beta RR 4T 430 2015,WP Dealer Net INT
,,wp-rr4t4502016,Beta RR 4T 430 2016,WP Dealer Net INT
,,wp-rr4t4802015,Beta RR 4T 480 2015,WP Dealer Net INT
,,wp-rr4t4802016,Beta RR 4T 480 2016,WP Dealer Net INT
,,wp-rr4t4802017,$M-RR4T4802017,WP Dealer Net INT
,,wp-rr4t4802018,$M-BETARR4T4802018,WP Dealer Net INT
,,wp-rr4t4802019,Beta RR 4T 480 2019,WP Dealer Net INT
,,wp-rr4t4802020,$M-BETARR4T4802019-KOPIE,WP Dealer Net INT
2024-07-25T18:22:27+02:00,9399617192266,wp-s03852000300000,Preload adjuster 125-450 SX/SX-F 2023 & 125-450 TC/FC/TX/FX 2023,WP - Technical Accessories
,,wp-s1000r2021,BMW S 1000 R 2021,WP Dealer Net INT
,,wp-s1000r2022,BMW S 1000 R 2022,WP Dealer Net INT
,,wp-s1000r2024,BMW S 1000 R 2024,WP Dealer Net INT
,,wp-s1000rr2011,BMW S 1000 RR 2011,WP Dealer Net INT
,,wp-s1000rr2012,BMW S 1000 RR 2012,WP Dealer Net INT
,,wp-s1000rr2013,BMW S 1000 RR 2013,WP Dealer Net INT
,,wp-s1000rr2014,BMW S 1000 RR 2014,WP Dealer Net INT
,,wp-s1000rr2015,BMW S 1000 RR 2015,WP Dealer Net INT
,,wp-s1000rr2016,BMW S 1000 RR 2016,WP Dealer Net INT
,,wp-s1000rr2017,BMW S 1000 RR 2017,WP Dealer Net INT
,,wp-s1000rr2018,BMW S 1000 RR 2018,WP Dealer Net INT
,,wp-s1000rr2019,BMW S 1000 RR 2019,WP Dealer Net INT
,,wp-s1000rr2020,BMW S 1000 RR 2020,WP Dealer Net INT
,,wp-s1000rr2021,BMW S 1000 RR 2021,WP Dealer Net INT
,,wp-s1000rr2022,BMW S 1000 RR 2022,WP Dealer Net INT
,,wp-s1000rr2024,BMW S 1000 RR 2024,WP Dealer Net INT
2024-07-25T18:27:12+02:00,9399622041930,wp-s20920000200000,O-ring 64x3 HNBR70,WP - Pro Components
2024-07-25T18:27:14+02:00,9399622107466,wp-s23922000000000,Spring Ring 72.6x2,WP - Pro Components
2026-05-18T22:01:59+02:00,15665047994698,wp-s634820001s00fa,Protective ring kit,WP - Technical Accessories
2026-05-18T22:02:01+02:00,15665048125770,wp-s70872000200001,Stecknuss,WP - Special tools
2024-07-25T18:26:32+02:00,9399621124426,wp-s8098200170002x,SHOCK ABSORBER SPRING,WP - Pro Components
2026-05-18T22:02:04+02:00,15665048224074,wp-s80982002xs0020,SHOCK ABSORBER SPRING,WP - Pro Components
2024-07-25T18:26:35+02:00,9399621189962,wp-s8098200410000x,FORK SPRING SET 1390 SUPER DUKE 24-25,WP - Pro Components
2026-05-18T22:02:07+02:00,15665048355146,wp-s80982004xs,Shock absorber spring,WP - Pro Components
2024-07-25T18:26:28+02:00,9399621091658,wp-s809900036s0000,Fork spring set,WP - Pro Components
,,wp-s809900047s0000,$M-S809900047S0000,Dealer Shop WP
2026-05-18T22:02:12+02:00,15665048650058,wp-s80992001x,FORK SPRING SET,WP - Dealer Shop WP
2026-05-18T22:02:15+02:00,15665048781130,wp-s8198000x00028,Shock Absorber Spring,WP - Pro Components
2024-07-25T18:28:20+02:00,9399624433994,wp-s82882000100000,Spring retainer,WP - Pro Components
2026-05-18T22:02:18+02:00,15665048944970,wp-s82882000x000c1,spring retainer,WP - Pro Components
2024-07-25T18:27:24+02:00,9399622402378,wp-s92082000100000,Loss protection,WP - Pro Components
2024-07-25T18:27:15+02:00,9399622173002,wp-s92922000000000,Bladder 68x63,WP - Pro Components
2024-07-25T18:20:59+02:00,9399615652170,wp-s998020012s0000,Factory start device XACT PRO 7543 85 SX & 85 TC 21-23,WP - Technical Accessories
2026-05-18T22:02:21+02:00,15665049076042,wp-s998020013s0000,Einsteller,WP - Special tools
2026-05-18T22:02:24+02:00,15665049207114,wp-s99812001900000,Bracket,WP - Pro Components
,,wp-sm7002023,SM 700 2023,WP Dealer Net INT
,,wp-svartpilen1252021,Svartpilen 125 2021,WP Dealer Net INT
,,wp-svartpilen1252023,Svartpilen 125 2023,WP Dealer Net INT
,,wp-svartpilen2002021,Svartpilen 200 2021,WP Dealer Net INT
,,wp-svartpilen2002023,Svartpilen 200 2023,WP Dealer Net INT
,,wp-svartpilen2502021,Svartpilen 250 2021,WP Dealer Net INT
,,wp-svartpilen2502023,Svartpilen 250 2023,WP Dealer Net INT
,,wp-svartpilen4012021,Svartpilen 401 2021,WP Dealer Net INT
,,wp-svartpilen4012023,Svartpilen 401 2023,WP Dealer Net INT
2024-07-25T18:30:27+02:00,9399627546954,wp-sxs05125203,Elastomer kit green/soft,WP - Pro Components
2024-07-25T18:30:32+02:00,9399627645258,wp-sxs05125204,Elastomer kit yellow/medium,WP - Pro Components
2024-07-25T18:30:37+02:00,9399627743562,wp-sxs05125205,Elastomer kit red/hard,WP - Pro Components
2024-07-25T18:24:39+02:00,9399619289418,wp-sxs07125200,Progressive handlebar damping system (PHDS) 50-1290 MODELS 03-25 & 85-650 TE/FE/FX/FS 06-19,WP - Technical Accessories
2024-07-25T18:24:36+02:00,9399619158346,wp-sxs14125200,Progressive handlebar damping system (PHDS) 3-901 ENDURO/EXC/SX/SXS/XC/XCF & 65-690 EE/FC/FE/FREERIDE/FS/FX/NORDEN/TC/TE/TX  12-23,WP - Technical Accessories
2024-07-25T18:50:44+02:00,9399648289098,wp-t01076,Filling adaptor,WP - Special tools
2024-07-26T10:11:21+02:00,9400595448138,wp-t01077,Adapter AM Enduro,WP - Special tools
2024-07-25T18:54:54+02:00,9399651926346,wp-t03032,Adapter AM 65SX,WP - Special tools
2024-07-25T18:54:53+02:00,9399651860810,wp-t03033,Adapter AM 50SX,WP - Special tools
2024-07-25T19:05:20+02:00,9399663231306,wp-t05047,Special wrench,WP - Special tools
2024-07-26T10:12:44+02:00,9400597643594,wp-t05048,Special wrench,"Out of stock, WP - Special tools"
2026-05-18T22:02:28+02:00,15665049403722,wp-t05049-00,Schraubdeckeladapter,WP - Special tools
2026-05-18T22:02:31+02:00,15665049567562,wp-t05050-00,Ziehstab,WP - Special tools
2024-07-25T18:57:27+02:00,9399654547786,wp-t05051,Klemmblock D8/D14,WP - Special tools
2024-07-25T18:57:25+02:00,9399654449482,wp-t05052s,Klemmbacken D= 32,WP - Special tools
2024-07-25T18:59:30+02:00,9399656448330,wp-t05053,Montagewerkzeug Dichtung,WP - Special tools
2024-07-25T18:59:28+02:00,9399656382794,wp-t05054,Montagehülse Dichtung D=8,WP - Special tools
2024-07-25T18:55:54+02:00,9399653073226,wp-t05055,Presswerkzeug Buchse D=8,WP - Special tools
2024-07-25T18:54:51+02:00,9399651828042,wp-t05056,Fülladapter M5,WP - Special tools
2025-01-09T12:26:58+01:00,9637544493386,wp-t07030,Socket,WP - Special tools
2024-07-26T10:40:19+02:00,9400615993674,wp-t07033,Mounting tool,WP - Special tools
2024-07-25T18:59:38+02:00,9399656579402,wp-t101s,Spring removal/fitting,WP - Special tools
2024-07-25T18:59:44+02:00,9399656644938,wp-t103,Pin wrench,WP - Special tools
2025-01-09T12:26:49+01:00,9637544427850,wp-t104s,Clamping jaws,WP - Special tools
2024-07-25T19:04:25+02:00,9399662117194,wp-t106s,Hook wrench,WP - Special tools
2024-07-25T18:56:38+02:00,9399653826890,wp-t107s,Depth micrometer,WP - Special tools
2024-07-25T18:59:50+02:00,9399656841546,wp-t120,Drift,WP - Special tools
2024-07-25T18:51:45+02:00,9399649337674,wp-t1201,Mounting sleeve,WP - Special tools
2024-07-25T18:57:36+02:00,9399654711626,wp-t1202s,Clamping stand,WP - Special tools
2024-07-26T10:10:53+02:00,9400594792778,wp-t1205,Calibrating unit,WP - Special tools
2024-07-25T18:59:55+02:00,9399656907082,wp-t1206,Pressing tool,"Out of stock, WP - Special tools"
2024-07-25T19:00:01+02:00,9399656972618,wp-t1207s,Pressing tool,"Out of stock, WP - Special tools"
2024-07-25T19:00:07+02:00,9399657038154,wp-t1208,Pressing tool,WP - Special tools
,7113470116021,wp-t1209,Guide bush removal/fitting tool,Special tools
2024-07-26T10:10:56+02:00,9400594891082,wp-t1211,Clamping jaw D= 54,WP - Special tools
2024-07-26T10:11:07+02:00,9400595087690,wp-t12126s,Socket,WP - Special tools
2024-07-26T10:12:24+02:00,9400597184842,wp-t12127,Socket,WP - Special tools
2024-07-26T10:12:59+02:00,9400597971274,wp-t12128,Filling adapter,WP - Special tools
2024-07-25T18:53:28+02:00,9399650681162,wp-t12131s,Mounting tool,WP - Special tools
2024-07-26T10:10:40+02:00,9400594465098,wp-t12133,pressing tool,WP - Special tools
2024-07-26T10:11:03+02:00,9400595022154,wp-t12134,Adapter,WP - Special tools
2024-07-26T10:27:07+02:00,9400608620874,wp-t12139,Filling adapter,WP - Special tools
2024-07-25T19:00:13+02:00,9399657169226,wp-t1214,Centering sleeve,WP - Special tools
2026-05-18T22:02:38+02:00,15665049993546,wp-t12140s-00,Stiftschlüssel 23.4x3,WP - Special tools
2024-07-25T19:02:29+02:00,9399659364682,wp-t12141,Nutmutternschlüssel,WP - Special tools
2024-07-26T10:39:56+02:00,9400615534922,wp-t1216,Pressing tool,WP - Special tools
2024-07-25T18:53:34+02:00,9399650779466,wp-t1218,Pin wrench,WP - Special tools
2024-07-26T10:40:15+02:00,9400615895370,wp-t1238,Socket,WP - Special tools
,8775278887242,wp-t1240s,Vacuum pump,Special tools
2024-07-25T18:55:00+02:00,9399652057418,wp-t1245s,Filling adapter,WP - Special tools
2024-07-25T18:51:26+02:00,9399649075530,wp-t1252,Dorn guide bush holder,WP - Special tools
2024-07-25T19:05:31+02:00,9399663493450,wp-t1255,Vacuum oil,WP - Special tools
2024-07-25T18:53:52+02:00,9399651008842,wp-t125s,Pin wrench,WP - Special tools
2024-07-26T10:12:56+02:00,9400597905738,wp-t1260s,External tank for Vacuum pump,WP - Special tools
2024-07-26T10:12:30+02:00,9400597348682,wp-t1280,Trax key PDS2,WP - Special tools
2024-07-26T10:11:38+02:00,9400595906890,wp-t1281,Clamping jaw Trax PDS2,WP - Special tools
2024-07-25T19:04:31+02:00,9399662182730,wp-t1282,Trax Link key,WP - Special tools
2024-07-25T18:57:43+02:00,9399654777162,wp-t1283,Clamping jaw Trax 5018,WP - Special tools
2024-07-25T19:02:39+02:00,9399659626826,wp-t1285s,Mounting tool,WP - Special tools
2024-07-25T18:51:32+02:00,9399649173834,wp-t1286s,Counter torque wrenche reservoir cap,WP - Special tools
2024-07-25T18:50:35+02:00,9399648190794,wp-t1288,Steering piston holder,WP - Special tools
2024-07-26T10:12:11+02:00,9400596791626,wp-t1289,Inner tube mounting tool D=46,WP - Special tools
2024-07-26T10:40:00+02:00,9400615600458,wp-t129,Pressing tool,WP - Special tools
2024-07-26T10:12:14+02:00,9400596955466,wp-t1290,Inner tube mounting tool D=43,WP - Special tools
2024-07-25T18:56:32+02:00,9399653663050,wp-t1291,Measuring instrument,WP - Special tools
2024-07-25T19:02:46+02:00,9399659757898,wp-t1292,Reservoir Adapter PDS/ Link,WP - Special tools
2024-07-25T18:51:57+02:00,9399649468746,wp-t1293,Springholder mounting tool Link,WP - Special tools
2024-07-25T18:56:26+02:00,9399653597514,wp-t1295,Calibration tool,WP - Special tools
2024-07-25T18:55:34+02:00,9399652548938,wp-t1296,Filling adapter,WP - Special tools
2024-07-25T18:51:08+02:00,9399648682314,wp-t1297,Weft thorn Trax,WP - Special tools
2024-07-25T18:56:00+02:00,9399653138762,wp-t1298,Positioning thorn Trax,WP - Special tools
2024-07-25T19:02:51+02:00,9399659921738,wp-t1299s,Socket,WP - Special tools
2024-07-25T18:57:49+02:00,9399654908234,wp-t1300,Clamp for needle guiding Link,WP - Special tools
2024-07-25T18:57:55+02:00,9399655039306,wp-t1301,Clamp for needle guiding PDS,WP - Special tools
2024-07-25T19:04:36+02:00,9399662281034,wp-t1306,Preload key SW 41,WP - Special tools
2024-07-25T19:04:42+02:00,9399662379338,wp-t1307,Preload spanner SW 27,WP - Special tools
2024-07-25T19:00:18+02:00,9399657267530,wp-t1308,Reservoir Tool Link,WP - Special tools
2024-07-25T19:00:25+02:00,9399657431370,wp-t1309,Mounting sleeve,WP - Special tools
2024-07-25T18:59:14+02:00,9399656153418,wp-t131,Loctite 243 50ml,WP - Special tools
2024-07-25T19:07:17+02:00,9399665295690,wp-t1317,Digital Air pump,WP - Special tools
2024-07-25T19:02:57+02:00,9399659987274,wp-t1318s,Socket,WP - Special tools
2024-07-25T18:52:03+02:00,9399649567050,wp-t1319,Needle Adapter,WP - Special tools
2024-07-25T18:59:20+02:00,9399656251722,wp-t132,Loctite 2701 50ml,WP - Special tools
2026-05-18T22:02:47+02:00,15665050485066,wp-t1320,Needle,WP - Special tools
2024-07-25T18:51:38+02:00,9399649272138,wp-t1321,Impact thorn Igus bush,WP - Special tools
2024-07-25T19:04:11+02:00,9399661789514,wp-t1323,Clamping bush,WP - Special tools
2024-07-25T19:04:17+02:00,9399661986122,wp-t1324,"Clamp bush D= 65,2",WP - Special tools
2024-07-25T18:50:50+02:00,9399648420170,wp-t137s,Air chamber bottle,WP - Special tools
2024-07-25T19:00:31+02:00,9399657529674,wp-t1401,Protecting sleeve,WP - Special tools
2024-07-25T18:31:34+02:00,9399628824906,wp-t14015,Clamping jaw Set Ø 27mm,WP - Pro Components
2024-07-25T18:57:30+02:00,9399654646090,wp-t14015s,Clamping stand,WP - Special tools
2024-07-25T19:07:14+02:00,9399665164618,wp-t14016,Clamping jaw Set Ø 12mm,WP - Special tools
2024-07-25T18:57:59+02:00,9399655137610,wp-t14016s,Clamping stand,WP - Special tools
2024-07-25T19:04:48+02:00,9399662510410,wp-t14017,Ring wrench,WP - Special tools
2024-07-25T18:52:22+02:00,9399649698122,wp-t14018,Screw cap adaptor,WP - Special tools
2024-07-25T18:57:20+02:00,9399654383946,wp-t14020,Support tool,WP - Special tools
2024-07-25T18:52:39+02:00,9399649927498,wp-t14021,Calibrating unit,WP - Special tools
2024-07-25T18:56:05+02:00,9399653237066,wp-t14022b,Pressing tool,WP - Special tools
2024-07-26T10:39:52+02:00,9400615469386,wp-t14023,Thread protection sleeve,WP - Special tools
2024-07-25T19:00:37+02:00,9399657660746,wp-t14025,Seal mounting adapter,WP - Special tools
2024-07-25T19:04:53+02:00,9399662575946,wp-t14028,Ring wrench,WP - Special tools
2024-07-25T19:00:43+02:00,9399657726282,wp-t14029,Mounting sleeve,WP - Special tools
2024-07-25T18:55:06+02:00,9399652122954,wp-t14030,Filling adapter,WP - Special tools
2024-07-25T18:56:11+02:00,9399653368138,wp-t14031,Pressing tool,WP - Special tools
2024-07-25T19:04:59+02:00,9399662707018,wp-t14032,Open end wrench,WP - Special tools
2024-07-26T10:40:03+02:00,9400615665994,wp-t14033,Tweezers,WP - Special tools
2024-07-25T18:56:46+02:00,9399653957962,wp-t14034,Seal Grease,WP - Special tools
2024-07-25T18:58:04+02:00,9399655203146,wp-t14038s,Tool cone piston position,WP - Special tools
2024-07-25T18:58:10+02:00,9399655334218,wp-t1403s,Clamping stand,WP - Special tools
2024-07-25T19:00:49+02:00,9399657824586,wp-t14040s,Mounting tool,WP - Special tools
2024-07-25T19:03:03+02:00,9399660183882,wp-t14042s,Wrench pin bore screw cap,WP - Special tools
2024-07-25T18:52:45+02:00,9399649993034,wp-t14045,Allen wrench screw cap,WP - Special tools
2024-07-25T18:53:01+02:00,9399650287946,wp-t14046,Allen wrench spring preload,WP - Special tools
2024-07-26T10:12:17+02:00,9400597021002,wp-t14047,Groove nut wrench,WP - Special tools
2024-07-25T18:51:51+02:00,9399649435978,wp-t14048,Key SW 14,WP - Special tools
2024-07-25T18:58:16+02:00,9399655432522,wp-t14049s,Clamping stand,WP - Special tools
2024-07-25T19:00:55+02:00,9399657922890,wp-t1404s,Mounting tool,WP - Special tools
2024-07-26T10:10:50+02:00,9400594727242,wp-t14050s,Spring tensioner,WP - Special tools
2024-07-25T19:01:01+02:00,9399658053962,wp-t14051,Pressing tool,WP - Special tools
2024-07-25T19:03:09+02:00,9399660249418,wp-t14053s,Innertube mounting tool,WP - Special tools
2024-07-25T19:05:04+02:00,9399662903626,wp-t14058,Strap wrench,WP - Special tools
2024-07-25T18:53:16+02:00,9399650484554,wp-t14061,Cartridge Spanner,WP - Special tools
2024-07-26T10:12:34+02:00,9400597446986,wp-t14062,Seal carrier spanner 55mm,WP - Special tools
2024-07-25T18:53:40+02:00,9399650877770,wp-t14063,Fork cap spanner,WP - Special tools
2024-07-25T18:53:46+02:00,9399650910538,wp-t14064,Cartridge bottom tool,WP - Special tools
2024-07-25T18:52:09+02:00,9399649599818,wp-t14065,Seal Driver,WP - Special tools
2024-07-25T18:52:28+02:00,9399649763658,wp-t14067,Spring Puller,WP - Special tools
2024-07-25T18:58:22+02:00,9399655530826,wp-t14072,Clamping stand,WP - Special tools
2024-07-25T19:01:08+02:00,9399658152266,wp-t14073s,Seal mounting adapter,WP - Special tools
2024-07-25T19:05:10+02:00,9399663001930,wp-t14074s,Reservoir cap spanner,WP - Special tools
2024-07-25T18:54:21+02:00,9399651402058,wp-t14076,Pressing tool,WP - Special tools
2024-07-26T10:12:27+02:00,9400597283146,wp-t14083,Special tool,WP - Special tools
2024-07-25T19:03:15+02:00,9399660413258,wp-t14084,Special socket,WP - Special tools
2024-07-26T10:10:23+02:00,9400594235722,wp-t14086e,Fork pump adapter,WP - Tool/transport
2024-07-26T10:44:36+02:00,9400619598154,wp-t14096,Ring wrench,WP - Special tools
2024-07-26T10:11:44+02:00,9400596070730,wp-t14098s,Clamping stand,WP - Special tools
2024-07-26T10:11:56+02:00,9400596463946,wp-t14099,Mounting tool,"Out of stock, WP - Special tools"
2024-07-26T10:12:38+02:00,9400597578058,wp-t14102,Mounting tool,WP - Special tools
2024-07-26T10:11:24+02:00,9400595546442,wp-t14105,Adapter,"SALE, WP - Special tools"
2024-07-26T10:27:20+02:00,9400608850250,wp-t14106s,Special wrench,WP - Special tools
2024-07-26T10:27:16+02:00,9400608751946,wp-t14107s,Socket,WP - Special tools
2024-07-25T18:57:23+02:00,9399654416714,wp-t14109s,"Klemmbacken TRSA D=23,8",WP - Special tools
2024-07-25T19:02:28+02:00,9399659331914,wp-t14110s,Stecknuss Innenrohrverschraubung,WP - Special tools
2024-07-26T10:11:48+02:00,9400596234570,wp-t14115s,Spring preload tool,WP - Special tools
2024-07-25T19:03:21+02:00,9399660511562,wp-t145s,Mounting tool,WP - Special tools
2024-07-25T19:01:13+02:00,9399658217802,wp-t146,Mounting tool,WP - Special tools
2024-07-25T19:01:19+02:00,9399658348874,wp-t147,Clamping bush,WP - Special tools
2024-07-25T19:01:26+02:00,9399658611018,wp-t148,Adapter Ø50 for clamp wrench T146,WP - Special tools
2024-07-25T18:52:53+02:00,9399650124106,wp-t149,Calibrating central carrier bush,WP - Special tools
2024-07-26T10:11:10+02:00,9400595218762,wp-t15000,Press-out tool,WP - Special tools
2024-07-25T18:56:17+02:00,9399653466442,wp-t1504,Pressing tool,WP - Special tools
2024-07-26T10:40:07+02:00,9400615731530,wp-t15067,Clamping bush,WP - Special tools
2024-07-25T18:50:23+02:00,9399648059722,wp-t15074,Mounting tool,WP - Special tools
2024-07-26T10:10:36+02:00,9400594432330,wp-t15077,Mounting sleeve,WP - Special tools
2024-07-26T10:11:17+02:00,9400595382602,wp-t15080,Clamping bush,WP - Special tools
2025-01-09T12:26:55+01:00,9637544460618,wp-t15082,Mounting tool,WP - Special tools
2024-07-26T10:39:43+02:00,9400615371082,wp-t15083,Clamping stand,WP - Special tools
2024-07-26T10:12:52+02:00,9400597840202,wp-t15085,Vacuum pump,WP - Special tools
2024-07-26T10:12:48+02:00,9400597807434,wp-t15086,Vacuum pump,WP - Special tools
2024-07-26T10:39:46+02:00,9400615403850,wp-t1509,Filling adapter,WP - Special tools
2026-05-18T22:02:57+02:00,15665050747210,wp-t150s,Mounting tool,WP - Special tools
2024-07-25T19:01:31+02:00,9399658676554,wp-t1515,Mounting sleeve,WP - Special tools
2024-07-25T18:55:45+02:00,9399652843850,wp-t1517s,Shock length measuring tool,WP - Special tools
2024-07-25T18:56:55+02:00,9399654089034,wp-t152,Belray Molylube Antiseize,WP - Special tools
2024-07-26T10:11:35+02:00,9400595841354,wp-t1558s,Housing for nitrogen filling device,WP - Special tools
,,wp-t1561s,Spring mounting tool,Special tools
2024-07-25T18:55:11+02:00,9399652188490,wp-t1563,Adaptor PDS Ø 58mm,WP - Special tools
2024-07-25T18:55:17+02:00,9399652254026,wp-t1564,Adaptor SX Ø 65mm,WP - Special tools
2024-07-25T18:55:20+02:00,9399652286794,wp-t1565,Filling adapter,WP - Special tools
2024-07-25T18:57:02+02:00,9399654187338,wp-t158,PP300 grease reservoir 100 g,WP - Special tools
2024-07-25T18:53:24+02:00,9399650615626,wp-t159,Water-repellent grease 454 g,WP - Special tools
2024-07-25T18:51:14+02:00,9399648780618,wp-t16001,Mounting tool piston rod,WP - Special tools
2024-07-25T18:50:56+02:00,9399648452938,wp-t16006,Calibrating tool,WP - Special tools
2024-07-25T18:56:22+02:00,9399653531978,wp-t16007,Mounting tool seal,WP - Special tools
2024-07-25T18:53:09+02:00,9399650419018,wp-t16014s,Clamp for steering damper,WP - Special tools
2024-07-25T19:03:27+02:00,9399660740938,wp-t16015s,Socket,WP - Special tools
2024-07-26T10:10:46+02:00,9400594628938,wp-t16021s,MX steering damper mounting tool,WP - Special tools
2024-07-26T10:27:00+02:00,9400608489802,wp-t16023,Steering piston holder,WP - Special tools
2024-07-26T10:11:13+02:00,9400595317066,wp-t16024s,Press-out tool,WP - Special tools
2024-07-25T18:51:21+02:00,9399648878922,wp-t163,Loctite 648 50ml,WP - Special tools
2024-07-25T18:51:02+02:00,9399648584010,wp-t17001,Adapter Ø50 for clamp wrench T146,WP - Special tools
2024-07-25T19:03:35+02:00,9399660937546,wp-t17002s,Socket,WP - Special tools
2024-07-25T19:03:43+02:00,9399661068618,wp-t17003s,"Pin wrench for piston Ø3,5",WP - Special tools
2024-07-25T18:55:25+02:00,9399652385098,wp-t17008s,Filling adapter M10x1,WP - Special tools
2026-05-18T22:03:05+02:00,15665051042122,wp-t17009s,Allen screwdriver,WP - Special tools
2024-07-26T10:12:21+02:00,9400597152074,wp-t17010s,Wrench 18x3,WP - Special tools
2024-07-26T10:12:08+02:00,9400596758858,wp-t17029s,Socket,WP - Special tools
2024-07-26T10:11:32+02:00,9400595677514,wp-t170s1,Filling tool,WP - Special tools
2024-07-25T18:55:31+02:00,9399652516170,wp-t173,Filling adapter,WP - Special tools
2024-07-25T18:54:28+02:00,9399651467594,wp-t175,Mounting tool,WP - Special tools
2024-07-26T10:39:40+02:00,9400615338314,wp-t18001,Filling adapter,WP - Special tools
2024-07-25T18:55:53+02:00,9399653007690,wp-t18006,Positionierwerkzeug Trennkolben,WP - Special tools
2024-07-25T19:02:31+02:00,9399659495754,wp-t18007,Stecknuss Reservoir,WP - Special tools
2024-07-26T10:11:59+02:00,9400596496714,wp-t18008s,Stiftschlüssel,WP - Special tools
2024-07-25T18:59:24+02:00,9399656350026,wp-t18009,Montagehülse Dichtung D=14,WP - Special tools
2024-07-25T18:32:11+02:00,9399629513034,wp-t20012,Toolboard,WP - Pro Components
2024-07-25T18:55:48+02:00,9399652909386,wp-t206,Measuring cylinder 500 ml,WP - Special tools
2024-07-25T18:55:51+02:00,9399652974922,wp-t207,Measuring cylinder 1000 ml,WP - Special tools
2024-07-25T19:05:16+02:00,9399663133002,wp-t304,Hook wrench,WP - Special tools
2024-07-25T19:01:37+02:00,9399658742090,wp-t305,"Mounting sleeve oil seal D=12,4",WP - Special tools
2024-07-25T19:01:43+02:00,9399658840394,wp-t313,Mounting sleeve,WP - Special tools
2024-07-25T19:01:50+02:00,9399659004234,wp-t315,Bush removal/fitting tool pipe,WP - Special tools
2024-07-25T19:01:56+02:00,9399659037002,wp-t316,Clamp bush D=40,WP - Special tools
2024-07-26T10:10:59+02:00,9400594956618,wp-t43001,Mounting sleeve,WP - Special tools
2024-07-25T18:58:29+02:00,9399655629130,wp-t501s,Tube clamp inner/outer pipe,WP - Special tools
2024-07-25T19:02:01+02:00,9399659069770,wp-t502s,Impact sleeve for sealing rings,WP - Special tools
2024-07-25T19:02:09+02:00,9399659168074,wp-t503s,Inner pipe fitting tool,WP - Special tools
2024-07-25T18:58:35+02:00,9399655661898,wp-t506s,Clamping jaw Ø43/57mm,WP - Special tools
2024-07-25T18:54:07+02:00,9399651205450,wp-t507,Removal/fitting bush,WP - Special tools
2024-07-25T18:54:14+02:00,9399651270986,wp-t508s,MXMA vice,WP - Special tools
2024-07-25T19:07:01+02:00,9399664968010,wp-t511,Silicone grease for dust seal,WP - Special tools
2024-07-25T19:02:14+02:00,9399659233610,wp-t512,Protecting sleeve,WP - Special tools
2024-07-25T18:54:49+02:00,9399651762506,wp-t514,Support tool,WP - Special tools
2024-07-25T18:58:42+02:00,9399655727434,wp-t515,Clamping jaw Set Ø 27/12mm,WP - Special tools
2024-07-25T19:03:51+02:00,9399661330762,wp-t516,Cartridge cap adapter,WP - Special tools
2024-07-25T19:03:57+02:00,9399661461834,wp-t517,Screwcap adapter,WP - Special tools
2024-07-25T18:50:41+02:00,9399648256330,wp-t518,Spacer + bore CC L120,WP - Special tools
2024-07-26T10:40:10+02:00,9400615829834,wp-t519,Distance piece,WP - Special tools
2024-07-25T18:52:15+02:00,9399649665354,wp-t520,Filling adapter M12x1-G 1/8,WP - Special tools
2024-07-25T18:52:34+02:00,9399649829194,wp-t521,Filling adapter M27x1-G1/8,WP - Special tools
2024-07-25T18:54:41+02:00,9399651631434,wp-t524,Ring wrench,WP - Special tools
2024-07-25T18:54:47+02:00,9399651729738,wp-t526s,Clamping stand,WP - Special tools
2024-07-25T19:07:07+02:00,9399665066314,wp-t529,Filling adaptor 1/8G,WP - Special tools
2024-07-26T10:11:41+02:00,9400596005194,wp-t531s,Clamping stand,WP - Special tools
2024-07-26T10:11:27+02:00,9400595611978,wp-t532s,Adapter,WP - Special tools
2024-07-25T18:50:27+02:00,9399648092490,wp-t535,Clamp barrels,WP - Special tools
2026-05-18T22:03:15+02:00,15665051337034,wp-t536-00,Ring wrench,WP - Special tools
2024-07-26T10:39:37+02:00,9400615272778,wp-t537,Socket,WP - Special tools
2024-07-25T18:58:48+02:00,9399655858506,wp-t612s,Clamping stand,WP - Special tools
2024-07-25T18:54:35+02:00,9399651565898,wp-t620,Fitting long guide bush,WP - Special tools
2024-07-25T18:57:10+02:00,9399654252874,wp-t625,Grease,WP - Special tools
2024-07-25T18:58:56+02:00,9399655989578,wp-t639s,Clamping unit for use with TA,WP - Special tools
2024-07-25T18:59:02+02:00,9399656055114,wp-t720s,Clamping jaw D= 48,WP - Special tools
2024-07-25T19:02:20+02:00,9399659266378,wp-t724s,Mounting tool,WP - Special tools
2024-07-25T18:59:08+02:00,9399656087882,wp-t725s,Clamping stand,WP - Special tools
2024-07-25T19:02:25+02:00,9399659299146,wp-t726,Protecting sleeve,WP - Special tools
2024-07-25T19:04:03+02:00,9399661691210,wp-t727s,Socket,WP - Special tools
2024-07-25T18:53:59+02:00,9399651139914,wp-t728,Mounting tool penstock,"nada-hidden, WP - Special tools"
,,wp-te1252015,TE 125 2015,WP Dealer Net INT
,,wp-te1252016,TE 125 2016,WP Dealer Net INT
,,wp-te1502023,TE 150 2023,WP Dealer Net INT
,,wp-te150i2020,TE 150i 2020,WP Dealer Net INT
,,wp-te150i2021,TE 150i 2021,WP Dealer Net INT
,,wp-te2502015,TE 250 2015,WP Dealer Net INT
,,wp-te2502016,TE 250 2016,WP Dealer Net INT
,,wp-te2502017,TE 250 2017,WP Dealer Net INT
,,wp-te2502018,TE 250 2018,WP Dealer Net INT
,,wp-te2502019,TE 250 2019,WP Dealer Net INT
,,wp-te2502023,TE 250 2023,WP Dealer Net INT
,,wp-te250i2018,TE 250i 2018,WP Dealer Net INT
,,wp-te250i2019,TE 250i 2019,WP Dealer Net INT
,,wp-te250i2020,TE 250i 2020,WP Dealer Net INT
,,wp-te250i2021,TE 250i 2021,WP Dealer Net INT
,,wp-te3002015,TE 300 2015,WP Dealer Net INT
,,wp-te3002016,TE 300 2016,WP Dealer Net INT
,,wp-te3002017,TE 300 2017,WP Dealer Net INT
,,wp-te3002018,TE 300 2018,WP Dealer Net INT
,,wp-te3002019,TE 300 2019,WP Dealer Net INT
,,wp-te3002023,TE 300 2023,WP Dealer Net INT
,,wp-te300i2019,TE 300i 2019,WP Dealer Net INT
,,wp-te300i2020,TE 300i 2020,WP Dealer Net INT
,,wp-te300i2021,TE 300i 2021,WP Dealer Net INT
,,wp-te300ijarvisedition2021,TE 300i Rockstar Edition 2021,WP Dealer Net INT
,,wp-tracer9002017,Yamaha Tracer 900 2017,WP Dealer Net INT
,,wp-tracer9002018,Yamaha Tracer 900 2018,WP Dealer Net INT
,,wp-tracer9002019,Yamaha Tracer 900 2019,WP Dealer Net INT
,,wp-tracer9002020,Yamaha Tracer 900 2020,WP Dealer Net INT
,,wp-tracer9002021,Yamaha Tracer 900 2021,WP Dealer Net INT
,,wp-txtgp1252021,TXT GP 125 2021,WP Dealer Net INT
,,wp-txtgp2502021,TXT GP 250 2021,WP Dealer Net INT
,,wp-txtgp2802021,TXT GP 280 2021,WP Dealer Net INT
,,wp-txtgp3002021,TXT GP 300 2021,WP Dealer Net INT
,,wp-txtracing1252021,TXT RACING 125 2021,WP Dealer Net INT
,,wp-txtracing2502021,TXT RACING 250 2021,WP Dealer Net INT
,,wp-txtracing2802021,TXT RACING 280 2021,WP Dealer Net INT
,,wp-txtracing3002021,TXT RACING 300 2021,WP Dealer Net INT
,,wp-vitpilen4012021,Vitpilen 401 2021,WP Dealer Net INT
,,wp-vitpilen4012023,Vitpilen 401 2023,WP Dealer Net INT
,,wp-vitpilen4012026,Vitpilen 401 2026,WP Dealer Net INT
,,wp-vitpilen8012026,Vitpilen 801 2026,WP Dealer Net INT
2024-07-25T18:47:40+02:00,9399645602122,wp-wp170072int,Notepad,WP - Retail & Marketing Material
2024-07-25T18:47:37+02:00,9399645536586,wp-wp170073int,Pen,WP - Retail & Marketing Material
2024-07-25T18:49:30+02:00,9399647273290,wp-wp170076int,Paddock Chair,WP - Retail & Marketing Material
2024-07-25T18:48:30+02:00,9399646323018,wp-wp170077int,Flag incl. Rope Loops Set,"Out of stock, WP - Retail & Marketing Material"
2024-07-25T18:48:33+02:00,9399646388554,wp-wp170078int,Beachflag Set,WP - Retail & Marketing Material
2024-07-25T18:48:26+02:00,9399646290250,wp-wp170079int,Endlessbanner,WP - Retail & Marketing Material
2024-07-25T18:47:49+02:00,9399645765962,wp-wp170096int,Paper Shopper,WP - Retail & Marketing Material
2024-07-25T18:48:36+02:00,9399646421322,wp-wp170097int,Beachflag (only Cloth),WP - Retail & Marketing Material
2024-07-25T18:49:39+02:00,9399647535434,wp-wp180001xx,Pro Components Offroad 2018,WP - Retail & Marketing Material
2024-07-25T18:49:45+02:00,9399647568202,wp-wp180002xx,Pro Components Street 2018,WP - Retail & Marketing Material
2024-07-25T18:49:09+02:00,9399646912842,wp-wp180003int,Tent Roof 3 x 3 m,WP - Retail & Marketing Material
2024-07-25T18:49:12+02:00,9399646978378,wp-wp180004int,Tent Side Wall 3 x 3 m,WP - Retail & Marketing Material
2024-07-25T18:49:16+02:00,9399647011146,wp-wp180005int,Tent Roof 6 x 3 m,WP - Retail & Marketing Material
2024-07-25T18:49:19+02:00,9399647076682,wp-wp180006int,Tent Side Wall 6 x 3 m,WP - Retail & Marketing Material
2024-07-25T18:47:46+02:00,9399645700426,wp-wp180007int,Post it,WP - Retail & Marketing Material
2024-07-25T18:49:53+02:00,9399647633738,wp-wp180008en,Brandvalue Poster Kit,WP - Retail & Marketing Material
2024-07-25T18:50:02+02:00,9399647764810,wp-wp180009en,Poster Kit,WP - Retail & Marketing Material
2024-07-25T18:47:27+02:00,9399645274442,wp-wp190001int,Lanyard,WP - Retail & Marketing Material
2026-05-18T22:03:23+02:00,15665051631946,wp-wp190002xx,Pro Components Street 2019/2020,WP - Retail &amp; Marketing Material
2024-07-25T18:48:19+02:00,9399646191946,wp-wp210001int,Endlessbanner,WP - Retail & Marketing Material
2024-07-25T18:49:49+02:00,9399647600970,wp-wp210003xxxx,Product Overview Poster 2021,WP - Retail & Marketing Material
2024-07-25T18:50:06+02:00,9399647797578,wp-wp210004xxxx,Finance Customer Information Flyer 2021,WP - Retail & Marketing Material
2024-07-25T18:50:09+02:00,9399647830346,wp-wp210005xxxx,Product Catalogue 2021,WP - Retail & Marketing Material
2024-07-25T18:47:23+02:00,9399645208906,wp-wp210006int,Pen,WP - Retail & Marketing Material
2024-07-25T18:47:15+02:00,9399645045066,wp-wp210007int,Post it,WP - Retail & Marketing Material
2024-07-26T10:10:28+02:00,9400594301258,wp-wp210008int,Track Tape,WP - Retail & Marketing Material
2024-07-25T18:47:19+02:00,9399645143370,wp-wp210009int,Notepad A4,WP - Retail & Marketing Material
2024-07-25T18:47:12+02:00,9399645012298,wp-wp210010int,Sticker Sheet,"Out of stock, WP - Retail & Marketing Material"
2024-07-25T18:47:04+02:00,9399644848458,wp-wp220001int,Mug-to-go,"Out of stock, WP - Retail & Marketing Material"
2024-07-25T18:47:09+02:00,9399644913994,wp-wp220002int,Sunglasses,"Out of stock, WP - Retail & Marketing Material"
2024-07-25T18:48:00+02:00,9399645995338,wp-wp220003int,Tent Roof 3 x 3 M,WP - Retail & Marketing Material
2024-07-25T18:48:04+02:00,9399646060874,wp-wp220004int,Tent Side Wall 3 x 3 M,WP - Retail & Marketing Material
2026-05-18T22:03:27+02:00,15665051730250,wp-wp220004xx,PRODUCT POSTER 2022,WP - Retail &amp; Marketing Material
2024-07-25T18:48:10+02:00,9399646093642,wp-wp220005int,Tent Roof 6 x 3 M,WP - Retail & Marketing Material
2024-07-25T18:48:15+02:00,9399646159178,wp-wp220006int,Tent Side Wall 6 x 3 M,WP - Retail & Marketing Material
2024-07-25T18:47:56+02:00,9399645897034,wp-wp220007int,Chair,WP - Retail & Marketing Material
2024-07-25T18:46:57+02:00,9399644815690,wp-wp220008int,Notepad A4,WP - Retail & Marketing Material
2024-07-25T18:46:54+02:00,9399644750154,wp-wp220009int,Notepad A5,WP - Retail & Marketing Material
2024-07-25T18:46:51+02:00,9399644684618,wp-wp220010int,Notepad A6,WP - Retail & Marketing Material
2024-07-25T18:46:48+02:00,9399644651850,wp-wp220011int,Document Folder Small,WP - Retail & Marketing Material
2026-05-18T22:03:32+02:00,15665051894090,wp-wp24001int,WP PRODUCT POSTER OFFROAD 2024,WP - Retail &amp; Marketing Material
2026-05-18T22:03:34+02:00,15665051992394,wp-wp24002int,WP PRODUCT POSTER STREET 2024,WP - Retail &amp; Marketing Material
,,wp-xsr9002017,Yamaha XSR900 2017,WP Dealer Net INT
,,wp-xsr9002018,Yamaha XSR900 2018,WP Dealer Net INT
,,wp-xsr9002019,Yamaha XSR900 2019,WP Dealer Net INT
,,wp-xsr9002020,Yamaha XSR 900 2020,WP Dealer Net INT
,,wp-xsr9002021,Yamaha XSR 900 2021,WP Dealer Net INT
,,wp-yz1252014,Yamaha YZ125 2014,WP Dealer Net INT
,,wp-yz1252015,Yamaha YZ125 2015,WP Dealer Net INT
,,wp-yz1252016,Yamaha YZ125 2016,WP Dealer Net INT
,,wp-yz1252017,Yamaha YZ125 2017,WP Dealer Net INT
,,wp-yz1252018,$M-YZ1252018,WP Dealer Net INT
,,wp-yz1252019,Yamaha YZ 125 2019,WP Dealer Net INT
,,wp-yz1252020,Yamaha YZ 125 2020,WP Dealer Net INT
,,wp-yz1252021,Yamaha YZ 125 2021,WP Dealer Net INT
,,wp-yz2502016,Yamaha YZ 250 2016,WP Dealer Net INT
,,wp-yz2502018,$M-YZ2502018,WP Dealer Net INT
,,wp-yz2502019,Yamaha YZ 250 2019,WP Dealer Net INT
,,wp-yz2502020,Yamaha YZ 250 2020,WP Dealer Net INT
,,wp-yz2502021,Yamaha YZ 250 2021,WP Dealer Net INT
,,wp-yz250f2015,Yamaha YZ 250F 2015,WP Dealer Net INT
,,wp-yz250f2016,Yamaha YZ 250F 2016,WP Dealer Net INT
,,wp-yz250f2018,$M-YZF2502018,WP Dealer Net INT
,,wp-yz250f2020,Yamaha YZ 250F 2020,WP Dealer Net INT
,,wp-yz450f2020,Yamaha YZ 450F 2020,WP Dealer Net INT
,,wp-yz450f2022,Yamaha YZ 450F 2022,WP Dealer Net INT
,,wp-yzf2502014,Yamaha YZ 250 2014,WP Dealer Net INT
,,wp-yzf2502015,Yamaha YZ 250 2015,WP Dealer Net INT
,,wp-yzf2502017,Yamaha YZ 250F 2017,WP Dealer Net INT
,,wp-yzf2502019,Yamaha YZ 250F 2019,WP Dealer Net INT
,,wp-yzf4502015,Yamaha YZ 450F 2015,WP Dealer Net INT
,,wp-yzf4502016,Yamaha YZ 450F 2016,WP Dealer Net INT
,,wp-yzf4502017,Yamaha YZ 450F 2017,WP Dealer Net INT
,,wp-yzf4502018,Yamaha YZ 450F 2018,WP Dealer Net INT
,,wp-yzf4502019,Yamaha YZ 450F 2019,WP Dealer Net INT
,,wp-yzfr12012,Yamaha YZF-R1 2012,WP Dealer Net INT
,,wp-yzfr12013,Yamaha YZF-R1 2013,WP Dealer Net INT
,,wp-yzfr12014,Yamaha YZF-R1 2014,WP Dealer Net INT
,,wp-yzfr12015,Yamaha YZF-R1 2015,WP Dealer Net INT
,,wp-yzfr12016,Yamaha YZF-R1 2016,WP Dealer Net INT
,,wp-yzfr12017,Yamaha YZF-R1 2017,WP Dealer Net INT
,,wp-yzfr12018,Yamaha YZF-R1 2018,WP Dealer Net INT
,,wp-yzfr12019,Yamaha YZF-R1 2019,WP Dealer Net INT
,,wp-yzfr12020,Yamaha YZF-R1 2020,WP Dealer Net INT
,,wp-yzfr12021,Yamaha YZF-R1 2021,WP Dealer Net INT
,,wp-yzfr1m2015,Yamaha YZF-R1M 2015,WP Dealer Net INT
,,wp-yzfr1m2016,Yamaha YZF-R1M 2016,WP Dealer Net INT
,,wp-yzfr1m2017,Yamaha YZF-R1M 2017,WP Dealer Net INT
,,wp-yzfr1m2019,Yamaha YZF-R1M 2019,WP Dealer Net INT
,,wp-yzfr1m2020,Yamaha YZF-R1M 2020,WP Dealer Net INT
,,wp-yzfr1m2021,Yamaha YZF-R1M 2021,WP Dealer Net INT
,,wp-yzfr62012,Yamaha YZF-R6 2012,WP Dealer Net INT
,,wp-yzfr62013,Yamaha YZF-R6 2013,WP Dealer Net INT
,,wp-yzfr62014,Yamaha YZF-R6 2014,WP Dealer Net INT
,,wp-yzfr62015,Yamaha YZF-R6 2015,WP Dealer Net INT
,,wp-yzfr62016,Yamaha YZF-R6 2016,WP Dealer Net INT
,,wp-yzfr62017,Yamaha YZF-R6 2017,WP Dealer Net INT
,,wp-yzfr62018,Yamaha YZF-R6 2018,WP Dealer Net INT
,,wp-yzfr62019,Yamaha YZF-R6 2019,WP Dealer Net INT
,,wp-yzfr62020,Yamaha YZF-R6 2020,WP Dealer Net INT
,,wp-yzfr62021,Yamaha YZF-R6 2021,WP Dealer Net INT
,,wp-yzfr62022,Yamaha YZF-R 6 2022,WP Dealer Net INT
2026-05-18T22:03:37+02:00,15665052057930,wp-z10010,Suspension lift kit,WP - Technical Accessories
2024-07-25T18:25:11+02:00,9399619780938,wp-zf10001,Bladder kit 125-501 SX & 125-450 FC/FE/FS/TC/TE 16-23,WP - Technical Accessories
2024-07-25T18:25:27+02:00,9399620305226,wp-zf10002,Trax Link Bladderkit 2017,WP - Technical Accessories
2024-07-25T18:25:23+02:00,9399620206922,wp-zf10003,Trax PDS Bladderkit KTM,WP - Technical Accessories
2024-07-25T18:25:19+02:00,9399620141386,wp-zf10004,Trax Bladderkit Suzuki/ Kawasaki/ Yamaha,WP - Technical Accessories
2024-07-25T18:25:15+02:00,9399619879242,wp-zf10005,PDS Bladderkit KTM OEM 125-500 EXC/XC/XCF 17-23,WP - Technical Accessories
2024-07-25T18:25:43+02:00,9399620469066,wp-zf10006,Race Kit Shock KTM RC390R SSP 300,WP - Technical Accessories
2024-07-25T18:25:34+02:00,9399620403530,wp-zf10007,Separation piston kit,WP - Technical Accessories
2024-07-25T18:25:30+02:00,9399620370762,wp-zf10008,Bladderkit,WP - Technical Accessories
2024-07-25T18:24:23+02:00,9399618961738,wp-zf10011,Bladder Kit 125-450 SX/XC & 125-450 FC/FX/TC/TX 2023,WP - Technical Accessories
2024-07-26T10:10:09+02:00,9400594071882,wp-zf10012,Bladder kit 150-500 EXC/EXC-F 24-25,WP - Technical Accessories
2024-07-25T18:25:49+02:00,9399620501834,wp-zg10002,Optional Parts Kit AER 48 Cone Valve,WP - Technical Accessories
2024-07-25T18:31:49+02:00,9399629119818,wp-zg10004,Upgrad Kit AER 48 MY18,WP - Pro Components
2024-07-25T18:29:36+02:00,9399626137930,wp-zg10004t,Upgrad Kit AER 48 MY18,WP - Pro Components
2025-01-09T12:20:46+01:00,9637537349962,wp-zg10013,Race Kit Fork KTM RC390R SSP300,WP - Pro Components
2024-07-25T18:29:55+02:00,9399626662218,wp-zg10015,Lowering kit 5mm,WP - Pro Components
2024-07-25T18:29:52+02:00,9399626596682,wp-zg10016,Lowering kit 10mm,WP - Pro Components
2024-07-25T18:40:58+02:00,9399639671114,wp-zg10018,Quick lock kit,"nada-hidden, WP - Tool/transport"
2024-07-25T18:40:51+02:00,9399639540042,wp-zg10021,Quick-lock coupling,WP - Tool/transport
,,wp-zx10r2012,Kawasaki ZX-10R 2012,WP Dealer Net INT
,,wp-zx10r2013,Kawasaki ZX-10R 2013,WP Dealer Net INT
,,wp-zx10r2014,Kawasaki ZX-10R 2014,WP Dealer Net INT
,,wp-zx10r2015,Kawasaki ZX-10R 2015,WP Dealer Net INT
,,wp-zx10r2016,Kawasaki ZX-10R 2016,WP Dealer Net INT
,,wp-zx10r2017,Kawasaki ZX-10R 2017,WP Dealer Net INT
,,wp-zx10r2018,Kawasaki ZX-10R 2018,WP Dealer Net INT
,,wp-zx10r2019,Kawasaki ZX-10R 2019,WP Dealer Net INT
,,wp-zx10r2020,Kawasaki ZX-10R 2020,WP Dealer Net INT
,,wp-zx10r2021,Kawasaki ZX-10R 2021,WP Dealer Net INT
,,wp-zx10rr2017,Kawasaki ZX-10RR 2017,WP Dealer Net INT
,,wp-zx10rr2018,Kawasaki ZX-10R 2018,WP Dealer Net INT
,,wp-zx10rr2019,Kawasaki ZX-10RR 2019,WP Dealer Net INT
,,wp-zx10rr2020,Kawasaki ZX-10RR 2020,WP Dealer Net INT
,,wp-zx10rr2021,Kawasaki ZX-10RR 2021,WP Dealer Net INT
,,wp-zx6r2012,Kawasaki ZX-6R 2012,WP Dealer Net INT
,,wp-zx6r2013,Kawasaki ZX-6R 2013,WP Dealer Net INT
,,wp-zx6r2014,Kawasaki ZX-6R 2014,WP Dealer Net INT
,,wp-zx6r2015,Kawasaki ZX-6R 2015,WP Dealer Net INT
,,wp-zx6r2016,Kawasaki ZX-6R 2016,WP Dealer Net INT
,,wp-zx6r2017,Kawasaki ZX-6R 2017,WP Dealer Net INT
,,wp-zx6r2018,Kawasaki ZX-6R 2018,WP Dealer Net INT
,,wp-zx6r2019,Kawasaki ZX-6R 2019,WP Dealer Net INT
,,wp-zx6r2020,Kawasaki ZX-6R 2020,WP Dealer Net INT
,,wp-zx6r2022,Kawasaki ZX-6R 2022,WP Dealer Net INT
