Created At,Product Id,Product SKU,Product Title,Product Tags
2024-07-04T23:33:04+02:00,9370040041802,hsq-0000150606800,Locking screw,HSQ - Special tools
2024-07-04T20:24:19+02:00,9369804800330,hsq-00010000229,Hourmeter kit,"HSQ - Handlebars/instruments/electrics, nada-hidden"
2025-06-11T07:57:01+02:00,10230406054218,hsq-00010000283,Wheel set,HSQ - Wheels
2024-07-04T19:35:43+02:00,9369744474442,hsq-00010000291,Mirror,HSQ - Technical Accessories
2025-06-11T07:55:07+02:00,10230404514122,hsq-00010000298,Factory Racing triple clamp kit,HSQ - Technical Accessories
2024-07-04T19:33:35+02:00,9369742541130,hsq-00010000299,Factory triple clamp kit/Factory steering damper kit,HSQ - Technical Accessories
2024-07-04T19:33:32+02:00,9369742508362,hsq-00010000303,Factory triple clamp kit/Factory steering damper kit,HSQ - Technical Accessories
2024-07-04T21:00:13+02:00,9369846743370,hsq-00010000312,Plastic parts kit,"HSQ - Trim parts/decals, nada-hidden"
2025-06-11T07:57:17+02:00,10230406349130,hsq-00010000313,Plastic parts kit 125-501 FE/TE/TC/FC 19-23,HSQ - Trim parts/decals
2024-07-04T19:46:36+02:00,9369754304842,hsq-00010000314,Plastic parts kit,"HSQ - Trim parts/decals, nada-hidden"
2025-06-11T07:55:58+02:00,10230405202250,hsq-00010000316,Factory Racing triple clamp kit 125-501 FE/TE 14-23,HSQ - Chassis/triple clamp
2024-07-04T20:59:56+02:00,9369846579530,hsq-00010000321,Plastic parts kit,"HSQ - Trim parts/decals, nada-hidden"
2025-06-11T07:57:14+02:00,10230406250826,hsq-00010000322,Plastic parts kit 125-450 FC/TC 19-22,HSQ - Trim parts/decals
2024-07-04T19:46:40+02:00,9369754337610,hsq-00010000323,Plastic parts kit,"HSQ - Trim parts/decals, nada-hidden"
2025-06-11T07:56:43+02:00,10230405923146,hsq-00010000344,Lock-on grip set 50 TC/5 EE 20-25,HSQ - Handlebars/instruments/electrics
2025-01-09T08:53:50+01:00,9637444845898,hsq-00010000345,Flame brake disc kit  125-501 TC/FC/FE/TE/TX/FX  14-25,HSQ - Brakes
2025-01-09T08:53:47+01:00,9637444813130,hsq-00010000346,Flame brake disc kit 125-501 TC/FC/FE/TE/FX/TX 18-21,HSQ - Brakes
2025-06-11T07:56:08+02:00,10230405431626,hsq-00010000347,Highering kit,HSQ - Chassis/triple clamp
2024-07-04T20:34:51+02:00,9369815253322,hsq-00010000351,Heavy duty wheel set,"HSQ - Wheels, nada-hidden"
2024-07-04T21:09:11+02:00,9369866436938,hsq-00010000353,Tire lever set,HSQ - Tool/transport
2025-08-01T09:34:08+02:00,10316821332298,hsq-00010000354,Rear brake conversion kit 85 TC 18-20,HSQ - Brakes
2024-07-04T19:47:00+02:00,9369754632522,hsq-00010000359,701 Vitpilen style set,"HSQ - Technical Accessories, nada-hidden"
2024-07-04T19:46:56+02:00,9369754566986,hsq-00010000360,401 style set 1,"HSQ - Technical Accessories, nada-hidden"
2024-07-04T19:46:52+02:00,9369754534218,hsq-00010000361,401 style set 2,"HSQ - Technical Accessories, nada-hidden"
2024-07-04T20:40:29+02:00,9369822691658,hsq-00010000363,Crash bung kit,"HSQ - Protection, nada-hidden"
2024-07-04T19:30:07+02:00,9369739526474,hsq-00010000372,Plastic parts kit,HSQ - Technical Accessories
2024-07-04T19:30:34+02:00,9369740247370,hsq-00010000373,Plastic parts kit,"HSQ - Technical Accessories, nada-hidden"
2024-04-20T23:13:50+02:00,8774788055370,hsq-00010000373k,"Plastic parts kit FC, FX, TC, TX (125-450) 22-25",HSQ - Trim parts/decals
2024-07-04T19:30:13+02:00,9369739624778,hsq-00010000374,Plastic parts kit,HSQ - Technical Accessories
2024-07-04T19:30:29+02:00,9369740149066,hsq-00010000375,Plastic parts kit,HSQ - Technical Accessories
2024-04-20T23:13:47+02:00,8774788022602,hsq-00010000375k,"Plastic parts kit FC, FX, TC, TX (125-450) 22-25",HSQ - Trim parts/decals
2024-07-04T19:30:16+02:00,9369739690314,hsq-00010000376,Plastic parts kit,HSQ - Technical Accessories
2024-07-04T19:30:26+02:00,9369739985226,hsq-00010000377,Plastic parts kit,HSQ - Technical Accessories
2024-04-20T23:13:53+02:00,8774788088138,hsq-00010000377k,"Plastic parts kit FC, FX, TC, TX (125-450) 22-25",HSQ - Trim parts/decals
2024-07-04T19:30:19+02:00,9369739755850,hsq-00010000378,"Plastic parts kit FC, FE, FX, TC, TE, TX (125-501) 22-25",HSQ - Technical Accessories
2024-07-04T19:30:23+02:00,9369739886922,hsq-00010000379,Plastic parts kit,HSQ - Technical Accessories
2024-04-20T23:13:44+02:00,8774787989834,hsq-00010000379k,"Plastic parts kit FC, FX, TC, TX (125-450) 22-25",HSQ - Trim parts/decals
2024-07-04T21:08:28+02:00,9369865191754,hsq-00010000380,Cleaning kit,HSQ - Tool/transport
2025-08-01T09:34:23+02:00,10316822315338,hsq-00010000381,Factory Racing brake and clutch master cylinder guard 125-350 TC/FC/TX/FX 14-25,HSQ - Carbon
2025-01-09T08:53:44+01:00,9637444780362,hsq-00010000384,Flame brake disc kit 125-501 FE/TE/FX/TX  22-25,HSQ - Brakes
2024-04-20T23:12:46+02:00,8774787268938,hsq-00010000390k,"Plastic parts kit FE, TE (125-501) 24-25",HSQ - Trim parts/decals
2024-04-20T23:12:48+02:00,8774787301706,hsq-00010000391k,"Plastic parts kit FE, TE (125-501) 24-25",HSQ - Trim parts/decals
2024-04-20T23:12:43+02:00,8774787236170,hsq-00010000392k,"Plastic parts kit FE, TE (125-501) 24-25",HSQ - Trim parts/decals
2024-04-20T23:12:40+02:00,8774787203402,hsq-00010000393k,"Plastic parts kit FE, TE (125-501) 24-25","HSQ - Trim parts/decals, stock, synkro-clone-ktm-shop-nederland"
2025-06-11T07:56:53+02:00,10230405988682,hsq-00010000401,Factory wheel set,HSQ - Wheels
2024-04-20T23:13:15+02:00,8774787629386,hsq-00010000404k,Plastic parts kit,"HSQ - Trim parts/decals, nada-hidden"
2024-04-20T23:12:35+02:00,8774787105098,hsq-00010000406k,Plastic parts kit 701 (SUPERMOTO) 16-24,HSQ - Trim parts/decals
2024-04-20T23:12:04+02:00,8774786679114,hsq-00010000407k,Plastic parts kit 701 (SUPERMOTO) 21-24,HSQ - Trim parts/decals
2025-06-11T07:55:38+02:00,10230405038410,hsq-00010000408,Factory Racing 2-stroke line 125 TC  23-25,HSQ - Exhaust systems
2025-06-11T07:55:34+02:00,10230404972874,hsq-00010000409,Factory Racing 2-stroke line 250/300 TC/TX 23-25,HSQ - Exhaust systems
2025-06-11T07:55:30+02:00,10230404940106,hsq-00010000410,Factory Racing 2-stroke line 250/300 TE 24-25,HSQ - Exhaust systems
2025-06-11T07:56:01+02:00,10230405267786,hsq-00010000413,Adjuster kit 125-501 TE/TC/FE/FC/FX/TX 23-25,HSQ - Chassis/triple clamp
2025-06-11T07:56:04+02:00,10230405300554,hsq-00010000420,Piston ring set 125-501 FE/TE/FC/TC/FX  22-25,HSQ - Chassis/triple clamp
2024-07-04T20:32:22+02:00,9369813156170,hsq-00010000423,Wireless charging module,HSQ - Technical Accessories
2024-07-04T20:32:25+02:00,9369813254474,hsq-00010000424,Wireless charging module,HSQ - Technical Accessories
2025-06-11T07:56:12+02:00,10230405529930,hsq-00010000425,Footpeg rubber,HSQ - Technical Accessories
2024-07-05T08:09:06+02:00,9370533069130,hsq-00010000433k,"Plastic parts kit FC, TC (125, 250, 350, 450) 23-25",HSQ - Trim parts/decals
2024-07-05T08:09:02+02:00,9370533003594,hsq-00010000434k,"Plastic parts kit FC, TC (125, 250, 350, 450) 23-25",HSQ - Trim parts/decals
2024-07-05T08:08:58+02:00,9370532970826,hsq-00010000435k,"Plastic parts kit FC, TC (125, 250, 350, 450) 23-25",HSQ - Trim parts/decals
2025-01-09T08:54:49+01:00,9637445534026,hsq-00010000439,Side bag carrier 801 VITPILEN/SVARTPILEN 24-25,HSQ - Technical Accessories
2025-08-01T09:34:34+02:00,10316823200074,hsq-00010000447,Clamp set,HSQ - Handlebars/instruments/electrics
2025-08-01T09:34:55+02:00,10316823920970,hsq-00010000448k,Plastic parts kit 85 TC 2025,HSQ - Trim parts/decals
2026-05-18T21:22:27+02:00,15664991043914,hsq-00010000453k,Plastic parts kit,HSQ - Trim parts/decals
2026-05-18T21:22:31+02:00,15664991076682,hsq-00010000454k,Plastic parts kit,HSQ - Trim parts/decals
2026-05-18T21:22:33+02:00,15664991109450,hsq-00010000458k,Plastic parts kit,HSQ - Trim parts/decals
2026-05-18T21:22:36+02:00,15664991174986,hsq-00010000459k,Plastic parts kit,HSQ - Trim parts/decals
2026-05-18T21:22:38+02:00,15664991273290,hsq-00010000460k,Plastic parts kit,HSQ - Trim parts/decals
2025-01-09T09:13:07+01:00,9637456576842,hsq-00029013000,Entlüfterdeckelset,HSQ - Special tools
2024-07-04T23:29:00+02:00,9370036142410,hsq-00029013002,Bleeder cover,HSQ - Special tools
2026-05-18T21:22:41+02:00,15664991306058,hsq-00029013002-02,"Spare part, bleeder cover",HSQ - Special tools
2024-07-04T23:29:09+02:00,9370036371786,hsq-00029013004,Bleeder cover,HSQ - Special tools
2026-05-18T21:22:44+02:00,15664991338826,hsq-00029013004-02,"Spare part, bleeder cover",HSQ - Special tools
2024-07-04T23:29:05+02:00,9370036273482,hsq-00029013005,Bleeder cover,HSQ - Special tools
2026-05-18T21:22:46+02:00,15664991371594,hsq-00029013005-01,"Spare part, bleeder cover",HSQ - Special tools
2024-07-04T23:29:14+02:00,9370036535626,hsq-00029013006,Bleeder cover,HSQ - Special tools
2026-05-18T21:22:49+02:00,15664991404362,hsq-00029013006-02,"Spare part, bleeder cover",HSQ - Special tools
2024-07-04T23:29:27+02:00,9370036994378,hsq-00029013009,Bleeder cover,HSQ - Special tools
2026-05-18T21:22:51+02:00,15664991437130,hsq-00029013009-01,"Spare part, bleeder cover",HSQ - Special tools
2024-07-04T23:29:18+02:00,9370036699466,hsq-00029013012,Bleeder cover,HSQ - Special tools
2024-07-04T23:29:23+02:00,9370036797770,hsq-00029013013,Bleeder cover,HSQ - Special tools
2026-05-18T21:22:54+02:00,15664991502666,hsq-00029013013-01,"Spare part, bleeder cover",HSQ - Special tools
2024-07-04T23:29:44+02:00,9370037190986,hsq-00029013014,Bleeder cover,HSQ - Special tools
2026-05-18T21:22:57+02:00,15664991568202,hsq-00029013014-02,"Spare part, bleeder cover",HSQ - Special tools
2024-07-04T23:29:49+02:00,9370037223754,hsq-00029013015,Bleeder cover,HSQ - Special tools
2026-05-18T21:22:59+02:00,15664991600970,hsq-00029013015-01,"Spare part, bleeder cover",HSQ - Special tools
2024-07-04T23:29:32+02:00,9370037027146,hsq-00029013018,Bleeder cover,HSQ - Special tools
2026-05-18T21:23:02+02:00,15664991666506,hsq-00029013018-01,"Spare part, bleeder cover",HSQ - Special tools
2024-07-04T23:29:54+02:00,9370037289290,hsq-00029013019,Bleeder cover,HSQ - Special tools
2024-07-04T23:29:57+02:00,9370037322058,hsq-00029013020,Bleeder cover,HSQ - Special tools
2024-07-20T10:35:50+02:00,9391405924682,hsq-00029013021,Bleeder cover,HSQ - Special tools
2024-07-20T10:35:45+02:00,9391405826378,hsq-00029013022,Bleeder cover,HSQ - Special tools
2024-07-04T23:30:01+02:00,9370037387594,hsq-00029013023,Bleeder cover,HSQ - Special tools
2026-05-18T21:23:06+02:00,15664991699274,hsq-00029013023-02,"Spare part, bleeder cover",HSQ - Special tools
2024-07-04T23:28:55+02:00,9370036011338,hsq-00029013100,Bleeding device,HSQ - Special tools
2024-07-04T23:28:36+02:00,9370035650890,hsq-00029014000,Cable connector unlocking set,HSQ - Special tools
2024-07-04T21:09:34+02:00,9369867190602,hsq-00029015100,Wire pliers,HSQ - Tool/transport
2024-07-04T21:09:01+02:00,9369866371402,hsq-00029016100,Combination tool,"HSQ - Tool/transport, nada-hidden"
2024-07-04T21:11:41+02:00,9369871122762,hsq-00029020000,Spoke wrench,"HSQ - Tool/transport, stock, synkro-clone-ktm-shop-nederland"
2024-07-04T20:35:43+02:00,9369816334666,hsq-00029067000,Tube repair kit,HSQ - Tool/transport
2024-07-04T21:11:57+02:00,9369871319370,hsq-00029090200,Sag scale,HSQ - Tool/transport
2024-07-04T21:10:26+02:00,9369868140874,hsq-00029090500,Sag scale,"HSQ - Tool/transport, nada-hidden"
2024-07-04T21:24:47+02:00,9369884557642,hsq-00029094033,Diagnostics adapter cable,HSQ - Special tools
2024-07-04T23:28:15+02:00,9370035028298,hsq-00029095001,Break out box,HSQ - Special tools
2024-07-04T23:28:30+02:00,9370035519818,hsq-00029095010,Adapter and template KHRS,HSQ - Special tools
2024-07-04T23:28:40+02:00,9370035683658,hsq-00029095011,Adapter and template KHR4,HSQ - Special tools
2024-07-04T23:28:47+02:00,9370035749194,hsq-00029095012,Adapter and template KRSZ,HSQ - Special tools
2024-07-04T23:28:18+02:00,9370035159370,hsq-00029095013,Adapter and template M3C,HSQ - Special tools
2024-07-20T10:35:41+02:00,9391405728074,hsq-00029095014,Adapter and template ME 17,HSQ - Special tools
2024-07-04T23:28:52+02:00,9370035978570,hsq-00029095015,Adapter and template KTKS,HSQ - Special tools
2024-07-04T23:28:00+02:00,9370034569546,hsq-00029095016,Adapter and Template VITESCO,HSQ - Special tools
2024-07-04T23:28:23+02:00,9370035388746,hsq-00029095050,EU battery charger,HSQ - Special tools
2024-07-04T23:28:27+02:00,9370035454282,hsq-00029095051,US battery charger,HSQ - Special tools
2024-07-04T23:28:33+02:00,9370035585354,hsq-00029095052,UK battery charger,HSQ - Special tools
2024-07-04T21:10:31+02:00,9369868239178,hsq-00029098500,Toolbox,HSQ - Tool/transport
2024-07-04T21:10:35+02:00,9369868501322,hsq-00029098600,Toolbox,HSQ - Tool/transport
2024-07-04T20:35:47+02:00,9369816400202,hsq-00029167000,Tyre repair kit,HSQ - Tool/transport
2024-07-04T21:10:39+02:00,9369868697930,hsq-00029901500,Bead buddy,HSQ - Tool/transport
2024-04-20T23:24:55+02:00,8774796575050,hsq-00029920000c1,Chain gauge,HSQ - Tool/transport
2024-04-20T22:13:11+02:00,8774689915210,hsq-00029920000ha,Chain gauge,HSQ - Tool/transport
2024-07-20T10:25:29+02:00,9391396815178,hsq-00029920100c1,Chain gauge,"HSQ - Tool/transport, stock, synkro-clone-ktm-shop-nederland"
2024-07-04T21:10:13+02:00,9369867682122,hsq-00029941000,Cable organizer,"HSQ - Tool/transport, nada-hidden"
2024-07-04T20:52:07+02:00,9369838551370,hsq-00029949010,Multipack cleaning towel,"HSQ - Tool/transport, nada-hidden"
2024-07-04T21:11:12+02:00,9369869451594,hsq-00029990010,Sag scale pin,"HSQ - Tool/transport, nada-hidden"
2024-07-05T08:09:16+02:00,9370533298506,hsq-00029996100,Torque wrench,HSQ - Tool/transport
2024-07-04T21:10:43+02:00,9369868796234,hsq-00029996500,Torque wrench,HSQ - Tool/transport
2024-07-04T21:10:48+02:00,9369869025610,hsq-00029997500,Multi-purpose tool,HSQ - Tool/transport
2024-07-04T21:11:54+02:00,9369871286602,hsq-00029999300,Screw kit,"HSQ - Tool/transport, stock, synkro-clone-ktm-shop-nederland"
2024-04-21T01:35:39+02:00,8775166624074,hsq-00029xc2001,Diagnostics tablet,"HSQ - Special tools, nada-hidden"
2024-04-21T01:35:41+02:00,8775167050058,hsq-00029xc2002,Hand strap,HSQ - Special tools
2024-04-21T01:35:43+02:00,8775167344970,hsq-00029xc2003,Battery charger,HSQ - Special tools
2024-04-21T01:35:46+02:00,8775167607114,hsq-00029xc2004,VCI,"HSQ - Special tools, nada-hidden"
2024-04-21T01:35:48+02:00,8775168065866,hsq-00029xc2005,VCI attachment,HSQ - Special tools
2024-04-21T01:35:51+02:00,8775168459082,hsq-00029xc2006,Protective film,HSQ - Special tools
2024-04-21T01:35:53+02:00,8775168721226,hsq-00029xc2007,Diagnostics cable extension,HSQ - Special tools
2024-04-21T01:35:55+02:00,8775169179978,hsq-00029xc2008,USB cable,HSQ - Special tools
2024-04-21T01:35:21+02:00,8775164232010,hsq-00029xc2009,12-V power supply cable,HSQ - Special tools
2024-04-21T01:35:58+02:00,8775169474890,hsq-00029xc2010,RideRecorder trigger,"HSQ - Special tools, nada-hidden"
2024-04-21T01:36:01+02:00,8775169704266,hsq-00029xc2011,Case,"HSQ - Special tools, nada-hidden"
2024-04-21T01:36:03+02:00,8775169999178,hsq-00029xc2012,Docking station,"HSQ - Special tools, nada-hidden"
2024-04-21T01:36:06+02:00,8775170326858,hsq-00029xc2013,Wall attachment,HSQ - Special tools
2024-04-21T01:36:09+02:00,8775170621770,hsq-00029xc2014,Battery,HSQ - Special tools
2024-04-21T01:36:12+02:00,8775171080522,hsq-00029xc2015,Input stylus,HSQ - Special tools
2024-04-21T01:35:01+02:00,8775161708874,hsq-00029xc3,XC_3,HSQ - Special tools
2024-04-21T01:35:04+02:00,8775162036554,hsq-00029xc3002,G6 tablet handle,HSQ - Special tools
2024-04-21T01:35:07+02:00,8775162167626,hsq-00029xc3003,Power adapter,HSQ - Special tools
2024-04-21T01:35:09+02:00,8775162757450,hsq-00029xc3005,OBD Y-supply cable,HSQ - Special tools
2024-04-21T01:35:12+02:00,8775163019594,hsq-00029xc3006,Hulane diagnostic adapter cable,HSQ - Special tools
2024-04-21T01:35:15+02:00,8775163380042,hsq-00029xc3007,Sumitomo diagnostic adapter cable,HSQ - Special tools
2024-04-21T01:35:18+02:00,8775163904330,hsq-00029xc3008,USB cable A-C,HSQ - Special tools
2024-04-21T01:35:23+02:00,8775164526922,hsq-00029xc3011,XC_3 case,HSQ - Special tools
2024-04-21T01:35:26+02:00,8775164854602,hsq-00029xc3012,XC_3 docking station,HSQ - Special tools
2024-04-21T01:35:29+02:00,8775165247818,hsq-00029xc3014,6G battery,HSQ - Special tools
2024-04-21T01:35:34+02:00,8775165935946,hsq-00029xc3015,Input stylus,HSQ - Special tools
2025-01-09T09:13:03+01:00,9637456511306,hsq-00029xc3r,XC_3R,HSQ - Special tools
2024-07-04T23:06:48+02:00,9370002981194,hsq-00050000001,Piston kit size II,"HSQ - Original Spare Part Kits, nada-hidden"
2025-01-09T09:11:39+01:00,9637455593802,hsq-00050000002,Piston kit size II 125 TC/TE 12-16,HSQ - Original Spare Part Kits
2024-07-04T23:06:55+02:00,9370003734858,hsq-00050000003,Piston kit size II,"HSQ - Original Spare Part Kits, nada-hidden"
2024-07-04T23:06:58+02:00,9370004062538,hsq-00050000009,Piston kit size I,"HSQ - Original Spare Part Kits, nada-hidden"
2025-01-09T09:11:44+01:00,9637455659338,hsq-00050000010,Piston kit size I  125 TC/TE  12-16,HSQ - Original Spare Part Kits
2024-07-04T23:07:05+02:00,9370004652362,hsq-00050000011,Piston kit size I,"HSQ - Original Spare Part Kits, nada-hidden"
2025-01-09T09:11:47+01:00,9637455724874,hsq-00050000013,Piston kit size II 250 FE 2013,HSQ - Original Spare Part Kits
2024-07-04T23:07:10+02:00,9370004750666,hsq-00050000030,Piston kit size I,"HSQ - Original Spare Part Kits, nada-hidden"
2025-01-09T09:11:51+01:00,9637455790410,hsq-00050000033,Piston kit size I 250 FE 2013,HSQ - Original Spare Part Kits
2024-07-04T23:11:13+02:00,9370008027466,hsq-00050000041,Wheel set,"HSQ - Original Spare Part Kits, nada-hidden"
2025-01-09T09:12:47+01:00,9637456380234,hsq-00050000083,Oil filter kit 250/350 FC/FE/FX  14-23,HSQ - Original Spare Part Kits
2024-07-04T23:06:12+02:00,9369998590282,hsq-00050000102,Piston kit size I,"HSQ - Original Spare Part Kits, nada-hidden"
2025-01-09T09:10:47+01:00,9637454905674,hsq-00050000103,Piston kit size II 300 TE 11-16,HSQ - Original Spare Part Kits
2024-07-04T23:05:14+02:00,9369990758730,hsq-00050000109,Piston kit size I,"HSQ - Original Spare Part Kits, nada-hidden"
2025-01-09T09:11:11+01:00,9637455298890,hsq-00050000110,Piston kit size II 250 TC/TE 11-16,HSQ - Original Spare Part Kits
2025-01-09T09:12:40+01:00,9637456314698,hsq-00050000112,Oil filter garage kit 450/501 FC/FE/FS  13-16,HSQ - Original Spare Part Kits
2025-01-09T09:11:54+01:00,9637455855946,hsq-00050000204,Piston kit size I 85 TC 14-17,HSQ - Original Spare Part Kits
2025-01-09T09:11:57+01:00,9637455888714,hsq-00050000205,Piston kit size II 85 TC 14-17,HSQ - Original Spare Part Kits
2025-01-09T09:12:01+01:00,9637455954250,hsq-00050000211,Piston kit size I 501 FE 13-16,HSQ - Original Spare Part Kits
2024-07-04T23:07:24+02:00,9370005242186,hsq-00050000212,Piston kit size II,"HSQ - Original Spare Part Kits, nada-hidden"
2025-01-09T09:12:04+01:00,9637455987018,hsq-00050000214,Piston kit size II 450 FE/FX 09-12,HSQ - Original Spare Part Kits
2024-07-04T22:58:17+02:00,9369964872010,hsq-00050000216,Piston kit size I,HSQ - Original Spare Part Kits
2024-07-04T22:58:01+02:00,9369964609866,hsq-00050000217,Piston kit size II,HSQ - Original Spare Part Kits
2024-07-04T23:07:30+02:00,9370005307722,hsq-00050000218,Piston kit size I,"HSQ - Original Spare Part Kits, nada-hidden"
2025-01-09T09:12:08+01:00,9637456019786,hsq-00050000219,Piston kit size II 450 FC 14-15,HSQ - Original Spare Part Kits
2024-07-04T23:07:36+02:00,9370005406026,hsq-00050000220,Piston kit size I,"HSQ - Original Spare Part Kits, nada-hidden"
2025-01-09T09:12:11+01:00,9637456085322,hsq-00050000221,Piston kit size II 350 FC 14-15,HSQ - Original Spare Part Kits
2025-01-09T08:52:30+01:00,9637443797322,hsq-00050000222,Piston kit size I,HSQ - Technical Accessories
2025-01-09T09:12:15+01:00,9637456150858,hsq-00050000223,Piston kit size II 250 FC/FE 14-16,HSQ - Original Spare Part Kits
2024-07-04T23:07:45+02:00,9370005504330,hsq-00050000229,Piston kit size I,"HSQ - Original Spare Part Kits, nada-hidden"
2024-07-04T22:57:20+02:00,9369964314954,hsq-00050000230,Piston kit size II,HSQ - Original Spare Part Kits
2024-07-04T23:06:44+02:00,9370002620746,hsq-00050000231,Piston kit size I,"HSQ - Original Spare Part Kits, nada-hidden"
2025-01-09T09:11:35+01:00,9637455528266,hsq-00050000232,Piston kit size II 350 FC/FX 2017,HSQ - Original Spare Part Kits
2024-07-04T22:57:25+02:00,9369964478794,hsq-00050000233,Piston kit size I,HSQ - Original Spare Part Kits
2024-07-04T22:58:35+02:00,9369965265226,hsq-00050000234,Piston kit size II,HSQ - Original Spare Part Kits
2025-01-09T09:11:32+01:00,9637455495498,hsq-00050000235,Piston kit size I 150 TE 2017,HSQ - Original Spare Part Kits
2024-07-04T23:08:03+02:00,9370005700938,hsq-00050000239,Piston kit size I,"HSQ - Original Spare Part Kits, nada-hidden"
2025-01-09T09:12:19+01:00,9637456183626,hsq-00050000240,Piston kit size II 250 FE 17-19,HSQ - Original Spare Part Kits
2025-01-09T09:12:22+01:00,9637456216394,hsq-00050000241,Piston kit size I 350 FE	17-19,HSQ - Original Spare Part Kits
2025-01-09T09:12:26+01:00,9637456249162,hsq-00050000242,Piston kit size II 300 22-24,HSQ - Original Spare Part Kits
2024-07-04T22:58:32+02:00,9369965232458,hsq-00050000243,Piston kit size I,HSQ - Original Spare Part Kits
2024-07-04T22:58:37+02:00,9369965297994,hsq-00050000244,Piston kit size II,HSQ - Original Spare Part Kits
2024-07-04T23:06:28+02:00,9370000687434,hsq-00050000245,Piston kit size I,"HSQ - Original Spare Part Kits, nada-hidden"
2025-01-09T09:11:28+01:00,9637455462730,hsq-00050000246,Piston kit size II 125 TC/TX 18-21,HSQ - Original Spare Part Kits
2025-01-09T09:11:25+01:00,9637455429962,hsq-00050000247,Piston kit size I 85 TC 18-21,HSQ - Original Spare Part Kits
2024-07-04T22:57:23+02:00,9369964413258,hsq-00050000248,Piston kit size II,HSQ - Original Spare Part Kits
2024-07-04T22:58:26+02:00,9369965166922,hsq-00050000249,Piston kit size I,HSQ - Original Spare Part Kits
2024-07-04T22:57:29+02:00,9369964511562,hsq-00050000250,Piston kit size II,HSQ - Original Spare Part Kits
2024-07-04T22:57:17+02:00,9369964249418,hsq-00050000251,Piston kit size I,HSQ - Original Spare Part Kits
2024-07-04T23:06:05+02:00,9369997574474,hsq-00050000252,Piston kit size II,"HSQ - Original Spare Part Kits, nada-hidden"
2025-01-09T09:11:06+01:00,9637455266122,hsq-00050000253,Piston kit size I 701 ENDURO/SUPERMOTO 19-20,HSQ - Original Spare Part Kits
2024-07-04T23:05:59+02:00,9369996820810,hsq-00050000254,Piston kit size II,"HSQ - Original Spare Part Kits, nada-hidden"
2024-07-04T23:05:56+02:00,9369996460362,hsq-00050000255,Piston kit size I,"HSQ - Original Spare Part Kits, nada-hidden"
2024-07-04T23:05:53+02:00,9369995870538,hsq-00050000256,Piston kit size II,"HSQ - Original Spare Part Kits, nada-hidden"
2024-07-04T23:05:49+02:00,9369995510090,hsq-00050000257,Piston kit size I,"HSQ - Original Spare Part Kits, nada-hidden"
2025-01-09T09:10:59+01:00,9637455167818,hsq-00050000258,Piston kit size II  450 FE  20-23,HSQ - Original Spare Part Kits
2025-01-09T09:10:56+01:00,9637455069514,hsq-00050000259,Piston kit size I 501 FE 20-23,HSQ - Original Spare Part Kits
2024-07-04T23:05:40+02:00,9369994232138,hsq-00050000260,Piston kit size II,"HSQ - Original Spare Part Kits, nada-hidden"
2025-01-09T09:11:21+01:00,9637455397194,hsq-00050000261,Piston kit size I 250 TC/TE 2019,HSQ - Original Spare Part Kits
2025-01-09T09:11:16+01:00,9637455331658,hsq-00050000262,Piston kit size II,HSQ - Original Spare Part Kits
2024-07-04T22:58:20+02:00,9369964970314,hsq-00050000263,Piston kit size I,HSQ - Original Spare Part Kits
2024-07-04T22:58:23+02:00,9369965068618,hsq-00050000264,Piston kit size II,HSQ - Original Spare Part Kits
2025-01-09T09:10:53+01:00,9637455036746,hsq-00050000265,Piston kit size I 300 TE/TX 18-23,HSQ - Original Spare Part Kits
2025-01-09T09:10:50+01:00,9637454938442,hsq-00050000266,Piston kit size II 300 TE/TX 18-23,HSQ - Original Spare Part Kits
2024-07-04T23:05:09+02:00,9369990070602,hsq-00050000271,Piston kit size I,"HSQ - Original Spare Part Kits, nada-hidden"
2024-07-04T23:05:03+02:00,9369989513546,hsq-00050000272,Piston kit size II,"HSQ - Original Spare Part Kits, nada-hidden"
2025-06-11T08:07:24+02:00,10230418669898,hsq-00050000811,Exhaust parts kit 125-300 TC/TE/TX  11-23,HSQ - Original Spare Part Kits
2025-08-01T09:41:51+02:00,10316842107210,hsq-00050000812,Exhaust parts kit 85 TC 14-21,HSQ - Original Spare Part Kits
2024-07-04T23:03:38+02:00,9369978569034,hsq-00050000818,Exhaust parts kit,"HSQ - Original Spare Part Kits, nada-hidden"
2024-07-04T23:02:13+02:00,9369973293386,hsq-00050002002,Drivetrain kit  85 TC  14/46T 14-17,HSQ - Original Spare Part Kits
2025-01-09T09:10:28+01:00,9637454709066,hsq-00050002003,Drivetrain kit 85 TC 450/550/650 FE/FS 14/49T 08-17,HSQ - Original Spare Part Kits
2024-07-04T22:58:54+02:00,9369965527370,hsq-00050002004,Drivetrain kit 13/48,HSQ - Original Spare Part Kits
2025-01-09T09:10:07+01:00,9637454446922,hsq-00050002005,Drivetrain kit 13/50,HSQ - Original Spare Part Kits
2024-07-04T22:58:52+02:00,9369965494602,hsq-00050002006,Drivetrain kit 13/50,HSQ - Original Spare Part Kits
2024-07-04T22:58:49+02:00,9369965461834,hsq-00050002007,Drivetrain kit 13/52,HSQ - Original Spare Part Kits
2024-07-04T22:58:46+02:00,9369965429066,hsq-00050002008,Drivetrain kit 14/50,HSQ - Original Spare Part Kits
2024-07-04T23:02:22+02:00,9369973588298,hsq-00050002009,Drivetrain kit  125-570 TE/FE/FX/FS  14/52T 09-15,HSQ - Original Spare Part Kits
2024-07-04T22:58:43+02:00,9369965330762,hsq-00050002010,Drivetrain kit 14/52,HSQ - Original Spare Part Kits
2024-07-04T23:02:24+02:00,9369973752138,hsq-00050002030,Drivetrain kit  250/350/450 FE Limited Edition  14/52T,HSQ - Original Spare Part Kits
2024-07-04T22:57:09+02:00,9369963954506,hsq-00050002031,Drivetrain kit 14/50,HSQ - Original Spare Part Kits
2024-07-04T23:02:27+02:00,9369973784906,hsq-00050002032,Drivetrain kit  250/350 FC/FE  450 FC  501 FE  14/50T 14-16,HSQ - Original Spare Part Kits
2024-07-04T23:02:30+02:00,9369973850442,hsq-00050002033,Drivetrain kit  125 TC  13/50T 2014,HSQ - Original Spare Part Kits
2024-07-04T23:02:33+02:00,9369973915978,hsq-00050002034,Drivetrain kit  250 TC  13/48T 2014,HSQ - Original Spare Part Kits
2024-07-04T23:02:36+02:00,9369974014282,hsq-00050002035,Drivetrain kit  250/350/450 FE Limited Edition  13/52T,HSQ - Original Spare Part Kits
2025-01-09T09:10:32+01:00,9637454741834,hsq-00050002036,Drivetrain kit 250/350/450 FC 13/50T 2014,HSQ - Original Spare Part Kits
2025-01-09T09:10:23+01:00,9637454676298,hsq-00050002037,Drivetrain kit 125-501 TE/FE/FX/FS 13/50T 09-15,HSQ - Original Spare Part Kits
2025-01-09T09:10:35+01:00,9637454807370,hsq-00050002038,Drivetrain kit 450 FS  14/48T 2015,HSQ - Original Spare Part Kits
2024-07-04T23:02:45+02:00,9369974210890,hsq-00050002043,Drivetrain kit  250 TC  450 FC  13/48T 15-17,HSQ - Original Spare Part Kits
2024-07-04T22:57:14+02:00,9369964118346,hsq-00050002044,Drivetrain kit 13/50,HSQ - Original Spare Part Kits
2024-07-04T22:57:01+02:00,9369963823434,hsq-00050002049,Drivetrain kit 14/50,HSQ - Original Spare Part Kits
2024-07-04T23:02:48+02:00,9369974243658,hsq-00050002050,Drivetrain kit  250/350/450 FE  14/52T 2015,HSQ - Original Spare Part Kits
2024-07-04T22:57:12+02:00,9369964020042,hsq-00050002051,Drivetrain kit 13/50,HSQ - Original Spare Part Kits
2024-07-04T22:57:07+02:00,9369963888970,hsq-00050002052,Drivetrain kit 13/52,HSQ - Original Spare Part Kits
2024-07-04T23:02:51+02:00,9369974341962,hsq-00050002053,Drivetrain kit  350/501 FE  13/45T 15-16,HSQ - Original Spare Part Kits
2024-07-04T23:02:53+02:00,9369974407498,hsq-00050002054,Drivetrain kit  501 FE  15/45T 2015,HSQ - Original Spare Part Kits
2024-07-04T23:02:56+02:00,9369974505802,hsq-00050002056,Drivetrain kit  350 FE  14/45T 15-16,HSQ - Original Spare Part Kits
2024-07-04T23:03:00+02:00,9369974571338,hsq-00050002069,Drivetrain kit  250/350/450 FE  13/52T 2016,HSQ - Original Spare Part Kits
2024-07-04T23:03:03+02:00,9369974604106,hsq-00050002070,Drivetrain kit  250/350/450 FE  14/52T 2016,HSQ - Original Spare Part Kits
2024-07-04T23:03:07+02:00,9369974636874,hsq-00050002071,Drivetrain kit 125/250/350 TC/FC  14/50T 16-17,HSQ - Original Spare Part Kits
2025-01-09T09:10:39+01:00,9637454840138,hsq-00050002072,Drivetrain kit 125/250/300 TE 501 FE 13/50T 2016,HSQ - Original Spare Part Kits
2025-01-09T09:10:42+01:00,9637454872906,hsq-00050002073,Drivetrain kit 125/250/300 TE 501 FE  14/50T 2016,HSQ - Original Spare Part Kits
2024-07-04T22:57:04+02:00,9369963856202,hsq-00050002074,Drivetrain kit 16/42,HSQ - Original Spare Part Kits
2024-07-04T23:03:16+02:00,9369975357770,hsq-00050002079,Drivetrain kit  701 Enduro  15/45T 2016,HSQ - Original Spare Part Kits
2024-07-04T23:03:20+02:00,9369975816522,hsq-00050002082,Drivetrain kit  250 FC  14/51T 17-18,HSQ - Original Spare Part Kits
2024-07-04T23:02:10+02:00,9369973195082,hsq-00050002085,Drivetrain kit  250 FE  14/49T 2017,HSQ - Original Spare Part Kits
2024-07-04T23:03:22+02:00,9369976275274,hsq-00050002086,Drivetrain kit  250/350/450 FE  14/52T 2017,HSQ - Original Spare Part Kits
2024-07-04T23:03:25+02:00,9369976668490,hsq-00050002087,Drivetrain kit  450/501 FE  14/45T 2017,HSQ - Original Spare Part Kits
2024-07-04T23:02:07+02:00,9369973129546,hsq-00050002090,Drivetrain kit  701 Enduro  15/46T 17-20,HSQ - Original Spare Part Kits
2024-07-04T23:02:00+02:00,9369973031242,hsq-00050002091,Drivetrain kit  85 TC  13/46T 18-21,HSQ - Original Spare Part Kits
2024-07-04T23:01:57+02:00,9369972932938,hsq-00050002092,Drivetrain kit  85 TC  13/49T 18-21,HSQ - Original Spare Part Kits
2024-07-04T23:01:55+02:00,9369972900170,hsq-00050002095,Drivetrain kit  250/300 TE  14/50T 18-23,HSQ - Original Spare Part Kits
2024-07-04T23:01:52+02:00,9369972834634,hsq-00050002099,Drivetrain kit  350 FE  14/52T 2018,HSQ - Original Spare Part Kits
2024-07-04T23:01:50+02:00,9369972670794,hsq-00050002104,Drivetrain kit  450 FC  13/49T 2020,HSQ - Original Spare Part Kits
2024-07-04T23:01:47+02:00,9369972474186,hsq-00050002106,Drivetrain kit  501 FE  14/48T 20-23,HSQ - Original Spare Part Kits
2024-07-04T23:01:45+02:00,9369972146506,hsq-00050002107,Drivetrain kit  501 FE  13/51T 20-23,HSQ - Original Spare Part Kits
2024-07-04T23:08:29+02:00,9370006257994,hsq-00060000020,Frame protection set,"HSQ - Original Spare Part Kits, nada-hidden"
2024-07-04T23:10:29+02:00,9370007503178,hsq-00060000060,Oil filter kit 450/550/650 FE/FS 07-08,HSQ - Original Spare Part Kits
2024-07-04T23:10:32+02:00,9370007601482,hsq-00060000061,Oil filter kit 390/450/570 FE/FX/FS 10-12,HSQ - Original Spare Part Kits
2024-07-04T23:12:04+02:00,9370008879434,hsq-00062010053,Special grease AER Fork,HSQ - Original Spare Part Kits
2024-07-04T23:12:01+02:00,9370008781130,hsq-00062020203,Cooling Fluid,HSQ - Original Spare Part Kits
2024-07-04T23:12:36+02:00,9370009469258,hsq-00062030000,MOTOREX brake fluid,HSQ - Original Spare Part Kits
2024-07-04T23:12:40+02:00,9370009567562,hsq-00062030049,Thread lock,HSQ - Original Spare Part Kits
2024-07-04T23:12:44+02:00,9370009633098,hsq-00062030050,Thread lock,HSQ - Original Spare Part Kits
2024-07-04T23:12:52+02:00,9370009698634,hsq-00062030051,Grip glue,"HSQ - Original Spare Part Kits, stock, synkro-clone-ktm-shop-nederland"
2024-07-04T23:00:44+02:00,9369967657290,hsq-00062030055,KTM power cleaner,HSQ - Original Spare Part Kits
2024-07-04T23:00:38+02:00,9369967591754,hsq-00062030056,Power glue,HSQ - Original Spare Part Kits
2024-07-04T23:00:35+02:00,9369967526218,hsq-00062030057,Glue,HSQ - Original Spare Part Kits
2024-07-04T23:12:55+02:00,9370009796938,hsq-00062030058,Repair kit,HSQ - Original Spare Part Kits
2024-07-04T23:00:16+02:00,9369966903626,hsq-00062030059,Turbo Wipes,HSQ - Original Spare Part Kits
2024-07-04T23:00:11+02:00,9369966838090,hsq-00062030060,Hand cleanser,HSQ - Original Spare Part Kits
2024-07-04T23:00:04+02:00,9369966739786,hsq-00062030061,Power Repair Tape,HSQ - Original Spare Part Kits
2024-07-04T22:59:43+02:00,9369966444874,hsq-00062030062,Silicone sealing compound,HSQ - Original Spare Part Kits
2024-07-04T23:00:47+02:00,9369967690058,hsq-00062030070,Thread repair toolkit,HSQ - Original Spare Part Kits
2024-07-04T23:00:41+02:00,9369967624522,hsq-00062030071,Thread insert 5x5,HSQ - Original Spare Part Kits
2024-07-04T23:00:37+02:00,9369967558986,hsq-00062030072,Thread insert 5x7.5,HSQ - Original Spare Part Kits
2024-07-04T23:00:33+02:00,9369967427914,hsq-00062030073,Thread insert 5x10,HSQ - Original Spare Part Kits
2024-07-04T23:00:25+02:00,9369967165770,hsq-00062030074,Thread insert 6x6,HSQ - Original Spare Part Kits
2024-07-04T23:00:14+02:00,9369966870858,hsq-00062030075,Thread insert 6x9,HSQ - Original Spare Part Kits
2024-07-04T23:00:08+02:00,9369966805322,hsq-00062030076,Thread insert 6x12,HSQ - Original Spare Part Kits
2024-07-04T23:00:01+02:00,9369966707018,hsq-00062030077,Thread insert 8x8,HSQ - Original Spare Part Kits
2024-07-04T22:59:57+02:00,9369966641482,hsq-00062030078,Thread insert 8x12,HSQ - Original Spare Part Kits
2024-07-04T22:59:54+02:00,9369966608714,hsq-00062030079,Thread insert 8x16,HSQ - Original Spare Part Kits
2024-07-04T22:59:51+02:00,9369966575946,hsq-00062030080,Thread insert 10x10,HSQ - Original Spare Part Kits
2024-07-04T22:59:48+02:00,9369966543178,hsq-00062030081,Thread insert 10x15,HSQ - Original Spare Part Kits
2024-07-04T22:59:39+02:00,9369966412106,hsq-00062030082,Thread insert 10x20,HSQ - Original Spare Part Kits
2024-07-04T22:59:36+02:00,9369966379338,hsq-00062030083,Thread insert 12x12,HSQ - Original Spare Part Kits
2024-07-04T22:59:33+02:00,9369966346570,hsq-00062030084,Thread insert 12x18,HSQ - Original Spare Part Kits
2024-07-04T22:59:30+02:00,9369966281034,hsq-00062030085,Thread insert 12x24,HSQ - Original Spare Part Kits
2024-07-04T22:59:27+02:00,9369966248266,hsq-00062030091,Thread insert 10x1x10,HSQ - Original Spare Part Kits
2024-07-04T22:59:24+02:00,9369966182730,hsq-00062030092,Thread insert 10x1x15,HSQ - Original Spare Part Kits
2024-07-04T22:59:21+02:00,9369966117194,hsq-00062030093,Thread insert 10x1x17.5,HSQ - Original Spare Part Kits
2024-07-04T22:59:18+02:00,9369966018890,hsq-00062030094,Thread insert 12x1.25x12,HSQ - Original Spare Part Kits
2024-07-04T22:59:15+02:00,9369965887818,hsq-00062030095,Thread insert 12x1.25x16,HSQ - Original Spare Part Kits
2024-07-04T22:59:12+02:00,9369965789514,hsq-00062030096,Thread insert 12x1.25x24,HSQ - Original Spare Part Kits
2024-07-04T22:59:09+02:00,9369965691210,hsq-00062030097,Thread insert 12x1.25x8.4,HSQ - Original Spare Part Kits
2024-07-04T22:59:06+02:00,9369965592906,hsq-00062030098,Thread insert 12x1.25x12.4,HSQ - Original Spare Part Kits
2024-07-04T22:56:58+02:00,9369963790666,hsq-00062030099,Thread insert 14x1.25x16.4,HSQ - Original Spare Part Kits
2024-04-20T23:38:59+02:00,8774812172618,hsq-000700000ko001,Dummy plug,"HSQ - Technical Accessories, Partstream"
2025-06-11T07:57:54+02:00,10230406938954,hsq-000700000lp001,Plug protection,Partstream
2024-07-04T19:36:33+02:00,9369745654090,hsq-0014060103,Hexagonal bolt with external hexagon with collar M6x10,HSQ - Technical Accessories
2024-07-04T21:39:07+02:00,9369902481738,hsq-0015060163,Screw M6x16,Partstream
2024-07-04T19:36:35+02:00,9369745719626,hsq-0015060303,Hexagonal bolt with external hexagon with collar M6x30,HSQ - Technical Accessories
2024-07-04T19:36:37+02:00,9369745785162,hsq-0015060453,Hexagonal bolt with external hexagon with collar M6x45,HSQ - Technical Accessories
2025-06-11T08:00:57+02:00,10230410903882,hsq-0015080203,Screw M8x20,Partstream
2024-04-20T23:50:33+02:00,8774823641418,hsq-0015080256s,Hexagonal bolt with external hexagon with collar M8x25,"HSQ - Technical Accessories, Partstream"
2025-06-11T08:00:55+02:00,10230410871114,hsq-0015080453,Hexagonal bolt with external hexagon with collar M8x45 SW=10,Partstream
2024-07-04T19:36:41+02:00,9369745883466,hsq-0017060203,EJOT PT screw K60x20AL,HSQ - Technical Accessories
2025-06-11T07:59:05+02:00,10230408479050,hsq-0018050163,Oval head screw with internal Torx,Partstream
2024-04-20T23:51:41+02:00,8774824853834,hsq-0019050106s,Counter-sunk screw M5x10,"HSQ - Technical Accessories, Partstream"
2025-06-11T07:59:17+02:00,10230408773962,hsq-0019050201,Counter-sunk screw M5x20,Partstream
2024-04-20T23:58:05+02:00,8774830391626,hsq-0019080266s,Counter-sunk screw ISA 45 M8x26,"HSQ - Technical Accessories, Partstream"
2025-06-11T08:00:30+02:00,10230410379594,hsq-0019080756,Counter-sunk screw M8x75 ISA45,Partstream
2025-06-11T08:00:16+02:00,10230409953610,hsq-0024060106,Hexagonal bolt with external hexagon with collar M6x10,Partstream
2025-06-11T07:59:20+02:00,10230408872266,hsq-0024060136,Collar screw M6x13,Partstream
2025-06-11T08:00:36+02:00,10230410510666,hsq-0024060156,Hex collar screw M6x15,Partstream
2026-05-18T21:23:37+02:00,15664991928650,hsq-0024060206,Hex collar screw M6x20,HSQ - Technical Accessories
2025-01-09T08:57:48+01:00,9637447631178,hsq-0024060206s,Hexagonal bolt with external hexagon with collar M8x20 TX30 SL,Partstream
2025-06-11T07:59:38+02:00,10230409199946,hsq-0025050126,Hexagonal bolt with external hexagon with collar M5x12,Partstream
2025-08-01T09:35:35+02:00,10316825952586,hsq-0025050166,Hexagonal bolt with external hexagon with collar M5x16,HSQ - Technical Accessories
2025-06-11T08:02:45+02:00,10230413394250,hsq-0025050306,Hexagonal bolt with external hexagon with collar M5x30 ISA30,Partstream
2025-08-01T09:35:48+02:00,10316826640714,hsq-0025060086,Collar screw M6x8 ISA,HSQ - Technical Accessories
2025-06-11T08:02:36+02:00,10230413132106,hsq-0025060123,Hexagonal bolt with external hexagon with collar M6x12,Partstream
2025-08-01T09:35:21+02:00,10316825133386,hsq-0025060126s,Hexagonal bolt with external hexagon with collar M6x12,HSQ - Technical Accessories
2025-06-11T07:59:33+02:00,10230409134410,hsq-0025060166,Hexagonal bolt with external hexagon with collar M6X16     TX30,Partstream
2025-06-11T08:00:10+02:00,10230409757002,hsq-0025060166s,Hexagonal bolt with external hexagon with collar,Partstream
2025-06-11T08:01:58+02:00,10230412280138,hsq-0025060206,Collar screw M6x20 ISA,Partstream
2025-06-11T07:59:55+02:00,10230409462090,hsq-0025060206s,Collar screw M6x20,Partstream
2025-06-11T08:01:16+02:00,10230411493706,hsq-0025060256,Collar screw M6x25 ISA,Partstream
2025-08-01T09:35:43+02:00,10316826444106,hsq-0025060306,Collar screw M6x30,HSQ - Technical Accessories
2025-06-11T08:00:19+02:00,10230410051914,hsq-0025060356,Hexagonal bolt with external hexagon with collar M6X35 ISA 30,Partstream
2025-06-11T08:01:13+02:00,10230411428170,hsq-0025060406,Collar screw M6x40,Partstream
2025-06-11T08:01:05+02:00,10230411067722,hsq-0025060456,Screw M6x45,Partstream
2025-06-11T08:00:27+02:00,10230410281290,hsq-0025060506,Hexagonal bolt with external hexagon with collar M6x50,Partstream
2025-06-11T07:58:06+02:00,10230407102794,hsq-0025060756,SK collar screw M6x75,Partstream
2025-06-11T07:59:02+02:00,10230408446282,hsq-0025060806,Hexagonal bolt with external hexagon with collar M6x80 ISA30,Partstream
2025-06-11T07:59:00+02:00,10230408413514,hsq-0025060906,Hexagonal bolt with external hexagon with collar M6x90 ISA30,Partstream
2025-06-11T08:02:39+02:00,10230413197642,hsq-0025080126,Hexagonal bolt with external hexagon with collar M8X12     TX40,Partstream
2025-06-11T08:00:33+02:00,10230410412362,hsq-0025080206,Hexagonal bolt with external hexagon with collar M8X20     TX40,Partstream
2025-08-01T09:35:38+02:00,10316826116426,hsq-0025080256s,Hexagonal bolt with external hexagon with collar M8x25,HSQ - Technical Accessories
2025-06-11T07:59:31+02:00,10230409101642,hsq-0025080356,Hexagonal bolt with external hexagon with collar M8X35,Partstream
2025-06-11T07:58:28+02:00,10230407790922,hsq-0025080356s,Hexagonal bolt with external hexagon with collar M8x35,Partstream
2026-05-18T21:23:50+02:00,15664992059722,hsq-0025080406,Hexagonal bolt with external hexagon with collar M8X40 ISA 40,HSQ - Technical Accessories
2025-06-11T08:02:24+02:00,10230412935498,hsq-0025080456,Hexagonal bolt with external hexagon with collar M8X45 TX40,Partstream
2025-06-11T07:59:58+02:00,10230409560394,hsq-0025080906,Hexagonal bolt with external hexagon with collar,Partstream
2024-04-20T23:53:24+02:00,8774826197322,hsq-0032100256s,Hex screw with internal Torx with collar M10x25,"HSQ - Technical Accessories, Partstream"
2024-04-20T23:53:22+02:00,8774826164554,hsq-0032100356s,Hex screw with internal Torx with collar M10x35,"HSQ - Technical Accessories, Partstream"
2024-04-20T23:42:27+02:00,8774816137546,hsq-0035080156s,Hexagon head screw with inner Torx with collar,"HSQ - Technical Accessories, Partstream"
2026-05-18T21:23:54+02:00,15664992092490,hsq-0035080206s,Collar screw M8x20,HSQ - Technical Accessories
2025-08-01T09:35:18+02:00,10316824936778,hsq-0035080256s,ISA collar screw M8x25,HSQ - Technical Accessories
2025-06-11T07:58:21+02:00,10230407692618,hsq-0035080306s,ISA collar screw M8x30,Partstream
2025-06-11T07:58:24+02:00,10230407758154,hsq-0035080356s,Screw M8x35 ISA45 SS,Partstream
2025-06-11T08:02:17+02:00,10230412738890,hsq-0035080406,Collar screw M8x40,Partstream
2024-07-04T21:16:34+02:00,9369875906890,hsq-0035080406s,ISA collar screw M8x40,Partstream
2024-07-04T21:16:35+02:00,9369875939658,hsq-0035080606s,ISA collar screw M8x60,Partstream
2024-04-20T23:36:00+02:00,8774808371530,hsq-0035100456s,Collar screw M10x45,"HSQ - Technical Accessories, Partstream"
2025-06-11T07:58:46+02:00,10230408085834,hsq-0080150100,EJOT SHEETTRACS Screw K50x10,Partstream
2025-06-11T07:59:14+02:00,10230408675658,hsq-0081045121,EJOT Delta PT screw,Partstream
2025-06-11T07:58:51+02:00,10230408151370,hsq-0081050121,EJOT PT screw K 50x12,Partstream
2025-06-11T08:02:19+02:00,10230412804426,hsq-0081050181,EJOT PT screw KB 50x18,Partstream
2024-07-04T23:31:49+02:00,9370038894922,hsq-0113080802,Locking screw,HSQ - Special tools
2025-08-01T09:35:46+02:00,10316826575178,hsq-0125060003,Washer A 6.4 DIN 125-St,HSQ - Technical Accessories
2025-06-11T08:01:03+02:00,10230411034954,hsq-0125080003,Washer,Partstream
2024-04-20T23:58:07+02:00,8774830424394,hsq-014580060166s,Cap head screw ISO 14580 M6x16 SS,"Partstream, stock, synkro-clone-ktm-shop-nederland"
2025-06-11T07:59:28+02:00,10230409068874,hsq-014580060256,Cap head screw,Partstream
2024-07-04T20:14:55+02:00,9369786876234,hsq-0310000902900,Hose clamp,HSQ - Cooling
2024-07-20T10:25:33+02:00,9391396880714,hsq-0520000700300,Exhaust spring,Partstream
2025-06-11T08:00:07+02:00,10230409724234,hsq-0738050103,Oval head screw,Partstream
2025-01-09T08:54:31+01:00,9637445370186,hsq-0761c141v002220,XPLOR PRO 6500 Cartridge 690/701 ENDURO 20-23,HSQ - Chassis/triple clamp
2025-06-11T07:59:44+02:00,10230409298250,hsq-0770220025,O-ring,Partstream
2026-05-18T21:24:00+02:00,15664992223562,hsq-07702300251,O-ring,HSQ - Technical Accessories
2025-06-11T08:00:04+02:00,10230409691466,hsq-0770590020,O-ring 59x2,Partstream
2025-06-11T07:58:42+02:00,10230408020298,hsq-0770600200,O-Ring 60x2 FPM 75SH,Partstream
2025-06-11T07:59:22+02:00,10230408937802,hsq-0770840035,O-ring,Partstream
2024-07-04T21:18:16+02:00,9369877807434,hsq-0800000600905,Bushing linkage protection,Partstream
2024-04-21T01:08:32+02:00,8774977192266,hsq-080405r,ENGINE TC 85,HSQ - Original Spare Part Kits
2024-04-21T01:08:42+02:00,8774977651018,hsq-080405s,ENGINE TC 85,HSQ - Original Spare Part Kits
2026-05-18T21:24:03+02:00,15664992256330,hsq-081284t,Motor 250 Vit-/Svartpilen,HSQ - Original Spare Part Kits
2024-04-21T01:11:29+02:00,8774985679178,hsq-081285r,ENGINE 401 Vitpilen,HSQ - Original Spare Part Kits
2024-04-21T01:08:38+02:00,8774977421642,hsq-081524r,ENGINE TC 125,HSQ - Original Spare Part Kits
2024-04-21T01:11:40+02:00,8774987481418,hsq-081540r,ENGINE TE 150,"HSQ - Original Spare Part Kits, nada-hidden"
2024-04-21T01:11:37+02:00,8774986891594,hsq-081571r,ENGINE TX 125,"HSQ - Original Spare Part Kits, nada-hidden"
2025-01-09T09:10:19+01:00,9637454643530,hsq-083632w,Motor Husqvarna TC 250 2023,HSQ - Original Spare Part Kits
2024-04-21T01:08:35+02:00,8774977290570,hsq-083695s,ENGINE TE 250i USA,HSQ - Original Spare Part Kits
2024-04-21T01:08:40+02:00,8774977519946,hsq-088550q,ENGINE FE/FS 701,HSQ - Original Spare Part Kits
2024-04-21T01:11:32+02:00,8774986170698,hsq-088550r,Motor FE/FS 701 2018,"HSQ - Original Spare Part Kits, nada-hidden"
2024-04-21T01:11:46+02:00,8774988169546,hsq-088666r,Engine Husqvarna 701 Vitpilen,"HSQ - Original Spare Part Kits, nada-hidden"
2024-04-21T01:08:26+02:00,8774976930122,hsq-088666s,ENGINE 701 Vitpilen/Svartpilen,HSQ - Original Spare Part Kits
2024-04-21T01:11:49+02:00,8774988595530,hsq-088666t,Engine Husqvarna 701 Vitpilen,"HSQ - Original Spare Part Kits, nada-hidden"
2025-01-09T09:10:18+01:00,9637454610762,hsq-089331w,Motor Husqvarna FC 250 2023,HSQ - Original Spare Part Kits
2024-04-21T01:11:11+02:00,8774983942474,hsq-089352r,Engine FC 350 2018,HSQ - Original Spare Part Kits
2025-01-09T09:10:16+01:00,9637454577994,hsq-089352w,Motor Husqvarna FC 350 2023,HSQ - Original Spare Part Kits
2024-04-21T01:11:35+02:00,8774986596682,hsq-089392q,Engine FE 350 2017,"HSQ - Original Spare Part Kits, nada-hidden"
2024-04-21T01:11:44+02:00,8774987776330,hsq-089546r,ENGINE FE 450,"HSQ - Original Spare Part Kits, nada-hidden"
2024-04-21T01:11:15+02:00,8774984073546,hsq-089547s,Engine FE 450 USA,HSQ - Original Spare Part Kits
2025-01-09T09:10:14+01:00,9637454545226,hsq-089577w,Motor Husqvarna FC/FX 450 2023,HSQ - Original Spare Part Kits
2025-01-09T09:10:12+01:00,9637454512458,hsq-089578w,Motor Husqvarna FC 450 Rockstar Ed. 2023,HSQ - Original Spare Part Kits
2024-04-21T01:11:52+02:00,8774988890442,hsq-089590s,Engine Husqvarna FS 450,"HSQ - Original Spare Part Kits, nada-hidden"
2025-01-09T09:10:10+01:00,9637454479690,hsq-089590w,Motor Husqvarna FS 450 2023,HSQ - Original Spare Part Kits
2025-06-11T07:58:37+02:00,10230407954762,hsq-0900000501600,Special screw M5x16,Partstream
2025-06-11T07:55:52+02:00,10230405169482,hsq-0900001601100,Oil plug 125-401 SVARTPILEN/VITPILEN 18-23,"anodized, HSQ - CNC-parts"
2025-06-11T07:58:32+02:00,10230407856458,hsq-0900001601200,"Collar screw M16 x 1,5",Partstream
2025-06-11T07:59:41+02:00,10230409265482,hsq-0902060083,Screw ISO 7380,Partstream
2025-08-01T09:35:30+02:00,10316825690442,hsq-0912050163,Hexagon socket,HSQ - Technical Accessories
2025-06-11T08:02:11+02:00,10230412575050,hsq-0912080403,Set screw with hexagon socket DIN0912-M 8x40,Partstream
2025-06-11T07:58:57+02:00,10230408380746,hsq-0934050003,Hexagonal nut,Partstream
2025-01-09T08:54:27+01:00,9637445304650,hsq-0963c104w001220,APEX PRO 6500 Cartridge 401 SVARTPILEN/VITPILEN 2024,HSQ - Chassis/triple clamp
2025-06-11T08:01:55+02:00,10230412247370,hsq-0984100856,Cap head screw,Partstream
2025-06-11T08:00:42+02:00,10230410608970,hsq-0985060003,Self lock nut DIN0985-M6,Partstream
2025-06-11T08:01:00+02:00,10230410969418,hsq-0985080003,Hexagonal nut DIN 985 M8,Partstream
2025-06-11T08:00:44+02:00,10230410641738,hsq-0988060121,Washer 6X12X1 HRC 40-45,Partstream
2024-07-04T21:29:48+02:00,9369889603914,hsq-0991050162,Counter-sunk screw,Partstream
2024-07-04T21:41:27+02:00,9369906282826,hsq-0991060253,Counter-sunk screw DIN7991-M6X25,Partstream
2024-04-20T22:02:08+02:00,8774675988810,hsq-10001020000,Hose clamp norma 18-29,HSQ - Technical Accessories
2024-04-20T21:54:51+02:00,8774667305290,hsq-10001020300,Hose clamp,HSQ - Technical Accessories
2024-04-21T01:51:46+02:00,8775283704138,hsq-1086001,Tool panel,HSQ - Special tools
2024-04-21T01:51:48+02:00,8775284130122,hsq-1086002,Tool panel,HSQ - Special tools
2025-01-09T08:54:15+01:00,9637445140810,hsq-12180s08set,XPLOR PRO 6746 Shock absorber 901 NORDEN 22-24,HSQ - Chassis/triple clamp
2025-01-09T08:54:24+01:00,9637445239114,hsq-14182s08set,XPLOR PRO 7548 Spring fork 901 NORDEN 22-24,HSQ - Chassis/triple clamp
2024-04-20T23:35:25+02:00,8774807650634,hsq-14460107,"O-Ring 10x1,5 NBR70","HSQ - Technical Accessories, Partstream"
2024-04-21T01:42:13+02:00,8775207125322,hsq-15112017000,Bearing puller,HSQ - Special tools
2024-07-20T10:36:12+02:00,9391406350666,hsq-15112018000,Internal bearing puller,HSQ - Special tools
2024-04-21T01:42:16+02:00,8775207551306,hsq-15112018100,Internal bearing puller,HSQ - Special tools
2025-01-09T08:54:20+01:00,9637445206346,hsq-15180r81set,APEX PRO 6746 Shock absorber 801 SVARTPILEN/VITPILEN 24-25,HSQ - Chassis/triple clamp
2025-01-09T08:54:39+01:00,9637445468490,hsq-15180t91set,APEX PRO 7746 Shock absorber 801 SVARTPILEN/VITPILEN 24-25,HSQ - Chassis/triple clamp
,,hsq-200svartpilen2020,Svartpilen 200 2020,HQV DealerNet INT
2024-04-21T01:33:30+02:00,8775151190346,hsq-20210006de,Dakar Book,HSQ - Marketing Material
2024-04-21T01:28:20+02:00,8775109411146,hsq-20220020int,PMAG Lanyard,HSQ - Marketing Material
2024-04-21T01:28:05+02:00,8775106724170,hsq-20230007int,PMAG Document Folder Premium,HSQ - Marketing Material
2024-04-21T01:28:01+02:00,8775106101578,hsq-20230008int,PMAG Notepad A4,HSQ - Marketing Material
2024-04-21T01:28:17+02:00,8775108788554,hsq-20230009int,PMAG Notebook Premium,HSQ - Marketing Material
2024-04-21T01:28:14+02:00,8775108198730,hsq-20230010int,PMAG Pen,HSQ - Marketing Material
2024-04-21T01:28:11+02:00,8775107739978,hsq-20230012int,PMAG Notepad A5,HSQ - Marketing Material
2024-04-21T01:28:08+02:00,8775107117386,hsq-20230013int,PMAG Greeting Card,HSQ - Marketing Material
2024-04-21T01:51:51+02:00,8775284425034,hsq-2086403,Husqvarna Motorcycles header,HSQ - Special tools
2024-04-21T01:51:53+02:00,8775284621642,hsq-2086404,Husqvarna Motorcycles header,HSQ - Special tools
2024-04-21T01:14:39+02:00,8775011402058,hsq-21002021000,"Grip set SVARTPILEN, VITPILEN (701) 18-20",HSQ - Original Spare Part Kits
2024-04-20T23:48:45+02:00,8774821839178,hsq-21002112000,Heated grip,"HSQ - Technical Accessories, Partstream"
2024-04-20T23:48:38+02:00,8774821773642,hsq-21002139000,Heated grip,"HSQ - Technical Accessories, Partstream"
2024-04-20T23:42:17+02:00,8774815940938,hsq-21003089000,Plug,"HSQ - Technical Accessories, Partstream"
2024-04-20T23:01:22+02:00,8774751781194,hsq-21003937044,Heel protector set,"HSQ - Protection, nada-hidden"
2024-04-20T23:43:14+02:00,8774816858442,hsq-21003938070,Heel protector,"HSQ - Technical Accessories, Partstream"
2024-04-20T23:01:16+02:00,8774751420746,hsq-21003939044,Heel protector set,"HSQ - Protection, nada-hidden"
2024-04-20T23:43:18+02:00,8774816891210,hsq-21003939070,Heel protector,"HSQ - Technical Accessories, Partstream"
2024-04-20T22:31:16+02:00,8774708658506,hsq-21003950044,"Footpeg set  125, 200, 250, 401, 701, 801 SVARTPILEN, VITPILEN  2018-2024",HSQ - Technical Accessories
2024-04-20T22:11:07+02:00,8774687818058,hsq-21005979000,"Akrapovič ""Slip-on Line"" SVARTPILEN, VITPILEN (701) 18-20",HSQ - Exhaust systems
2024-04-20T22:11:02+02:00,8774687752522,hsq-2100597900033,"Akrapovič ""Slip-on Line"" SVARTPILEN, VITPILEN (701) 18-20",HSQ - Exhaust systems
2024-04-20T23:49:52+02:00,8774822953290,hsq-21005979010,Damping material kit,"HSQ - Technical Accessories, Partstream"
2024-04-20T23:49:49+02:00,8774822920522,hsq-21005979020,Repair kit,"HSQ - Technical Accessories, Partstream"
2024-04-21T00:08:31+02:00,8774841794890,hsq-2100597902033,Repair kit,"HSQ - Technical Accessories, Partstream"
2024-04-20T23:49:54+02:00,8774822986058,hsq-21005979050,Silencer cap,"HSQ - Technical Accessories, Partstream"
2024-04-20T23:49:56+02:00,8774823018826,hsq-21005979060,Mounting kit,"HSQ - Technical Accessories, Partstream"
2024-04-20T23:44:45+02:00,8774818038090,hsq-21005979070,Link pipe,"HSQ - Technical Accessories, Partstream"
2024-04-20T23:45:19+02:00,8774818496842,hsq-21005988010,Sticker,"HSQ - Technical Accessories, Partstream"
2024-04-20T23:42:30+02:00,8774816203082,hsq-21005988010bg,Stickers,"HSQ - Technical Accessories, Partstream"
2024-04-20T21:59:59+02:00,8774673105226,hsq-21005988044,Silencer bracket,HSQ - Technical Accessories
2024-04-20T22:20:46+02:00,8774698041674,hsq-21005988144,Silencer bracket,"HSQ - Exhaust systems, nada-hidden"
2024-04-20T23:32:49+02:00,8774803947850,hsq-21007008151,Seal,"HSQ - Technical Accessories, Partstream"
2024-07-04T21:16:45+02:00,9369876169034,hsq-21007049000,Rubber seat cowl pad,Partstream
2024-04-20T23:10:18+02:00,8774783041866,hsq-21007925044,"Tank pad set SVARTPILEN, VITPILEN (701) 2018-2020",HSQ - Trim parts/decals
2024-04-20T23:07:17+02:00,8774773408074,hsq-21007940000,Style rider’s seat,"HSQ - Seats, nada-hidden"
2024-04-20T23:51:08+02:00,8774824264010,hsq-21007947010,Pillion seat cover sticker,"HSQ - Technical Accessories, Partstream"
2024-04-20T23:07:11+02:00,8774773113162,hsq-21007947044,Pillion seat cover,"HSQ - Seats, nada-hidden"
2024-04-20T23:49:59+02:00,8774823051594,hsq-21008030000,"Special screw M5x19,5","HSQ - Technical Accessories, Partstream"
2024-04-20T23:42:05+02:00,8774815711562,hsq-21008065010,Quick lock clamp,"HSQ - Technical Accessories, Partstream"
2024-04-20T23:19:10+02:00,8774791987530,hsq-21008911000,Fender,"HSQ - Trim parts/decals, nada-hidden"
2024-04-20T23:49:31+02:00,8774822625610,hsq-2100891500030s,Licence plate holder support,"HSQ - Technical Accessories, Partstream"
2024-04-20T23:49:26+02:00,8774822560074,hsq-21008915010,Cable bracket,"HSQ - Technical Accessories, Partstream"
2024-04-20T23:18:47+02:00,8774791692618,hsq-21008915044,Licence plate holder support,"HSQ - Trim parts/decals, nada-hidden"
2024-04-20T23:16:38+02:00,8774790021450,hsq-21008953000,Fairing kit,"HSQ - Trim parts/decals, nada-hidden"
2024-04-20T23:50:56+02:00,8774824034634,hsq-21008962000,Side fairing,"HSQ - Technical Accessories, Partstream"
2024-04-20T23:50:53+02:00,8774824001866,hsq-21008963000,Side fairing,"HSQ - Technical Accessories, Partstream"
2024-04-20T22:13:17+02:00,8774689980746,hsq-21008964044,Fuel tank fairing,"HSQ - Trim parts/decals, nada-hidden"
2024-04-20T22:56:17+02:00,8774739657034,hsq-2100990104433,Wheel set  VITPILEN (701) 18-19,HSQ - Wheels
2024-04-20T23:01:44+02:00,8774752895306,hsq-21009945000,"Crash bung kit SVARTPILEN, VITPILEN (701) 2018-2020",HSQ - Protection
2024-04-20T22:57:30+02:00,8774741459274,hsq-21009998100,Rim sticker  VITPILEN (701) 18-19,HSQ - Wheels
2024-04-20T23:01:37+02:00,8774752567626,hsq-21010945000,"Crash bung kit SVARTPILEN, VITPILEN (701) 2018-2020",HSQ - Protection
2024-04-20T23:49:29+02:00,8774822592842,hsq-21010984000,Chain tension adjuster,"HSQ - Technical Accessories, Partstream"
2024-04-20T22:34:35+02:00,8774711247178,hsq-21012019044,"Tank bag 701 SVARTPILEN, VITPILEN  2018-2020",HSQ - Technical Accessories
2024-04-20T23:52:08+02:00,8774825115978,hsq-21012022000,"Side bag 701/801 SVARTPILEN, VITPILEN 2018-2025",HSQ - Technical Accessories
2024-04-20T23:52:13+02:00,8774825181514,hsq-21012022010,Side bag carrier,HSQ - Technical Accessories
2024-04-20T23:52:04+02:00,8774825083210,hsq-21012023000,Side bag,HSQ - Technical Accessories
2024-04-20T23:52:16+02:00,8774825214282,hsq-21012023010,Side bag carrier,HSQ - Technical Accessories
2024-04-20T22:34:41+02:00,8774711345482,hsq-21012025000,Side bag set,HSQ - Technical Accessories
2024-04-20T22:34:38+02:00,8774711312714,hsq-21012027000,Rear bag,HSQ - Technical Accessories
2024-04-20T23:52:23+02:00,8774825279818,hsq-21012919020,Tank bag rack,HSQ - Technical Accessories
2024-04-20T21:58:20+02:00,8774671302986,hsq-21012940000,Handlebar end mirror,HSQ - Technical Accessories
2024-04-20T22:01:04+02:00,8774674579786,hsq-21012940044,Handlebar end mirror,"HSQ - Technical Accessories, nada-hidden"
2024-04-20T21:55:57+02:00,8774668648778,hsq-21012940100,Handlebar end mirror,"HSQ - Technical Accessories, nada-hidden"
2024-04-20T22:48:22+02:00,8774727860554,hsq-21012940200,"Handlebar end mirror 701 SVARTPILEN, VITPILEN (125-801 ENDURO, SUPERMOTO) 16-24",HSQ - Handlebars/instruments/electrics
2024-04-20T22:48:37+02:00,8774728221002,hsq-21012942044,"Plug set SVARTPILEN, VITPILEN (125, 200, 250, 401, 701, 801) 18-24",HSQ - Handlebars/instruments/electrics
2024-04-20T23:37:02+02:00,8774809813322,hsq-21012964035,Clamp,"HSQ - Technical Accessories, Partstream"
2024-04-20T23:43:10+02:00,8774816825674,hsq-21012964040,Heated grip control,"HSQ - Technical Accessories, Partstream"
2024-04-20T22:40:19+02:00,8774716719434,hsq-21012964044,"Heated grip kit 701 SVARTPILEN, VITPILEN (701 ENDURO, SUPERMOTO) 16-24",HSQ - Handlebars/instruments/electrics
2024-04-20T23:52:18+02:00,8774825247050,hsq-21012978030,Rear bag mounting kit,HSQ - Technical Accessories
2024-04-20T22:42:53+02:00,8774720586058,hsq-2101393104430a,"Lever protection SVARTPILEN, VITPILEN (701) 18-20",HSQ - Handlebars/instruments/electrics
,,hsq-2103l9,TE 125 2012,HQV DealerNet INT
2024-04-20T23:42:37+02:00,8774816334154,hsq-21108041020,Shim,"HSQ - Technical Accessories, Partstream"
2024-04-20T23:18:19+02:00,8774791430474,hsq-21108901044,Headlight shroud,"HSQ - Trim parts/decals, nada-hidden"
2024-04-20T23:18:25+02:00,8774791463242,hsq-21108911044,Fender,"HSQ - Trim parts/decals, nada-hidden"
2024-04-20T23:16:40+02:00,8774790054218,hsq-21108953000,Fairing kit,"HSQ - Trim parts/decals, nada-hidden"
2024-04-20T22:34:01+02:00,8774710526282,hsq-21112025000,Side bag 701 SVARTPILEN  2019-2020,HSQ - Technical Accessories
2024-04-20T23:33:29+02:00,8774805291338,hsq-21112924000,Side bag carrier,"HSQ - Technical Accessories, Partstream"
2024-04-20T22:38:46+02:00,8774715834698,hsq-21135940144,Radiator protection grille 701 SVARTPILEN  19-20,HSQ - Cooling
2024-04-20T23:17:05+02:00,8774790316362,hsq-21135986044,Radiator cover insert set SVARTPILEN (701) 19-20,HSQ - Trim parts/decals
2026-05-18T21:24:27+02:00,15664992420170,hsq-22100910000,EXPLORER PACK,HSQ - Technical Accessories
2024-04-20T23:07:44+02:00,8774774784330,hsq-22100910200,EXPLORER PACK,HSQ - Technical Accessories
2024-04-20T23:36:22+02:00,8774808994122,hsq-22101026000,Steering stop,"HSQ - Technical Accessories, Partstream"
2024-04-20T23:36:36+02:00,8774809256266,hsq-22101999044c1a,Factory triple clamp,"HSQ - Technical Accessories, Partstream"
2024-04-20T22:28:40+02:00,8774706200906,hsq-22101999088c1a,Factory triple clamp NORDEN (901) 22-25,HSQ - Chassis/triple clamp
2024-04-20T21:54:01+02:00,8774666158410,hsq-22103916044c1,Centre stand,HSQ - Technical Accessories
2024-04-20T22:30:47+02:00,8774708199754,hsq-22103916144c1,Center stand,HSQ - Chassis/triple clamp
2025-08-01T09:35:06+02:00,10316824314186,hsq-22103990040,Spacer bracket,HSQ - Technical Accessories
2024-04-20T23:04:42+02:00,8774765707594,hsq-22103990044,Skid plate NORDEN (901) 2022-2025,HSQ - Protection
2025-08-01T09:35:03+02:00,10316824183114,hsq-22103990060,Bracket rear left,HSQ - Technical Accessories
2025-08-01T09:35:04+02:00,10316824248650,hsq-22103990070,Bracket rear right,HSQ - Technical Accessories
2024-04-20T21:53:55+02:00,8774666092874,hsq-22103990144,Skid plate,HSQ - Technical Accessories
2024-04-20T22:20:30+02:00,8774697713994,hsq-22105979000c1,REMUS slip-on silencer NORDEN (901) 22-24,HSQ - Exhaust systems
2024-04-20T23:32:30+02:00,8774803456330,hsq-22105979010,Damping material kit,"HSQ - Technical Accessories, Partstream"
2024-04-20T22:20:19+02:00,8774697550154,hsq-22105979100c1,REMUS slip-on silencer NORDEN (901) 22-25,HSQ - Exhaust systems
2025-01-09T08:53:40+01:00,9637444747594,hsq-22105979200c1,REMUS Slip-on silencer,HSQ - Exhaust systems
2024-04-20T23:06:22+02:00,8774770819402,hsq-22107940044,Ergo rider's seat  901 NORDEN 22-24,HSQ - Seats
2024-04-20T23:06:30+02:00,8774771179850,hsq-22107940100,Ergo rider's seat  901 NORDEN  22-24,HSQ - Seats
2024-04-20T23:06:19+02:00,8774770688330,hsq-22107940300,Seat  901 NORDEN  22-24,HSQ - Seats
2024-04-20T23:06:36+02:00,8774771441994,hsq-22107947044,Ergo pillion seat  901 NORDEN  22-24,HSQ - Seats
2024-04-20T23:06:25+02:00,8774770983242,hsq-22107947500,Ergo pillion seat  901 NORDEN  22-24,HSQ - Seats
2024-04-20T23:09:23+02:00,8774780125514,hsq-22107997000,Fuel tank protection sticker kit NORDEN (901) 2022-2024,HSQ - Trim parts/decals
2024-04-20T23:28:00+02:00,8774798770506,hsq-22108008100,Windshield 901 Norden 23-24,HSQ - Technical Accessories
2024-04-20T23:27:53+02:00,8774798704970,hsq-22108208000,Touring windshield 901 Norden 22-24,HSQ - Technical Accessories
2024-04-20T23:28:03+02:00,8774798803274,hsq-22108508100,Windshield 901 Norden 22-24,HSQ - Technical Accessories
2024-04-20T23:28:05+02:00,8774798836042,hsq-22108908000,Windshield 901 Norden 22-24,HSQ - Technical Accessories
2024-04-20T23:34:25+02:00,8774806503754,hsq-22109901044c1,Factory front wheel Norden 901,HSQ - Wheels
2024-04-20T23:34:20+02:00,8774806438218,hsq-22110901044c1,Factory rear wheel,HSQ - Wheels
2024-04-20T22:32:57+02:00,8774710001994,hsq-22112910044c1,Top case carrier 901 NORDEN  2022-2024,HSQ - Technical Accessories
2024-04-20T23:34:51+02:00,8774806962506,hsq-22112919000,Tank bag,"HSQ - Technical Accessories, Partstream"
2024-04-20T23:34:55+02:00,8774807028042,hsq-22112919010,Rain cover,"HSQ - Technical Accessories, Partstream"
2024-04-20T22:33:38+02:00,8774710264138,hsq-22112919044,Tank bag,HSQ - Technical Accessories
2024-04-20T23:33:26+02:00,8774805225802,hsq-22112919055,Tank bag,"HSQ - Technical Accessories, Partstream"
2024-04-20T22:33:33+02:00,8774710231370,hsq-22112920044,Side bag carrier 901 NORDEN  2022-2025,HSQ - Technical Accessories
2024-04-20T23:34:50+02:00,8774806929738,hsq-22112922000,Touratech case,"HSQ - Technical Accessories, Partstream"
2024-04-20T23:37:01+02:00,8774809780554,hsq-22112922001,Side bag,"HSQ - Technical Accessories, Partstream"
2024-04-20T23:34:12+02:00,8774806241610,hsq-22112922011,Side bag fixing mechanism,"HSQ - Technical Accessories, Partstream"
2024-04-20T22:33:07+02:00,8774710034762,hsq-22112922044,Touratech case,HSQ - Technical Accessories
2024-04-20T23:35:20+02:00,8774807486794,hsq-22112922101,Side bag left,"HSQ - Technical Accessories, Partstream"
,,hsq-22112922500,Touring side case left,Technical Accessories
2024-04-20T23:34:49+02:00,8774806896970,hsq-22112923000,Touratech case,"HSQ - Technical Accessories, Partstream"
2024-04-20T23:37:00+02:00,8774809747786,hsq-22112923001,Side bag,"HSQ - Technical Accessories, Partstream"
2024-04-20T22:33:15+02:00,8774710067530,hsq-22112923044,Touratech case,HSQ - Technical Accessories
2024-04-20T23:35:18+02:00,8774807454026,hsq-22112923101,Side bag right,"HSQ - Technical Accessories, Partstream"
,,hsq-22112923500,Touring side case right,Technical Accessories
2024-04-20T22:32:34+02:00,8774709838154,hsq-22112924060,Inner bag 901 NORDEN  2022-2024,HSQ - Technical Accessories
2024-04-20T21:54:20+02:00,8774666551626,hsq-22112925044,Side bag set,HSQ - Technical Accessories
2024-04-20T22:32:30+02:00,8774709772618,hsq-22112925060,Inner bag 901 NORDEN  2022-2024,HSQ - Technical Accessories
2024-04-20T22:32:00+02:00,8774709346634,hsq-22112925144,Side bag set 901 NORDEN  2022-2025,HSQ - Technical Accessories
2025-06-11T07:55:23+02:00,10230404776266,hsq-22112925344,Side bag set 901 NORDEN 22-25,"HSQ - Luggage, HSQ - Technical Accessories"
2024-04-20T23:34:49+02:00,8774806864202,hsq-22112929000,Top case,"HSQ - Technical Accessories, Partstream"
2024-04-20T22:33:23+02:00,8774710133066,hsq-22112929044,Touratech top case,HSQ - Technical Accessories
2024-04-20T23:34:48+02:00,8774806831434,hsq-22112929500,Touring top case,"HSQ - Technical Accessories, Partstream"
2024-04-20T22:32:50+02:00,8774709903690,hsq-22112929544,Touring top case,HSQ - Technical Accessories
2025-06-11T07:56:30+02:00,10230405857610,hsq-22112929644,Touring top case 901 NORDEN 22-25,HSQ - Technical Accessories
2024-04-20T23:34:47+02:00,8774806798666,hsq-22112932500,Touring case set,"HSQ - Technical Accessories, Partstream"
2024-04-20T22:32:53+02:00,8774709969226,hsq-22112932544,Touring case set,HSQ - Technical Accessories
2024-04-20T22:30:39+02:00,8774708068682,hsq-22112955044,Lowering kit NORDEN (901) 22-24,HSQ - Chassis/triple clamp
2024-04-20T22:32:42+02:00,8774709870922,hsq-22112979000,Luggage bag 901 NORDEN  2022-2024,HSQ - Technical Accessories
2024-04-20T23:34:56+02:00,8774807060810,hsq-22112979010,Lashing strap set,"HSQ - Technical Accessories, Partstream"
2024-04-20T22:25:33+02:00,8774703546698,hsq-22113903000,"Brake fluid reservoir cover NORDEN, SVARTPILEN, VITPILEN (801, 901) 22-25","anodized, HSQ - CNC-parts"
2024-04-20T22:25:36+02:00,8774703579466,hsq-22113962000,"Brake fluid reservoir cap NORDEN, SVARTPILEN, VITPILEN (801, 901) 22-25","anodized, HSQ - CNC-parts"
2024-04-20T23:34:13+02:00,8774806274378,hsq-22114038000,Auxiliary headlight,"HSQ - Technical Accessories, Partstream"
2024-04-20T23:01:00+02:00,8774750339402,hsq-22114944044,Headlight protection NORDEN (901) 2022-2024,HSQ - Protection
2024-04-20T23:37:12+02:00,8774810173770,hsq-22114945000,Auxiliary lamp protection,"HSQ - Technical Accessories, Partstream"
2024-04-20T23:00:55+02:00,8774749946186,hsq-22114945044,fog light protection NORDEN (901) 2022-2025,HSQ - Protection
2024-04-20T22:27:08+02:00,8774704922954,hsq-22130920044c1,"Oil plug EE, FC, FE, FS, FX, NORDEN, SVARTPILEN, TC, TE, TX, VITPILEN 14-25","anodized, HSQ - CNC-parts"
2025-06-11T07:55:49+02:00,10230405136714,hsq-2213099404468,Ignition cover plug 250-501 FC/FE/FX 701 ENDURO/SUPERMOTO 16-25,"anodized, HSQ - CNC-parts"
2024-04-20T22:27:05+02:00,8774704890186,hsq-22130994044c1,"Ignition cover plug 701 FC, FE, FX, SVARTPILEN, VITPILEN (250-801 ENDURO, SUPERMOTO) 16-25","anodized, HSQ - CNC-parts"
2024-04-21T01:51:56+02:00,8775284949322,hsq-2286005,GROUP header,HSQ - Special tools
2024-04-21T01:51:58+02:00,8775285473610,hsq-2286006,GROUP header,HSQ - Special tools
2024-04-21T01:52:00+02:00,8775285768522,hsq-2286007,WP header,HSQ - Special tools
2024-04-21T01:52:03+02:00,8775286063434,hsq-2286008,WP header,HSQ - Special tools
,,hsq-2301j0,FX 450 2010,HQV DealerNet INT
,,hsq-2301k0,FX 450 2011,HQV DealerNet INT
,,hsq-2303dx,FS 450 S 2004,HQV DealerNet INT
,,hsq-2303e5,FS 450 C 2005,HQV DealerNet INT
,,hsq-2303f5,FS 450 C 2006,HQV DealerNet INT
,,hsq-2303g2,FE 450 S 2007,HQV DealerNet INT
,,hsq-2303g4,FS 450 E 2007,HQV DealerNet INT
,,hsq-2303h4,FS 450 E 2008,HQV DealerNet INT
2024-04-20T22:59:19+02:00,8774744015178,hsq-23103994000ha,Frame protection sticker set TC (50) 2017-2023,HSQ - Protection
2024-04-20T22:20:12+02:00,8774697386314,hsq-23105907000,FMF Fatty expansion chamber  2-stroke TC (50) 17-23,HSQ - Exhaust systems
2024-04-20T21:57:56+02:00,8774670877002,hsq-23105979000,FMF Powercore 2 silencer,HSQ - Technical Accessories
2024-04-20T23:27:34+02:00,8774798410058,hsq-23106998000h1,Air filter panel,HSQ - Tool/transport
2024-04-20T23:05:03+02:00,8774766952778,hsq-23107240000,"Factory seat EE, TC (3, 5, 50) 17-24",HSQ - Seats
2024-04-20T23:11:51+02:00,8774786548042,hsq-23108990000,Rockstar graphics kit,"HSQ - Trim parts/decals, nada-hidden"
2024-04-20T22:59:00+02:00,8774743556426,hsq-23203994000ha,"Frame protection sticker set EE, TC (3, 5, 50) 2017-2024",HSQ - Protection
2024-04-20T23:09:30+02:00,8774780485962,hsq-23208990000,Factory graphics kit,HSQ - Trim parts/decals
2024-04-20T22:29:28+02:00,8774706889034,hsq-23301996000,Factory start device,"HSQ - Chassis/triple clamp, nada-hidden"
2024-04-20T21:54:37+02:00,8774666912074,hsq-23303990000,Skid plate,HSQ - Technical Accessories
2024-04-20T22:59:16+02:00,8774743949642,hsq-23303994000ha,Frame protection sticker set TC (65) 2017-2023,HSQ - Protection
2024-04-20T22:20:10+02:00,8774697320778,hsq-23305907000,Factory expansion chamber 2-stroke TC (65) 17-23,HSQ - Exhaust systems
2024-04-20T21:56:08+02:00,8774668878154,hsq-23305979000,Factory silencer,HSQ - Technical Accessories
2024-04-20T23:27:37+02:00,8774798442826,hsq-23306998000h1,Air filter panel,HSQ - Tool/transport
2024-04-20T21:59:14+02:00,8774672318794,hsq-23308990000,Rockstar graphics kit,HSQ - Technical Accessories
2024-04-20T23:10:11+02:00,8774782648650,hsq-23308990200,Factory graphics kit,"HSQ - Trim parts/decals, nada-hidden"
2024-04-20T22:02:42+02:00,8774676808010,hsq-23501996000,Factory start device,HSQ - Technical Accessories
2024-04-20T22:09:13+02:00,8774685720906,hsq-2350199901468,Factory triple clamp,HSQ - Technical Accessories
2024-04-20T22:28:45+02:00,8774706299210,hsq-2350199911468,Factory triple clamp,"HSQ - Chassis/triple clamp, nada-hidden"
2024-04-20T22:44:36+02:00,8774723043658,hsq-2350293104468,Flex clutch lever,"HSQ - Handlebars/instruments/electrics, nada-hidden"
2024-04-20T22:13:50+02:00,8774690537802,hsq-23503990000,Skid plate,"HSQ - Protection, nada-hidden"
2024-04-20T22:08:07+02:00,8774684311882,hsq-23503999000,Frame protection sticker set,"HSQ - Technical Accessories, nada-hidden"
2024-04-20T22:29:18+02:00,8774706757962,hsq-23504905000,Preload adjuster,"HSQ - Chassis/triple clamp, nada-hidden"
2024-04-20T22:19:24+02:00,8774696403274,hsq-23505907000,FMF Fatty expansion chamber  2-stroke,"HSQ - Exhaust systems, nada-hidden"
2024-04-20T22:19:27+02:00,8774696468810,hsq-23505979000,FMF Powercore 2 silencer 2-stroke TC (85) 14-17,HSQ - Exhaust systems
2024-04-20T22:03:40+02:00,8774678020426,hsq-23507940000,Seat,HSQ - Technical Accessories
2024-04-20T22:03:44+02:00,8774678085962,hsq-23507940100,Seat,HSQ - Technical Accessories
2024-04-20T22:07:41+02:00,8774683951434,hsq-23507940300,Seat,HSQ - Technical Accessories
2024-04-20T22:00:33+02:00,8774673826122,hsq-23507940350,Seat cover,HSQ - Technical Accessories
2024-04-20T22:04:19+02:00,8774678839626,hsq-23507940400,Seat,HSQ - Technical Accessories
2024-04-20T22:03:05+02:00,8774677299530,hsq-23507940500,Step up seat,HSQ - Technical Accessories
2024-04-21T01:18:30+02:00,8775032078666,hsq-23508053000,Plastic parts kit,"HSQ - Original Spare Part Kits, nada-hidden"
2024-04-21T01:18:34+02:00,8775032176970,hsq-23508053010,Plastic parts set,"HSQ - Original Spare Part Kits, nada-hidden"
2024-04-21T01:18:38+02:00,8775032439114,hsq-23508053110,Plastic parts set,"HSQ - Original Spare Part Kits, nada-hidden"
2024-04-21T01:18:23+02:00,8775031488842,hsq-23508053210,Plastic parts set,"HSQ - Original Spare Part Kits, nada-hidden"
2024-04-20T22:59:25+02:00,8774744146250,hsq-23509961000,Brake disc guard,"HSQ - Protection, nada-hidden"
2024-04-20T23:00:06+02:00,8774746079562,hsq-23510961000,Brake disc guard,"HSQ - Protection, nada-hidden"
2024-04-20T22:44:40+02:00,8774723141962,hsq-2351390204468,Flex brake lever,"HSQ - Handlebars/instruments/electrics, nada-hidden"
2024-04-20T23:16:13+02:00,8774789726538,hsq-23601094000db,Fork protector kit TC (85) 18-21,HSQ - Trim parts/decals
2024-04-20T21:56:53+02:00,8774669730122,hsq-23601996000,Factory start device,HSQ - Technical Accessories
2024-04-20T22:26:17+02:00,8774704202058,hsq-23602930000,Clutch reservoir cover,"anodized, HSQ - CNC-parts, nada-hidden"
2024-04-20T22:43:01+02:00,8774720782666,hsq-2360297900028,"Handguard kit TC (65, 85) 14-25",HSQ - Handlebars/instruments/electrics
2024-04-20T21:56:11+02:00,8774668910922,hsq-23603990000,Skid plate,HSQ - Technical Accessories
2024-04-20T22:59:04+02:00,8774743621962,hsq-23603994000ha,Frame protection sticker set,"HSQ - Trim parts/decals, nada-hidden"
2024-04-20T23:19:27+02:00,8774792216906,hsq-2360600300028,Air filter cover TC (85) 18-21,HSQ - Trim parts/decals
2024-04-20T23:19:24+02:00,8774792184138,hsq-2360600400028,Air filter cover TC (85) 18-21,HSQ - Trim parts/decals
2024-04-20T23:18:28+02:00,8774791496010,hsq-23606998000ha,Air filter cover,"HSQ - Trim parts/decals, nada-hidden"
2024-04-20T23:05:34+02:00,8774768460106,hsq-23607940000,Seat  85 TC 18-24,HSQ - Seats
2024-04-20T23:52:29+02:00,8774825345354,hsq-23607940050,Seat cover,"HSQ - Technical Accessories, Partstream"
2024-04-20T23:05:31+02:00,8774768263498,hsq-23607940200,Seat  85 TC 18-24,HSQ - Seats
2024-04-20T23:05:28+02:00,8774768165194,hsq-23607940400,Step up seat  85 TC 18-24,HSQ - Seats
2024-04-20T23:19:15+02:00,8774792053066,hsq-2360800700028,FRONT NUMBER PLATE TC (85) 18-21,HSQ - Trim parts/decals
2024-04-20T23:19:21+02:00,8774792151370,hsq-2360801000028,Fender TC (85) 18-21,HSQ - Trim parts/decals
2024-04-20T23:19:18+02:00,8774792085834,hsq-2360801300028,Fender TC (85) 18-21,HSQ - Trim parts/decals
2024-04-20T23:19:12+02:00,8774792020298,hsq-2360805400028,Spoiler set,"HSQ - Trim parts/decals, nada-hidden"
2024-04-20T23:10:08+02:00,8774782517578,hsq-23608990100,Factory graphics kit,HSQ - Trim parts/decals
2024-04-20T22:59:10+02:00,8774743785802,hsq-23609961000,Brake disc guard,"HSQ - Protection, nada-hidden"
2024-04-20T22:36:02+02:00,8774713114954,hsq-236109510xx68,Rear sprocket 85 TC  48 t/m 50T 14-25,HSQ - Chains/Sprockets
2024-04-20T22:26:14+02:00,8774704136522,hsq-23613903000,"Brake fluid reservoir cover TC (65, 85) 14-21","anodized, HSQ - CNC-parts"
2024-04-20T22:50:43+02:00,8774731858250,hsq-23630926000,Outer clutch cover,"HSQ - Engine, nada-hidden"
2024-04-20T23:02:45+02:00,8774757515594,hsq-23632975044,Clutch slave cylinder protection TC (85) 2018-2025,HSQ - Protection
2024-04-20T23:02:48+02:00,8774757712202,hsq-24003990000,"Skid plate TC, TE, TX (125, 150, 150i) 2016-2023",HSQ - Protection
2024-04-20T23:03:20+02:00,8774759711050,hsq-24003990544,"Skid plate TC, TE, TX (125, 150, 150i) 2017-2023",HSQ - Protection
2024-04-20T22:19:32+02:00,8774696567114,hsq-24005979000,"FMF Powercore 2 silencer 2-stroke TC, TE, TX (125, 150) 16-19",HSQ - Exhaust systems
2024-04-20T22:50:50+02:00,8774732120394,hsq-24030926044,Outer clutch cover,"HSQ - Engine, nada-hidden"
2024-04-21T00:07:33+02:00,8774840549706,hsq-24032975000,Clutch slave cylinder protection,Partstream
2024-04-20T23:02:52+02:00,8774757941578,hsq-24032975044,"Clutch slave cylinder protection TC, TE, TX (125, 150, 150i) 2016-2023",HSQ - Protection
2024-04-20T22:28:18+02:00,8774705873226,hsq-24035952044,"Water pump cover TC, TE, TX (125, 150, 150i) 2016-2023","anodized, HSQ - CNC-parts"
2024-04-20T22:27:42+02:00,8774705381706,hsq-24037905044,"Factory control cover TC, TE, TX (125, 150, 150i) 16-23","anodized, HSQ - CNC-parts"
,,hsq-2403e9,FE 550 S 2005,HQV DealerNet INT
,,hsq-2403g4,FS 550 E 2007,HQV DealerNet INT
2024-04-20T23:03:23+02:00,8774759907658,hsq-24503990000,Skid plate,"HSQ - Protection, nada-hidden"
2024-04-20T23:03:25+02:00,8774760071498,hsq-24503990544,Skid plate,"HSQ - Protection, nada-hidden"
2024-04-20T22:19:14+02:00,8774696141130,hsq-24505907000,FMF Fatty expansion chamber  2-stroke,"HSQ - Exhaust systems, nada-hidden"
2024-04-20T22:19:12+02:00,8774696075594,hsq-24505979000,"FMF Titanium Powercore 2.1 silencer  2-stroke TC, TE, TX (250, 250i, 300, 300i) 17-19",HSQ - Exhaust systems
2024-04-20T22:19:21+02:00,8774696304970,hsq-24505979002,FMF Powercore 2.1 silencer  2-stroke,"HSQ - Exhaust systems, nada-hidden"
2024-04-20T22:22:00+02:00,8774699843914,hsq-24505979080,FMF Powercore 2.1 sticker,"HSQ - Exhaust systems, nada-hidden"
2024-04-20T22:50:46+02:00,8774731956554,hsq-24530926044,"Outer clutch cover TC, TE, TX (250, 250i, 300, 300i) 17-23",HSQ - Engine
2024-04-21T00:02:55+02:00,8774834356554,hsq-24532975000,Clutch slave cylinder protection,Partstream
2024-04-20T23:02:42+02:00,8774757089610,hsq-24532975044,"Clutch slave cylinder protection TC, TE, TX (250, 250i, 300, 300i) 2017-2022",HSQ - Protection
2024-04-20T22:38:06+02:00,8774715146570,hsq-2453592404468,Radiator hoses,"HSQ - Cooling, nada-hidden"
2024-04-20T23:58:52+02:00,8774831046986,hsq-24535941010,Control unit,"HSQ - Technical Accessories, Partstream"
2024-04-20T22:37:51+02:00,8774714818890,hsq-24535941044,Radiator fan 150-501 FC/FE/FS/FX/TE/TX 16-19,HSQ - Cooling
2024-04-20T22:28:22+02:00,8774705938762,hsq-24537905044,"Factory control cover TC, TE, TX (125, 250, 250i, 300, 300i) 2014-2023","anodized, HSQ - CNC-parts"
2024-04-20T23:03:17+02:00,8774759514442,hsq-24537994044,"Exhaust flange guard TC, TE, TX (250, 250i, 300, 300i) 2017-2023",HSQ - Protection
2024-04-20T23:02:38+02:00,8774756499786,hsq-24603990000,"Skid plate TC, TE, TX (250, 250i, 300, 300i) 2019-2023",HSQ - Protection
2024-04-20T23:02:35+02:00,8774756204874,hsq-24603990544,"Skid Plate TC, TE, TX (250, 250i, 300, 300i) 2019-2023",HSQ - Protection
2024-04-20T23:08:36+02:00,8774777536842,hsq-24607913044,Fuel tank,"HSQ - Technical Accessories, nada-hidden"
,,hsq-2475k7,FE 570 S 2011,HQV DealerNet INT
2024-04-20T22:08:28+02:00,8774684836170,hsq-2500109400028,Fork protector kit,HSQ - Technical Accessories
2024-04-20T23:19:58+02:00,8774792511818,hsq-2500109410028,"Fork protector kit FC, FE, FX, TC, TE, TX (125-501) 16-19",HSQ - Trim parts/decals
2024-04-20T23:18:16+02:00,8774791397706,hsq-25001094100ab,"Fork protector kit FC, FE, FX, TC, TE, TX (125-501) 16-23",HSQ - Trim parts/decals
2024-04-20T23:17:49+02:00,8774791037258,hsq-25001094100db,"Fork protector kit FC, FE, FX, TC, TE, TX (125-501) 16-23",HSQ - Trim parts/decals
2024-04-20T22:25:52+02:00,8774703874378,hsq-2500192000068,"Factory adjuster wheel EE, FC, FE, FS, FX, TC, TE, TX (125-501, 65, 85) 16-25",HSQ - Chassis/triple clamp
2024-04-20T22:26:25+02:00,8774704267594,hsq-2500192004468,"Factory adjuster wheel set 701, FC, FE, FS, FX, TC, TE, TX (125-501, ENDURO, SUPERMOTO) 14-25","anodized, HSQ - CNC-parts, stock, synkro-clone-ktm-shop-nederland"
2024-04-20T22:47:43+02:00,8774726943050,hsq-25001939500,Progressive handlebar damping system (PHDS),"HSQ - Handlebars/instruments/electrics, nada-hidden"
2024-04-20T23:45:14+02:00,8774818431306,hsq-2500208204428,Handguard,"HSQ - Technical Accessories, Partstream"
2024-04-20T22:41:34+02:00,8774718488906,hsq-25002979000ab,"Handguard kit FC, FX, TC, TX (125-450) 20-25",HSQ - Handlebars/instruments/electrics
2024-04-20T22:08:40+02:00,8774685065546,hsq-25002990000,Handguard sticker set,HSQ - Technical Accessories
2024-04-20T23:11:04+02:00,8774785335626,hsq-25002990100,Handguard sticker set,HSQ - Trim parts/decals
2024-04-20T23:04:03+02:00,8774762496330,hsq-25003990000,"Skid plate FC, FE, FX (250, 350, 350s) 2016-2023",HSQ - Protection
2024-04-20T23:04:32+02:00,8774764364106,hsq-25003990544,"Skid plate FC, FE, FX (250, 350, 350s) 2016-2023",HSQ - Protection
2024-04-20T21:57:45+02:00,8774670680394,hsq-25004905000,Preload adjuster,HSQ - Technical Accessories
2024-04-20T22:02:33+02:00,8774676676938,hsq-25005900044,"Akrapovič ""Evolution Line""",HSQ - Technical Accessories
2024-04-20T22:17:03+02:00,8774693945674,hsq-25005900144,Akrapovič  Evolution Line  4-stroke,"HSQ - Exhaust systems, nada-hidden"
2024-04-20T22:03:32+02:00,8774677889354,hsq-25005979000,"Akrapovič ""Slip-on Line""",HSQ - Technical Accessories
2024-04-20T22:00:20+02:00,8774673498442,hsq-2500600105028,Air filter panel,HSQ - Technical Accessories
2024-04-20T23:19:51+02:00,8774792446282,hsq-2500600115028,Air filter panel,"HSQ - Trim parts/decals, nada-hidden"
2024-04-20T23:21:48+02:00,8774794182986,hsq-2500600300028,"Air filter panel FC, FE, FS, FX, TC, TE, TX (125-501) 16-19",HSQ - Trim parts/decals
2024-04-20T23:21:45+02:00,8774794150218,hsq-2500600400028,"Air filter panel FC, FE, FS, FX, TC, TE, TX (125- 501) 16-19",HSQ - Trim parts/decals
2024-04-20T23:27:30+02:00,8774798344522,hsq-25006998100h1,Air filter cover,HSQ - Tool/transport
2024-04-20T23:05:37+02:00,8774768591178,hsq-25007940000,Seat   125-501 FC/FE/FS/FX/TC/TE/TX  16-19,HSQ - Seats
2024-04-20T23:05:40+02:00,8774768689482,hsq-25007940100,Seat,"HSQ - Seats, nada-hidden"
2024-04-20T23:05:43+02:00,8774768820554,hsq-25007940200,Seat   125-501 FC/FE/FS/FX/TC/TE/TX  16-19,HSQ - Seats
2024-04-20T23:05:46+02:00,8774768951626,hsq-25007940300,Step up seat  125-501 TC/FC/TE/FE/TX/FX/FS  16-19,HSQ - Seats
2024-04-20T23:19:54+02:00,8774792479050,hsq-2500800100028,"Headlight shroud FE, TE, TX (125-501) 17-19",HSQ - Trim parts/decals
2024-04-21T10:44:11+02:00,8775935787338,hsq-25008001000c1,Headight mask 701 (SUPERMOTO) 19-24,HSQ - Trim parts/decals
2024-04-20T23:21:59+02:00,8774794346826,hsq-2500800704428,"Front number plate FC, FE, FS, FX, TC, TE, TX (125-501) 16-19",HSQ - Trim parts/decals
2024-04-20T22:01:10+02:00,8774674678090,hsq-2500801000028,Fender,HSQ - Technical Accessories
2024-04-20T23:18:34+02:00,8774791561546,hsq-2500801000028d,"Fender FC, FE, FX, TC, TE, TX (125-501) 16-19",HSQ - Trim parts/decals
2024-04-20T23:17:57+02:00,8774791168330,hsq-25008010000ab,"Fender FC, FE, FS, FX, TC, TE, TX (125-501) 16-23",HSQ - Trim parts/decals
2024-04-20T23:17:34+02:00,8774790742346,hsq-25008010000db,Fender,"HSQ - Trim parts/decals, nada-hidden"
2024-04-20T23:21:43+02:00,8774794117450,hsq-2500801300028,"Tail section FC, FS, FX, TC, TX (125-450) 16-19",HSQ - Trim parts/decals
2024-04-20T23:19:48+02:00,8774792413514,hsq-25008013000ha,"Tail section FC, FS, FX, TC, TX (125-450) 16-19",HSQ - Trim parts/decals
2024-04-20T23:20:26+02:00,8774792872266,hsq-2500805400028,Spoiler set,"HSQ - Trim parts/decals, nada-hidden"
2024-04-20T23:21:52+02:00,8774794281290,hsq-25008054000ha,"Spoiler set FC, FE, FS, FX, TC, TE, TX (125-501) 16-19",HSQ - Trim parts/decals
2024-04-20T22:02:58+02:00,8774677201226,hsq-2500898800028,Start number backgrounds,HSQ - Technical Accessories
2024-04-20T22:03:10+02:00,8774677463370,hsq-2500898800030,Start number backgrounds,HSQ - Technical Accessories
2024-04-20T22:22:37+02:00,8774700564810,hsq-25009260000,"Wave brake disc FC, FE, FS, FX, TC, TE, TX (125-570) 09-19",HSQ - Brakes
2024-04-20T21:59:03+02:00,8774672187722,hsq-2500990104468,"Factory front wheel 1.6x21""",HSQ - Technical Accessories
2024-04-20T22:12:03+02:00,8774688637258,hsq-2500990114468,"Factory front wheel 1.6x21""  FC, FE, FX, TC, TE, TX (125-501)  15-25",HSQ - Wheels
2024-04-20T22:23:35+02:00,8774701678922,hsq-25009960000,"Wave brake disc FC, FE, FS, FX, TC, TE, TX (125-501) 14-25",HSQ - Brakes
2024-04-20T22:59:28+02:00,8774744211786,hsq-2500996100030,Brake disc guard,"HSQ - Protection, nada-hidden"
2024-04-20T22:24:42+02:00,8774702793034,hsq-2500996110030,Brake disc guard,"HSQ - Brakes, nada-hidden"
2024-04-20T23:51:27+02:00,8774824624458,hsq-25010010144,Rear wheel hub,"HSQ - Technical Accessories, Partstream"
2024-04-20T23:50:51+02:00,8774823969098,hsq-2501007000030a,"Rim 2,15x19"" DID","HSQ - Technical Accessories, Partstream"
2024-04-20T21:59:09+02:00,8774672253258,hsq-2501090104468,"Factory rear wheel 2.15x19""",HSQ - Technical Accessories
2024-04-20T22:10:53+02:00,8774687555914,hsq-2501090114468,"Factory rear wheel 2.15x19""  FC, FE, FX, TC, TE, TX (125-650)  05-23",HSQ - Wheels
2024-04-20T21:59:23+02:00,8774672482634,hsq-2501090204468,"Factory rear wheel 2.15x18""",HSQ - Technical Accessories
2024-04-20T22:12:06+02:00,8774688735562,hsq-2501090214468,"Factory rear wheel 2.15x18""","HSQ - Wheels, nada-hidden"
2024-04-20T22:23:32+02:00,8774701580618,hsq-25010960000,"Wave brake disc FC, FE, FS, FX, TC, TE, TX (85-650) 04-25",HSQ - Brakes
2024-04-20T22:35:24+02:00,8774712099146,hsq-25010965118ha,"Chain FC, FE, FX, TC, TE, TX (125-650) 08-25",HSQ - Chains/Sprockets
2024-04-20T23:37:52+02:00,8774811124042,hsq-25010966010ha,Chain link,"HSQ - Technical Accessories, Partstream"
2024-04-20T22:46:10+02:00,8774725206346,hsq-25011955044,Battery compartment,"HSQ - Handlebars/instruments/electrics, nada-hidden"
2024-04-20T23:26:51+02:00,8774797885770,hsq-25012030000h1,Plug,"HSQ - Tool/transport, nada-hidden"
2024-04-20T23:26:54+02:00,8774797918538,hsq-25012030100h1,Plug,"HSQ - Tool/transport, nada-hidden"
2024-04-20T22:24:11+02:00,8774702367050,hsq-25013960000,"Master cylinder extender FC, FE, FX, TC, TE, TX (125-501) 18-22","anodized, HSQ - CNC-parts"
2024-04-20T22:24:17+02:00,8774702432586,hsq-25013962000,Brake fluid reservoir cover,"anodized, HSQ - CNC-parts, nada-hidden"
2024-04-21T00:07:38+02:00,8774840648010,hsq-25032975000,Clutch slave cylinder protection,Partstream
2024-04-20T23:04:06+02:00,8774762660170,hsq-25032975044,"Clutch slave cylinder protection FC, FE, FX (250, 350, 350s) 2016-2023",HSQ - Protection
,,hsq-2503e5,FS 650 C 2005,HQV DealerNet INT
,,hsq-2503f5,FS 650 C 2006,HQV DealerNet INT
,,hsq-2503g5,FS 650 C 2007,HQV DealerNet INT
,,hsq-2503h4,FS 650 E 2008,HQV DealerNet INT
,,hsq-2503h5,FS 650 C 2008,HQV DealerNet INT
,,hsq-250svartpilen2020,Svartpilen 250 2020,HQV DealerNet INT
,,hsq-250vitpilen2020,Vitpilen 250 2020,HQV DealerNet INT
2024-04-20T21:56:39+02:00,8774669467978,hsq-25101900000,Bleeder valve,HSQ - Technical Accessories
2024-04-20T23:10:00+02:00,8774782058826,hsq-25101994050,Fork protector sticker set,"HSQ - Trim parts/decals, nada-hidden"
2024-04-20T21:57:42+02:00,8774670647626,hsq-25101996000,Factory start device,HSQ - Technical Accessories
2024-04-20T23:41:51+02:00,8774815449418,hsq-25102082044ab,Handguards,"HSQ - Technical Accessories, Partstream"
2024-04-20T23:45:11+02:00,8774818365770,hsq-25102084044,Handguard mounting kit,"HSQ - Technical Accessories, Partstream"
2024-04-20T22:42:07+02:00,8774719439178,hsq-25102085044,"Wrap-around handguard kit FC, FE, FS, FX, PIONEER, TC, TE, TX (125-660) 16-25",HSQ - Handlebars/instruments/electrics
2024-04-20T23:38:54+02:00,8774812074314,hsq-25102102033haa,Handlebar pad,"HSQ - Technical Accessories, Partstream"
2026-05-18T21:25:09+02:00,15664992747850,hsq-25102182044c1,Handguard kit,HSQ - Handlebars/instruments/electrics
2024-04-20T22:47:23+02:00,8774726549834,hsq-2510290100068,"Renthal Twinwall handlebar 701 FC, FE, FS, FX, TC, TE, TX (125-570 Enduro, Supermoto) 11-25",HSQ - Handlebars/instruments/electrics
2024-04-20T22:42:35+02:00,8774720225610,hsq-2510297900028,"Handguard kit FE, FX, TE, TX (125-501) 18-19",HSQ - Handlebars/instruments/electrics
2024-04-20T22:42:20+02:00,8774719832394,hsq-25102979000ab,"Handguard kit FE, FX, TE, TX (150-501) 20-21",HSQ - Handlebars/instruments/electrics
2024-04-20T22:59:06+02:00,8774743687498,hsq-25103094000db,"Frame protection set FC, FE, FS, FX, TC, TE, TX (125-501) 18-23",HSQ - Protection
2024-04-20T23:00:09+02:00,8774746341706,hsq-2510309410030,"Frame protection set FC, FE, FX, TC, TE, TX (125-501) 18-23",HSQ - Protection
2024-04-20T23:00:12+02:00,8774746636618,hsq-25103094100bj,"Frame protection set FC, FE, FX, TC, TE, TX (125-501) 18-23",HSQ - Protection
2024-04-29T15:41:01+02:00,8790119743818,hsq-25103094100db,"Frame protection set 125-501 FC, FE, FS, FX, TC, TE, TX   18-23",HSQ - Protection
2024-04-20T23:00:16+02:00,8774746898762,hsq-25103094100ha,"Frame protection set FC, FE, FX, TC, TE, TX (125-501) 18-23",HSQ - Protection
2024-04-20T21:56:19+02:00,8774669041994,hsq-25103990044,Skid plate,HSQ - Technical Accessories
2024-04-20T23:04:39+02:00,8774765281610,hsq-25103990544,"Skid plate FE (250, 350, 350s) 2017-2023",HSQ - Protection
2024-04-20T21:57:12+02:00,8774670057802,hsq-25103994000,Factory Racing frame protection set,HSQ - Technical Accessories
2024-04-20T22:58:52+02:00,8774743359818,hsq-25103994000ab1,"Factory Racing frame protection set FC, FE, FS, FX, TC, TE, TX (125-501) 18-23",HSQ - Protection
2024-04-20T22:58:47+02:00,8774743228746,hsq-25103994000ab2,"Factory Racing frame protection set FC, FE, FX, TC, TE, TX (125-501) 18-23",HSQ - Protection
2024-04-20T22:58:50+02:00,8774743294282,hsq-25103994000c11,"Factory Racing frame protection set FC, FE, FX, TC, TE, TX (125-501) 18-23",HSQ - Protection
2024-04-20T23:41:22+02:00,8774815023434,hsq-25105901020,Repair kit,"HSQ - Technical Accessories, Partstream"
2024-04-20T22:15:48+02:00,8774692438346,hsq-25105901044,"Akrapovič  Racing Line  4-stroke FE (250, 350, 350s) 20-23",HSQ - Exhaust systems
2024-04-20T22:15:13+02:00,8774691881290,hsq-25105907501,FMF Megabomb header  4-stroke,"HSQ - Exhaust systems, nada-hidden"
2024-04-20T23:41:27+02:00,8774815088970,hsq-25105908000,Factory header,"HSQ - Technical Accessories, Partstream"
2024-04-20T23:41:25+02:00,8774815056202,hsq-25105908060,Fitting kit header,"HSQ - Technical Accessories, Partstream"
2024-04-20T22:15:36+02:00,8774692241738,hsq-25105981000,"Akrapovič  Slip-on Line  4-stroke FE (250, 350, 350s, 450, 501, 501s) 20-23",HSQ - Exhaust systems
2024-04-20T22:15:31+02:00,8774692208970,hsq-25105981002,FMF Powercore 4 silencer  4-stroke,"HSQ - Exhaust systems, nada-hidden"
2024-04-20T22:15:28+02:00,8774692143434,hsq-25105981003,FMF Factory 4.1 RCT silencer  4-stroke,"HSQ - Exhaust systems, nada-hidden"
2024-04-20T23:41:37+02:00,8774815220042,hsq-25105981020,Repair kit,"HSQ - Technical Accessories, Partstream"
2024-04-20T23:41:33+02:00,8774815187274,hsq-25105981030,Noise reduction insert,"HSQ - Technical Accessories, Partstream"
2024-04-20T23:41:40+02:00,8774815252810,hsq-25105981050,Silencer cap,"HSQ - Technical Accessories, Partstream"
2024-04-20T23:40:56+02:00,8774814564682,hsq-25105981533,FMF spark arrestor insert,"HSQ - Technical Accessories, Partstream"
2024-04-20T23:41:30+02:00,8774815121738,hsq-25105987000,Factory main silencer,"HSQ - Technical Accessories, Partstream"
2024-04-20T23:18:49+02:00,8774791725386,hsq-2510600110028,Lower section of the air filter,"HSQ - Trim parts/decals, nada-hidden"
2024-04-20T23:18:12+02:00,8774791364938,hsq-25106001100ab,Lower section of the air filter,"HSQ - Trim parts/decals, nada-hidden"
2024-04-20T23:17:52+02:00,8774791102794,hsq-25106001100db,"Lower section of the air filter FC, FE, FS, FX, TC, TE, TX (125-501) 18-23",HSQ - Trim parts/decals
2024-04-20T23:18:41+02:00,8774791627082,hsq-2510600300028,"Air filter panel FC, FS, FX (250, 350, 450) 18-19",HSQ - Trim parts/decals
2024-04-20T23:18:09+02:00,8774791332170,hsq-25106003000ab,"Air filter panel FC, FE, FS, FX, TC, TE, TX (125-501) 18-23",HSQ - Trim parts/decals
2024-04-20T23:17:37+02:00,8774790807882,hsq-25106003000db,"Air filter panel FC, FE, FS, FX, TC, TE, TX (125-501) 18-23",HSQ - Trim parts/decals
2024-04-20T23:18:52+02:00,8774791758154,hsq-2510600400028,"Air filter panel FC, FS, FX (250, 350, 450) 18-19",HSQ - Trim parts/decals
2024-04-20T23:18:00+02:00,8774791201098,hsq-25106004000ab,"Air filter panel FC, FE, FS, FX, TC, TE, TX (125-501) 18-23",HSQ - Trim parts/decals
2024-04-20T23:17:40+02:00,8774790840650,hsq-25106004000db,"Air filter panel FC, FE, FS, FX, TC, TE, TX (125-501) 18-23",HSQ - Trim parts/decals
2024-04-20T23:18:57+02:00,8774791856458,hsq-2510601300028,"Side fairing FC, FS, FX (250, 350, 450) 18-19",HSQ - Trim parts/decals
2024-04-20T23:18:03+02:00,8774791266634,hsq-25106013000ab,"Side fairing FC, FE, FS, FX, TC, TE, TX (125-501) 18-23",HSQ - Trim parts/decals
2024-04-20T23:17:55+02:00,8774791135562,hsq-25106013000db,"Side fairing FC, FE, FS, FX, TC, TE, TX (125-501) 18-23",HSQ - Trim parts/decals
2024-04-20T23:18:54+02:00,8774791823690,hsq-2510601400028,"Side fairing FC, FS, FX (250, 350, 450) 18-19",HSQ - Trim parts/decals
2024-04-20T23:18:06+02:00,8774791299402,hsq-25106014000ab,"Side fairing FC, FE, FS, FX, TC, TE, TX (125-501) 18-23",HSQ - Trim parts/decals
2024-04-20T23:17:42+02:00,8774790906186,hsq-25106014000db,Side fairing,"HSQ - Trim parts/decals, nada-hidden"
2024-04-20T23:17:14+02:00,8774790414666,hsq-25106903000ab,"Air filter panel FC, FE, FS, FX, TC, TE, TX (125-501) 18-23",HSQ - Trim parts/decals
2024-04-20T23:17:17+02:00,8774790447434,hsq-25106903000db,Air filter panel,HSQ - Trim parts/decals
2024-04-20T23:05:06+02:00,8774767149386,hsq-25107240000,Factory seat  125-501 FC/FE/FS/FX/TC/TE/TX 18-23,HSQ - Seats
2024-04-20T21:55:04+02:00,8774667534666,hsq-25107913044,Fuel tank,"HSQ - Technical Accessories, nada-hidden"
2024-04-20T23:08:00+02:00,8774775701834,hsq-25107913144,Fuel tank,"HSQ - Technical Accessories, nada-hidden"
2024-04-20T23:05:25+02:00,8774768066890,hsq-25107940000,Seat   125-501 FC/FE/FS/FX/TC/TE/TX  18-23,HSQ - Seats
2024-04-20T23:05:22+02:00,8774767935818,hsq-25107940100,Seat  125-501 FC/FE/FS/FX/TC/TE/TX  18-23,HSQ - Seats
2024-04-20T23:05:19+02:00,8774767771978,hsq-25107940200,Seat  125-501 FC/FE/FS/FX/TC/TE/TX  18-23,HSQ - Seats
2024-04-20T23:05:16+02:00,8774767575370,hsq-25107940300,Seat  125-501 FC/FE/FS/FX/TC/TE/TX 18-23,HSQ - Seats
2024-04-20T23:05:13+02:00,8774767444298,hsq-25107940400,Step up seat  125-501  FC/FE/FS/FX/TC/TE/TX 18-23,HSQ - Seats
2024-04-20T23:05:09+02:00,8774767280458,hsq-25107940500,Seat  125-501 FC/FE/FS/FX/TC/TE/TX 18-23,HSQ - Seats
2024-04-20T23:45:22+02:00,8774818562378,hsq-2510800700028,Start number plate,"HSQ - Technical Accessories, Partstream"
2024-04-20T23:17:19+02:00,8774790512970,hsq-25108007000ab,"Front number plate FC, FE, FX, TC, TE, TX (125-501) 19-23",HSQ - Trim parts/decals
2024-04-20T23:17:46+02:00,8774790938954,hsq-25108007000db,"Front number plate FC, FE, FS, FX, TC, TE, TX (125-501) 19-23",HSQ - Trim parts/decals
2024-04-20T23:18:59+02:00,8774791889226,hsq-2510801310028,"Tail section FC, FX, TC, TX (125-450) 18-19",HSQ - Trim parts/decals
2024-04-20T23:17:25+02:00,8774790611274,hsq-25108013100ab,"Tail section FC, FE, FS, FX, TC, TE, TX (125-501) 18-23",HSQ - Trim parts/decals
2024-04-20T23:17:31+02:00,8774790709578,hsq-25108013100db,"Tail section FC, FE, FS, FX, TC, TE, TX (125-501) 18-23",HSQ - Trim parts/decals
2024-04-20T23:18:44+02:00,8774791659850,hsq-2510805400028,"Spoiler set FC, FX, TC, TX (125-450) 2019",HSQ - Trim parts/decals
2024-04-20T23:17:22+02:00,8774790545738,hsq-25108054000ab,"Spoiler set FC, FE, FS, FX, TC, TE, TX (125-501) 19-23",HSQ - Trim parts/decals
2024-04-20T23:17:28+02:00,8774790644042,hsq-25108054000db,Spoiler set,"HSQ - Trim parts/decals, nada-hidden"
2024-04-20T23:45:36+02:00,8774818726218,hsq-25108950000,Spoiler left,"HSQ - Technical Accessories, Partstream"
2024-04-20T23:45:40+02:00,8774818758986,hsq-25108951000,Spoiler right,"HSQ - Technical Accessories, Partstream"
2024-04-20T21:56:25+02:00,8774669173066,hsq-25108990000,Rockstar graphics kit,HSQ - Technical Accessories
2024-04-20T22:58:44+02:00,8774743163210,hsq-25108996000,Anti mud foam,"HSQ - Trim parts/decals, nada-hidden"
2024-04-20T23:09:58+02:00,8774781927754,hsq-25108999000,"Radiator protection grille sticker kit FC, FE, FS, FX, TC, TE, TX (125-501) 2018-2023",HSQ - Trim parts/decals
2024-04-20T22:57:18+02:00,8774741164362,hsq-25109998000,"Hub sticker kit FC, FE, FR, FS, FX, TC, TE, TX (125-570)  11-23",HSQ - Wheels
2024-04-20T22:57:27+02:00,8774741393738,hsq-25109999000,"Wheel rim sticker kit  701, FC, FE, FR, FS, FX, NORDEN, TC, TE, TX (125-901, ENDURO) 13-25",HSQ - Wheels
2024-04-20T22:24:20+02:00,8774702465354,hsq-25113961000,"Master cylinder extender FC, FE, FS, FX, TC, TE, TX (125-501) 14-25","anodized, HSQ - CNC-parts"
2024-04-20T22:24:27+02:00,8774702629194,hsq-25113975044,"Brake caliper support with brake disc guard FC, FS, FX, TC, TX (125-450) 14-22",HSQ - Brakes
2024-04-20T21:57:26+02:00,8774670352714,hsq-25114986044,Connectivity unit kit,HSQ - Technical Accessories
2024-04-20T23:03:58+02:00,8774762135882,hsq-25130994000,"Clutch cover protection FC, FE, FX (250, 350, 350s) 2016-2023",HSQ - Protection
2024-04-20T23:03:55+02:00,8774762004810,hsq-25130994500,Clutch cover protection,"HSQ - Protection, nada-hidden"
2024-04-20T23:08:39+02:00,8774777700682,hsq-25131997000ha,Vent hose,HSQ - Technical Accessories
2024-04-20T22:02:28+02:00,8774676513098,hsq-25505900044,"Akrapovič ""Evolution Line""",HSQ - Technical Accessories
2024-04-20T22:17:06+02:00,8774694011210,hsq-25505900144,Akrapovič  Evolution Line  4-stroke,"HSQ - Exhaust systems, nada-hidden"
2024-04-20T22:26:29+02:00,8774704333130,hsq-25513951000,"Footbrake lever step plate FC, FE, FS, FX, TC, TE, TX (125-501) 16-25","anodized, HSQ - CNC-parts, stock, synkro-clone-ktm-shop-nederland"
2024-04-20T22:53:09+02:00,8774735495498,hsq-25530826000,"HINSON-outer clutch cover FC, FE, FX (250, 350, 350s) 16-23",HSQ - Engine
2024-04-20T22:27:20+02:00,8774705119562,hsq-25530902144,"Factory Racing ignition cover plug 701, FC, FE, FX (250, 350, 350s, 350w, 450, 501, 501s, 501w, ENDURO, SUPERMOTO) 16-25","anodized, HSQ - CNC-parts, stock, synkro-clone-ktm-shop-nederland"
2024-04-20T22:00:03+02:00,8774673170762,hsq-25530926044,Outer clutch cover,"HSQ - Technical Accessories, nada-hidden"
2024-04-20T22:26:32+02:00,8774704398666,hsq-25534931044,"Gear shift lever step plate FC, FE, FS, FX, TC, TE, TX (125-501) 16-25","anodized, HSQ - CNC-parts, stock, synkro-clone-ktm-shop-nederland"
2024-04-20T22:27:46+02:00,8774705447242,hsq-25535952044,"Water pump cover FC, FE, FX (250, 350, 350s) 16-23","anodized, HSQ - CNC-parts"
2024-04-20T22:27:50+02:00,8774705480010,hsq-25538904044,"Factory Racing oil pump cover FC, FE, FX (250, 350, 350s) 16-23","anodized, HSQ - CNC-parts"
2024-04-20T22:27:36+02:00,8774705348938,hsq-25538941044,"Factory Racing oil filter cover FC, FE, FS, FX (250, 350, 350s, 450, 501, 501s) 14-25","anodized, HSQ - CNC-parts"
2024-04-20T22:15:16+02:00,8774691946826,hsq-25605907501,FMF Megabomb header  4-stroke,"HSQ - Exhaust systems, nada-hidden"
2024-04-20T23:08:42+02:00,8774777897290,hsq-25607913044,Factory Racing fuel tank,"HSQ - Technical Accessories, nada-hidden"
2024-04-20T22:40:23+02:00,8774716752202,hsq-26102923000,"Lock-on grip set FC, FE, FS, FX, TC, TE, TX (125-501) 16-23",HSQ - Handlebars/instruments/electrics
2024-04-20T22:08:47+02:00,8774685196618,hsq-26102924000,Lock-on grip set,HSQ - Technical Accessories
2024-04-20T22:41:07+02:00,8774717800778,hsq-26102924100,"Lock-on grip set FC, FE, FS, FX, TC, TE, TX (65-501) 16-25",HSQ - Handlebars/instruments/electrics
2024-04-20T23:04:08+02:00,8774762856778,hsq-26103990000,Skid plate,"HSQ - Protection, nada-hidden"
2024-04-20T23:04:36+02:00,8774764593482,hsq-26103990544,"Skid plate FC, FE, FS, FX (450, 501, 501s) 2016-2023",HSQ - Protection
2024-04-20T22:07:46+02:00,8774683984202,hsq-2610399400028,Frame protection sticker set,HSQ - Technical Accessories
2024-04-20T22:07:53+02:00,8774684082506,hsq-26103994000h1,Frame protection sticker set,HSQ - Technical Accessories
2024-04-20T22:59:47+02:00,8774744703306,hsq-2610399410028,"Frame protection sticker set FC, FE, FS, FX, TC, TE, TX (125-501) 2016-2023",HSQ - Protection
2024-04-20T22:59:52+02:00,8774745063754,hsq-26103994100h1,"Frame protection sticker set FC, FE, FS, FX, TC, TE, TX (125-501) 2016-2023",HSQ - Protection
2024-04-20T22:16:21+02:00,8774693159242,hsq-26105900044,Akrapovič  Evolution Line  4-stroke,"HSQ - Exhaust systems, nada-hidden"
2024-04-20T22:03:30+02:00,8774677823818,hsq-26105979000,"Akrapovič ""Slip-on Line""",HSQ - Technical Accessories
2024-04-20T22:16:24+02:00,8774693257546,hsq-26105981000,FMF Powercore 4 silencer  4-stroke,"HSQ - Exhaust systems, nada-hidden"
2024-04-20T23:11:38+02:00,8774786384202,hsq-2610898800028,Start number backgrounds,HSQ - Trim parts/decals
2024-04-20T23:11:41+02:00,8774786416970,hsq-2610898800030,Start number backgrounds,HSQ - Trim parts/decals
2024-04-20T23:11:43+02:00,8774786449738,hsq-2610898800038,Start number backgrounds,"HSQ - Trim parts/decals, nada-hidden"
2024-04-20T23:11:46+02:00,8774786482506,hsq-2610898800067,Start number backgrounds,HSQ - Trim parts/decals
2024-04-20T23:11:48+02:00,8774786515274,hsq-2610898800080,Start number backgrounds,"HSQ - Trim parts/decals, nada-hidden"
2024-04-20T22:09:05+02:00,8774685458762,hsq-26108990000,Rockstar graphics kit,HSQ - Technical Accessories
2024-04-20T22:00:39+02:00,8774673989962,hsq-26108990200,Rockstar graphics kit,HSQ - Technical Accessories
2024-04-20T23:10:03+02:00,8774782222666,hsq-26108990300,Rockstar graphics kit,HSQ - Trim parts/decals
2024-04-20T22:56:20+02:00,8774739755338,hsq-2610900104430,"Front wheel 3.5x16.5""  FC, FE, FS, FX, TC, TE, TX (85-650) 07-25",HSQ - Wheels
2024-04-20T23:56:28+02:00,8774828753226,hsq-2610907000030,"Rim 3,5x16,5""","HSQ - Technical Accessories, Partstream"
2024-04-20T23:56:15+02:00,8774828654922,hsq-26109071146,"Spoke M4,5x146 - 16,5""","HSQ - Technical Accessories, Partstream"
2024-04-20T23:56:22+02:00,8774828687690,hsq-26109072000,"Spoke nipple M4,5x0,75","HSQ - Technical Accessories, Partstream"
2024-04-20T22:56:23+02:00,8774739820874,hsq-2611000104430,"Rear wheel 5x17""  FC, FE, FS, FX, TC, TE, TX (85- 650)  07-25",HSQ - Wheels
2024-04-20T23:58:02+02:00,8774830358858,hsq-2611007000030,"Rim 5x17""","HSQ - Technical Accessories, Partstream"
2024-04-20T23:56:13+02:00,8774828622154,hsq-26110071154,"Spoke breakdisc M4,5x154","HSQ - Technical Accessories, Partstream"
2024-04-20T23:56:10+02:00,8774828589386,hsq-26110071159,"Spoke pinion M4,5x159","HSQ - Technical Accessories, Partstream"
2024-04-20T23:56:08+02:00,8774828556618,hsq-26110072000,"Spoke nipple M4,5x0,75","HSQ - Technical Accessories, Partstream"
2024-04-20T23:23:54+02:00,8774795985226,hsq-26112950000,Lashing strap set,HSQ - Tool/transport
2024-04-20T23:24:22+02:00,8774796214602,hsq-26112973000,Plastic drum,HSQ - Tool/transport
2024-04-20T23:23:35+02:00,8774795755850,hsq-26112973100,Plastic drum,HSQ - Tool/transport
2024-04-20T22:26:10+02:00,8774704038218,hsq-26113903044,"Brake fluid reservoir cover FE, FX, TE, TX (125-501) 18-21","anodized, HSQ - CNC-parts"
2024-04-20T23:38:40+02:00,8774811812170,hsq-26113914000,Brake calliper support,"HSQ - Technical Accessories, Partstream"
2024-04-20T22:24:30+02:00,8774702694730,hsq-26113915000,"Brake caliper support FC, FE, FX, TC, TE, TX (125-501) 18-21",HSQ - Brakes
2024-04-20T22:12:09+02:00,8774688768330,hsq-26113975044,"Brake caliper support with brake disc guard FC, FE, TC, TE (125-501) 14-23",HSQ - Brakes
2024-04-20T23:26:27+02:00,8774797656394,hsq-26129963000,Measuring cup,HSQ - Tool/transport
2024-04-20T22:53:05+02:00,8774735429962,hsq-26130826000,"HINSON-outer clutch cover FC, FE, FS, FX (450, 501, 501s) 16-23",HSQ - Engine
2024-04-20T22:28:14+02:00,8774705807690,hsq-26130920044,"Oil plug FC, FE, FS, FX, TC, TE, TX, ENDURO, SUPERMOTO 14-25","anodized, HSQ - CNC-parts, stock, synkro-clone-ktm-shop-nederland"
2024-04-20T21:58:08+02:00,8774671073610,hsq-26130926044,Outer clutch cover,"HSQ - Technical Accessories, nada-hidden"
2024-04-20T23:43:00+02:00,8774816694602,hsq-26132063000,Clutch line,"HSQ - Technical Accessories, Partstream"
2024-04-20T22:08:11+02:00,8774684442954,hsq-26132975000,Clutch slave cylinder protection,HSQ - Technical Accessories
2024-04-20T23:04:12+02:00,8774763118922,hsq-26132975044,"Clutch slave cylinder protection FC, FE, FS, FX (450, 501, 501s) 2016-2022",HSQ - Protection
2024-04-21T00:06:42+02:00,8774839501130,hsq-26132975100,Clutch slave cylinder protection,Partstream
2024-04-20T22:38:03+02:00,8774715113802,hsq-26135924044h1,Radiator hoses,"HSQ - Cooling, nada-hidden"
2024-04-20T21:56:48+02:00,8774669664586,hsq-26135952044,Water pump cover,HSQ - Technical Accessories
2024-04-20T22:27:14+02:00,8774704988490,hsq-26135952144,Water pump cover,"anodized, HSQ - CNC-parts, nada-hidden"
2024-04-20T22:27:55+02:00,8774705545546,hsq-26138904044,"Factory Racing oil pump cover FC, FE, FS, FX (450, 501, 501s) 16-23","anodized, HSQ - CNC-parts"
2024-04-20T22:10:56+02:00,8774687621450,hsq-2620199902168,"Factory Racing triple clamp FC, FX, TC, TX (85- 450) 14-22",HSQ - Chassis/triple clamp
2024-04-20T22:47:29+02:00,8774726680906,hsq-26202901000,"ProTaper handlebar FC, FE, FS, FX, TC, TE, TX (125-570) 12-25",HSQ - Handlebars/instruments/electrics
2024-04-20T21:56:36+02:00,8774669402442,hsq-26203990044,Skid plate,HSQ - Technical Accessories
2024-04-20T23:03:49+02:00,8774761546058,hsq-26203990544,"Skid plate FE (450, 501, 501s) 2017-2023",HSQ - Protection
2024-04-20T23:41:15+02:00,8774814826826,hsq-26205901020,Repair kit,"HSQ - Technical Accessories, Partstream"
2024-04-20T22:15:42+02:00,8774692372810,hsq-26205901044,Akrapovič  Racing Line  4-stroke FE (450) 20-23,HSQ - Exhaust systems
2024-04-20T22:15:19+02:00,8774691979594,hsq-26205907501,FMF Megabomb header  4-stroke,"HSQ - Exhaust systems, nada-hidden"
2024-04-20T23:41:17+02:00,8774814892362,hsq-26205908000,Factory header,"HSQ - Technical Accessories, Partstream"
2024-04-20T23:41:20+02:00,8774814925130,hsq-26205987000,Factory main silencer,"HSQ - Technical Accessories, Partstream"
2024-04-20T23:09:47+02:00,8774781337930,hsq-26208990000,Rockstar graphics kit,HSQ - Trim parts/decals
2024-04-20T23:03:52+02:00,8774761808202,hsq-26230994000,Clutch cover protection,"HSQ - Protection, nada-hidden"
2024-04-20T22:40:29+02:00,8774716817738,hsq-26502924000,"Lock-on grip set ""Jeff Emig"" FC, FE, FS, FX, TC, TE, TX (125-501) 16-25",HSQ - Handlebars/instruments/electrics
2024-04-20T22:43:06+02:00,8774720880970,hsq-2650297900028,"Handguard kit FE, FX, TE, TX (125-501) 18-19",HSQ - Handlebars/instruments/electrics
2024-04-20T22:43:08+02:00,8774720913738,hsq-2650297900030,"Handguard kit FE, FX, TE, TX (125-501) 18-23",HSQ - Handlebars/instruments/electrics
2024-04-20T22:42:15+02:00,8774719635786,hsq-26502979000ab,"Handguard kit FE, FX, TE, TX (150-501) 20-21",HSQ - Handlebars/instruments/electrics
2024-04-20T23:19:44+02:00,8774792380746,hsq-2650801300028,Tail section,HSQ - Trim parts/decals
2024-04-20T22:57:33+02:00,8774741557578,hsq-26509915000ha,Wheel bearing protection cap kit,"HSQ - Wheels, nada-hidden"
2024-04-20T22:57:21+02:00,8774741229898,hsq-26509917000ha,Factory wheel bearing protection cap set,"HSQ - Wheels, nada-hidden"
2024-04-20T22:57:24+02:00,8774741328202,hsq-26509919000ha,Factory wheel bearing repair kit,"HSQ - Wheels, nada-hidden"
2024-04-20T23:51:25+02:00,8774824591690,hsq-26510010144,Rear wheel hub,"HSQ - Technical Accessories, Partstream"
2024-04-20T22:57:36+02:00,8774741590346,hsq-26510915000ha,"Wheel bearing protection cap kit  FE, TE, TX (125-501)  16-23",HSQ - Wheels
2024-04-20T21:57:30+02:00,8774670385482,hsq-26510917000ha,Factory wheel bearing protection cap set,HSQ - Technical Accessories
2024-04-20T22:56:59+02:00,8774740640074,hsq-26510917100ha,Factory wheel bearing protection cap set,"HSQ - Protection, nada-hidden"
2024-04-20T22:35:28+02:00,8774712164682,hsq-26510965118ha,"XW-ring chain 701, FC, FE, FX, TC, TE, TX (125-650, ENDURO, SUPERMOTO) 08-25",HSQ - Chains/Sprockets
2024-04-20T23:37:50+02:00,8774811091274,hsq-26510966010ha,Chain link,"HSQ - Technical Accessories, Partstream"
2024-04-20T23:58:37+02:00,8774830850378,hsq-26513998010,Brake disc,"HSQ - Technical Accessories, Partstream"
2024-04-20T22:23:40+02:00,8774701744458,hsq-26513998044,Beringer SM brake kit,"HSQ - Brakes, nada-hidden"
2024-04-20T21:58:47+02:00,8774671892810,hsq-26514901000,Factory Racing LED-Headlight,HSQ - Technical Accessories
2024-04-20T22:46:58+02:00,8774726123850,hsq-26514901100,"Factory Racing LED-Headlight FE, TE, TX (125-501) 17-23",HSQ - Handlebars/instruments/electrics
2024-04-20T23:43:57+02:00,8774817382730,hsq-26514910000,LED headlight lens,"HSQ - Technical Accessories, Partstream"
2024-04-20T22:48:42+02:00,8774728253770,hsq-26602902000,Smartphone handlebar pad,HSQ - Technical Accessories
2024-04-20T22:42:04+02:00,8774719308106,hsq-26602908000,"Handlebar muffs 701 EE, FC, FE, FS, FX, PIONEER, SVARTPILEN, TC, TE, TX, VITPILEN (3-701 ENDURO, SUPERMOTO) 16-25","HSQ - Handlebars/instruments/electrics, Out of stock"
2024-04-20T23:41:10+02:00,8774814695754,hsq-26605901020,Repair kit,"HSQ - Technical Accessories, Partstream"
2024-04-20T22:11:45+02:00,8774688309578,hsq-26605901044,"Akrapovič  Racing Line  4-stroke FE (501, 501s) 20-23",HSQ - Exhaust systems
2024-04-20T22:15:22+02:00,8774692012362,hsq-26605907501,FMF Megabomb header  4-stroke,"HSQ - Exhaust systems, nada-hidden"
2024-04-20T23:41:12+02:00,8774814794058,hsq-26605908000,Factory header,"HSQ - Technical Accessories, Partstream"
2024-04-20T22:12:42+02:00,8774689358154,hsq-26605987000,"AKRAPOVIČ-SILENCER ""RACING LINE""","HSQ - Technical Accessories, Partstream"
2024-04-20T23:16:30+02:00,8774789955914,hsq-26606001000ab,"Lower section of the air filter FE, TE (150-501) 20-23",HSQ - Trim parts/decals
2024-04-20T23:16:27+02:00,8774789923146,hsq-26606001000db,"Lower section of the air filter FE, TE (150-501) 20-23",HSQ - Trim parts/decals
2024-04-20T21:55:59+02:00,8774668681546,hsq-26607913044,Fuel tank,"HSQ - Technical Accessories, nada-hidden"
2024-04-20T23:08:07+02:00,8774776062282,hsq-26607913144,Fuel tank,"HSQ - Technical Accessories, nada-hidden"
2024-04-20T23:16:53+02:00,8774790185290,hsq-26608001000ab,"Headlight shroud FE, TE (150-501) 20-23",HSQ - Trim parts/decals
2024-04-20T23:17:02+02:00,8774790283594,hsq-26608001000db,"Headlight shroud FE, TE (150-501) 20-23",HSQ - Trim parts/decals
2024-04-20T23:17:11+02:00,8774790381898,hsq-26608013100ab,"Tail section FE, TE (150-501) 20-23",HSQ - Trim parts/decals
2024-04-20T23:17:08+02:00,8774790349130,hsq-26608013100db,Tail section,"HSQ - Trim parts/decals, nada-hidden"
2024-04-20T23:09:55+02:00,8774781796682,hsq-2660898800028,Start number backgrounds,"HSQ - Trim parts/decals, nada-hidden"
2024-04-20T23:09:53+02:00,8774781665610,hsq-2660898800030,Start number backgrounds,"HSQ - Trim parts/decals, nada-hidden"
2024-04-20T23:09:38+02:00,8774780879178,hsq-2660898810038,Start number backgrounds,"HSQ - Trim parts/decals, nada-hidden"
2024-04-20T23:09:35+02:00,8774780748106,hsq-2660898810067,Start number backgrounds,HSQ - Trim parts/decals
2024-04-20T23:09:33+02:00,8774780617034,hsq-2660898810080,Start number backgrounds,HSQ - Trim parts/decals
2024-04-20T23:09:43+02:00,8774781174090,hsq-26608988100ab,Start number backgrounds,HSQ - Trim parts/decals
2024-04-20T23:09:41+02:00,8774781043018,hsq-26608988100c1,Start number backgrounds,HSQ - Trim parts/decals
2024-04-20T22:58:57+02:00,8774743490890,hsq-26608994000,Triple clamp protection,"HSQ - Protection, nada-hidden"
2024-04-20T22:34:05+02:00,8774710624586,hsq-26612919000,"Side bag set FE, FX, TE, TX (125-501) 2019-2023",HSQ - Technical Accessories
2024-04-20T23:03:46+02:00,8774761349450,hsq-26630994000c1,"Clutch cover protection FE (450, 501, 501s) 2020-2023",HSQ - Protection
2024-04-20T22:35:42+02:00,8774712295754,hsq-2663392901x68,"Front sprocket FC, FE, FX, TC, TE, TX (125- 570) 13T 09-25",HSQ - Chains/Sprockets
2024-04-20T23:13:32+02:00,8774787858762,hsq-27001194100c1,Fork protector kit 701 (SUPERMOTO) 16-24,HSQ - Trim parts/decals
2024-04-21T01:14:46+02:00,8775012090186,hsq-27002021000,Grip set 701 (SUPERMOTO) 16-20,HSQ - Original Spare Part Kits
2024-04-20T22:48:56+02:00,8774728646986,hsq-27002904000,"Handlebar ends 701 FC, FE, FS, FX, PIONEER, TC, TE, TX (85-660W ENDURO, SUPERMOTO) 15-25","HSQ - Handlebars/instruments/electrics, stock, synkro-clone-ktm-shop-nederland"
2024-04-21T10:34:22+02:00,8775898104138,hsq-27003090044,Skid plate 701 (SUPERMOTO) 2016-2024,HSQ - Protection
2024-04-20T23:04:55+02:00,8774766559562,hsq-27003990044,"Skid plate 701 (ENDURO, SUPERMOTO) 2016-2024",HSQ - Protection
2024-04-20T22:30:10+02:00,8774707577162,hsq-27004905000,"Preload adjuster 701 (ENDURO, SUPERMOTO) 19-24",HSQ - Chassis/triple clamp
2024-04-21T00:01:13+02:00,8774832718154,hsq-27005922000,SLS cover,"HSQ - Technical Accessories, Partstream"
2024-04-20T22:21:11+02:00,8774698500426,hsq-27005979000,"Akrapovič ""Slip-on Line"" 701 (ENDURO, SUPERMOTO) 2016",HSQ - Exhaust systems
2024-04-21T00:04:57+02:00,8774837436746,hsq-27005979010,Damping material kit,Partstream
2024-04-21T00:04:54+02:00,8774837371210,hsq-27005979020,Repair kit,Partstream
2024-04-21T00:04:17+02:00,8774836715850,hsq-27005979030,Noise reduction insert,Partstream
2024-04-21T00:04:50+02:00,8774837305674,hsq-27005979050,Silencer cap,Partstream
2024-04-20T23:38:52+02:00,8774812008778,hsq-27005979060,Mounting kit,"HSQ - Technical Accessories, Partstream"
2024-04-21T00:01:07+02:00,8774832619850,hsq-27005979090,"Akrapovič ""Slip-on Line""","HSQ - Technical Accessories, Partstream"
2024-04-21T00:00:42+02:00,8774832292170,hsq-27005989020,Repair kit,"HSQ - Technical Accessories, Partstream"
2024-04-20T21:57:52+02:00,8774670844234,hsq-2700599005049,Heat protection,HSQ - Technical Accessories
2024-04-20T22:20:55+02:00,8774698303818,hsq-27005999000,"Akrapovič ""Slip-on Line"" 701 (ENDURO, SUPERMOTO) 17-24",HSQ - Exhaust systems
2024-04-21T00:01:01+02:00,8774832554314,hsq-27005999100,"Akrapovič ""Slip-on Line""",HSQ - Technical Accessories
2024-04-21T00:00:32+02:00,8774832193866,hsq-27005999110,Damping material kit,"HSQ - Technical Accessories, Partstream"
2024-04-21T00:00:27+02:00,8774832161098,hsq-27005999120,Repair kit,"HSQ - Technical Accessories, Partstream"
2024-04-21T00:00:37+02:00,8774832226634,hsq-27005999150,Silencer cap,"HSQ - Technical Accessories, Partstream"
2024-04-21T00:00:21+02:00,8774832095562,hsq-27005999155,Noise reduction insert,"HSQ - Technical Accessories, Partstream"
2024-04-20T22:49:33+02:00,8774730285386,hsq-27006115000,Air filter,"HSQ - Technical Accessories, nada-hidden"
2024-04-20T23:08:58+02:00,8774778782026,hsq-27007908000,"Factory fuel cap 701 (ENDURO, SUPERMOTO) 16-24",HSQ - Technical Accessories
2024-04-20T23:07:01+02:00,8774772621642,hsq-27007940090,Cool Covers seat cover,"HSQ - Seats, nada-hidden"
2024-04-20T23:08:32+02:00,8774777340234,hsq-27007994144,Additional fuel tank kit,"HSQ - Technical Accessories, nada-hidden"
2024-04-20T23:08:24+02:00,8774776914250,hsq-27007994244,Additional fuel tank kit,"HSQ - Technical Accessories, nada-hidden"
2024-04-20T23:08:14+02:00,8774776455498,hsq-27007994344,Additional fuel tank kit,HSQ - Technical Accessories
2024-04-20T23:33:25+02:00,8774805193034,hsq-27007996044,Fueltank mountingkit,"HSQ - Technical Accessories, Partstream"
2024-04-20T23:32:59+02:00,8774804242762,hsq-27007996144,Fuel tank mounting kit,"HSQ - Technical Accessories, Partstream"
2024-04-20T23:12:29+02:00,8774787006794,hsq-27008009000,Headlight carrier 701 (SUPERMOTO) 16-20,HSQ - Trim parts/decals
2024-04-20T23:13:36+02:00,8774787924298,hsq-27008010000c1,Fender 701 (SUPERMOTO) 16-24,HSQ - Trim parts/decals
2024-04-21T10:43:59+02:00,8775935033674,hsq-27008013000c1,Tail section 701 (SUPERMOTO) 16-24,HSQ - Trim parts/decals
2024-04-20T23:21:40+02:00,8774794019146,hsq-2700804000028,"Rear fairing 701 (ENDURO, SUPERMOTO) 16-24",HSQ - Trim parts/decals
2024-04-20T23:13:21+02:00,8774787727690,hsq-27008040000c1,Rear fairing 701 (SUPERMOTO) 16-24,HSQ - Trim parts/decals
2024-04-20T23:21:36+02:00,8774793986378,hsq-2700804100028,"Rear fairing 701 (ENDURO, SUPERMOTO) 16-24",HSQ - Trim parts/decals
2024-04-20T23:13:18+02:00,8774787694922,hsq-27008041000c1,Rear fairing 701 (SUPERMOTO) 16-24,HSQ - Trim parts/decals
2024-04-20T22:12:40+02:00,8774689292618,hsq-27008054000c11,Spoilerkit 701 (SUPERMOTO) 16-24,HSQ - Trim parts/decals
2024-04-20T23:12:38+02:00,8774787137866,hsq-27008054000c12,Spoilerkit 701 (SUPERMOTO) 16-24,HSQ - Trim parts/decals
2024-04-20T23:21:32+02:00,8774793953610,hsq-27008054000ha,"Spoiler set 701 (ENDURO, SUPERMOTO) 16-24",HSQ - Trim parts/decals
2024-04-20T23:19:04+02:00,8774791921994,hsq-27008915044,"Licence plate holder support 701 (ENDURO, SUPERMOTO) 16-24",HSQ - Trim parts/decals
2024-04-20T23:10:39+02:00,8774784090442,hsq-27008999000,Style graphics kit,HSQ - Trim parts/decals
2024-04-20T22:23:01+02:00,8774701089098,hsq-27010060000,Wave brake disc 701 (SUPERMOTO)  16-24,HSQ - Brakes
2024-04-20T23:02:00+02:00,8774753943882,hsq-27010945000,"Crash bung kit 701 (ENDURO, SUPERMOTO) 2016-2024",HSQ - Protection
2024-04-20T22:34:28+02:00,8774711017802,hsq-27012912044,Side bag carrier,HSQ - Technical Accessories
2024-04-20T22:34:30+02:00,8774711116106,hsq-27012924000,Inner bag,HSQ - Technical Accessories
2024-04-20T22:34:25+02:00,8774710952266,hsq-27012925000,Side bag set,HSQ - Technical Accessories
2024-04-20T22:34:20+02:00,8774710853962,hsq-27012927000,"Luggage carrier 701 (ENDURO, SUPERMOTO) 2016-2024",HSQ - Technical Accessories
2024-04-20T22:34:17+02:00,8774710755658,hsq-27012928000,"Rear bag 701 NORDEN (901 ENDURO, SUPERMOTO) 2016-2025",HSQ - Technical Accessories
2024-04-20T22:20:59+02:00,8774698402122,hsq-27012945000,"Akrapovič kit ""Slip-on Line”","HSQ - Engine, nada-hidden"
2024-04-21T00:01:17+02:00,8774832750922,hsq-27012946000,Tuning kit,"HSQ - Technical Accessories, Partstream"
2024-04-20T22:46:33+02:00,8774725697866,hsq-27012953000,"Dongle 701 (ENDURO, SUPERMOTO) 16-21",HSQ - Handlebars/instruments/electrics
2024-04-20T21:59:46+02:00,8774672875850,hsq-27012978000,Luggage bag,HSQ - Technical Accessories
2024-04-20T22:34:03+02:00,8774710559050,hsq-27012978100,"Luggage bag 701  FE, NORDEN, TE, TX (125-901, ENDURO, SUPERMOTO) 2015-2024",HSQ - Technical Accessories
2024-04-20T22:55:00+02:00,8774738116938,hsq-27012992044,GPS bracket,"HSQ - Technical Accessories, nada-hidden"
2024-04-20T22:26:37+02:00,8774704431434,hsq-27013903000,"Brake fluid reservoir cover 701 (ENDURO, SUPERMOTO) 16-24","anodized, HSQ - CNC-parts"
2024-04-20T22:26:43+02:00,8774704464202,hsq-27013962000,"Brake fluid reservoir cap 701 (ENDURO, SUPERMOTO) 16-24","anodized, HSQ - CNC-parts"
2024-04-20T22:24:53+02:00,8774702924106,hsq-27013975044,"Brake disc guard 701 (ENDURO, SUPERMOTO) 16-24",HSQ - Brakes
2024-04-20T23:01:51+02:00,8774753452362,hsq-27035936044,"Radiator protection 701 (ENDURO, SUPERMOTO) 2016-2024",HSQ - Protection
2024-04-20T22:39:00+02:00,8774715933002,hsq-27035940044,Radiator protection grille 701 ENDURO/SUPERMOTO  16-24,HSQ - Cooling
2024-04-20T22:20:41+02:00,8774697943370,hsq-27105979000,REMUS slip-on silencer,"HSQ - Exhaust systems, nada-hidden"
2024-04-20T22:20:39+02:00,8774697877834,hsq-27105979000c1,REMUS slip-on silencer,"HSQ - Exhaust systems, nada-hidden"
2024-04-20T23:34:46+02:00,8774806765898,hsq-27105979040,Connecting pipe,"HSQ - Technical Accessories, Partstream"
2024-04-20T22:20:36+02:00,8774697812298,hsq-27105979500,"Akrapovič ""Slip-on Line""","HSQ - Exhaust systems, nada-hidden"
2024-04-20T23:38:25+02:00,8774811615562,hsq-27105979570,Link pipe,"HSQ - Technical Accessories, Partstream"
2024-04-20T23:34:57+02:00,8774807093578,hsq-27105979640,Link pipe incl. catalytic converter,"HSQ - Technical Accessories, Partstream"
2024-04-20T21:56:28+02:00,8774669205834,hsq-2710599005049,Heat protection,HSQ - Technical Accessories
2024-04-20T22:21:22+02:00,8774698828106,hsq-2710599015049,"Heat protection 701 (ENDURO, SUPERMOTO) 2017-2024",HSQ - Exhaust systems
2024-04-20T23:06:41+02:00,8774771736906,hsq-27107940000,Ergo rider's seat  701 ENDURO/SUPERMOTO  21-24,HSQ - Seats
2024-04-20T23:06:38+02:00,8774771573066,hsq-27107940100,Ergo rider's seat  701 ENDURO/SUPERMOTO  21-24,HSQ - Seats
2024-04-29T15:42:06+02:00,8790123151690,hsq-27108001010c1,Headlight carrier 701 (SUPERMOTO) 21-24,HSQ - Trim parts/decals
2024-04-20T23:28:10+02:00,8774798901578,hsq-27108908044,Windshield  701 Enduro/Supermoto 19-24,HSQ - Technical Accessories
2024-04-20T23:33:24+02:00,8774805127498,hsq-27108997044,Protection sticker kit,"HSQ - Technical Accessories, Partstream"
2024-04-20T23:09:27+02:00,8774780322122,hsq-27108999000,Factory graphics kit,HSQ - Trim parts/decals
2024-04-20T22:33:44+02:00,8774710329674,hsq-27112912044,"Luggage carrier 701 (ENDURO, SUPERMOTO) 2016-2024",HSQ - Technical Accessories
2024-04-20T23:33:23+02:00,8774805094730,hsq-27112925044,Side bag set,"HSQ - Technical Accessories, Partstream"
2024-04-20T22:33:29+02:00,8774710198602,hsq-27112925144,Side bag set,HSQ - Technical Accessories
2024-04-20T23:33:22+02:00,8774805061962,hsq-27112928044,Side bag set additional material,"HSQ - Technical Accessories, Partstream"
2024-04-20T22:33:50+02:00,8774710362442,hsq-27112979000,"Luggage bag 701 NORDEN (901 ENDURO, SUPERMOTO) 2016-2024",HSQ - Technical Accessories
2024-04-20T23:10:23+02:00,8774783238474,hsq-28007925044,"Tank pad set SVARTPILEN, VITPILEN (401) 2018-2019",HSQ - Trim parts/decals
2024-04-20T23:07:36+02:00,8774774325578,hsq-28007940000,Style rider’s seat,"HSQ - Seats, nada-hidden"
2024-04-20T23:07:24+02:00,8774773702986,hsq-28007947000,Pillion style seat  401 SVARTPILEN/VITPILEN  18-19,HSQ - Seats
2024-04-20T23:42:47+02:00,8774816465226,hsq-28008908020,Bracket,"HSQ - Technical Accessories, Partstream"
2024-04-20T23:28:15+02:00,8774798934346,hsq-28008908044,Fly screen 125/200/250/401 Svartpilen/Vitpilen 18-23,HSQ - Technical Accessories
2024-04-20T23:18:38+02:00,8774791594314,hsq-28008910000,"Fender SVARTPILEN, VITPILEN (401) 18-19",HSQ - Trim parts/decals
2024-04-20T23:45:06+02:00,8774818300234,hsq-28012919010,Tank bag rack,"HSQ - Technical Accessories, Partstream"
2024-04-20T22:34:50+02:00,8774711509322,hsq-28012919044,Tank bag,HSQ - Technical Accessories
2024-04-20T22:34:10+02:00,8774710690122,hsq-28012927044,Luggage carrier 401 SVARTPILEN  2018-2019,HSQ - Technical Accessories
2024-04-20T21:55:15+02:00,8774667698506,hsq-28012940000,Mirror,HSQ - Technical Accessories
2024-04-20T22:48:28+02:00,8774727991626,hsq-28012940100,"Mirror 701 SVARTPILEN, VITPILEN (125-801 ENDURO, SUPERMOTO) 16-24",HSQ - Handlebars/instruments/electrics
2024-04-20T22:29:49+02:00,8774707216714,hsq-28012955044,Lowering kit SVARTPILEN (401) 18-19,HSQ - Chassis/triple clamp
2024-04-20T21:56:45+02:00,8774669566282,hsq-28012979044,Headlight protection,HSQ - Technical Accessories
2024-04-20T22:12:19+02:00,8774688932170,hsq-28012979144,"Headlight protection SVARTPILEN, VITPILEN (125, 200, 250, 401) 2018-2023",HSQ - Protection
2024-04-20T23:37:30+02:00,8774810796362,hsq-28103023000,Side stand,"HSQ - Technical Accessories, Partstream"
2024-04-20T22:31:12+02:00,8774708592970,hsq-28103937044,"Footpeg set 125, 200, 250, 401 SVARTPILEN, VITPILEN  2018-2024",HSQ - Technical Accessories
2024-04-20T22:20:22+02:00,8774697615690,hsq-28105983000,Slip-on silencer,HSQ - Exhaust systems
2024-04-20T22:20:17+02:00,8774697484618,hsq-28105983000c1,Slip-on silencer,HSQ - Exhaust systems
2024-04-20T22:12:00+02:00,8774688604490,hsq-28105999000,"Akrapovič ""Slip-on Line"" SVARTPILEN, VITPILEN (125, 250, 401) 20-23",HSQ - Exhaust systems
2024-04-20T23:40:33+02:00,8774814138698,hsq-28105999020,Repair kit,"HSQ - Technical Accessories, Partstream"
2024-04-20T23:40:38+02:00,8774814237002,hsq-28105999030,Graphite seal,"HSQ - Technical Accessories, Partstream"
2024-04-20T23:06:58+02:00,8774772457802,hsq-28107940100,Ergo rider's seat  125/200/250/401 SVARTPILEN  20-23,HSQ - Seats
2024-04-20T23:06:52+02:00,8774772195658,hsq-28107947000,Ergo pillion seat  125/200/250/401 SVARTPILEN 20-23,HSQ - Seats
2024-04-20T23:37:04+02:00,8774809878858,hsq-28108908000,Flyscreen,"HSQ - Technical Accessories, Partstream"
2024-04-20T22:12:14+02:00,8774688833866,hsq-28108908044,Fly screen 125/200/250/401 Svartpilen/Vitpilen 18-23,HSQ - Technical Accessories
2024-04-20T22:12:31+02:00,8774689096010,hsq-28108915044,"Licence plate holder support  SVARTPILEN, VITPILEN (125, 200, 250, 401) 20-23",HSQ - Trim parts/decals
2024-04-20T23:23:51+02:00,8774795952458,hsq-28112907000,Protective outdoor cover,HSQ - Tool/transport
2024-04-20T22:30:27+02:00,8774707839306,hsq-28112955044,"Lowering kit SVARTPILEN/VITPILEN (125, 401) 20-23",HSQ - Chassis/triple clamp
2024-04-20T22:25:38+02:00,8774703677770,hsq-28113951044c1,"Footbrake lever step plate SVARTPILEN, VITPILEN (125, 200, 250, 401) 18-24","anodized, HSQ - CNC-parts"
2024-04-20T22:25:41+02:00,8774703743306,hsq-28113962000c1a,"Brake fluid reservoir cap SVARTPILEN, VITPILEN (125, 200, 250, 401) 20-23","anodized, HSQ - CNC-parts"
2024-04-20T22:25:37+02:00,8774703645002,hsq-28134932044c1,"Gear shift lever step plate SVARTPILEN, VITPILEN (125, 200, 250, 401) 18-24","anodized, HSQ - CNC-parts"
2024-04-20T22:48:53+02:00,8774728515914,hsq-28502903044,"Handlebar ends SVARTPILEN, VITPILEN (401, 701) 18-20",HSQ - Handlebars/instruments/electrics
2024-04-20T22:48:31+02:00,8774728089930,hsq-28502903144,"Handlebar ends SVARTPILEN, Skutta, VITPILEN (125-801) 18-24",HSQ - Handlebars/instruments/electrics
2024-04-20T22:47:14+02:00,8774726418762,hsq-28502960044,Handlebar kit,"HSQ - Handlebars/instruments/electrics, nada-hidden"
2024-04-20T22:31:24+02:00,8774708822346,hsq-28503944044,"Footpeg set 125, 200, 250, 401, 701, 801 SVARTPILEN, VITPILEN  2018-2024",HSQ - Technical Accessories
2024-04-20T23:39:16+02:00,8774812533066,hsq-28504042060,Chainguard bushing,"HSQ - Technical Accessories, Partstream"
2024-04-20T22:36:57+02:00,8774713803082,hsq-28504960044,Chain guard SVARTPILEN/VITPILEN (401)  18-19,HSQ - Chains/Sprockets
2024-04-20T23:40:35+02:00,8774814204234,hsq-28505979030,Clamp,"HSQ - Technical Accessories, Partstream"
2024-04-20T22:20:52+02:00,8774698172746,hsq-28505988000,"Silencer bracket SVARTPILEN, VITPILEN (125, 250, 401) 18-23",HSQ - Exhaust systems
2024-04-20T22:11:15+02:00,8774687916362,hsq-28505999000,"Akrapovič ""Slip-on Line"" SVARTPILEN, VITPILEN (401) 18-19",HSQ - Exhaust systems
2024-04-20T23:49:47+02:00,8774822887754,hsq-28505999010,Damping material kit,"HSQ - Technical Accessories, Partstream"
2024-04-20T23:49:44+02:00,8774822822218,hsq-28505999020,Repair kit,"HSQ - Technical Accessories, Partstream"
2024-04-20T23:49:41+02:00,8774822789450,hsq-28505999050,Silencer cap,"HSQ - Technical Accessories, Partstream"
2024-04-20T23:49:39+02:00,8774822723914,hsq-28505999060,Mounting kit,"HSQ - Technical Accessories, Partstream"
2024-04-20T23:10:26+02:00,8774783402314,hsq-28507925044,"Tank pad set SVARTPILEN, VITPILEN (401) 2018-2019",HSQ - Trim parts/decals
2024-04-20T23:07:41+02:00,8774774587722,hsq-28507940000,Style rider’s seat,"HSQ - Seats, nada-hidden"
2024-04-20T23:07:06+02:00,8774772883786,hsq-28507955044,Pillion seat cover,"HSQ - Seats, nada-hidden"
2024-04-20T23:33:34+02:00,8774805455178,hsq-2850802500030,Fender carrier,"HSQ - Technical Accessories, Partstream"
2024-04-20T23:33:35+02:00,8774805520714,hsq-2850802600030,Fender carrier,"HSQ - Technical Accessories, Partstream"
2024-04-20T23:18:31+02:00,8774791528778,hsq-28508900044,"Fairing kit SVARTPILEN, VITPILEN (401) 18-19",HSQ - Trim parts/decals
2024-04-20T23:37:03+02:00,8774809846090,hsq-28508908000,Windshield,"HSQ - Technical Accessories, Partstream"
2024-04-20T23:28:20+02:00,8774798967114,hsq-28508908044,Fly screen 125/200/250/401 Svartpilen/Vitpilen 18-23,HSQ - Technical Accessories
2024-04-20T23:19:35+02:00,8774792282442,hsq-28508915044,"License plate holder support SVARTPILEN, VITPILEN (401) 18-19",HSQ - Trim parts/decals
2024-04-20T23:42:12+02:00,8774815875402,hsq-28508916044,Licence plate holder support,"HSQ - Technical Accessories, Partstream"
2024-04-20T23:19:41+02:00,8774792315210,hsq-28508953044,Fairing kit,"HSQ - Trim parts/decals, nada-hidden"
2024-04-20T23:10:13+02:00,8774782779722,hsq-28508991000,Fuel tank protection sticker kit,"HSQ - Trim parts/decals, nada-hidden"
2024-04-21T01:20:35+02:00,8775042531658,hsq-28509015010,Front wheel repair kit  401 Vitpilen/Svartpilen 18-19,HSQ - Original Spare Part Kits
2024-04-20T22:23:15+02:00,8774701318474,hsq-28509960000,"Wave brake disc SVARTPILEN/VITPILEN (125, 401)  18-23",HSQ - Brakes
2024-04-20T22:57:43+02:00,8774741721418,hsq-28509999000,Rim sticker,HSQ - Trim parts/decals
2024-04-21T01:20:37+02:00,8775042629962,hsq-28510015000,Rear wheel repair kit  401 Vitpilen/Svartpilen 18-19,HSQ - Original Spare Part Kits
2024-04-20T23:37:27+02:00,8774810730826,hsq-28510053000,Special screw M8x25,"HSQ - Technical Accessories, Partstream"
2024-04-20T23:37:26+02:00,8774810698058,hsq-28510062000,Special screw M8x16,"HSQ - Technical Accessories, Partstream"
2026-05-18T21:26:11+02:00,15664993993034,hsq-2851095104x,Supersprox stealth rear sprocket,HSQ - Chains/Sprockets
2024-04-20T22:34:47+02:00,8774711443786,hsq-28512027000,Rear Bag,HSQ - Technical Accessories
2024-04-20T22:33:56+02:00,8774710460746,hsq-28512919000,Tank bag  125/200 Svartpilen,HSQ - Technical Accessories
2024-04-20T23:52:26+02:00,8774825312586,hsq-28512919010,Tank bag rack,HSQ - Technical Accessories
2024-04-20T22:34:33+02:00,8774711181642,hsq-28512919044,Tank bag,HSQ - Technical Accessories
2024-04-20T23:51:06+02:00,8774824198474,hsq-28512919050,Rain cover,"HSQ - Technical Accessories, Partstream"
2024-04-20T22:29:46+02:00,8774707183946,hsq-28512955044,Lowering kit VITPILEN (401) 18-19,HSQ - Chassis/triple clamp
2024-04-20T21:54:27+02:00,8774666682698,hsq-28512966044,Ignition cover protection,HSQ - Technical Accessories
2024-04-20T23:04:47+02:00,8774766100810,hsq-28512966144,"Ignition cover protection SVARTPILEN, VITPILEN (250, 401) 2018-2022",HSQ - Protection
2024-04-20T21:54:32+02:00,8774666781002,hsq-28512967044,Clutch cover protection,HSQ - Technical Accessories
2024-04-20T23:04:50+02:00,8774766264650,hsq-28512967144,"Clutch cover protection SVARTPILEN, VITPILEN (250, 401) 2018-2022",HSQ - Protection
2024-04-20T23:52:10+02:00,8774825148746,hsq-28512978000,Rear bag,HSQ - Technical Accessories
2024-04-20T23:51:55+02:00,8774824984906,hsq-28512978044,Bag carrier,HSQ - Technical Accessories
2024-04-20T22:45:44+02:00,8774724682058,hsq-28514926044,"LED turn signal kit 701 NORDEN, SVARTPILEN, VITPILEN (125-901 ENDURO, SUPERMOTO) 16-24",HSQ - Handlebars/instruments/electrics
2024-04-20T22:45:36+02:00,8774724485450,hsq-28514926066,"LED turn signal kit 701 NORDEN, SVARTPILEN, VITPILEN (125-901 ENDURO, SUPERMOTO) 16-25",HSQ - Handlebars/instruments/electrics
2024-04-20T22:45:39+02:00,8774724583754,hsq-28514969020,"Display protection sticker SVARTPILEN, VITPILEN (125-701) 18-23",HSQ - Handlebars/instruments/electrics
2024-04-20T23:51:39+02:00,8774824788298,hsq-28532011000,Friction plates kit,"HSQ - Technical Accessories, Partstream"
2024-04-20T22:53:30+02:00,8774735921482,hsq-28532900000,"Rekluse Radius X centrifugal force clutch kit SVARTPILEN, VITPILEN (250, 401) 18-23",HSQ - Engine
2024-04-20T23:51:34+02:00,8774824722762,hsq-28532942000,Clutch basket sleeve kit,"HSQ - Technical Accessories, Partstream"
2024-04-20T23:37:25+02:00,8774810632522,hsq-28542020000,Front sensor wheel,"HSQ - Technical Accessories, Partstream"
2024-04-20T23:37:24+02:00,8774810599754,hsq-28542021000,Rear sensor wheel,"HSQ - Technical Accessories, Partstream"
2024-04-20T22:47:01+02:00,8774726222154,hsq-28602960044,Handlebar kit VITPILEN (401) 20-23,HSQ - Handlebars/instruments/electrics
2024-04-20T23:06:46+02:00,8774771999050,hsq-28607940100,Ergo rider's seat  250/401 VITPILEN  20-23,HSQ - Seats
2024-04-20T23:16:35+02:00,8774789988682,hsq-28608910044,"Fender SVARTPILEN, VITPILEN (125, 200, 250, 401) 20-23",HSQ - Trim parts/decals
2024-04-20T23:33:21+02:00,8774804963658,hsq-28611980000,Indicator adapter cable,"HSQ - Technical Accessories, Partstream"
2024-04-20T22:45:35+02:00,8774724419914,hsq-28611980044,"Adapter cable set SVARTPILEN, VITPILEN (125-401) 18-24",HSQ - Handlebars/instruments/electrics
2024-04-20T23:23:47+02:00,8774795919690,hsq-28612907000,Protective indoor cover,HSQ - Tool/transport
2024-04-20T23:33:19+02:00,8774804930890,hsq-28612919010,Mounting kit tank bag,"HSQ - Technical Accessories, Partstream"
2024-04-20T22:33:53+02:00,8774710427978,hsq-28612919044,Tank bag,HSQ - Technical Accessories
2024-04-21T01:34:16+02:00,8775156138314,hsq-318216,Tent Frame 3 x 3m,HSQ - Marketing Material
2024-04-21T01:34:39+02:00,8775158858058,hsq-318219,Rain Gutter 3m,HSQ - Marketing Material
2024-04-21T01:34:28+02:00,8775157219658,hsq-318220,Rain Gutter 6m,HSQ - Marketing Material
2024-04-21T01:29:37+02:00,8775120912714,hsq-3210146,Flag Stand,HSQ - Marketing Material
2024-04-21T01:29:42+02:00,8775121699146,hsq-3210562,Telescopic Flag Pole,HSQ - Marketing Material
2024-04-21T01:34:20+02:00,8775156597066,hsq-3210589,Tent Frame 6 x 3m,HSQ - Marketing Material
2024-04-21T01:29:45+02:00,8775122059594,hsq-3210613,Horizontal Top Bar,HSQ - Marketing Material
2024-04-20T23:10:59+02:00,8774785073482,hsq-32210x,Start numbers,HSQ - Trim parts/decals
2024-04-20T23:11:01+02:00,8774785204554,hsq-32220x,Start numbers,HSQ - Trim parts/decals
2024-04-21T01:52:10+02:00,8775286980938,hsq-3287001,Clamp,HSQ - Special tools
2024-04-21T01:52:18+02:00,8775287931210,hsq-3287002,Clamp,HSQ - Special tools
2024-04-21T01:52:21+02:00,8775288455498,hsq-3287003,Clamp,HSQ - Special tools
2024-04-21T01:52:25+02:00,8775288914250,hsq-3287004,Hook,HSQ - Special tools
2024-04-21T01:52:28+02:00,8775289176394,hsq-3287005,Hook,HSQ - Special tools
2024-04-21T01:52:32+02:00,8775289831754,hsq-3287006,Hook,HSQ - Special tools
2024-04-21T01:52:34+02:00,8775290192202,hsq-3287007,Hook,HSQ - Special tools
2024-04-21T01:52:37+02:00,8775290683722,hsq-3287008,Hook,HSQ - Special tools
2024-04-21T01:52:40+02:00,8775290978634,hsq-3287009,Hook,HSQ - Special tools
2024-04-21T01:52:43+02:00,8775291306314,hsq-3287010,Hook,HSQ - Special tools
2024-04-21T01:52:46+02:00,8775291797834,hsq-3287011,Magnet holder,HSQ - Special tools
2024-04-21T01:52:49+02:00,8775292223818,hsq-3287012,Metal box,HSQ - Special tools
2024-04-21T01:52:56+02:00,8775293206858,hsq-3287013,Clamp,HSQ - Special tools
2024-04-21T01:52:58+02:00,8775293567306,hsq-3287014,Hook,HSQ - Special tools
2024-04-21T01:53:01+02:00,8775293796682,hsq-3287015,Hook,HSQ - Special tools
2024-04-21T01:53:03+02:00,8775294255434,hsq-3287016,Metal box,HSQ - Special tools
2024-04-21T01:53:06+02:00,8775294517578,hsq-3287017,Hook,HSQ - Special tools
2024-04-21T01:53:08+02:00,8775294878026,hsq-3287018,Hook,HSQ - Special tools
2024-04-20T23:57:14+02:00,8774829441354,hsq-36003014000,Lock washer 8mm,"HSQ - Technical Accessories, Partstream"
2026-05-18T21:26:21+02:00,15664994091338,hsq-36120060,"Dirt scraper 12,7X18X3-4,5",HSQ - Special tools
2026-05-18T21:26:24+02:00,15664994124106,hsq-3ag210052700,STACYC 20VMAX 5AH BATTERY,HSQ - Electric Balance Bikes
2026-05-18T21:26:26+02:00,15664994156874,hsq-3ag210067600,CHAIN GUARD 12,HSQ - Electric Balance Bikes
2026-05-18T21:26:30+02:00,15664994222410,hsq-3ag210067700,CHAIN GUARD 16,HSQ - Electric Balance Bikes
2026-05-18T21:26:33+02:00,15664994287946,hsq-3ag210067800,FOOTREST,HSQ - Electric Balance Bikes
2026-05-18T21:26:37+02:00,15664994320714,hsq-3ag210067900,THROTTLE WITH GRIP,HSQ - Electric Balance Bikes
2026-05-18T21:26:41+02:00,15664994353482,hsq-3ag210068000,CHAIN 12,HSQ - Electric Balance Bikes
2026-05-18T21:26:43+02:00,15664994419018,hsq-3ag210068100,CHAIN 16,HSQ - Electric Balance Bikes
2026-05-18T21:26:48+02:00,15664994550090,hsq-3ag210068200,BRAKE LEVER,HSQ - Electric Balance Bikes
2026-05-18T21:26:51+02:00,15664994582858,hsq-3ag210068300,REAR BRAKE,HSQ - Electric Balance Bikes
2026-05-18T21:26:54+02:00,15664994648394,hsq-3ag210068400,90 GEARBOX,HSQ - Electric Balance Bikes
2026-05-18T21:26:57+02:00,15664994681162,hsq-3ag210068500,12.96 GEARBOX 16,HSQ - Electric Balance Bikes
2026-05-18T21:26:59+02:00,15664994713930,hsq-3ag210068600,11.4 GEARBOX 12,HSQ - Electric Balance Bikes
2026-05-18T21:27:01+02:00,15664994779466,hsq-3ag210068700,SEAT BLACK,HSQ - Electric Balance Bikes
2026-05-18T21:27:04+02:00,15664994812234,hsq-3ag210068800,TUBE 12,HSQ - Electric Balance Bikes
2026-05-18T21:27:06+02:00,15664994877770,hsq-3ag210068900,TUBE 16,HSQ - Electric Balance Bikes
2026-05-18T21:27:08+02:00,15664994976074,hsq-3ag210069000,TIRE 12,HSQ - Electric Balance Bikes
2026-05-18T21:27:11+02:00,15664995008842,hsq-3ag210069100,TIRE 16,HSQ - Electric Balance Bikes
2026-05-18T21:27:14+02:00,15664995041610,hsq-3ag210069200,SMART BATTERY CHARGER,HSQ - Electric Balance Bikes
2026-05-18T21:27:16+02:00,15664995107146,hsq-3ag210069300,MOTOR AND ESC COMBO 12,HSQ - Electric Balance Bikes
,7113435676853,hsq-3ag210069400,MOTOR AND ESC COMBO BRUSHLESS 16,Electric Balance Bikes
2026-05-18T21:27:21+02:00,15664995270986,hsq-3ag210080400,FRONT WHEEL 12,HSQ - Electric Balance Bikes
2026-05-18T21:27:24+02:00,15664995336522,hsq-3ag210080500,REAR WHEEL 12,HSQ - Electric Balance Bikes
2026-05-18T21:27:26+02:00,15664995369290,hsq-3ag210080600,FRONT WHEEL 16,HSQ - Electric Balance Bikes
2026-05-18T21:27:29+02:00,15664995434826,hsq-3ag210080700,REAR WHEEL 16,HSQ - Electric Balance Bikes
2026-05-18T21:27:31+02:00,15664995533130,hsq-3ag220068300,Handlebar 16,HSQ - Electric Balance Bikes
2024-07-05T08:13:40+02:00,9370535788874,hsq-3ag240048700,D3O LP1 LIMB PROTECTOR,HSQ -
2024-07-04T22:01:04+02:00,9369922502986,hsq-3ag240048800,D3O LP1 LIMB PROTECTOR,HSQ -
2024-07-04T22:01:06+02:00,9369922535754,hsq-3ag240048900,D3O LP1 LIMB PROTECTOR,HSQ -
2024-07-04T22:01:08+02:00,9369922634058,hsq-3ag240049000,D3O LP1 LIMB PROTECTOR,HSQ -
2024-07-05T08:14:01+02:00,9370535887178,hsq-3ag240049100,D3O LP2 PRO LIMB PROTECTOR,HSQ -
2024-07-04T22:01:10+02:00,9369922732362,hsq-3ag240049200,D3O LP2 PRO LIMB PROTECTOR,HSQ -
2024-07-04T22:01:12+02:00,9369922797898,hsq-3ag240049300,D3O LP2 PRO LIMB PROTECTOR,HSQ -
2024-07-04T22:01:14+02:00,9369922830666,hsq-3ag240049400,D3O LP2 PRO LIMB PROTECTOR,HSQ -
2024-07-05T08:14:10+02:00,9370535985482,hsq-3ag240049500,D3O GHOST LIMB PROTECTOR,HSQ -
2024-07-04T22:01:18+02:00,9369922928970,hsq-3ag240049600,D3O GHOST LIMB PROTECTOR,HSQ -
2024-07-04T22:01:21+02:00,9369923027274,hsq-3ag240049700,D3O GHOST LIMB PROTECTOR,HSQ -
2024-07-05T08:13:33+02:00,9370535723338,hsq-3ag240057100,D3O CP1 CHEST PROTECTOR,HSQ -
2024-07-04T22:01:02+02:00,9369922470218,hsq-3ag240057200,D3O CP1 CHEST PROTECTOR,HSQ -
2024-04-21T00:55:41+02:00,8774947766602,hsq-3ag24005860x,D3O VIPER CENTRAL BACK PROTECTOR,HSQ - Functional
,8636804301130,hsq-3ag240069800,Paddock Tent Carry Wheel Bag,Casual and Accessories
2026-05-18T21:27:42+02:00,15664995729738,hsq-3ag24007260x,D3O VIPER AIR BACK PROTECTOR,HSQ - Functional
2026-05-18T21:27:47+02:00,15664995828042,hsq-3ag25003600x,TECH-AIR® OFFROAD AIRBAG VEST,HSQ - Functional
,,hsq-3ag25003700x,TECH 7 MX SOLE BLACK,Functional
,10347888214346,hsq-3ag250037100,Tech 7 Buckle Base Black,Functional
,10347888181578,hsq-3ag250037200,Tech 7 Buckle Strap Black,Functional
2024-07-04T22:00:31+02:00,9369922273610,hsq-3ag250037500,Velocity Photocromic lens Clear Adaptive 37-87 VLT,"HSQ -, nada-hidden"
,,hsq-3ag250037600,Velocity Photocromic lens Light Grey Adaptive 28-80 VLT,Functional
,,hsq-3ag250037700,Velocity Cryztal Iriz Lens Fuchsia 22 VLT,Functional
,,hsq-3ag250037800,Velocity Cryztal Iriz Lens Prisma 60 VLT,Functional
,,hsq-3ag250037900,Velocity Cryztal Iriz Lens Platinum  30 VLT,Functional
,,hsq-3ag250038200,Velocity Iriz Lens Blue 49 VLT,Functional
,,hsq-3ag250038300,Velocity Iriz Lens Bronze 68 VLT,Functional
,,hsq-3ag250038600,Velocity Iriz Lens Platinum 28 VLT,Functional
,,hsq-3ag250038900,Velocity Iriz Lens Silver 50 VLT,Functional
,,hsq-3ag250039000,Velocity Iriz Lens Red 28 VLT,Functional
,,hsq-3ag250039200,Velocity Iriz Lens Purple 78 VLT,Functional
,,hsq-3ag250039300,Velocity Enduro Lens Clear 83 VLT,Functional
,,hsq-3ag250039400,Velocity Enduro Lens Rose Ultra Contrast 32 VLT,Functional
,,hsq-3ag250040000,Velocity Lens Clear 83 VLT,Functional
,,hsq-3ag250040100,Velocity Lens Light Grey 58 VLT,Functional
,,hsq-3ag250040200,Velocity Lens Yellow 70 VLT,Functional
,,hsq-3ag250040300,Velocity Lens Blue 52 VLT,Functional
,,hsq-3ag250040400,Velocity Lens Orange 51 VLT,Functional
,,hsq-3ag250040500,Velocity Lens Rose 32 VLT,Functional
,,hsq-3ag250040600,Velocity Lens Smoke 28 VLT,Functional
,,hsq-3ag250040700,Velocity 5.5/6.5 Roll-Off Kit,Functional
,,hsq-3ag250040800,Velocity 5.5/6.5 Roll-Off Film 48mm (6pcs),Functional
,,hsq-3ag250040900,Velocity 6.5 Roll-Off Dirt Strips (3pcs),Functional
,,hsq-3ag250041000,Velocity Tear-Off Standard (20pcs),Functional
,,hsq-3ag250041100,Velocity Nose Deflector Black,Functional
2024-04-21T00:33:45+02:00,8774893207882,hsq-3hs1458300,Logo Beanie,"HSQ - Casual and Accessories, nada-hidden"
,,hsq-3hs1470600,Moose,Marketing Material
2024-04-21T00:17:51+02:00,8774859489610,hsq-3hs155620x,Basic Logo Tee,"HSQ - Casual and Accessories, nada-hidden"
2026-05-18T21:28:57+02:00,15664998154570,hsq-3hs162810004,Antifog Lens Gold Mirror,HSQ - Functional
2024-04-21T00:30:21+02:00,8774886228298,hsq-3hs165220x,Team Shorts,"HSQ - Casual and Accessories, nada-hidden"
2024-04-21T00:17:57+02:00,8774859751754,hsq-3hs165610x,Team Tee,"HSQ - Casual and Accessories, nada-hidden"
2024-04-21T00:18:05+02:00,8774860079434,hsq-3hs165620x,Team Polo,"HSQ - Casual and Accessories, nada-hidden"
2025-01-09T09:00:29+01:00,9637448909130,hsq-3hs1770500,Team Cap,HSQ - Casual and Accessories
2024-04-21T00:34:03+02:00,8774893928778,hsq-3hs177070x,Team Style Cap,"HSQ - Casual and Accessories, nada-hidden"
2025-01-09T09:03:34+01:00,9637450678602,hsq-3hs1771000,Husqvarna Cross 400/70 Model Bike,HSQ - Casual and Accessories
2024-04-21T00:59:57+02:00,8774957990218,hsq-3hs18282000x,Moto 9 Top Liner,Partstream
,,hsq-3hs1829200/0x,Moto 9 Flex Top Liner,Functional
,,hsq-3hs1829200/1x,Moto 9 Flex Cheek Pads,Functional
2024-04-21T00:49:08+02:00,8774933774666,hsq-3hs191120x,Pilen Pants,"HSQ - Functional, nada-hidden"
2026-05-18T21:29:01+02:00,15664998285642,hsq-3hs192530x,Dual Axis Knee Guards,HSQ - Functional
2025-01-09T09:09:40+01:00,9637454283082,hsq-3hs192540x,3DF Airfit Body Protector,HSQ - Functional
2026-05-18T21:29:06+02:00,15664998515018,hsq-3hs192820010,Moto 9 Gotland Helmet Shield 19,HSQ - Functional
2026-05-18T21:29:09+02:00,15664998547786,hsq-3hs193010001,Crossfire 3 SRS Strap Lock,HSQ - Functional
2026-05-18T21:29:11+02:00,15664998646090,hsq-3hs193010002,Crossfire 3 SRS Buckle Base,HSQ - Functional
2026-05-18T21:29:13+02:00,15664998875466,hsq-3hs193010003,Crossfire 3 SRS Buckle Strap Short,HSQ - Functional
2026-05-18T21:29:16+02:00,15664998941002,hsq-3hs193010007,Crossfire 3 SRS Metatarus Insert,HSQ - Functional
2024-04-21T00:49:55+02:00,8774936527178,hsq-3hs194210x,Functional Underpants Long,"HSQ - Functional, nada-hidden"
2024-04-21T00:57:15+02:00,8774951076170,hsq-3hs194310x,Functional Undershirt Long,"HSQ - Functional, nada-hidden"
2025-01-09T09:03:00+01:00,9637450318154,hsq-3hs1970000,Travel Bag 9800,HSQ - Casual and Accessories
2025-01-09T09:02:55+01:00,9637450285386,hsq-3hs1970100,Dakar Backpack,HSQ - Casual and Accessories
2025-01-09T09:02:45+01:00,9637450187082,hsq-3hs1970200,Erzberg Hydration Pack,HSQ - Casual and Accessories
2025-01-09T09:02:41+01:00,9637450121546,hsq-3hs1970300,Comp Belt Bag,HSQ - Casual and Accessories
2024-04-21T00:33:50+02:00,8774893404490,hsq-3hs1970600,Inventor Beanie,"HSQ - Casual and Accessories, nada-hidden"
2024-04-21T00:33:59+02:00,8774893764938,hsq-3hs1970700,Corporate Beanie,"HSQ - Casual and Accessories, nada-hidden"
2025-01-09T09:07:32+01:00,9637453594954,hsq-3hs1971000,Corporate Umbrella,HSQ - Casual and Accessories
2025-01-09T09:07:26+01:00,9637453562186,hsq-3hs1971200,Corporate Paddock Chair,HSQ - Casual and Accessories
2025-01-09T09:06:57+01:00,9637453365578,hsq-3hs1971300,Training Bike,HSQ - Casual and Accessories
2026-05-18T21:29:18+02:00,15664998973770,hsq-3hs1971400,Training Bike Helmet,HSQ - Casual and Accessories
2025-01-09T09:09:27+01:00,9637454250314,hsq-3hs199720x,"4,5 Kids Chest Protector",HSQ - Functional
2026-05-18T21:29:21+02:00,15664999039306,hsq-3hs199810001,Antifog Lens Clear,HSQ - Functional
2026-05-18T21:29:23+02:00,15664999235914,hsq-3hs199810002,Antifog Lens Smoke,HSQ - Functional
2026-05-18T21:29:26+02:00,15664999268682,hsq-3hs199810006,Mud Replacement Film,HSQ - Functional
2026-05-18T21:29:28+02:00,15664999334218,hsq-3hs199830001,Flame Strap Lock,HSQ - Functional
2026-05-18T21:29:31+02:00,15664999366986,hsq-3hs199830002,Flame Buckle Base,HSQ - Functional
2026-05-18T21:29:33+02:00,15664999432522,hsq-3hs199830003,Flame Buckle Strap,HSQ - Functional
,,hsq-3hs19991001x,Kids Railed Helmet Interior,Functional
2024-04-21T00:55:24+02:00,8774947209546,hsq-3hs20000620x,Brisker Gloves,"HSQ - Functional, nada-hidden"
2024-04-21T00:15:41+02:00,8774854410570,hsq-3hs20001050x,Women Origin Shirt,"HSQ - Casual and Accessories, nada-hidden"
2025-01-09T09:02:11+01:00,9637449859402,hsq-3hs200016200,No Drag Bag,HSQ - Casual and Accessories
2025-01-09T09:06:37+01:00,9637453201738,hsq-3hs200017100,Progress Watch,HSQ - Casual and Accessories
2025-01-09T09:05:58+01:00,9637452415306,hsq-3hs200017300,Allrounder,HSQ - Casual and Accessories
2024-04-21T00:39:46+02:00,8774905233738,hsq-3hs20001950x,Rain Jacket Transparent,HSQ - Functional
2024-04-21T00:50:39+02:00,8774938100042,hsq-3hs20002110x,Horizon Suit,"HSQ - Functional, nada-hidden"
2024-04-21T00:56:35+02:00,8774949601610,hsq-3hs20002120x,Neck Brace GPX 3.7,HSQ - Functional
2024-04-21T00:56:40+02:00,8774949830986,hsq-3hs20002130x,Impact Shorts 3DF 5.4,"HSQ - Functional, Out of stock"
2024-04-21T00:33:25+02:00,8774892552522,hsq-3hs200022100,Replica Team Kids Cap,"HSQ - Casual and Accessories, nada-hidden"
2026-05-18T21:29:39+02:00,15664999498058,hsq-3hs20002980x,CROSSFIRE 3 SRS ENDURO REPLACEMENT SOLE,HSQ - Functional
2026-05-18T21:29:42+02:00,15664999530826,hsq-3hs20003070x,Pursuit GTX Jacket,HSQ - Functional
2024-04-21T00:48:44+02:00,8774931841354,hsq-3hs20003090x,Pursuit Jeans,"HSQ - Functional, nada-hidden"
2025-01-09T09:06:14+01:00,9637452841290,hsq-3hs200040200,Face Mask,HSQ - Casual and Accessories
2025-01-09T09:00:13+01:00,9637448679754,hsq-3hs200040300,RS Jarvis Cap,HSQ - Casual and Accessories
2025-01-09T09:04:56+01:00,9637451825482,hsq-3hs200040700,Team Face Mask,HSQ - Casual and Accessories
2026-05-18T21:29:45+02:00,15664999596362,hsq-3hs200041000,Kids Training Bike Grip,HSQ - Functional
2026-05-18T21:29:47+02:00,15664999629130,hsq-3hs200041200,Kids Training Bike Handguards,HSQ - Functional
2026-05-18T21:29:52+02:00,15664999661898,hsq-3hs200041400,Kids Training Bike Saddle,HSQ - Functional
2024-04-21T00:30:38+02:00,8774886850890,hsq-3hs205210x,Replica Team Pants,"HSQ - Casual and Accessories, nada-hidden"
2024-04-21T00:24:14+02:00,8774874136906,hsq-3hs205520x,Replica Team Hoodie,"HSQ - Casual and Accessories, nada-hidden"
2024-04-21T00:19:06+02:00,8774862504266,hsq-3hs205610x,Replica Team Tee,"HSQ - Casual and Accessories, nada-hidden"
2024-04-21T00:19:16+02:00,8774862897482,hsq-3hs205630x,Replica Team Shirt,"HSQ - Casual and Accessories, nada-hidden"
2024-04-21T00:17:46+02:00,8774859260234,hsq-3hs208630x,Women Replica Team Shirt,"HSQ - Casual and Accessories, nada-hidden"
2024-04-21T00:16:48+02:00,8774857032010,hsq-3hs209620x,Kids Replica Team Tee,"HSQ - Casual and Accessories, nada-hidden"
2024-04-21T00:53:27+02:00,8774943572298,hsq-3hs21000380x,iTrack Railed Gloves,"HSQ - Functional, nada-hidden"
2024-04-21T00:36:15+02:00,8774898614602,hsq-3hs210004200,Accuri Goggles,"HSQ - Functional, nada-hidden"
2024-04-21T00:53:10+02:00,8774943048010,hsq-3hs21000470x,Ridefit Gotland Gloves,"HSQ - Functional, nada-hidden"
2024-04-21T00:44:25+02:00,8774915227978,hsq-3hs21000490x,Kids Railed Shirt,HSQ - Functional
2024-04-21T00:48:29+02:00,8774930661706,hsq-3hs21000500x,Kids Railed Pants,HSQ - Functional
2024-04-21T00:53:02+02:00,8774942818634,hsq-3hs21000510x,Kids iTrack Railed Gloves,"HSQ - Functional, nada-hidden"
2024-04-21T00:53:18+02:00,8774943310154,hsq-3hs21000550x,iTrack Origin Gloves,HSQ - Functional
2024-04-21T00:44:54+02:00,8774916243786,hsq-3hs21000560x,Origin Shirt,"HSQ - Functional, nada-hidden"
2024-04-21T00:48:39+02:00,8774931382602,hsq-3hs21000570x,Origin Pants,HSQ - Functional
2026-05-18T21:29:56+02:00,15664999727434,hsq-3hs210009100,Moto 9 Helmet Shield Blue,HSQ - Functional
2025-01-09T09:06:07+01:00,9637452579146,hsq-3hs210010300,Wallet,HSQ - Casual and Accessories
2025-01-09T09:06:29+01:00,9637453136202,hsq-3hs210010400,Keyholder,HSQ - Casual and Accessories
2025-01-09T09:06:25+01:00,9637453103434,hsq-3hs210010500,Belt,"HSQ - Casual and Accessories, synkro-clone-ktm-shop-nederland"
2024-04-21T00:32:55+02:00,8774891503946,hsq-3hs21001060x,Logo Cap,"HSQ - Casual and Accessories, nada-hidden"
2025-01-09T09:06:19+01:00,9637452972362,hsq-3hs210010800,Thermo Bottle,HSQ - Casual and Accessories
2026-05-18T21:29:59+02:00,15664999760202,hsq-3hs210010900,Training Bike Helmet,HSQ - Casual and Accessories
2025-01-09T09:06:10+01:00,9637452710218,hsq-3hs210011100,Corporate Shades,HSQ - Casual and Accessories
2025-01-09T09:06:02+01:00,9637452480842,hsq-3hs210011200,Logo Allrounder,HSQ - Casual and Accessories
2025-01-09T09:01:56+01:00,9637449564490,hsq-3hs210011300,Trolley,HSQ - Casual and Accessories
2025-01-09T09:01:35+01:00,9637449400650,hsq-3hs210011500,Daybag,HSQ - Casual and Accessories
2025-01-09T09:01:42+01:00,9637449466186,hsq-3hs210011600,Duffle Bag,HSQ - Casual and Accessories
2024-04-21T00:24:46+02:00,8774875152714,hsq-3hs21001270x,Remote Hybrid Fleece,"HSQ - Casual and Accessories, nada-hidden"
2024-04-21T00:15:15+02:00,8774853493066,hsq-3hs21001290x,Accelerate Tee,"HSQ - Casual and Accessories, nada-hidden"
2024-04-21T00:29:54+02:00,8774885409098,hsq-3hs21001300x,Accelerate Shorts,"HSQ - Casual and Accessories, nada-hidden"
2024-04-21T00:26:23+02:00,8774878200138,hsq-3hs21001310x,Accelerate Jacket,"HSQ - Casual and Accessories, nada-hidden"
2024-04-21T01:00:16+02:00,8774958678346,hsq-3hs210025000,Kids Railed Helmet Shield,Partstream
2024-04-21T01:00:09+02:00,8774958416202,hsq-3hs210031600,Moto 9 Flex Nose Deflector Grey,Partstream
2024-04-21T00:36:08+02:00,8774898319690,hsq-3hs210031700,Racecraft+ Goggles,"HSQ - Functional, nada-hidden"
2024-04-21T00:43:22+02:00,8774912999754,hsq-3hs21003180x,Railed Shirt Pro,"HSQ - Functional, nada-hidden"
2024-04-21T00:43:09+02:00,8774912541002,hsq-3hs21003200x,Railed Shirt,"HSQ - Functional, nada-hidden"
2024-04-21T00:48:10+02:00,8774929252682,hsq-3hs21003210x,Railed Pants,HSQ - Functional
2024-04-21T00:35:58+02:00,8774897959242,hsq-3hs210032400,Accuri Goggles,"HSQ - Functional, nada-hidden"
2024-04-21T00:36:02+02:00,8774898123082,hsq-3hs210032500,Accuri Mud Goggles,"HSQ - Functional, nada-hidden"
2024-04-21T00:38:51+02:00,8774903595338,hsq-3hs21003260x,Gotland Jacket,"HSQ - Functional, nada-hidden"
2024-04-21T00:48:00+02:00,8774928597322,hsq-3hs21003270x,Gotland Pants,"HSQ - Functional, nada-hidden"
2024-04-21T00:43:39+02:00,8774913556810,hsq-3hs21003280x,Gotland Shirt,"HSQ - Functional, nada-hidden"
2024-04-21T00:43:30+02:00,8774913261898,hsq-3hs21003290x,Gotland Shirt,"HSQ - Functional, nada-hidden"
2024-04-21T00:38:37+02:00,8774903136586,hsq-3hs21003300x,Gotland Jacket WP,"HSQ - Functional, nada-hidden"
2024-04-21T00:47:55+02:00,8774928171338,hsq-3hs21003310x,Gotland Pants WP,"HSQ - Functional, nada-hidden"
2024-04-21T00:38:28+02:00,8774902874442,hsq-3hs21003330x,Gotland Vest,"HSQ - Functional, nada-hidden"
2024-07-20T10:33:56+02:00,9391404351818,hsq-3hs21003340x,Crossfire 3 SRS Boots,"HSQ - Functional, nada-hidden"
2024-07-20T10:33:48+02:00,9391404220746,hsq-3hs21003350x,X-3 SRS Boots,"HSQ - Functional, nada-hidden"
2024-07-20T10:33:42+02:00,9391404089674,hsq-3hs21003360x,Kids Flame Boots,HSQ - Functional
2024-04-21T00:36:05+02:00,8774898221386,hsq-3hs210033700,Kids Strata Goggles,"HSQ - Functional, nada-hidden"
2024-04-21T00:43:47+02:00,8774913884490,hsq-3hs21003400x,Origin Shirt,"HSQ - Functional, nada-hidden"
2024-04-21T00:32:50+02:00,8774891274570,hsq-3hs21003500x,Logo Cap Dark,"HSQ - Casual and Accessories, nada-hidden"
2024-04-21T00:15:10+02:00,8774853329226,hsq-3hs21003750x,Authentic Tee,"HSQ - Casual and Accessories, nada-hidden"
2024-04-21T00:15:05+02:00,8774853132618,hsq-3hs21003760x,Authentic Tee,"HSQ - Casual and Accessories, nada-hidden"
2024-04-21T00:15:01+02:00,8774852837706,hsq-3hs21003770x,Authentic Polo,"HSQ - Casual and Accessories, nada-hidden"
2024-04-21T00:22:35+02:00,8774870663498,hsq-3hs21003780x,Authentic Zip Hoodie,"HSQ - Casual and Accessories, nada-hidden"
2024-04-21T00:14:56+02:00,8774852673866,hsq-3hs21003790x,Remote Tee,"HSQ - Casual and Accessories, nada-hidden"
2024-04-21T00:14:50+02:00,8774852411722,hsq-3hs21003800x,Remote Tee,"HSQ - Casual and Accessories, nada-hidden"
2024-04-21T00:22:28+02:00,8774870368586,hsq-3hs21003820x,Remote Hoodie,"HSQ - Casual and Accessories, nada-hidden"
2024-04-21T00:22:22+02:00,8774870139210,hsq-3hs21003830x,Remote Hoodie,"HSQ - Casual and Accessories, nada-hidden"
2024-04-21T00:26:09+02:00,8774877741386,hsq-3hs21003870x,Accelerate Hardshell Jacket,HSQ - Casual and Accessories
2024-04-21T00:14:40+02:00,8774852084042,hsq-3hs21003880x,Accelerate Topographic Tee,"HSQ - Casual and Accessories, nada-hidden"
2024-04-21T00:14:45+02:00,8774852247882,hsq-3hs21003890x,Kids Remote Tee,"HSQ - Casual and Accessories, nada-hidden"
2024-04-21T00:14:35+02:00,8774851920202,hsq-3hs21003900x,Women Replica Team Tee,"HSQ - Casual and Accessories, nada-hidden"
2024-04-21T00:35:09+02:00,8774896288074,hsq-3hs21003910x,Kids Replica Team Hoodie,"HSQ - Casual, HSQ - Replica Team Wear, HSQ - Team Wear, nada-hidden"
2024-04-21T00:33:03+02:00,8774891798858,hsq-3hs210039200,Accelerate Curved Cap,"HSQ - Casual and Accessories, nada-hidden"
2024-04-21T00:33:15+02:00,8774892192074,hsq-3hs210039300,Authentic Flat Cap,"HSQ - Casual and Accessories, nada-hidden"
2024-04-21T00:33:10+02:00,8774892028234,hsq-3hs210039400,Remote Trucker Cap,"HSQ - Casual and Accessories, nada-hidden"
2025-01-09T09:05:42+01:00,9637452218698,hsq-3hs210039500,Keyholder Blue,HSQ - Casual and Accessories
2025-01-09T09:05:39+01:00,9637452185930,hsq-3hs210039600,Lanyard,HSQ - Casual and Accessories
2024-07-04T21:58:38+02:00,9369921290570,hsq-3hs210039700,Sticker Sheet,HSQ - Casual and Accessories
2025-01-09T09:05:34+01:00,9637452120394,hsq-3hs210039800,Dummy,HSQ - Casual and Accessories
2025-01-09T09:01:21+01:00,9637449302346,hsq-3hs210040100,Renegade Backpack,HSQ - Casual and Accessories
2025-01-09T09:01:31+01:00,9637449367882,hsq-3hs210040200,Baja Backpack,HSQ - Casual and Accessories
2024-04-21T00:32:59+02:00,8774891635018,hsq-3hs210040300,Corporate Beanie,"HSQ - Casual and Accessories, nada-hidden"
2026-05-18T21:30:06+02:00,15664999956810,hsq-3hs210048500,Crossfire 3 SRS Buckle Base,HSQ - Functional
2026-05-18T21:30:09+02:00,15664999989578,hsq-3hs210048600,Crossfire 3 SRS Buckle Strap Short,HSQ - Functional
2026-05-18T21:30:11+02:00,15665000055114,hsq-3hs210049100,X-3 SRS Buckle Strap Short,HSQ - Functional
2026-05-18T21:30:14+02:00,15665000087882,hsq-3hs210049200,X-3 SRS Buckle Strap Mid,HSQ - Functional
2026-05-18T21:30:16+02:00,15665000186186,hsq-3hs210049xxx,Kids Flame Accessories Boots,HSQ - Functional
2026-05-18T21:30:19+02:00,15665000218954,hsq-3hs210052500,Replica 12eDrive,HSQ - Electric Balance Bikes
2025-01-09T09:05:30+01:00,9637452054858,hsq-3hs210061600,Paddock Tent 3x3m,HSQ - Casual and Accessories
2025-01-09T09:05:01+01:00,9637451891018,hsq-3hs210062000,Tent Wall Set 3x3m,HSQ - Casual and Accessories
2025-01-09T09:03:58+01:00,9637451104586,hsq-3hs210063800,TE 300i Model Bike,HSQ - Casual and Accessories
2024-04-21T00:14:16+02:00,8774851068234,hsq-3hs21007320x,Replay Tee,"HSQ - Casual and Accessories, nada-hidden"
2024-04-21T00:14:21+02:00,8774851264842,hsq-3hs21007330x,Replay Tee,"HSQ - Casual and Accessories, nada-hidden"
2024-04-21T00:22:09+02:00,8774869713226,hsq-3hs21007340x,Replay Zip Hoodie,"HSQ - Casual and Accessories, nada-hidden"
2024-04-21T00:22:15+02:00,8774869942602,hsq-3hs21007350x,Replay Zip Hoodie,"HSQ - Casual and Accessories, nada-hidden"
2024-04-21T00:26:03+02:00,8774877512010,hsq-3hs21007360x,Replay Padded Vest,"HSQ - Casual and Accessories, nada-hidden"
2024-04-21T00:29:48+02:00,8774885114186,hsq-3hs21007370x,Replay Jeans,HSQ - Casual and Accessories
2025-01-09T09:04:52+01:00,9637451792714,hsq-3hs210075100,Document Folder,HSQ - Casual and Accessories
2024-07-20T10:29:28+02:00,9391400288586,hsq-3hs22001240x,Moto-10 Spherical Railed Helmet,"HSQ - Functional, nada-hidden"
2024-04-21T00:35:49+02:00,8774897598794,hsq-3hs220012500,Armega Goggles,"HSQ - Functional, nada-hidden"
2024-04-21T00:42:15+02:00,8774910837066,hsq-3hs22001260x,Railed Shirt Pro,"HSQ - Functional, nada-hidden"
2024-04-21T00:42:23+02:00,8774911099210,hsq-3hs22001270x,Railed Shirt,"HSQ - Functional, nada-hidden"
2024-04-21T00:47:23+02:00,8774925746506,hsq-3hs22001280x,Railed Pants,HSQ - Functional
2024-04-21T00:52:19+02:00,8774941376842,hsq-3hs22001310x,iTrack Railed Gloves,"HSQ - Functional, nada-hidden"
2024-07-20T10:29:37+02:00,9391400419658,hsq-3hs22001320x,Authentic Helmet,"HSQ - Functional, nada-hidden"
2024-04-21T00:42:30+02:00,8774911295818,hsq-3hs22001330x,Authentic Shirt,"HSQ - Functional, nada-hidden"
2024-04-21T00:47:28+02:00,8774926139722,hsq-3hs22001340x,Authentic Pants,"HSQ - Functional, nada-hidden"
2024-07-20T10:30:02+02:00,9391400812874,hsq-3hs22001350x,Moto 9 MIPS® Gotland Helmet,HSQ - Functional
2024-04-21T00:42:51+02:00,8774911918410,hsq-3hs22001360x,Gotland Shirt,HSQ - Functional
2024-04-21T00:42:58+02:00,8774912147786,hsq-3hs22001370x,Gotland Shirt,HSQ - Functional
2024-04-21T00:50:33+02:00,8774937870666,hsq-3hs22001380x,Horizon Suit,HSQ - Functional
2024-04-21T00:52:27+02:00,8774941737290,hsq-3hs22001390x,Horizon Gloves,HSQ - Functional
2026-05-18T21:30:24+02:00,15665000251722,hsq-3hs22001400x,Kids Railed Helmet,HSQ - Functional
2024-04-21T00:42:35+02:00,8774911459658,hsq-3hs22001410x,Kids Railed Shirt,HSQ - Functional
2024-04-21T00:12:59+02:00,8774848414026,hsq-3hs22002780x,Authentic Tee,"HSQ - Casual and Accessories, nada-hidden"
2024-04-21T00:13:04+02:00,8774848577866,hsq-3hs22002790x,Authentic Tee,"HSQ - Casual and Accessories, nada-hidden"
2024-04-21T00:21:39+02:00,8774868500810,hsq-3hs22002800x,Authentic Zip Hoodie,"HSQ - Casual and Accessories, nada-hidden"
2024-04-21T00:13:10+02:00,8774848741706,hsq-3hs22002810x,Remote Tee,"HSQ - Casual and Accessories, nada-hidden"
2024-04-21T00:13:16+02:00,8774848971082,hsq-3hs22002820x,Remote Tee,"HSQ - Casual and Accessories, nada-hidden"
2024-04-21T00:21:44+02:00,8774868697418,hsq-3hs22002830x,Remote Hoodie,"HSQ - Casual and Accessories, nada-hidden"
2024-04-21T00:21:51+02:00,8774868992330,hsq-3hs22002840x,Remote Hoodie,"HSQ - Casual and Accessories, nada-hidden"
2024-04-21T00:13:28+02:00,8774849429834,hsq-3hs22002850x,Accelerate Functional Tee,"HSQ - Casual and Accessories, nada-hidden"
2024-04-21T00:29:27+02:00,8774884491594,hsq-3hs22002860x,Accelerate Shorts,"HSQ - Casual and Accessories, nada-hidden"
2024-04-21T00:25:53+02:00,8774877184330,hsq-3hs22002870x,Accelerate Windbreaker,"HSQ - Casual and Accessories, nada-hidden"
2026-05-18T21:30:27+02:00,15665000481098,hsq-3hs220028800,Kids Training Bike Helmet,HSQ - Casual and Accessories
2024-04-21T00:24:33+02:00,8774874792266,hsq-3hs22002890x,Accelerate Hybrid Fleece,HSQ - Casual and Accessories
2024-04-21T00:32:14+02:00,8774889931082,hsq-3hs220029000,Team Curved Cap,"HSQ - Casual and Accessories, nada-hidden"
2024-04-21T00:32:20+02:00,8774890160458,hsq-3hs220029100,Team Flat Cap,"HSQ - Casual and Accessories, nada-hidden"
2024-04-21T00:13:22+02:00,8774849233226,hsq-3hs22002930x,Kids Remote Tee,"HSQ - Casual and Accessories, nada-hidden"
2025-01-09T09:04:22+01:00,9637451432266,hsq-3hs220029500,Kids Training Bike,HSQ - Casual and Accessories
2024-04-21T00:32:25+02:00,8774890357066,hsq-3hs220029600,Kids Team Curved Cap,"HSQ - Casual and Accessories, nada-hidden"
2025-01-09T09:04:41+01:00,9637451694410,hsq-3hs220029700,Team Umbrella,HSQ - Casual and Accessories
2025-01-09T09:04:47+01:00,9637451727178,hsq-3hs220030500,Team Paddock Chair,HSQ - Casual and Accessories
2024-04-21T00:13:33+02:00,8774849659210,hsq-3hs22003120x,Team Tee,"HSQ - Casual and Accessories, nada-hidden"
2024-04-21T00:13:39+02:00,8774849855818,hsq-3hs22003130x,Team Polo,"HSQ - Casual and Accessories, nada-hidden"
2024-04-21T00:13:44+02:00,8774850052426,hsq-3hs22003140x,Team Shirt,"HSQ - Casual and Accessories, nada-hidden"
2024-04-21T00:21:56+02:00,8774869156170,hsq-3hs22003150x,Team Midlayer Zip Hoodie,"HSQ - Casual and Accessories, nada-hidden"
2024-04-21T00:25:58+02:00,8774877348170,hsq-3hs22003160x,Team Hardshell Jacket,"HSQ - Casual and Accessories, nada-hidden"
2024-04-21T00:29:34+02:00,8774884720970,hsq-3hs22003170x,Team Shorts,"HSQ - Casual and Accessories, nada-hidden"
2024-04-21T00:29:41+02:00,8774884950346,hsq-3hs22003180x,Team Pants,"HSQ - Casual and Accessories, nada-hidden"
2024-04-21T00:13:49+02:00,8774850183498,hsq-3hs22003190x,Women Team Tee,"HSQ - Casual and Accessories, nada-hidden"
2024-04-21T00:13:57+02:00,8774850445642,hsq-3hs22003200x,Kids Team Tee,"HSQ - Casual and Accessories, nada-hidden"
2024-04-21T00:22:03+02:00,8774869483850,hsq-3hs22003210x,Kids Team Zip Hoodie,"HSQ - Casual and Accessories, nada-hidden"
2024-04-21T00:35:04+02:00,8774896091466,hsq-3hs22003220x,Baby Team Body,HSQ - Best Deal
2025-01-09T09:04:13+01:00,9637451301194,hsq-3hs220032300,Baby Team Bib,HSQ - Casual and Accessories
2025-01-09T09:04:16+01:00,9637451366730,hsq-3hs220032400,Baby Team Bottle,HSQ - Casual and Accessories
2025-01-09T09:04:32+01:00,9637451563338,hsq-3hs220033800,Team Hydration Bottle,HSQ - Casual and Accessories
2024-04-21T00:59:48+02:00,8774957629770,hsq-3hs22003750x,Moto-10 Top Liner BK,Partstream
2026-05-18T21:30:33+02:00,15665000612170,hsq-3hs220037700,Moto-10 Helmet Shield/Mouthpiece Set,HSQ - Functional
2026-05-18T21:30:37+02:00,15665000841546,hsq-3hs220038000,Moto 9 MIPS® Helmet Shield,HSQ - Functional
2026-05-18T21:30:40+02:00,15665000907082,hsq-3hs220038700,MX-9 ADV MIPS® Shield Dark Smoke,HSQ - Functional
2024-04-21T00:59:40+02:00,8774957334858,hsq-3hs22003880x,MX-9 ADV MIPS® Top Liner,Partstream
2026-05-18T21:30:42+02:00,15665001103690,hsq-3hs22003890x,MX-9 ADV MIPS® Cheek Padset,HSQ - Functional
2024-07-20T10:30:15+02:00,9391401042250,hsq-3hs22003900x,MX-9 ADV MIPS® Helmet,HSQ - Functional
2026-05-18T21:30:45+02:00,15665001136458,hsq-3hs220039200,MX-9 ADV MIPS® Visor Screw 3PC,HSQ - Functional
2024-04-21T00:56:21+02:00,8774949044554,hsq-3hs220039300,Neckbrace 3.5 GPX Junior,HSQ - Functional
2024-04-21T00:56:15+02:00,8774948815178,hsq-3hs22003940x,Knee Brace X-Frame Hybrid,HSQ - Functional
2024-04-21T00:35:55+02:00,8774897828170,hsq-3hs220039500,Racecraft Goggles,"HSQ - Functional, nada-hidden"
2024-04-21T00:35:52+02:00,8774897729866,hsq-3hs220039600,Accuri Goggles,"HSQ - Functional, nada-hidden"
2024-04-21T00:59:43+02:00,8774957433162,hsq-3hs220039700,Kids Railed Helmet Shield,Partstream
2024-04-21T00:32:08+02:00,8774889701706,hsq-3hs220041500,Remote Trucker Cap,"HSQ - Casual and Accessories, nada-hidden"
2026-05-18T21:30:48+02:00,15665001398602,hsq-3hs22004240x,Scalar Waterproof Jacket,HSQ - Functional
2026-05-18T21:30:51+02:00,15665001431370,hsq-3hs22004250x,Scalar Waterproof Pants,HSQ - Functional
2024-04-21T00:52:35+02:00,8774941933898,hsq-3hs22004260x,Scalar Gloves,HSQ - Functional
2024-04-21T18:16:37+02:00,8776354890058,hsq-3hs22004270x,Sphere WP Jacket,HSQ - Functional
2024-04-21T00:52:10+02:00,8774941147466,hsq-3hs22004280x,Sphere WP Gloves,HSQ - Functional
2024-07-20T10:33:28+02:00,9391403893066,hsq-3hs22004290x,Sphere Shoes,HSQ - Functional
2024-07-20T10:29:07+02:00,9391399895370,hsq-3hs22004300x,Helios Helmet,HSQ - Functional
2024-04-21T00:59:45+02:00,8774957531466,hsq-3hs220045100,Authentic Helmet Shield,Partstream
2026-05-18T21:30:55+02:00,15665001496906,hsq-3hs220046300,Standard Tear offs 20 pcs,HSQ - Functional
2025-01-09T09:04:26+01:00,9637451497802,hsq-3hs220046400,Team Coffee To Go Mug,HSQ - Casual and Accessories
2024-07-20T10:29:50+02:00,9391400616266,hsq-3hs22004720x,Kids Status Helmet,"HSQ - Functional, nada-hidden"
2026-05-18T21:30:57+02:00,15665001660746,hsq-3hs220047400,Kids Status Helmet Shield,HSQ - Functional
2024-04-21T00:42:41+02:00,8774911656266,hsq-3hs22004780x,Kids Railed eDrive Shirt,"HSQ - Functional, nada-hidden"
2026-05-18T21:31:00+02:00,15665001726282,hsq-3hs220053000,Replica 16eDrive,HSQ - Electric Balance Bikes
2026-05-18T21:31:02+02:00,15665001791818,hsq-3hs220059300,Notepadcase,HSQ - Casual and Accessories
2024-04-21T18:15:53+02:00,8776354431306,hsq-3hs220061600,Norden Curved Cap,"HSQ - Casual and Accessories, nada-hidden"
2024-04-21T18:14:58+02:00,8776353677642,hsq-3hs22006170x,N901 Tee,"HSQ - Casual and Accessories, nada-hidden"
2024-04-21T18:15:02+02:00,8776353775946,hsq-3hs22006180x,Norden Tee,"HSQ - Casual and Accessories, nada-hidden"
2026-05-18T21:31:04+02:00,15665001857354,hsq-3hs220065600,EDrive Bike Stand,HSQ - Tool/transport
2024-07-20T10:28:30+02:00,9391399403850,hsq-3hs23000870x,Authentic Helmet,"HSQ - Functional, nada-hidden"
2024-04-21T00:41:24+02:00,8774909002058,hsq-3hs23000880x,Authentic Jersey,"HSQ - Functional, nada-hidden"
2024-04-21T00:52:02+02:00,8774940852554,hsq-3hs23000890x,Authentic Gloves,HSQ - Functional
2024-07-20T10:33:36+02:00,9391403958602,hsq-3hs23000900x,X-3 SRS Boots,HSQ - Functional
2024-07-20T10:28:18+02:00,9391399272778,hsq-3hs23000910x,Moto 9S Flex Railed Helmet,HSQ - Functional
2024-04-21T00:35:27+02:00,8774896845130,hsq-3hs230009200,Velocity 6.5 Goggles,HSQ - Functional
2024-04-21T00:41:05+02:00,8774908313930,hsq-3hs23000930x,Railed Jersey Air,HSQ - Functional
2024-04-21T00:41:16+02:00,8774908739914,hsq-3hs23000940x,Railed Jersey,HSQ - Functional
2024-04-21T00:46:55+02:00,8774923747658,hsq-3hs23000950x,Railed Pants,HSQ - Functional
2024-04-21T00:41:31+02:00,8774909329738,hsq-3hs23000960x,Origin Jersey,HSQ - Functional
2024-07-20T10:28:54+02:00,9391399698762,hsq-3hs23000970x,Moto 9 MIPS® Gotland Helmet,HSQ - Functional
2024-04-21T18:16:28+02:00,8776354758986,hsq-3hs23000980x,Gotland Jacket,HSQ - Functional
2024-04-21T00:37:41+02:00,8774901367114,hsq-3hs23000990x,Gotland Jacket WP,HSQ - Functional
2024-04-21T00:37:55+02:00,8774901793098,hsq-3hs23001000x,Gotland Vest,HSQ - Functional
2024-04-21T00:41:49+02:00,8774909952330,hsq-3hs23001010x,Gotland Jersey,HSQ - Functional
2024-04-21T00:42:00+02:00,8774910378314,hsq-3hs23001020x,Gotland Jersey,HSQ - Functional
2024-04-21T00:47:03+02:00,8774924370250,hsq-3hs23001030x,Gotland Pants,HSQ - Functional
2024-04-21T00:47:14+02:00,8774925091146,hsq-3hs23001040x,Gotland Pants WP,HSQ - Functional
2024-04-21T00:55:48+02:00,8774947995978,hsq-3hs23001070x,ReaFlex Chest Protector,HSQ - Functional
2024-04-21T00:56:03+02:00,8774948421962,hsq-3hs23001080x,Kids Elbow Guard 3DF 5.1,HSQ - Functional
2024-04-21T00:56:10+02:00,8774948618570,hsq-3hs230010900,Kids Knee Guard 3DF Hybrid EXT OS,HSQ - Functional
2024-04-21T00:55:55+02:00,8774948159818,hsq-3hs23001100x,Kids 3DF Airfit Body Protector,HSQ - Functional
2024-04-21T00:56:53+02:00,8774950355274,hsq-3hs23001110x,Carbon Undershirt Short,HSQ - Functional
2024-04-21T00:56:47+02:00,8774950125898,hsq-3hs23001120x,Copper Undershirt Long,HSQ - Functional
2024-04-21T00:57:01+02:00,8774950584650,hsq-3hs23001130x,Carbon Undershirt Long,HSQ - Functional
2024-04-21T00:57:08+02:00,8774950846794,hsq-3hs23001140x,Copper Underpants Long,HSQ - Functional
2024-07-20T10:35:18+02:00,9391405367626,hsq-3hs23001150x,Functional Offroad Socks,HSQ - Functional
2024-07-04T21:58:11+02:00,9369920733514,hsq-3hs230027200,Rubber Keyholder,HSQ - Casual and Accessories
2025-01-09T09:01:12+01:00,9637449236810,hsq-3hs230027400,Duffle Bag,HSQ - Casual and Accessories
2025-01-09T09:01:00+01:00,9637449171274,hsq-3hs230027500,Daybag,HSQ - Casual and Accessories
2024-04-21T00:31:48+02:00,8774889079114,hsq-3hs230027600,Railed Trucker Cap,"HSQ - Casual and Accessories, nada-hidden"
2024-04-21T11:52:45+02:00,8776125514058,hsq-3hs230027700,Authentic Flat Cap,"HSQ - Casual and Accessories, nada-hidden"
2024-04-21T00:11:35+02:00,8774845792586,hsq-3hs23002790x,Origin Tee,"HSQ - Casual and Accessories, nada-hidden"
2024-04-21T00:11:43+02:00,8774846054730,hsq-3hs23002800x,Origin Tee,HSQ - Casual and Accessories
2024-04-21T00:11:50+02:00,8774846284106,hsq-3hs23002810x,Origin Pocket Tee,HSQ - Casual and Accessories
2024-04-21T00:21:24+02:00,8774867943754,hsq-3hs23002820x,Authentic Zip Hoodie,"HSQ - Casual and Accessories, nada-hidden"
2024-04-21T00:11:58+02:00,8774846513482,hsq-3hs23002830x,Authentic Polo,"HSQ - Casual and Accessories, nada-hidden"
2024-04-21T00:12:06+02:00,8774846775626,hsq-3hs23002840x,Railed Tee,HSQ - Casual and Accessories
2024-04-21T00:12:14+02:00,8774847070538,hsq-3hs23002850x,Remote Tee,HSQ - Casual and Accessories
2024-04-21T00:12:27+02:00,8774847496522,hsq-3hs23002860x,Accelerate Tee,HSQ - Casual and Accessories
2024-04-21T00:12:35+02:00,8774847725898,hsq-3hs23002870x,Success Tee,HSQ - Casual and Accessories
2024-04-21T00:20:26+02:00,8774865584458,hsq-3hs23002880x,Accelerate Longsleeve Tee,"HSQ - Casual and Accessories, nada-hidden"
2024-04-21T00:21:31+02:00,8774868238666,hsq-3hs23002890x,Remote Hoodie,HSQ - Casual and Accessories
2026-05-18T21:31:12+02:00,15665002250570,hsq-3hs23002900x,Accelerate Shorts,HSQ - Casual and Accessories
2024-04-21T00:12:51+02:00,8774848184650,hsq-3hs23002910x,Kids Remote Tee,"HSQ - Casual and Accessories, nada-hidden"
2024-04-21T00:12:43+02:00,8774847988042,hsq-3hs23002920x,Kids Railed Tee,"HSQ - Casual and Accessories, nada-hidden"
2024-04-21T00:31:57+02:00,8774889341258,hsq-3hs230029500,Remote Trucker Cap,"HSQ - Casual and Accessories, nada-hidden"
2024-04-21T00:35:44+02:00,8774897402186,hsq-3hs230033100,Velocity 5.5 Goggles OS,HSQ - Functional
2024-04-21T00:35:31+02:00,8774896976202,hsq-3hs230033200,Velocity 4.5 Goggles OS,HSQ - Functional
2024-04-21T00:35:35+02:00,8774897107274,hsq-3hs230033300,Kids Railed Goggles OS,HSQ - Functional
2026-05-18T21:31:16+02:00,15665002348874,hsq-3hs23003450x,Kids Gravity eDrive-MTB Helmet,HSQ - Functional
2024-04-21T00:59:35+02:00,8774957171018,hsq-3hs230036100,Moto 9S Flex Railed Helmet Shield,Partstream
2026-05-18T21:31:18+02:00,15665002381642,hsq-3hs230036200,Moto 9 MIPS® Helmet Shield Dark Blue,HSQ - Functional
,8774954254666,hsq-3hs230036800,Kids Gravity eDrive Helmet Shield,Functional
2024-04-21T00:59:32+02:00,8774957039946,hsq-3hs230037600,Velocity Iriz Ultracontrast Lens Blue,Partstream
2026-05-18T21:31:25+02:00,15665002676554,hsq-3hs230037900,Velocity Lens Clear,HSQ - Functional
2026-05-18T21:31:28+02:00,15665002873162,hsq-3hs230038100,Velocity Lens Yellow,HSQ - Functional
2024-04-21T00:59:25+02:00,8774956777802,hsq-3hs23003940x,Kids Gravity eDrive Helmet Liner Kit,Partstream
2024-07-20T10:29:16+02:00,9391400026442,hsq-3hs23004110x,Moto-10 Spherical Railed Helmet,HSQ - Functional
2024-04-21T00:42:07+02:00,8774910607690,hsq-3hs23004120x,Origin Jersey White,HSQ - Functional
2026-05-18T21:31:31+02:00,15665002971466,hsq-3hs230043200,Kids Railed Goggles Single Lens Clear,HSQ - Functional
2026-05-18T21:31:33+02:00,15665003168074,hsq-3hs230043300,Kids Railed Goggles Single Lens Yellow OS,HSQ - Functional
2026-05-18T21:31:35+02:00,15665003233610,hsq-3hs230043400,Kids Railed Goggles Single Lens Blue OS,HSQ - Functional
2026-05-18T21:31:38+02:00,15665003266378,hsq-3hs230043500,Kids Railed Goggles Tear-Off (10pcs) OS,HSQ - Functional
2024-04-21T00:59:29+02:00,8774956941642,hsq-3hs230044100,Authentic Helmet Shield,Partstream
2026-05-18T21:31:40+02:00,15665003331914,hsq-3hs23005210x,Team Shoes,HSQ - Casual and Accessories
,8774956515658,hsq-3hs230052300,Moto-10 Railed Shield / Mouthpiece Set OS,Functional
2026-05-18T21:31:45+02:00,15665003495754,hsq-3hs230052400,Heritage Curved Cap,HSQ - Casual and Accessories
2024-04-21T00:11:27+02:00,8774845530442,hsq-3hs23005250x,Heritage Tee,"HSQ - Casual and Accessories, nada-hidden"
2024-04-21T00:21:17+02:00,8774867648842,hsq-3hs23005260x,Heritage Hoodie,"HSQ - Casual and Accessories, nada-hidden"
2024-04-29T15:47:05+02:00,8790140191050,hsq-3hs230076100,STACYC EE 1.20  2023,HSQ - Electric Balance Bikes
2024-04-29T15:46:59+02:00,8790139601226,hsq-3hs230076400,STACYC EE 1.16   2023,HSQ - Electric Balance Bikes
2024-04-29T15:46:49+02:00,8790138683722,hsq-3hs230076600,STACYC EE 1.12   2023,"HSQ - Electric Balance Bikes, nada-hidden"
2024-07-20T10:28:05+02:00,9391399108938,hsq-3hs24001120x,Spark 2 Helmet,HSQ - Functional
2024-04-21T00:37:16+02:00,8774900547914,hsq-3hs24001130x,Pilen V2 Jacket,HSQ - Functional
2024-04-21T00:46:42+02:00,8774922797386,hsq-3hs24001140x,Pilen V2 Pants,HSQ - Functional
2024-07-20T10:27:59+02:00,9391398977866,hsq-3hs24001150x,MX-9 ADV MIPS® Helmet,HSQ - Functional
2024-07-20T10:33:08+02:00,9391403532618,hsq-3hs24001180x,Scalar Gore-Tex Boots,HSQ - Functional
2024-04-29T15:44:50+02:00,8790132326730,hsq-3hs24001550x,Moto 9S Flex Railed Helmet,HSQ - Functional
2026-05-18T21:31:49+02:00,15665003528522,hsq-3hs240015600,Velocity 6.5 Goggles OS,HSQ - Functional
2024-04-21T00:40:19+02:00,8774906347850,hsq-3hs24001570x,Railed Jersey Air,HSQ - Functional
2024-04-21T00:40:24+02:00,8774906544458,hsq-3hs24001580x,Railed Jersey Grey,HSQ - Functional
2024-04-21T00:40:29+02:00,8774906773834,hsq-3hs24001590x,Railed Jersey Blue,HSQ - Functional
2024-04-21T00:46:23+02:00,8774921290058,hsq-3hs24001600x,Railed Pants,HSQ - Functional
2024-04-21T00:50:57+02:00,8774938722634,hsq-3hs24001610x,2.5 X-Flow Railed Gloves,HSQ - Functional
2024-04-21T00:37:06+02:00,8774900220234,hsq-3hs24001620x,Railed Jacket,HSQ - Functional
2024-07-20T10:27:41+02:00,9391398682954,hsq-3hs24001630x,MX 9 Mips Authentic Helmet,HSQ - Functional
2024-04-21T00:40:34+02:00,8774906970442,hsq-3hs24001640x,Authentic Jersey Yellow,HSQ - Functional
2024-04-21T00:40:39+02:00,8774907232586,hsq-3hs24001650x,Authentic Jersey Blue,HSQ - Functional
2024-04-21T00:46:28+02:00,8774921650506,hsq-3hs24001660x,Authentic Pants,HSQ - Functional
2024-04-21T00:51:07+02:00,8774938984778,hsq-3hs24001670x,Authentic Gloves Blue,HSQ - Functional
2024-04-21T00:51:17+02:00,8774939345226,hsq-3hs24001680x,Authentic Gloves Grey,HSQ - Functional
2024-07-20T10:27:52+02:00,9391398846794,hsq-3hs24001690x,Moto 9S Flex Gotland Helmet,HSQ - Functional
2024-04-21T00:40:55+02:00,8774907887946,hsq-3hs24001720x,Gotland Jersey Grey,HSQ - Functional
2024-04-21T00:51:42+02:00,8774940164426,hsq-3hs24001730x,4.5 Lite Gotland Gloves,HSQ - Functional
2024-04-21T00:51:51+02:00,8774940524874,hsq-3hs24001740x,2.5 Subzero Gotland Gloves,HSQ - Functional
2024-04-21T00:40:44+02:00,8774907494730,hsq-3hs24001770x,Kids Railed Jersey,HSQ - Functional
2024-04-21T00:46:36+02:00,8774922305866,hsq-3hs24001780x,Kids Railed Pants,HSQ - Functional
2026-05-18T21:31:55+02:00,15665003594058,hsq-3hs24001790x,Kids Railed Gloves,HSQ - Functional
2024-04-21T00:40:49+02:00,8774907691338,hsq-3hs24001800x,Kids Railed eDrive Jersey,HSQ - Functional
2024-04-21T00:51:34+02:00,8774939902282,hsq-3hs24001810x,Kids Railed eDrive Gloves,HSQ - Functional
2024-07-20T10:33:13+02:00,9391403630922,hsq-3hs24001830x,Crossfire 3 SRS Boots,HSQ - Functional
2024-07-20T10:33:21+02:00,9391403761994,hsq-3hs24001840x,X-Power Boots,HSQ - Functional
2024-04-21T00:55:37+02:00,8774947602762,hsq-3hs24001850x,Contour Elbow Protector,HSQ - Functional
2026-05-18T21:31:58+02:00,15665003692362,hsq-3hs24001860x,Knee Brace Socks,HSQ - Functional
2024-04-21T00:09:36+02:00,8774843138378,hsq-3hs24003340x,Origin Tee Light Grey,"HSQ - Casual and Accessories, stock, synkro-clone-ktm-shop-nederland"
2024-04-21T00:09:42+02:00,8774843236682,hsq-3hs24003350x,Origin Tee Black,HSQ - Casual and Accessories
2026-05-18T21:32:02+02:00,15665003757898,hsq-3hs24003360x,Authentic Polo Shirt,HSQ - Casual and Accessories
2024-04-21T00:10:02+02:00,8774843695434,hsq-3hs24003370x,Accelerate Tee,HSQ - Casual and Accessories
2024-04-21T00:10:08+02:00,8774843826506,hsq-3hs24003380x,Railed Tee,HSQ - Casual and Accessories
2024-04-21T00:09:52+02:00,8774843466058,hsq-3hs24003390x,Never Follow Tee,HSQ - Casual and Accessories
2024-04-21T00:09:57+02:00,8774843564362,hsq-3hs24003400x,Remote Tee,HSQ - Casual and Accessories
2024-04-21T00:21:01+02:00,8774867026250,hsq-3hs24003410x,Accelerate Hoodie,HSQ - Casual and Accessories
2024-04-21T00:20:18+02:00,8774865256778,hsq-3hs24003420x,Limitless Longsleeve Shirt,"HSQ - Casual and Accessories, Out of stock"
2024-04-21T00:25:05+02:00,8774875775306,hsq-3hs24003430x,Horizon Wind Jacket,HSQ - Casual and Accessories
2024-04-21T00:21:06+02:00,8774867190090,hsq-3hs24003440x,Railed Zip Hoodie,HSQ - Casual and Accessories
2024-04-21T00:10:13+02:00,8774843924810,hsq-3hs24003450x,Kids Accelerate Tee,HSQ - Casual and Accessories
2024-04-21T00:10:18+02:00,8774844055882,hsq-3hs24003460x,Kids Remote Tee,HSQ - Casual and Accessories
2024-04-21T00:10:37+02:00,8774844318026,hsq-3hs24003470x,Team Tee,HSQ - Casual and Accessories
2026-05-18T21:32:06+02:00,15665003856202,hsq-3hs240034800,Accelerate Trucker Cap,HSQ - Casual and Accessories
2026-05-18T21:32:10+02:00,15665003888970,hsq-3hs240034900,Remote Trucker Cap,HSQ - Casual and Accessories
2026-05-18T21:32:12+02:00,15665004020042,hsq-3hs240035000,Logo Allrounder,HSQ - Casual and Accessories
2026-05-18T21:32:14+02:00,15665004118346,hsq-3hs240035100,V6 Thermo Bottle,HSQ - Casual and Accessories
2026-05-18T21:32:17+02:00,15665004151114,hsq-3hs240035200,Lanyard,HSQ - Casual and Accessories
2026-05-18T21:32:19+02:00,15665004183882,hsq-3hs240035300,Kids Training Bike,HSQ - Casual and Accessories
2026-05-18T21:32:21+02:00,15665004216650,hsq-3hs240035400,Lil Ripper Helmet,HSQ - Casual and Accessories
2026-05-18T21:32:23+02:00,15665004282186,hsq-3hs240035500,Kids Team Curved Cap,HSQ - Casual and Accessories
2026-05-18T21:32:25+02:00,15665004314954,hsq-3hs240035700,Team Rev Backpack,HSQ - Casual and Accessories
2026-05-18T21:32:27+02:00,15665004380490,hsq-3hs240035800,Team Layover Bag,HSQ - Casual and Accessories
2026-05-18T21:32:30+02:00,15665004413258,hsq-3hs240035900,Team Terminal Bag,HSQ - Casual and Accessories
2026-05-18T21:32:32+02:00,15665004478794,hsq-3hs240036000,Team Travel Bag 9800,HSQ - Casual and Accessories
2026-05-18T21:32:34+02:00,15665004511562,hsq-3hs240036100,Team Comp Belt Bag,HSQ - Casual and Accessories
2026-05-18T21:32:36+02:00,15665004708170,hsq-3hs240036200,Team Erzberg Hydration Pack,HSQ - Casual and Accessories
2026-05-18T21:32:39+02:00,15665004773706,hsq-3hs240036300,Team Baja Hydration Backpack,HSQ - Casual and Accessories
2026-05-18T21:32:41+02:00,15665004806474,hsq-3hs240036400,Team Dakar Hydration Backpack,HSQ - Casual and Accessories
2026-05-18T21:32:43+02:00,15665004937546,hsq-3hs240036500,Team Flat Cap,HSQ - Casual and Accessories
2026-05-18T21:32:45+02:00,15665005166922,hsq-3hs240036600,Team Curved Cap,HSQ - Casual and Accessories
2026-05-18T21:32:48+02:00,15665005199690,hsq-3hs240036700,Team Trucker Cap,HSQ - Casual and Accessories
2026-05-18T21:32:50+02:00,15665005297994,hsq-3hs240036800,Team Beanie,HSQ - Casual and Accessories
2026-05-18T21:32:54+02:00,15665005592906,hsq-3hs240037200,All Elements WP Backpack,HSQ - Casual and Accessories
2024-04-21T00:11:02+02:00,8774844711242,hsq-3hs24003740x,Team Polo,HSQ - Casual and Accessories
2024-04-21T00:25:24+02:00,8774876266826,hsq-3hs24003750x,Team Softshell Jacket,HSQ - Casual and Accessories
2024-04-21T00:25:46+02:00,8774876954954,hsq-3hs24003760x,Team Hardshell Jacket,HSQ - Casual and Accessories
2024-04-21T00:29:15+02:00,8774884131146,hsq-3hs24003770x,Team Shorts,HSQ - Casual and Accessories
2025-01-09T08:59:56+01:00,9637448548682,hsq-3hs24003780x,Team Pants,HSQ - Casual and Accessories
2024-04-21T00:11:08+02:00,8774844875082,hsq-3hs24003790x,Women Team Tee,HSQ - Casual and Accessories
2024-04-21T00:11:13+02:00,8774845038922,hsq-3hs24003800x,Kids Team Tee,HSQ - Casual and Accessories
2024-04-21T00:21:11+02:00,8774867452234,hsq-3hs24003810x,Kids Team Zip Hoodie,HSQ - Casual and Accessories
2024-04-21T00:11:19+02:00,8774845268298,hsq-3hs24003820x,Team Baby Body,HSQ - Casual and Accessories
2026-05-18T21:32:57+02:00,15665005756746,hsq-3hs240039500,Team Umbrella,HSQ - Casual and Accessories
2026-05-18T21:32:59+02:00,15665005789514,hsq-3hs240039600,Paddock Chair,HSQ - Casual and Accessories
2026-05-18T21:33:02+02:00,15665005855050,hsq-3hs240039700,Paddock Changing Mat,HSQ - Casual and Accessories
2026-05-18T21:33:04+02:00,15665005887818,hsq-3hs24004310x,MX-9 Chk Padset,HSQ - Functional
2024-04-21T00:57:22+02:00,8774951371082,hsq-3hs240043200,MX-9 Shield OS,"HSQ - Technical Accessories, Partstream"
2024-04-21T00:57:24+02:00,8774951502154,hsq-3hs24004330x,MX-9 Top Liner,"HSQ - Technical Accessories, Partstream"
2024-04-21T00:57:25+02:00,8774951567690,hsq-3hs240043600,Moto 9S Flex Gotland Helmet Shield,"HSQ - Technical Accessories, Partstream"
2026-05-18T21:33:07+02:00,15665005920586,hsq-3hs240044900,Crossfire 3 SRS Strap Lock,HSQ - Functional
2026-05-18T21:33:10+02:00,15665005953354,hsq-3hs240045000,Crossfire 3 SRS Buckle Base,HSQ - Functional
2026-05-18T21:33:12+02:00,15665006018890,hsq-3hs240045100,Crossfire 3 SRS Buckle Strap Short,HSQ - Functional
2026-05-18T21:33:14+02:00,15665006084426,hsq-3hs240045200,Crossfire 3 SRS Buckle Strap Mid,HSQ - Functional
2026-05-18T21:33:17+02:00,15665006117194,hsq-3hs240045300,Crossfire 3 SRS Buckle Strap Long,HSQ - Functional
,8774953369930,hsq-3hs240045400,X-Power Buckle Base,Functional
2026-05-18T21:33:22+02:00,15665006215498,hsq-3hs240045500,X-Power Buckle Strap Short,HSQ - Functional
,8774953501002,hsq-3hs240045600,X-Power Buckle Strap Mid,Functional
2026-05-18T21:33:26+02:00,15665006346570,hsq-3hs240045700,X-Power Buckle Strap Long,HSQ - Functional
2026-05-18T21:33:29+02:00,15665006379338,hsq-3hs24004580x,X-Power Replacement Sole,HSQ - Functional
2026-05-18T21:33:32+02:00,15665006412106,hsq-3hs240047000,X-Power Strap Lock,HSQ - Functional
,8774956581194,hsq-3hs240052400,MX-9 ADV MIPS® Visor CY24,Functional
2024-04-21T00:57:33+02:00,8774951829834,hsq-3hs24005600x,SPARK 2 CROWN PADDING,"HSQ - Technical Accessories, Partstream"
2024-04-21T00:57:37+02:00,8774951928138,hsq-3hs24005610x,SPARK 2 CHEEK PADS,"HSQ - Technical Accessories, Partstream"
2026-05-18T21:33:37+02:00,15665006510410,hsq-3hs240056200,SPARK 2 SUN VISOR DARK OS,HSQ - Functional
2026-05-18T21:33:39+02:00,15665006543178,hsq-3hs240056300,SPARK 2 VISOR CLEAR OS,HSQ - Functional
2026-05-18T21:33:42+02:00,15665006641482,hsq-3hs240056400,SPARK 2 VISOR DARK OS,HSQ - Functional
2025-08-01T09:41:43+02:00,10316841812298,hsq-3hs240056500,Spark 2 Visor Dark OS,HSQ - Functional
2026-05-18T21:33:44+02:00,15665006707018,hsq-3hs240056600,SPARK 2 VISOR SILVER MIRRORED OS,HSQ - Functional
2026-05-18T21:33:47+02:00,15665006739786,hsq-3hs240056700,SPARK 2 VISOR BLUE MIRRORED OS,HSQ - Functional
2026-05-18T21:33:49+02:00,15665006772554,hsq-3hs240056800,SPARK 2 PINLOCK LENS OS,HSQ - Functional
2026-05-18T21:33:51+02:00,15665006805322,hsq-3hs240070000,3x3m Paddock Tent,HSQ - Casual and Accessories
2026-05-18T21:33:56+02:00,15665006903626,hsq-3hs240070100,HQV Paddock Tent 3X3 Frame/Roof,HSQ - Casual and Accessories
2026-05-18T21:33:59+02:00,15665006969162,hsq-3hs240070200,HQV Tent Wall Set 3X3,HSQ - Casual and Accessories
2026-05-18T21:34:03+02:00,15665007001930,hsq-3hs240070800,Logo Mug,HSQ - Casual and Accessories
2026-05-18T21:34:06+02:00,15665007067466,hsq-3hs24007920x,Team Waterproof Shoes,HSQ - Casual and Accessories
2026-05-18T21:34:09+02:00,15665007198538,hsq-3hs25000310x,Hastighet K-HYDRATECH Jacket,HSQ - Functional
2026-05-18T21:34:12+02:00,15665007231306,hsq-3hs25000320x,Gävle Overshirt,HSQ - Functional
2026-05-18T21:34:14+02:00,15665007329610,hsq-3hs25000330x,Lagom K-HYDRATECH Pro Jacket,HSQ - Functional
2026-05-18T21:34:17+02:00,15665007558986,hsq-3hs25000340x,Lagom K-HYDRATECH Pro Pants,HSQ - Functional
2025-08-01T09:41:20+02:00,10316840993098,hsq-3hs25000350x,Pilen Gloves,HSQ - Functional
2025-08-01T09:41:05+02:00,10316840010058,hsq-3hs25000370x,Scalar V2 Gloves,HSQ - Functional
2026-05-18T21:34:21+02:00,15665007591754,hsq-3hs25000900x,Scalar V2 Jacket,HSQ - Functional
2026-05-18T21:34:26+02:00,15665007722826,hsq-3hs25000910x,Scalar V2 Pants,HSQ - Functional
2026-05-18T21:34:29+02:00,15665007821130,hsq-3hs25000920x,Kids Railed Jersey Yel/Grey,HSQ - Functional
2026-05-18T21:34:32+02:00,15665007886666,hsq-3hs25000930x,Kids Railed Pants,HSQ - Functional
2026-05-18T21:34:35+02:00,15665007919434,hsq-3hs25000940x,Kids Railed Gloves,HSQ - Functional
2026-05-18T21:34:38+02:00,15665007952202,hsq-3hs25000950x,Kids Railed Vest Blue,HSQ - Functional
2026-05-18T21:34:40+02:00,15665008017738,hsq-3hs25000960x,Kids Flame Boots Black,HSQ - Functional
2025-08-01T09:37:06+02:00,10316830114122,hsq-3hs25000970x,Authentic Jersey - Black/Grey,HSQ - Functional
2026-05-18T21:34:43+02:00,15665008050506,hsq-3hs25000980x,Authentic Jersey BLK/Blue,HSQ - Functional
2026-05-18T21:34:46+02:00,15665008083274,hsq-3hs25000990x,Authentic Pants Blk/Grey,HSQ - Functional
2025-08-01T09:41:44+02:00,10316841910602,hsq-3hs250010100,Velocity 6.5 Goggles - Black,"HSQ - Functional, HSQ - Goggles"
2026-05-18T21:34:50+02:00,15665008181578,hsq-3hs25001020x,Railed Jersey Air ICE,HSQ - Functional
2026-05-18T21:34:54+02:00,15665008214346,hsq-3hs25001030x,Railed Jersey Black,HSQ - Functional
2026-05-18T21:34:58+02:00,15665008279882,hsq-3hs25001040x,Railed Jersey BLK/BLUE,HSQ - Functional
2025-08-01T09:40:32+02:00,10316838666570,hsq-3hs25001050x,Railed Pants,HSQ - Functional
2026-05-18T21:35:01+02:00,15665008312650,hsq-3hs25001070x,Gotland Jacket,HSQ - Functional
,,hsq-3hs25001080x,Gotland K-HYDRATECH Pro Jacket,Functional
2026-05-18T21:35:06+02:00,15665008443722,hsq-3hs25001090x,Gotland Vest,HSQ - Functional
2026-05-18T21:35:08+02:00,15665008542026,hsq-3hs25001100x,Gotland Jersey Blue,HSQ - Functional
2026-05-18T21:35:11+02:00,15665008574794,hsq-3hs25001110x,Gotland Jersey Black,HSQ - Functional
2026-05-18T21:35:13+02:00,15665008673098,hsq-3hs25001120x,Gotland Jersey Pro,HSQ - Functional
2026-05-18T21:35:16+02:00,15665008705866,hsq-3hs25001130x,Gotland Pants,HSQ - Functional
2026-05-18T21:35:18+02:00,15665008771402,hsq-3hs25001140x,Gotland K-HYDRATECH Pro Pants,HSQ - Functional
2026-05-18T21:35:21+02:00,15665008869706,hsq-3hs25001150x,Gotland Gloves Pro,HSQ - Functional
2026-05-18T21:35:23+02:00,15665008902474,hsq-3hs250011702,"4,5 Pro Chest Protector",HSQ - Functional
2025-08-01T09:40:54+02:00,10316839715146,hsq-3hs25001180x,Dual Axis Pro Knee Guard,HSQ - Functional
2026-05-18T21:35:26+02:00,15665008935242,hsq-3hs250012000,Moto Hydro 8,HSQ - Casual and Accessories
2026-05-18T21:35:28+02:00,15665009000778,hsq-3hs25001280x,Tech 7 MX Boots,HSQ - Functional
2026-05-18T21:35:31+02:00,15665009033546,hsq-3hs25001970x,Authentic Pants Blue,HSQ - Functional
2026-05-18T21:35:33+02:00,15665009131850,hsq-3hs250019900,Origin Cap,HSQ - Casual and Accessories
2026-05-18T21:35:36+02:00,15665009197386,hsq-3hs250020000,Authentic Cap,HSQ - Casual and Accessories
2026-05-18T21:35:38+02:00,15665009230154,hsq-3hs250020100,Gotland Trucker Cap,HSQ - Casual and Accessories
2026-05-18T21:35:41+02:00,15665009295690,hsq-3hs250020200,Remote Trucker Cap,HSQ - Casual and Accessories
2026-05-18T21:35:43+02:00,15665009328458,hsq-3hs250020400,Kids Trucker Cap,HSQ - Casual and Accessories
2025-06-11T08:02:57+02:00,10230413492554,hsq-3hs25002050x,Origin T-shirt - Light Grey,"HSQ - Apparel and Accessories, HSQ - T-Shirts and Polos"
2025-06-11T08:03:03+02:00,10230413525322,hsq-3hs25002060x,Origin T-shirt - Navy,"HSQ - Apparel and Accessories, HSQ - T-Shirts and Polos"
2025-06-11T08:03:10+02:00,10230413656394,hsq-3hs25002070x,Origin T-shirt - Green,"HSQ - Apparel and Accessories, HSQ - T-Shirts and Polos"
2025-06-11T08:03:16+02:00,10230413787466,hsq-3hs25002080x,Origin Hoodie,"HSQ - Apparel and Accessories, HSQ - Longsleeves and Hoodies"
2025-06-11T08:03:21+02:00,10230413984074,hsq-3hs25002090x,Authentic Hoodie,"HSQ - Apparel and Accessories, HSQ - Longsleeves and Hoodies"
2025-06-11T08:03:27+02:00,10230414082378,hsq-3hs25002100x,Accelerate T-shirt,"HSQ - Apparel and Accessories, HSQ - T-Shirts and Polos"
2025-06-11T08:03:33+02:00,10230414180682,hsq-3hs25002110x,Authentic T-shirt,"HSQ - Apparel and Accessories, HSQ - T-Shirts and Polos"
2025-06-11T08:03:38+02:00,10230414311754,hsq-3hs25002130x,Authentic Insulated Vest,"Hoodies sweatshirts and sweat jackets, HSQ - Apparel and Accessories, Jackets"
2025-06-11T08:03:44+02:00,10230414377290,hsq-3hs25002140x,Remote T-shirt,"HSQ - Apparel and Accessories, T-Shirts and Polos"
2025-06-11T08:03:51+02:00,10230414442826,hsq-3hs25002150x,Never Follow T-shirt,"HSQ - Apparel and Accessories, T-Shirts and Polos"
2025-08-01T09:36:14+02:00,10316827918666,hsq-3hs25002170x,Gotland T-shirt - Blue,HSQ - Casual and Accessories
2025-08-01T09:36:19+02:00,10316828246346,hsq-3hs25002180x,Gotland Zip Hoodie,HSQ - Casual and Accessories
2025-06-11T08:03:59+02:00,10230414508362,hsq-3hs25002190x,Kids Remote T-shirt,"HSQ - Apparel and Accessories, T-Shirts and Polos"
2025-08-01T09:36:12+02:00,10316827820362,hsq-3hs25002530x,Gotland T-shirt - Black,HSQ - Casual and Accessories
2026-05-18T21:35:46+02:00,15665009361226,hsq-3hs26001560x,Horizon T-shirt,HSQ - Casual and Accessories
2026-05-18T21:35:48+02:00,15665009459530,hsq-3hs26001570x,Accelerate T-shirt,HSQ - Casual and Accessories
2026-05-18T21:35:51+02:00,15665009492298,hsq-3hs26001580x,Horizon Hoodie,HSQ - Casual and Accessories
2026-05-18T21:35:54+02:00,15665009557834,hsq-3hs26001600x,Horizon Fleece Jacket,HSQ - Casual and Accessories
2026-05-18T21:35:58+02:00,15665009590602,hsq-3hs26001610x,Kids Horizon Patch T-shirt,HSQ - Casual and Accessories
2026-05-18T21:36:01+02:00,15665009623370,hsq-3hs26001620x,Narrative T-shirt,HSQ - Casual and Accessories
2026-05-18T21:36:04+02:00,15665009721674,hsq-3hs26001630x,Dauntless T-shirt,HSQ - Casual and Accessories
2026-05-18T21:36:07+02:00,15665009787210,hsq-3hs260016600,Horizon Curved Cap,HSQ - Casual and Accessories
2026-05-18T21:36:09+02:00,15665009819978,hsq-3hs260016700,Kids Horizon Trucker Cap,HSQ - Casual and Accessories
2026-05-18T21:36:12+02:00,15665009852746,hsq-3hs260016800,Dauntless Trucker Cap,HSQ - Casual and Accessories
2026-05-18T21:36:15+02:00,15665009918282,hsq-3hs260017000,Origin Backpack,HSQ - Casual and Accessories
2026-05-18T21:36:17+02:00,15665009983818,hsq-3hs26002660x,Origin T-shirt Navy,HSQ - Casual and Accessories
2026-05-18T21:36:20+02:00,15665010016586,hsq-3hs26002670x,Origin T-shirt Light Grey,HSQ - Casual and Accessories
2026-05-18T21:36:23+02:00,15665010082122,hsq-3hs26002680x,Origin T-shirt Green,HSQ - Casual and Accessories
2026-05-18T21:36:26+02:00,15665010114890,hsq-3hs26002690x,Origin Hoodie,HSQ - Casual and Accessories
2024-04-21T00:34:42+02:00,8774895436106,hsq-3pw190006700,Hydration Bladder 1 L,HSQ -
2024-04-21T00:34:39+02:00,8774895272266,hsq-3pw190006800,Hydration Bladder 2 L,HSQ -
2024-04-21T00:34:35+02:00,8774895141194,hsq-3pw190006900,Hydration Bladder 3 L,"HSQ -, stock, synkro-clone-ktm-shop-nederland"
2024-04-21T00:34:27+02:00,8774894846282,hsq-3rs1970100,RS Replica Team Cap,"HSQ - Casual and Accessories, nada-hidden"
2024-04-21T00:34:32+02:00,8774895042890,hsq-3rs1970200,RS Replica Team Snapback Cap,"HSQ - Casual and Accessories, nada-hidden"
2024-04-21T00:34:22+02:00,8774894616906,hsq-3rs1970300,RS Replica Team Beanie,"HSQ - Casual and Accessories, nada-hidden"
2024-04-21T00:19:32+02:00,8774863618378,hsq-3rs20002870x,RS Scribble Tee,"HSQ - Casual and Accessories, nada-hidden"
2024-04-21T00:19:37+02:00,8774863782218,hsq-3rs209610x,RS Replica Shirt,"HSQ - Casual and Accessories, nada-hidden"
2024-04-21T00:25:00+02:00,8774875611466,hsq-3rs209620x,RS Replica Fleece,"HSQ - Casual and Accessories, nada-hidden"
2024-04-21T00:24:28+02:00,8774874628426,hsq-3rs209630x,RS Replica Hoodie,"HSQ - Casual and Accessories, nada-hidden"
2024-04-21T00:17:36+02:00,8774858899786,hsq-3rs209640x,Women RS Replica Shirt,"HSQ - Casual and Accessories, HSQ - Replica Team Wear, nada-hidden"
2024-04-21T00:28:35+02:00,8774882918730,hsq-3rs209650x,RS Replica Hardshell Jacket,"HSQ - Casual and Accessories, nada-hidden"
2024-04-21T00:20:54+02:00,8774866764106,hsq-3rs209670x,RS Style Shirt,"HSQ - Casual and Accessories, nada-hidden"
2024-04-21T00:17:41+02:00,8774859096394,hsq-3rs209690x,Women RS Tank Top,"HSQ - Casual and Accessories, nada-hidden"
2024-04-21T18:15:47+02:00,8776354300234,hsq-3rs230040100,RS Flat Cap,"HSQ - Casual and Accessories, nada-hidden"
2024-04-21T11:53:13+02:00,8776125546826,hsq-3rs230040200,RS Curved Cap,"HSQ - Casual and Accessories, nada-hidden"
2024-04-21T11:36:11+02:00,8776115880266,hsq-3rs23004040x,Replica Team Tee,"HSQ - Casual and Accessories, nada-hidden"
2024-04-21T00:20:32+02:00,8774865813834,hsq-3rs23004050x,Replica Team Longsleeve Shirt,"HSQ - Casual and Accessories, HSQ - Replica Team Wear"
2024-04-21T11:43:40+02:00,8776123613514,hsq-3rs23004060x,Replica Team Midlayer Zip Hoodie,"HSQ - Casual and Accessories, nada-hidden"
2024-04-21T11:47:08+02:00,8776124170570,hsq-3rs23004070x,Replica Team Hardshell Jacket,"HSQ - Casual and Accessories, nada-hidden"
2024-04-21T11:36:05+02:00,8776115618122,hsq-3rs23004080x,RS Style Tee,"HSQ - Casual and Accessories, nada-hidden"
2024-04-21T11:43:34+02:00,8776123580746,hsq-3rs23004090x,RS Style Hoodie,"HSQ - Casual and Accessories, nada-hidden"
2024-04-21T11:50:35+02:00,8776125186378,hsq-3rs23004100x,RS Style Sweat Pants,"HSQ - Casual and Accessories, nada-hidden"
2025-01-09T09:04:09+01:00,9637451235658,hsq-3rs230044200,RS Mug,HSQ - Casual and Accessories
2026-05-18T21:36:30+02:00,15665010213194,hsq-3rs240036900,Replica Team Flat Cap,HSQ - Casual and Accessories
2026-05-18T21:36:32+02:00,15665010245962,hsq-3rs240037000,Replica Team Curved Cap,HSQ - Casual and Accessories
2026-05-18T21:36:35+02:00,15665010278730,hsq-3rs240037100,Replica Team Beanie,HSQ - Casual and Accessories
2024-04-21T00:08:38+02:00,8774841925962,hsq-3rs24003830x,Replica Team Tee,"HSQ - Casual and Accessories, HSQ - Replica Team Wear"
2024-04-21T00:08:49+02:00,8774842155338,hsq-3rs24003840x,Replica Team Polo,"HSQ - Casual and Accessories, HSQ - Replica Team Wear"
2024-04-21T00:08:55+02:00,8774842286410,hsq-3rs24003860x,Replica Team Softshell Jacket,"HSQ - Casual and Accessories, HSQ - Replica Team Wear"
2024-04-21T00:09:03+02:00,8774842417482,hsq-3rs24003870x,Replica Team Hardshell Jacket,"HSQ - Casual and Accessories, HSQ - Replica Team Wear"
2024-04-21T00:09:17+02:00,8774842646858,hsq-3rs24003890x,Replica Team Pants,"HSQ - Casual and Accessories, HSQ - Replica Team Wear"
2026-05-18T21:36:37+02:00,15665010311498,hsq-3rs24003900x,Replica Team Shorts,HSQ - Casual and Accessories
2024-04-21T00:08:44+02:00,8774842024266,hsq-3rs24003910x,Women Replica Team Tee,"HSQ - Casual and Accessories, HSQ - Replica Team Wear"
2025-01-09T08:58:25+01:00,9637447991626,hsq-3rs24007280x,Rockstar Husqvarna Winter Sweater,"HSQ - Apparel and Accessories, HSQ - Longsleeves and Hoodies"
2026-05-18T21:36:40+02:00,15665010344266,hsq-3rs240073100,Rockstar Husqvarna Winter Pom Pom Beanie,HSQ - Casual and Accessories
2024-04-21T01:04:28+02:00,8774968377674,hsq-3wp21007860x,Replica Team Tee,HSQ - Casual
2024-04-21T01:04:32+02:00,8774968541514,hsq-3wp21007870x,Replica Team Polo,HSQ - Casual
2024-04-21T01:04:36+02:00,8774968705354,hsq-3wp21007880x,Replica Team Shirt,"HSQ - Casual, HSQ - Replica Team Wear, nada-hidden"
2024-04-21T01:04:41+02:00,8774968836426,hsq-3wp21007890x,Replica Team Thin Sweater,"HSQ - Best Deal, nada-hidden"
2024-04-21T01:04:46+02:00,8774969000266,hsq-3wp21007900x,Replica Team Zip Hoodie,"HSQ - Best Deal, MTX-clone-not-published, nada-hidden"
2024-04-21T01:04:50+02:00,8774969131338,hsq-3wp21007910x,Replica Team Softshell Jacket,"HSQ - Casual, HSQ - Replica Team Wear, nada-hidden"
2024-04-21T01:04:54+02:00,8774969295178,hsq-3wp21007920x,Replica Team Hardshell Jacket,"HSQ - Best Deal, MTX-clone-not-published"
2024-04-21T01:04:59+02:00,8774969459018,hsq-3wp21007930x,Replica Team Winter Jacket,"HSQ - Best Deal, MTX-clone-not-published, nada-hidden"
2024-04-21T01:05:10+02:00,8774969786698,hsq-3wp21007950x,Replica Team Pants,"HSQ - Casual, HSQ - Replica Team Wear, nada-hidden"
2024-04-21T01:03:20+02:00,8774966149450,hsq-3wp21008030x,MECHANIC GLOVES,HSQ -
2026-05-18T21:36:43+02:00,15665010409802,hsq-3wp220067000,Lanyard,HSQ - Casual and Accessories
2026-05-18T21:36:45+02:00,15665010442570,hsq-3wp220067100,Buff,HSQ - Casual and Accessories
2024-07-04T21:56:58+02:00,9369919914314,hsq-3wp240040300,REPLICA TEAM REV BACKPACK,HSQ - Casual and Accessories
2026-05-18T21:36:48+02:00,15665010508106,hsq-3wp240040400,Replica Team Travel Bag 9800,HSQ - Casual and Accessories
2026-05-18T21:36:50+02:00,15665010540874,hsq-3wp240040500,Replica Team Flat Cap,HSQ - Casual and Accessories
2026-05-18T21:36:52+02:00,15665010573642,hsq-3wp240040600,Replica Team Curved Cap,HSQ - Casual and Accessories
2025-01-09T08:58:55+01:00,9637448122698,hsq-3wp24004070x,REPLICA TEAM TEE,HSQ - Casual and Accessories
2025-01-09T08:59:00+01:00,9637448155466,hsq-3wp24004080x,REPLICA TEAM POLO,HSQ - Casual and Accessories
2025-01-09T08:59:10+01:00,9637448253770,hsq-3wp24004090x,REPLICA TEAM HALFZIP SWEATER,HSQ - Casual and Accessories
2025-01-09T08:59:38+01:00,9637448384842,hsq-3wp24004100x,REPLICA TEAM SOFTSHELL JACKET,HSQ - Casual and Accessories
2025-01-09T08:59:42+01:00,9637448417610,hsq-3wp24004110x,REPLICA TEAM HARDSHELL JACKET,HSQ - Casual and Accessories
2025-01-09T08:59:47+01:00,9637448483146,hsq-3wp24004120x,REPLICA TEAM WINTER JACKET,HSQ - Casual and Accessories
2025-01-09T09:00:01+01:00,9637448581450,hsq-3wp24004130x,REPLICA TEAM SHORTS,HSQ - Casual and Accessories
2025-01-09T09:00:06+01:00,9637448646986,hsq-3wp24004140x,REPLICA TEAM PANTS,HSQ - Casual and Accessories
2025-01-09T08:59:15+01:00,9637448319306,hsq-3wp24004150x,REPLICA TEAM ZIP HOODIE,HSQ - Casual and Accessories
2025-01-09T08:59:05+01:00,9637448188234,hsq-3wp24004160x,WOMEN REPLICA TEAM TEE,HSQ - Casual and Accessories
,,hsq-401svartpilen2018,Svartpilen 401 2018,HQV DealerNet INT
,,hsq-401svartpilen2020,Svartpilen 401 2020,HQV DealerNet INT
,,hsq-401vitpilen2018,Vitpilen 401 2018,HQV DealerNet INT
,,hsq-401vitpilen2020,Vitpilen 401 2020,HQV DealerNet INT
2024-04-21T01:52:05+02:00,8775286325578,hsq-4086601,Label kit,HSQ - Special tools
2024-04-21T01:52:08+02:00,8775286587722,hsq-4086602,WP label kit,HSQ - Special tools
2024-04-20T23:45:45+02:00,8774818857290,hsq-41001052000,Rubber grommet,"Partstream, stock, synkro-clone-ktm-shop-nederland"
2024-04-20T23:35:27+02:00,8774807683402,hsq-43570397,"O-Ring 8x1,5 NBR70","HSQ - Technical Accessories, Partstream"
2024-04-20T23:45:50+02:00,8774818922826,hsq-44011076140,Cable tie 2.5x140,"HSQ - Technical Accessories, Partstream"
2024-04-20T23:53:29+02:00,8774826262858,hsq-44011076200,Cable Tie 200/4.8mm,"HSQ - Technical Accessories, Partstream"
2025-06-11T07:58:35+02:00,10230407921994,hsq-44011076305,Cable tie 300/4.8,Partstream
2024-04-20T23:23:12+02:00,8774795493706,hsq-45103023300,Plug-in stand,HSQ - Tool/transport
2024-04-20T22:35:16+02:00,8774712000842,hsq-45110265104,"Chain EE, TC (3, 5, 50) 17-25",HSQ - Chains/Sprockets
2024-04-21T01:41:13+02:00,8775201489226,hsq-45129006000,Setting gauge,HSQ - Special tools
2024-04-21T01:20:40+02:00,8775042924874,hsq-45209015000,Front wheel repair kit 50 TC 17-21,HSQ - Original Spare Part Kits
2024-04-20T22:51:06+02:00,8774732480842,hsq-45212948244,Power reduction kit TC (50) 18-23,HSQ - Engine
2024-04-20T22:52:45+02:00,8774735003978,hsq-45212948344,Power reduction kit TC (50) 17-20,HSQ - Engine
2024-04-21T01:38:04+02:00,8775184843082,hsq-45229001060,Fitting for work stand,HSQ - Special tools
2024-04-21T01:38:07+02:00,8775185105226,hsq-45229001070,Holder for the engine work stand,HSQ - Special tools
2024-04-21T01:44:51+02:00,8775227310410,hsq-45229008000,Insert for crankshaft pressing tool,HSQ - Special tools
2024-04-21T01:39:31+02:00,8775191134538,hsq-45229012000,Holding wrench,HSQ - Special tools
2024-04-21T01:44:55+02:00,8775227736394,hsq-45229047050,Separator plate,HSQ - Special tools
2024-04-21T01:42:19+02:00,8775207944522,hsq-45229048000,Puller,HSQ - Special tools
2024-04-21T01:39:44+02:00,8775191331146,hsq-45229050000,Holding wrench,HSQ - Special tools
2024-04-21T01:39:33+02:00,8775191167306,hsq-45229081000,Gear segment,HSQ - Special tools
2024-04-21T01:43:26+02:00,8775215382858,hsq-45229090000,Protection cap,HSQ - Special tools
,7113456582837,hsq-45230007110 i,Piston kit size I,Original Spare Part Kits
2024-07-04T21:16:54+02:00,9369876365642,hsq-45233057000,"Washer 8,2x16x1",Partstream
2024-04-20T23:34:26+02:00,8774806536522,hsq-45302191100,Throttle cable wire,"HSQ - Technical Accessories, Partstream"
2024-04-20T22:30:34+02:00,8774708003146,hsq-45304905000,Preload adjuster TC (50) 17-25,HSQ - Chassis/triple clamp
2024-04-20T22:18:26+02:00,8774695354698,hsq-45305379000,FMF Powercore 2 silencer 2-stroke TC (50) 17-23,HSQ - Exhaust systems
2024-04-20T22:50:14+02:00,8774731202890,hsq-45312948444,Power reduction kit,"HSQ - Engine, nada-hidden"
2024-04-20T22:47:18+02:00,8774726451530,hsq-4540200100068,"Handlebar EE, TC (3, 5, 50) 20-25",HSQ - Handlebars/instruments/electrics
2024-04-21T01:08:23+02:00,8774976831818,hsq-45402021000,Grip set,HSQ - Original Spare Part Kits
2024-04-21T01:14:29+02:00,8775010353482,hsq-45402021100,Grip set,HSQ - Original Spare Part Kits
2024-04-20T22:35:52+02:00,8774712951114,hsq-4541005104x68,Rear sprocket,"HSQ - Chains/Sprockets, nada-hidden"
2024-04-20T22:45:34+02:00,8774724321610,hsq-45412920000,"Hourmeter EE (3, 5) 21-24","HSQ - Handlebars/instruments/electrics, stock, synkro-clone-ktm-shop-nederland"
2026-05-18T21:37:03+02:00,15665010737482,hsq-45412920100,Hourmeter,HSQ - Handlebars/instruments/electrics
2024-04-20T22:29:56+02:00,8774707315018,hsq-45412955044s,"Lowering kit EE, TC (5, 50) 20-24",HSQ - Chassis/triple clamp
2025-08-01T09:34:16+02:00,10316821889354,hsq-45412955144s,Lowering kit 50 TC / 5 EE 20-24,HSQ - Chassis/triple clamp
2024-04-20T22:35:21+02:00,8774712066378,hsq-46110165112,Chain TC (65) 17-25,"HSQ - Chains/Sprockets, stock, synkro-clone-ktm-shop-nederland"
2024-04-21T01:41:15+02:00,8775201521994,hsq-46129006100,Setting gauge,HSQ - Special tools
2024-04-21T01:42:21+02:00,8775208206666,hsq-46129021000,Puller,HSQ - Special tools
2024-04-20T22:52:42+02:00,8774734938442,hsq-46131917000,Idle air adjustment screw TC (65) 17-23,"HSQ - Engine, stock, synkro-clone-ktm-shop-nederland"
2024-04-20T23:02:25+02:00,8774755582282,hsq-46203990100,Skid plate TC (65) 2017-2023,HSQ - Protection
2024-04-21T01:38:11+02:00,8775185596746,hsq-46229001060,Fitting for work stand,HSQ - Special tools
2024-04-21T01:38:14+02:00,8775185793354,hsq-46229001070,Holder for the engine work stand,HSQ - Special tools
2024-04-21T01:44:57+02:00,8775228064074,hsq-46229008000,Insert for crankshaft pressing tool,HSQ - Special tools
2024-04-21T01:45:00+02:00,8775228621130,hsq-46229047002,Anchor plate for crankshaft pressing tool,HSQ - Special tools
2024-04-21T01:45:03+02:00,8775228916042,hsq-46229047050,Separator plate,HSQ - Special tools
2024-04-21T01:39:39+02:00,8775191232842,hsq-46229081000,Gear segment,HSQ - Special tools
2024-04-21T01:43:29+02:00,8775215907146,hsq-46229090000,Protection cap,HSQ - Special tools
,7113456517301,hsq-46230007110 i,Piston kit size I,Original Spare Part Kits
2024-04-20T22:30:13+02:00,8774707642698,hsq-46301996100,Factory start device TC (65) 21-25,HSQ - Chassis/triple clamp
2024-04-21T01:14:42+02:00,8775011795274,hsq-46302021000,"Grip set TC (50, 65) 19-21",HSQ - Original Spare Part Kits
2024-04-20T22:36:48+02:00,8774713770314,hsq-46304070000ha1,"Chain guide EE, TC (3, 5, 50, 65)  20-25",HSQ - Chains/Sprockets
2024-04-20T22:30:36+02:00,8774708035914,hsq-46304905000,Preload adjuster,"HSQ - Chassis/triple clamp, nada-hidden"
2024-04-20T22:18:23+02:00,8774695321930,hsq-46305907200,FMF Fatty expansion chamber  2-stroke TC (65) 17-23,HSQ - Exhaust systems
2024-04-20T22:18:19+02:00,8774695190858,hsq-46305979100,FMF Powercore 2 silencer 2-stroke TC (65) 17-23,HSQ - Exhaust systems
2024-04-20T23:23:02+02:00,8774795362634,hsq-47003020000,Plug-in stand,HSQ - Tool/transport
2024-04-20T22:02:56+02:00,8774677070154,hsq-47009060200,Wave brake disc,HSQ - Technical Accessories
2024-04-21T01:39:55+02:00,8775191888202,hsq-47029003000,Holding wrench,HSQ - Special tools
2024-04-21T01:41:23+02:00,8775201816906,hsq-47029006000,Setting gauge,HSQ - Special tools
2024-04-21T01:45:05+02:00,8775229145418,hsq-47029008000,Insert for crankshaft pressing tool,HSQ - Special tools
2024-04-20T23:56:53+02:00,8774829146442,hsq-47030025000,Inner clutch cover gasket,"HSQ - Technical Accessories, Partstream"
2025-06-11T07:58:01+02:00,10230407037258,hsq-47030034000,Piston pin bearing,Partstream
2024-04-20T23:56:32+02:00,8774828851530,hsq-47030035020,Cylinder base gasket 0.20mm,"HSQ - Technical Accessories, Partstream"
2024-04-20T23:56:35+02:00,8774828884298,hsq-47030035030,Cylinder base gasket 0.30mm,"HSQ - Technical Accessories, Partstream"
2024-04-21T01:19:22+02:00,8775036207434,hsq-47032010010,Clutch kit 85 TC 14-17,"HSQ - Original Spare Part Kits, stock, synkro-clone-ktm-shop-nederland"
2024-04-20T23:56:50+02:00,8774829113674,hsq-47035024000,Radiator hose,"HSQ - Technical Accessories, Partstream"
2024-04-20T23:56:39+02:00,8774828949834,hsq-47035061000,Plug M6x8,"HSQ - Technical Accessories, Partstream"
2024-04-20T23:56:44+02:00,8774829015370,hsq-47037007000,Control cover 85 SX,"HSQ - Technical Accessories, Partstream"
2024-04-20T23:56:46+02:00,8774829048138,hsq-47037008000,Gasket control cover,"HSQ - Technical Accessories, Partstream"
2024-04-20T23:56:48+02:00,8774829080906,hsq-47037085000,Stopper plate 85 SX,"HSQ - Technical Accessories, Partstream"
2024-04-20T23:56:41+02:00,8774828982602,hsq-47037092000,Top sealing element 85 SX,"HSQ - Technical Accessories, Partstream"
,8732963733834,hsq-47039093000,$M-47039093000,Technical Accessories
2024-04-20T23:20:05+02:00,8774792577354,hsq-4710109400028,Fork protector kit TC (85) 19-25,HSQ - Trim parts/decals
2024-04-21T01:10:51+02:00,8774983024970,hsq-4710909924430,Wheel set,HSQ - Original Spare Part Kits
2024-04-20T23:58:54+02:00,8774831079754,hsq-47110965010,Chain link,"HSQ - Technical Accessories, Partstream"
2024-04-20T22:35:08+02:00,8774711837002,hsq-47110965124,"Chain TC (85, 125) 14-25",HSQ - Chains/Sprockets
2024-04-21T01:14:09+02:00,8775007895882,hsq-47130097000,Cylinder seal set,HSQ - Original Spare Part Kits
2024-04-20T22:30:16+02:00,8774707675466,hsq-47201996100faa,"Factory start device PIONEER, TC (660W, 85) 14-25",HSQ - Chassis/triple clamp
2024-04-20T22:28:42+02:00,8774706233674,hsq-47201999014c1a,Factory triple clamp TC (85) 18-24,HSQ - Chassis/triple clamp
2024-04-20T22:59:13+02:00,8774743818570,hsq-4720309400033,Frame protection set TC (85) 18-24,"HSQ - Protection, stock, synkro-clone-ktm-shop-nederland"
2024-04-20T23:02:28+02:00,8774755811658,hsq-47203990100,Skid plate TC (85) 2018-2024,HSQ - Protection
2024-04-20T22:19:05+02:00,8774695977290,hsq-47205907000,FMF Fatty expansion chamber  2-stroke TC (85) 18-24,HSQ - Exhaust systems
2024-04-20T22:01:49+02:00,8774675530058,hsq-47205979000,"Akrapovič ""Slip-on Line""",HSQ - Technical Accessories
2024-04-20T22:19:09+02:00,8774696010058,hsq-47205979001,FMF Powercore 2 silencer 2-stroke TC (85) 18-24,HSQ - Exhaust systems
2024-04-20T23:59:00+02:00,8774831145290,hsq-47205979010,Damping material kit,"HSQ - Technical Accessories, Partstream"
2024-04-20T23:58:57+02:00,8774831112522,hsq-47205979020,Silencer housing,"HSQ - Technical Accessories, Partstream"
2024-04-20T21:59:20+02:00,8774672417098,hsq-47205979050,Silencer cap,HSQ - Technical Accessories
2024-04-20T22:19:03+02:00,8774695911754,hsq-47205979100,Akrapovič Slip-on Line 2-stroke,"HSQ - Exhaust systems, nada-hidden"
2024-04-20T23:45:17+02:00,8774818464074,hsq-47205979150,Silencer cap,"HSQ - Technical Accessories, Partstream"
2024-04-20T22:49:30+02:00,8774730187082,hsq-47206920000,Air filter dust protection TC (85) 18-25,HSQ - Technical Accessories
2024-07-05T08:09:12+02:00,9370533200202,hsq-47206998100c1,Air filter box cover,HSQ - Tool/transport
2024-04-20T22:23:37+02:00,8774701711690,hsq-47209960000,Wave brake disc,"HSQ - Brakes, nada-hidden"
2024-04-20T22:22:42+02:00,8774700663114,hsq-47210960000,Brake disc,"HSQ - Technical Accessories, Partstream"
2024-04-21T01:38:18+02:00,8775186317642,hsq-47229002020,Holder for the engine work stand,HSQ - Special tools
2024-04-21T01:39:41+02:00,8775191265610,hsq-47229003000,Holding wrench,HSQ - Special tools
2024-04-21T01:47:45+02:00,8775252115786,hsq-47229005000,Pressing tool,HSQ - Special tools
2024-04-21T01:41:18+02:00,8775201554762,hsq-47229031000,Measurement cap,HSQ - Special tools
2024-04-21T01:45:08+02:00,8775229669706,hsq-47229047000,Crankshaft pressing tool,HSQ - Special tools
,7113456615605,hsq-47230007110 ii,Piston kit size II,Original Spare Part Kits
2024-04-20T23:48:16+02:00,8774821314890,hsq-47230035020,Cylinder base gasket,"HSQ - Technical Accessories, Partstream"
2024-04-20T23:48:19+02:00,8774821347658,hsq-47230035025,Cylinder base gasket,"HSQ - Technical Accessories, Partstream"
2024-04-20T23:48:21+02:00,8774821413194,hsq-47230035040,Cylinder base gasket,"HSQ - Technical Accessories, Partstream"
2024-04-20T23:48:23+02:00,8774821445962,hsq-47230035050,Cylinder base gasket,"HSQ - Technical Accessories, Partstream"
2024-04-20T23:48:28+02:00,8774821544266,hsq-47231134300,Nozzle needle,"HSQ - Technical Accessories, Partstream"
2024-04-20T23:56:30+02:00,8774828818762,hsq-47530038000,Cylinder and piston 105 SX,"HSQ - Technical Accessories, Partstream"
2024-04-20T23:56:37+02:00,8774828917066,hsq-47537020000,Control flap 105 SX,"HSQ - Technical Accessories, Partstream"
2024-04-20T23:50:14+02:00,8774823412042,hsq-47630906000,Cylinder head,"HSQ - Technical Accessories, Partstream"
2024-04-20T23:50:01+02:00,8774823084362,hsq-47630960000,Combustion chamber insert,"HSQ - Technical Accessories, Partstream"
2024-04-20T23:48:35+02:00,8774821675338,hsq-47637908000,Gasket,"HSQ - Technical Accessories, Partstream"
2024-04-20T22:51:02+02:00,8774732382538,hsq-47649905044,105 Factory kit TC (85) 18-24,HSQ - Engine
2024-04-20T23:35:28+02:00,8774807716170,hsq-48600044,"O-ring 6x1,5 NBR70","HSQ - Technical Accessories, Partstream"
2024-04-21T01:22:10+02:00,8775050592586,hsq-48600494s,Front Fork Fluid SAE 5,HSQ - Original Spare Part Kits
2024-04-21T01:22:08+02:00,8775050461514,hsq-48600495s,Front Fork Fluid SAE 7.5,"HSQ - Original Spare Part Kits, nada-hidden"
2024-04-21T01:21:58+02:00,8775049544010,hsq-48600496s,Front Fork Fluid SAE 10,HSQ - Original Spare Part Kits
2024-04-21T01:22:05+02:00,8775050166602,hsq-48600497s,Front Fork Fluid SAE 15,HSQ - Original Spare Part Kits
2024-04-21T01:21:56+02:00,8775049445706,hsq-48600498s,Front Fork Fluid SAE 20,HSQ - Original Spare Part Kits
2024-04-21T01:22:13+02:00,8775050789194,hsq-48601166s1,FRONT FORK FLUID SAE 4 5L,"HSQ - Original Spare Part Kits, Out of stock"
2024-04-20T22:56:37+02:00,8774740181322,hsq-48601627,"Valve cap 701, EE, FC, FE, FS, FX, NORDEN, SVARTPILEN, TC, TE, TX, VITPILEN (2-901, ENDURO, SUPERMOTO) 04-25","HSQ - Wheels, stock, synkro-clone-ktm-shop-nederland"
2024-04-20T23:36:15+02:00,8774808797514,hsq-49001081000,Tapered roller bearing,"HSQ - Technical Accessories, Partstream"
2024-04-21T01:39:47+02:00,8775191429450,hsq-49012003000,Holding wrench,HSQ - Special tools
2024-04-20T22:01:18+02:00,8774674907466,hsq-50101033100,Steering stem L=244 '91,HSQ - Technical Accessories
2024-04-21T01:41:20+02:00,8775201587530,hsq-50112013000,Dial gauge,HSQ - Special tools
2024-04-21T01:41:25+02:00,8775201849674,hsq-50112030000,Dial gauge support,HSQ - Special tools
2024-04-21T01:21:48+02:00,8775048888650,hsq-50180751s1,SHOCK FLUID SAE 2.5 5L,HSQ - Original Spare Part Kits
2024-04-21T01:09:10+02:00,8774978830666,hsq-50202021000,Grip set,HSQ - Original Spare Part Kits
2025-01-09T08:58:11+01:00,9637447827786,hsq-50203053000,Chain link,Partstream
2024-04-20T23:53:27+02:00,8774826230090,hsq-50211086000,Mask rubber,"HSQ - Technical Accessories, Partstream"
2024-04-20T22:49:02+02:00,8774728909130,hsq-5021204000030,"Mirror FE, FS, FX, TE (125-650) 04-25",HSQ - Handlebars/instruments/electrics
2024-04-21T01:22:31+02:00,8775052263754,hsq-50302036200,Hydraulic clutch oil,HSQ - Original Spare Part Kits
2024-04-21T01:19:11+02:00,8775035289930,hsq-50302042300,Clutch / brake lever,"HSQ - Original Spare Part Kits, nada-hidden"
2024-04-21T01:19:14+02:00,8775035552074,hsq-50302042500,Clutch / brake lever,"HSQ - Original Spare Part Kits, nada-hidden"
2024-04-20T23:30:06+02:00,8774800507210,hsq-50303990100,Skid plate,"HSQ - Technical Accessories, nada-hidden"
2024-04-20T23:26:11+02:00,8774797492554,hsq-50305017000c1,Spring hook,"HSQ - Special tools, stock, synkro-clone-ktm-shop-nederland"
2024-04-20T22:19:58+02:00,8774697091402,hsq-50305981000,Akrapovič Slip-on Line 2-stroke,"HSQ - Exhaust systems, nada-hidden"
2024-04-20T22:21:27+02:00,8774698959178,hsq-50305994000,Expansion chamber guard,"HSQ - Exhaust systems, nada-hidden"
2024-04-20T22:21:29+02:00,8774698991946,hsq-50305994600,Expansion chamber guard,"HSQ - Exhaust systems, nada-hidden"
2024-04-20T23:31:23+02:00,8774801850698,hsq-5030800100068,Headlight shroud,"HSQ - Technical Accessories, nada-hidden"
2024-04-20T23:31:25+02:00,8774801883466,hsq-5030800100080,Headlight shroud,"HSQ - Technical Accessories, nada-hidden"
2024-07-04T21:17:04+02:00,9369876562250,hsq-50309073000,"Tube protector 21""",Partstream
2024-04-20T22:35:10+02:00,8774711869770,hsq-50310165118,"Chain FC, FE, FS, FX, TC, TE, TX (125-650) 04-25",HSQ - Chains/Sprockets
2024-04-20T23:49:00+02:00,8774822134090,hsq-50310166000,Chain link,"HSQ - Technical Accessories, Partstream"
2024-04-20T23:37:18+02:00,8774810403146,hsq-50313081200,Repair kit seals 26mm,"HSQ - Technical Accessories, Partstream"
2024-04-20T22:25:08+02:00,8774703120714,hsq-50313082200,Brake pad retaining pin,HSQ - Brakes
2024-04-21T01:40:13+02:00,8775193985354,hsq-50329004000,Holding wrench,"HSQ - Special tools, Out of stock"
2024-04-21T01:41:33+02:00,8775202210122,hsq-50329031000,Measurement cap,HSQ - Special tools
2024-04-21T01:40:18+02:00,8775194509642,hsq-50329038000,Support tool,HSQ - Special tools
2024-04-21T01:45:11+02:00,8775230062922,hsq-50329047000,Crankshaft pressing tool,HSQ - Special tools
2024-04-21T01:45:14+02:00,8775230456138,hsq-50329047050,Separator plate,HSQ - Special tools
2024-04-21T01:45:17+02:00,8775230947658,hsq-50329047051,Separator plate,HSQ - Special tools
2024-04-21T01:48:37+02:00,8775258440010,hsq-50329050000,Syringe,HSQ - Special tools
2024-04-20T23:54:04+02:00,8774826721610,hsq-50330079000,Cylinder head screws M7x30,"HSQ - Technical Accessories, Partstream"
2024-04-21T01:14:18+02:00,8775008944458,hsq-50330097100,Cylinder seal set 125 TC/TE 12-16,HSQ - Original Spare Part Kits
2024-04-21T01:19:25+02:00,8775036436810,hsq-50332011110,Clutch kit 125 TC/TE 13-16,HSQ - Original Spare Part Kits
2024-04-21T01:19:27+02:00,8775036535114,hsq-50332011210,Clutch kit 125/150/300 TC/TE/TX 12-18,HSQ - Original Spare Part Kits
2024-04-21T01:19:19+02:00,8775035912522,hsq-50332011310,Clutch kit  125 TC/TX  150 TE 16-17,HSQ - Original Spare Part Kits
2024-04-20T23:55:34+02:00,8774828097866,hsq-50333041000,Stop disc 17.2x26x1 B,"HSQ - Technical Accessories, Partstream"
2024-04-20T23:44:24+02:00,8774817743178,hsq-50335030001,Hose,"HSQ - Technical Accessories, Partstream"
2024-04-20T22:21:41+02:00,8774699286858,hsq-50405994000,Expansion chamber guard,"HSQ - Exhaust systems, nada-hidden"
2024-04-20T22:51:09+02:00,8774732546378,hsq-50412945044,E-starter kit,"HSQ - Engine, nada-hidden"
2024-04-21T01:38:21+02:00,8775186710858,hsq-50429002020,Holder for the motor work stand,HSQ - Special tools
2024-04-21T01:39:50+02:00,8775191527754,hsq-50429003000,Holding wrench,HSQ - Special tools
2024-04-21T01:47:47+02:00,8775252246858,hsq-50429005000,Pressing tool,HSQ - Special tools
2024-04-21T01:41:28+02:00,8775201882442,hsq-50429031000,Measurement cap,HSQ - Special tools
2024-04-21T01:45:20+02:00,8775231308106,hsq-50429047001,Sleeve for crankshaft pressing tool,HSQ - Special tools
2024-04-21T01:45:22+02:00,8775231471946,hsq-50429047003,Cover for crankshaft pressing tool,HSQ - Special tools
,8774672023882,hsq-50430007000 i,Piston,Technical Accessories
,7113327771829,hsq-50430007100 i,Piston,Technical Accessories
2024-04-20T23:54:30+02:00,8774827180362,hsq-50430027000,"Clutch cover gasket, outside","HSQ - Technical Accessories, Partstream"
2024-04-20T23:54:42+02:00,8774827442506,hsq-50430035015,Cylinder base gasket 0.15mm,"HSQ - Technical Accessories, Partstream"
2024-04-20T23:54:44+02:00,8774827475274,hsq-50430035020,Cylinder base gasket 0.20mm,"HSQ - Technical Accessories, Partstream"
2024-04-20T23:39:12+02:00,8774812401994,hsq-50430035025,Cylinder base gasket 0.25 mm,"HSQ - Technical Accessories, Partstream"
2024-04-20T23:39:08+02:00,8774812369226,hsq-50430035040,Cylinder base gasket 0.40 mm,"HSQ - Technical Accessories, Partstream"
2024-04-20T23:54:52+02:00,8774827508042,hsq-50430035050,Cylinder base gasket 0.50mm,"HSQ - Technical Accessories, Partstream"
2024-04-20T23:39:06+02:00,8774812303690,hsq-50430035075,Cylinder base gasket 0.75 mm,"HSQ - Technical Accessories, Partstream"
2024-04-20T23:46:15+02:00,8774819283274,hsq-50430040000,Ignition cover gasket,"HSQ - Technical Accessories, Partstream"
2024-04-20T23:50:19+02:00,8774823477578,hsq-50430905044,Cylinder SXS,"HSQ - Technical Accessories, Partstream"
2024-04-21T01:19:49+02:00,8775038402890,hsq-50432011010,Clutch kit 125 TC/TX 150 TE 16-18,"HSQ - Original Spare Part Kits, stock, synkro-clone-ktm-shop-nederland"
2024-04-20T23:55:31+02:00,8774828065098,hsq-50433052000,Kickstart ratchet wheel,"HSQ - Technical Accessories, Partstream"
2024-04-20T23:52:40+02:00,8774825541962,hsq-50435053000,Water pump cover gasket,"HSQ - Technical Accessories, Partstream"
2024-04-20T22:00:48+02:00,8774674219338,hsq-50437006000,Gasket control cover,HSQ - Technical Accessories
2024-04-20T23:45:27+02:00,8774818627914,hsq-50437006100,Gasket control cover,"HSQ - Technical Accessories, Partstream"
2024-04-20T22:02:10+02:00,8774676021578,hsq-50437008000,Gasket control cover right,HSQ - Technical Accessories
2024-04-20T23:51:21+02:00,8774824526154,hsq-50437008100,Gasket control cover,"HSQ - Technical Accessories, Partstream"
2024-04-20T23:54:54+02:00,8774827540810,hsq-50437046000,Intermediate flange gasket,"HSQ - Technical Accessories, Partstream"
2024-04-20T23:46:17+02:00,8774819316042,hsq-50440001000,Starter motor,"HSQ - Technical Accessories, Partstream"
2024-04-20T23:46:19+02:00,8774819381578,hsq-50440026000,Bendix,"HSQ - Technical Accessories, Partstream"
2024-04-20T23:46:22+02:00,8774819447114,hsq-50440040000,Starter drive cover,"HSQ - Technical Accessories, Partstream"
2024-04-20T23:46:24+02:00,8774819479882,hsq-50440040050,Support ring,"HSQ - Technical Accessories, Partstream"
2024-04-20T22:18:55+02:00,8774695780682,hsq-50505907000,FMF Fatty expansion chamber  2-stroke TC (125) 19-22,HSQ - Exhaust systems
2024-04-20T22:18:49+02:00,8774695715146,hsq-50505907001,FMF Factory Fatty expansion chamber 2-stroke TC (125) 19-22,HSQ - Exhaust systems
2024-04-20T22:19:00+02:00,8774695878986,hsq-50505979000,Akrapovič Slip-on Line 2-stroke,"HSQ - Exhaust systems, nada-hidden"
2024-04-20T22:18:43+02:00,8774695584074,hsq-50505979001,FMF Powercore 2.1 silencer  2-stroke,"HSQ - Exhaust systems, nada-hidden"
2024-04-20T21:56:31+02:00,8774669271370,hsq-50505979003,FMF Titanium Powercore 2.1 silencer,"HSQ - Technical Accessories, nada-hidden"
2024-04-20T23:42:52+02:00,8774816563530,hsq-50505979010,Damping material kit,"HSQ - Technical Accessories, Partstream"
2024-04-20T23:42:58+02:00,8774816629066,hsq-50505979020,Repair kit,"HSQ - Technical Accessories, Partstream"
2024-04-20T22:18:16+02:00,8774695158090,hsq-50505979103,FMF Titanium Powercore 2.1 silencer  2-stroke,"HSQ - Exhaust systems, nada-hidden"
2024-04-21T01:39:53+02:00,8775191789898,hsq-50529003000,Holding wrench,HSQ - Special tools
2024-04-21T01:40:27+02:00,8775196049738,hsq-50529012000,Holding wrench,HSQ - Special tools
,7113325478069,hsq-50530007000 i,Piston,Technical Accessories
2024-04-20T22:50:29+02:00,8774731596106,hsq-50530938000,Factory cylinder kit TC (125) 16-22,HSQ - Engine
2024-04-29T15:42:47+02:00,8790125805898,hsq-50532905000,Clutch spring,Partstream
2024-04-21T01:44:19+02:00,8775222690122,hsq-51012011000,Lock ring plier,HSQ - Special tools
2024-04-20T22:07:33+02:00,8774683787594,hsq-51012091000,Spoke wrench,HSQ - Technical Accessories
2024-04-20T23:25:41+02:00,8774797132106,hsq-51012092100,Tire lever,HSQ - Tool/transport
2024-04-20T23:25:39+02:00,8774797066570,hsq-51012093100,Tire lever,"HSQ - Tool/transport, stock, synkro-clone-ktm-shop-nederland"
2024-04-21T01:39:59+02:00,8775192150346,hsq-51129003000,Holding wrench,HSQ - Special tools
2024-04-20T23:50:16+02:00,8774823444810,hsq-51539093000,Spark plug,"HSQ - Technical Accessories, Partstream"
2024-04-20T22:02:31+02:00,8774676545866,hsq-51539974100,Ignition curve switch,HSQ - Technical Accessories
2024-04-20T22:46:54+02:00,8774726091082,hsq-51539974200,"Ignition curve switch TC, TE, TX (125, 150, 250, 300) 14-22",HSQ - Handlebars/instruments/electrics
2024-04-20T22:19:50+02:00,8774696927562,hsq-51605979000,Akrapovič Slip-on Line 2-stroke,"HSQ - Exhaust systems, nada-hidden"
2024-04-21T00:07:42+02:00,8774840713546,hsq-51605979020,Repair kit,Partstream
2024-04-20T22:02:13+02:00,8774676087114,hsq-51630006000,Cylinder head,HSQ - Technical Accessories
2024-04-20T21:58:16+02:00,8774671270218,hsq-51630038000,Cylinder + piston 150,HSQ - Technical Accessories
2024-04-20T23:45:30+02:00,8774818660682,hsq-51630060100,Combustion chamber insert,"HSQ - Technical Accessories, Partstream"
2024-04-20T23:51:23+02:00,8774824558922,hsq-51630106000,Cylinder head,"HSQ - Technical Accessories, Partstream"
2024-04-20T23:54:57+02:00,8774827573578,hsq-51637020000,Control flap,"HSQ - Technical Accessories, Partstream"
2024-04-20T21:58:13+02:00,8774671171914,hsq-51637061044,Power valve,HSQ - Technical Accessories
2024-04-20T22:01:16+02:00,8774674809162,hsq-51639031000,CDI unit 150 SX,HSQ - Technical Accessories
2024-04-20T23:48:48+02:00,8774821871946,hsq-51639231000,CDI unit 150,"HSQ - Technical Accessories, Partstream"
2024-04-20T22:18:31+02:00,8774695387466,hsq-51705907001,FMF Factory Fatty expansion chamber 2-stroke,"HSQ - Exhaust systems, nada-hidden"
2024-04-21T01:48:57+02:00,8775261225290,hsq-51729022000,Adjusting gauge,HSQ - Special tools
2024-04-20T22:00:57+02:00,8774674448714,hsq-52000024,Protective fork sticker set,HSQ - Technical Accessories
2024-04-20T22:08:14+02:00,8774684508490,hsq-52000090,Protective fork sticker set,"HSQ - Technical Accessories, stock, synkro-clone-ktm-shop-nederland"
2024-04-20T22:05:45+02:00,8774680969546,hsq-52000091,Protective fork sticker set,HSQ - Technical Accessories
2024-04-20T22:59:55+02:00,8774745260362,hsq-52000092,"Protective fork sticker set 701 FC, FE, FS, FX, TC, TE, TX (125-650 ENDURO, SUPERMOTO) 2004-2025","HSQ - Trim parts/decals, stock, synkro-clone-ktm-shop-nederland"
2024-04-20T22:59:45+02:00,8774744572234,hsq-52000093,"Protective fork sticker set FC, FE, FS, FX, TC, TE, TX (125-650) 2004-2025",HSQ - Trim parts/decals
2026-05-18T21:37:49+02:00,15665011229002,hsq-52000140,Protective fork sticker set,HSQ - Trim parts/decals
2024-04-20T23:09:20+02:00,8774779961674,hsq-52000185,Sticker sheet,"HSQ - Trim parts/decals, nada-hidden"
2024-04-20T23:23:42+02:00,8774795886922,hsq-52000194,Service pit mat,"HSQ - Tool/transport, nada-hidden"
2024-04-29T15:42:40+02:00,8790125248842,hsq-52000232set,Protective fork sticker set,Partstream
2024-04-20T23:09:17+02:00,8774779830602,hsq-52000347,Sticker sheet,HSQ - Trim parts/decals
2025-01-09T08:54:36+01:00,9637445435722,hsq-53182r81set,APEX PRO 6500 Cartridge 801 SVARTPILEN/VITPILEN 24-25,HSQ - Chassis/triple clamp
2026-05-18T21:37:52+02:00,15665011261770,hsq-54201081100,Tapered roller bearing,HSQ - Technical Accessories
2024-04-20T23:42:42+02:00,8774816399690,hsq-54305068100,Damper,"HSQ - Technical Accessories, Partstream"
2024-04-20T23:39:30+02:00,8774812827978,hsq-54305069000,"Bushing 7x12x15,4","HSQ - Technical Accessories, Partstream"
2024-04-20T23:48:33+02:00,8774821642570,hsq-54531607040,Idling jet 40,"HSQ - Technical Accessories, Partstream"
2024-04-20T23:48:30+02:00,8774821577034,hsq-54531607042,Idling jet 42,"HSQ - Technical Accessories, Partstream"
2024-04-20T22:02:15+02:00,8774676218186,hsq-54601084100,O-ring support with sealing lip,HSQ - Technical Accessories
2024-04-20T22:03:55+02:00,8774678413642,hsq-54603020000,Plug-in stand,HSQ - Technical Accessories
2024-04-20T23:52:46+02:00,8774825640266,hsq-54603048000,Range change metal nut M8,"HSQ - Technical Accessories, Partstream"
2024-07-04T21:19:27+02:00,9369879970122,hsq-54603048600,Range change metal nut,Partstream
2024-04-20T23:42:20+02:00,8774816006474,hsq-54603055051,Press-in nut,"HSQ - Technical Accessories, Partstream"
2024-04-20T23:56:00+02:00,8774828458314,hsq-54610459000,Damping rubber,"HSQ - Technical Accessories, Out of stock, stock, synkro-clone-ktm-shop-nederland"
2024-04-20T23:37:20+02:00,8774810468682,hsq-54613218000,Cup set short,"HSQ - Technical Accessories, Partstream"
2024-04-20T23:37:16+02:00,8774810272074,hsq-54613218100,Cup set short,"HSQ - Technical Accessories, Partstream"
2024-04-21T01:42:24+02:00,8775208632650,hsq-54629009044,Puller,"HSQ - Special tools, Out of stock"
2025-01-09T09:13:11+01:00,9637456642378,hsq-54629012100,Halteschlüssel,HSQ - Special tools
2024-04-21T01:40:02+02:00,8775192674634,hsq-54629012200,Holding wrench,HSQ - Special tools
2024-04-21T01:47:54+02:00,8775252738378,hsq-54629027000,Pressing tool,HSQ - Special tools
2024-04-20T23:55:28+02:00,8774828032330,hsq-54633037000,Special washer,"HSQ - Technical Accessories, Partstream"
2024-04-20T23:40:54+02:00,8774814531914,hsq-54637068100,Bearing sleeve,"HSQ - Technical Accessories, Partstream"
2024-04-20T23:50:28+02:00,8774823575882,hsq-54801036100,Collar screw,"HSQ - Technical Accessories, Partstream"
2024-04-20T22:47:11+02:00,8774726385994,hsq-5480200130068,"Handlebar 701 FC, FE, FX, TC, TE, TX (65-570 ENDURO, SUPERMOTO) 10-25",HSQ - Handlebars/instruments/electrics
2024-04-21T01:10:42+02:00,8774982697290,hsq-54802042300,Clutch / brake lever,HSQ - Original Spare Part Kits
2024-04-21T01:19:06+02:00,8775034896714,hsq-54802042400,"Clutch / brake lever FC, FE, TC, TE (250-501) 14-16",HSQ - Original Spare Part Kits
2024-04-20T22:03:47+02:00,8774678151498,hsq-54803040000,Footpeg kit,"HSQ - Technical Accessories, nada-hidden"
2024-04-20T22:03:58+02:00,8774678446410,hsq-54803040050,Footpeg slider kit,"footpeg, HSQ - Technical Accessories, PowerParts, stock, synkro-clone-ktm-shop-nederland"
2024-04-20T22:31:45+02:00,8774709182794,hsq-54803047000,"Footpeg slider kit 701 FE, FS, FX, TE (125-650 ENDURO, SUPERMOTO) 2004-2024",HSQ - Technical Accessories
2024-04-20T22:31:39+02:00,8774709084490,hsq-54803095000,Foam rubber,"HSQ - Technical Accessories, nada-hidden, stock, synkro-clone-ktm-shop-nederland"
2024-04-20T22:31:27+02:00,8774708855114,hsq-54803940050,Footpeg slider kit,"HSQ - Technical Accessories, nada-hidden"
2024-04-20T22:04:24+02:00,8774679101770,hsq-54809060300,Wave brake disc,HSQ - Technical Accessories
2024-04-20T22:58:05+02:00,8774742278474,hsq-54809081060,Front axle puller,"HSQ - Wheels, nada-hidden"
2024-04-20T22:04:36+02:00,8774679429450,hsq-54810060200,Wave brake disc,HSQ - Technical Accessories
2024-04-20T22:24:08+02:00,8774702301514,hsq-54810961200c1,"Brake disc guard FC, FE, FS, FX, TC, TE, TX (125-501) 14-24","HSQ - Brakes, Out of stock"
2024-04-20T23:46:45+02:00,8774819873098,hsq-54811075700,Main wiring harness,"HSQ - Technical Accessories, Partstream"
2024-04-20T23:26:14+02:00,8774797525322,hsq-54812016000,Safety wire,HSQ - Tool/transport
2024-04-20T22:25:11+02:00,8774703186250,hsq-54812063044,"Rear brake safety wire FC, FE, FS, FX, TC, TE, TX (125-650) 04-25",HSQ - Brakes
2026-05-18T21:37:59+02:00,15665011360074,hsq-54812063144,Rear brake safety line,HSQ - Brakes
2024-04-20T23:37:17+02:00,8774810337610,hsq-54813018000,Retaining spring set,"HSQ - Technical Accessories, Partstream"
2024-04-20T23:37:18+02:00,8774810370378,hsq-54813082000,Bolt set for brake caliper,"HSQ - Technical Accessories, Partstream"
2024-04-20T22:03:49+02:00,8774678217034,hsq-54813090100,Brake pad,HSQ - Technical Accessories
2024-04-20T22:03:52+02:00,8774678348106,hsq-54813090200,Brake pad,HSQ - Technical Accessories
2024-04-20T22:22:20+02:00,8774700302666,hsq-54813990100,"Brake pad FC, FE, FS, FX, TC, TE, TX (85-501)  14-25",HSQ - Brakes
2024-04-20T22:22:22+02:00,8774700335434,hsq-54813990200,"Brake pad FC, FE, FS, FX, TC, TE, TX (85-501)  14-25","HSQ - Brakes, stock, synkro-clone-ktm-shop-nederland"
2024-04-21T01:41:30+02:00,8775202111818,hsq-54829001100,Setting gauge,HSQ - Special tools
2024-04-21T01:45:27+02:00,8775232258378,hsq-54829008000,Insert for crankshaft pressing tool,"HSQ - Special tools, nada-hidden"
2024-04-21T01:45:25+02:00,8775231766858,hsq-54829009000,Separator plate,HSQ - Special tools
2024-04-20T23:26:57+02:00,8774797951306,hsq-54829035000h1,Mud removal tool,"HSQ - Tool/transport, nada-hidden"
2024-04-21T01:45:30+02:00,8775232618826,hsq-54829108000,Insert for crankshaft pressing tool,HSQ - Special tools
2024-04-21T01:14:21+02:00,8775009239370,hsq-54830097100,Cylinder seal set 250 TC/TE 11-16,HSQ - Original Spare Part Kits
2024-04-21T01:14:25+02:00,8775009730890,hsq-54830097300,Cylinder seal set 300 TE 11-16,HSQ - Original Spare Part Kits
2024-04-20T23:50:04+02:00,8774823117130,hsq-54830306700,Cylinder head,"HSQ - Technical Accessories, Partstream"
2024-04-20T23:41:53+02:00,8774815482186,hsq-54830338300,Cylinder and piston cpl.,"HSQ - Technical Accessories, Partstream"
2024-04-21T01:19:30+02:00,8775036797258,hsq-54832011010,Clutch kit 250/300 TE 11-12,HSQ - Original Spare Part Kits
2024-04-21T13:00:00+02:00,8776142356810,hsq-54832011110,Clutch kit 250/300 TC/TE/TX 13-23,"HSQ - Original Spare Part Kits, stock, synkro-clone-ktm-shop-nederland"
2024-04-20T22:52:22+02:00,8774734315850,hsq-54832900300,Rekluse EXP 3.0 centrifugal force clutch kit,"HSQ - Engine, nada-hidden"
2024-04-21T00:05:35+02:00,8774838223178,hsq-54832920000,2-stroke intermediate discs,Partstream
2024-04-20T23:55:26+02:00,8774827966794,hsq-54833044000,"Stop disc 25x31x1,5","HSQ - Technical Accessories, Partstream"
2024-04-20T22:04:43+02:00,8774679658826,hsq-54835080000,Foam rubber,"HSQ - Technical Accessories, stock, synkro-clone-ktm-shop-nederland"
2024-04-20T22:39:07+02:00,8774715998538,hsq-54835980000,Foam rubber 85-501  FC/FE/FS/FX/TC/TE/TX  14-25,HSQ - Cooling
2024-04-20T23:52:33+02:00,8774825443658,hsq-54837006000,Gasket control cover,"HSQ - Technical Accessories, Partstream"
2024-04-20T23:50:06+02:00,8774823149898,hsq-54839331500,CDI control unit,"HSQ - Technical Accessories, Partstream"
2024-04-20T23:51:36+02:00,8774824755530,hsq-55009086000,Plug SFL13,"HSQ - Technical Accessories, Partstream"
2024-04-20T22:19:55+02:00,8774697025866,hsq-55105981000,Akrapovič Slip-on Line 2-stroke,"HSQ - Exhaust systems, nada-hidden"
2024-04-21T00:03:44+02:00,8774835700042,hsq-55105981041,Holding clamp,Partstream
2024-04-21T00:03:47+02:00,8774835831114,hsq-55105981042,Holding clamp,Partstream
2024-04-20T22:08:20+02:00,8774684639562,hsq-55105994000,Expansion chamber guard,HSQ - Technical Accessories
2024-04-21T00:01:52+02:00,8774833537354,hsq-55105994010,Tube bracket set 60-135 mm,"HSQ - Technical Accessories, Partstream"
2024-04-20T22:21:43+02:00,8774699352394,hsq-55105994100,"Expansion chamber guard TC, TE (250, 300) 2014-2016",HSQ - Exhaust systems
2024-04-20T23:46:29+02:00,8774819578186,hsq-55111059000,Starter cable 1100mm,"HSQ - Technical Accessories, Partstream"
2024-04-21T01:40:29+02:00,8775196279114,hsq-55129001000,Holding wrench,HSQ - Special tools
2024-04-20T22:46:30+02:00,8774725632330,hsq-55131003044,Carburettor heater,"HSQ - Handlebars/instruments/electrics, nada-hidden"
2024-04-20T22:37:46+02:00,8774714655050,hsq-55135041044,Radiator fan 250/300/450  FX/TE  10-16,HSQ - Cooling
2024-04-20T22:46:14+02:00,8774725304650,hsq-55139904100,Stator kit,"HSQ - Handlebars/instruments/electrics, nada-hidden"
2024-04-20T23:59:19+02:00,8774831472970,hsq-55405979010,Damping material kit,"HSQ - Technical Accessories, Partstream"
2024-04-20T22:21:46+02:00,8774699450698,hsq-55405994000,Expansion chamber guard,"HSQ - Exhaust systems, nada-hidden"
2024-04-21T01:38:25+02:00,8775187038538,hsq-55429002000,Holder and fitting for work stand,HSQ - Special tools
2024-04-21T01:40:10+02:00,8775193592138,hsq-55429012000,Holding wrench,HSQ - Special tools
2024-04-20T23:52:35+02:00,8774825476426,hsq-55430027000,Clutch cover gasket,"HSQ - Technical Accessories, Partstream"
2024-04-20T23:40:13+02:00,8774813745482,hsq-55430030020,"Cylinder base gasket 0,20mm","HSQ - Technical Accessories, Partstream"
2024-04-20T23:40:10+02:00,8774813679946,hsq-55430030025,"Cylinder base gasket 0,25mm","HSQ - Technical Accessories, Partstream"
2024-04-20T23:40:07+02:00,8774813614410,hsq-55430030040,"Cylinder base gasket 0,40mm","HSQ - Technical Accessories, Partstream"
2024-04-20T23:40:05+02:00,8774813581642,hsq-55430030050,"Cylinder base gasket 0,50mm","HSQ - Technical Accessories, Partstream"
2024-04-20T23:39:50+02:00,8774813188426,hsq-55430030075,"Cylinder base gasket 0,75mm","HSQ - Technical Accessories, Partstream"
2024-04-21T01:13:52+02:00,8775005536586,hsq-55430097001,Cylinder seal set 250/300 TC/TE/TX 17-22,HSQ - Original Spare Part Kits
2024-04-20T23:59:58+02:00,8774831931722,hsq-55430927000,Clutch cover gasket,"HSQ - Technical Accessories, Partstream"
2024-04-20T22:52:36+02:00,8774734774602,hsq-55432900000,Rekluse EXP 3.0 centrifugal force clutch kit,"HSQ - Engine, nada-hidden"
2024-04-21T00:00:07+02:00,8774831997258,hsq-55432910000,Intermediate clutch plate,"HSQ - Technical Accessories, Partstream"
2024-04-20T23:40:23+02:00,8774813974858,hsq-55432961000,Clutch slave cylinder,"HSQ - Technical Accessories, Partstream"
2024-04-20T23:50:58+02:00,8774824067402,hsq-55432961050,Repair kit,"HSQ - Technical Accessories, Partstream"
2024-04-20T22:18:52+02:00,8774695747914,hsq-55505907000,"FMF Fatty expansion chamber  2-stroke TC, TE, TX (250, 250i, 300, 300i) 19-23",HSQ - Exhaust systems
2024-04-20T22:18:46+02:00,8774695616842,hsq-55505907001,"FMF Factory Fatty expansion chamber 2-stroke TC, TE, TX (250, 250i, 300, 300i) 19-23",HSQ - Exhaust systems
2024-04-20T22:18:58+02:00,8774695813450,hsq-55505979000,Akrapovič Slip-on Line 2-stroke,"HSQ - Exhaust systems, nada-hidden"
2024-04-20T22:18:40+02:00,8774695551306,hsq-55505979001,"FMF Powercore 2.1 silencer  2-stroke TC, TE, TX (250, 250i, 300, 300i) 19-23","HSQ - Exhaust systems, stock, synkro-clone-ktm-shop-nederland"
2024-04-20T21:56:21+02:00,8774669107530,hsq-55505979003,FMF Titanium Powercore 2.1 silencer,HSQ - Technical Accessories
2024-04-20T23:42:55+02:00,8774816596298,hsq-55505979020,Repair kit,"HSQ - Technical Accessories, Partstream"
2024-04-20T23:32:21+02:00,8774803128650,hsq-55505979050,Endkappe,"HSQ - Technical Accessories, Partstream"
2024-04-20T22:21:54+02:00,8774699712842,hsq-55505979081,FMF Powercore 2.1 sticker,HSQ - Exhaust systems
2024-04-20T22:21:57+02:00,8774699811146,hsq-55505979083,FMF Powercore 2.1 sticker,HSQ - Exhaust systems
2024-04-20T22:18:13+02:00,8774695092554,hsq-55505979103,"FMF Titanium Powercore 2.1 silencer  2-stroke TC, TE, TX (250, 250i, 300, 300i) 19-23",HSQ - Exhaust systems
2024-04-21T01:48:40+02:00,8775258800458,hsq-55529021000,Socket wrench,HSQ - Special tools
2024-04-21T01:48:42+02:00,8775259029834,hsq-55529022000,Adjusting gauge,HSQ - Special tools
2024-04-20T23:40:02+02:00,8774813516106,hsq-55537006000,Gasket control cover,"HSQ - Technical Accessories, Partstream"
2024-04-20T23:40:00+02:00,8774813417802,hsq-55537008000,Gasket control cover,"HSQ - Technical Accessories, Partstream"
2024-04-20T22:20:07+02:00,8774697189706,hsq-55605981000,Akrapovič Slip-on Line 2-stroke,"HSQ - Exhaust systems, nada-hidden"
2024-04-20T23:45:59+02:00,8774819053898,hsq-55630006100,Cylinder head,"HSQ - Technical Accessories, Partstream"
2024-04-20T23:57:44+02:00,8774830063946,hsq-55630038000,Cylinder + piston cpl.,"HSQ - Technical Accessories, Partstream"
,7113326493877,hsq-55630107100 i,Piston,Technical Accessories
,7113327313077,hsq-55630307100 i,Piston,Technical Accessories
2024-04-20T23:39:14+02:00,8774812500298,hsq-55635941020,Temperature sensor,"HSQ - Technical Accessories, Partstream"
2024-04-20T23:58:39+02:00,8774830883146,hsq-55639031100,CDI control unit,"HSQ - Technical Accessories, Partstream"
2024-04-20T23:39:52+02:00,8774813221194,hsq-55641023044,Injector,"HSQ - Technical Accessories, Partstream"
2024-04-20T22:18:36+02:00,8774695518538,hsq-55705981000,"Akrapovič Slip-on Line 2-stroke TE (250, 250i, 300, 300i) 20-23",HSQ - Exhaust systems
2024-04-20T23:41:45+02:00,8774815351114,hsq-55705981010,Damping material kit,"HSQ - Technical Accessories, Partstream"
2024-04-20T23:41:43+02:00,8774815318346,hsq-55705981020,Repair kit,"HSQ - Technical Accessories, Partstream"
2024-04-20T23:41:48+02:00,8774815383882,hsq-55705981050,Silencer cap,"HSQ - Technical Accessories, Partstream"
2024-04-20T22:21:25+02:00,8774698926410,hsq-55705994000,"Expansion chamber guard TC, TE, TX (250, 250i, 300, 300i) 2019-2023",HSQ - Exhaust systems
2024-04-20T22:50:35+02:00,8774731727178,hsq-55712945044,"Kick-starter kit TE, TX (250, 250i, 300, 300i) 20-23",HSQ - Engine
2024-04-20T22:50:53+02:00,8774732185930,hsq-55730905044,300 Factory kit,"HSQ - Engine, nada-hidden"
2024-04-20T22:50:32+02:00,8774731661642,hsq-55730905144,"300 Factory kit TE (250, 250i) 20-23",HSQ - Engine
2024-04-20T22:10:47+02:00,8774687490378,hsq-55735941044,Radiator fan 150-501 FC/FE/FS/FX/TE/TX  18-23,HSQ - Cooling
2024-04-21T01:40:15+02:00,8775194247498,hsq-56012004000,Gear segment,HSQ - Special tools
2024-04-21T01:38:43+02:00,8775189102922,hsq-56029002000,Holder for the motor work stand,HSQ - Special tools
2024-04-21T01:38:46+02:00,8775189594442,hsq-56029002020,Holder for the motor work stand,HSQ - Special tools
2024-04-21T01:38:49+02:00,8775189954890,hsq-56029002030,Holder for the motor work stand,HSQ - Special tools
2024-04-20T23:53:39+02:00,8774826393930,hsq-56401040000,Rubber bushing,"HSQ - Technical Accessories, Partstream"
2024-04-20T23:34:44+02:00,8774806700362,hsq-56410100100,Tyre locker rear wheel,"HSQ - Technical Accessories, Partstream"
2024-04-20T23:39:55+02:00,8774813319498,hsq-56530080000,CU sealing ring,"HSQ - Technical Accessories, Partstream"
2024-04-21T00:01:47+02:00,8774833439050,hsq-57305016100,Akrapovič Exhaust spring,HSQ - Technical Accessories
2025-01-09T08:57:58+01:00,9637447696714,hsq-57305989100,Akrapovič Exhaust spring,"HSQ - Technical Accessories, Partstream"
2024-04-20T22:04:20+02:00,8774678937930,hsq-57310001044,"Rear wheel 5x17""",HSQ - Technical Accessories
2024-04-20T23:27:27+02:00,8774798311754,hsq-57929020000,Chain breaker,"HSQ - Tool/transport, stock, synkro-clone-ktm-shop-nederland"
2024-04-20T23:44:20+02:00,8774817710410,hsq-58007017000,Clip,"HSQ - Technical Accessories, Partstream"
2024-04-20T23:46:41+02:00,8774819807562,hsq-58011109110,Plug-in fuse,"HSQ - Technical Accessories, Partstream"
2024-04-21T01:42:26+02:00,8775209091402,hsq-58012009000,Puller,HSQ - Special tools
2024-04-20T23:55:23+02:00,8774827934026,hsq-58033028000,Ratchet wheel spring,"HSQ - Technical Accessories, Partstream"
2024-04-20T23:57:27+02:00,8774829703498,hsq-58035045000,Temperature switch,"HSQ - Technical Accessories, Partstream"
2024-04-20T23:47:48+02:00,8774820888906,hsq-58132072000,Locking ring,"HSQ - Technical Accessories, Partstream"
2024-04-20T22:01:53+02:00,8774675628362,hsq-582100510xx,Rear sprocket,HSQ - Technical Accessories
2024-04-20T22:36:16+02:00,8774713246026,hsq-582109510xx,"Rear sprocket 701 EE, FC, FE, FS, FX, TC, TE, TX (125-650 ENDURO, SUPERMOTO) 42 t/m 52T  05-25",HSQ - Chains/Sprockets
2024-04-20T23:46:43+02:00,8774819840330,hsq-58211058000,Starter relay,"HSQ - Technical Accessories, Partstream"
2024-04-20T22:00:59+02:00,8774674514250,hsq-58214050052,Sensor magnet,"HSQ - Technical Accessories, stock, synkro-clone-ktm-shop-nederland"
2024-04-20T22:24:25+02:00,8774702596426,hsq-58214050054,Sensor magnet,HSQ - Handlebars/instruments/electrics
2024-04-20T23:51:29+02:00,8774824657226,hsq-58308045000,Special washer 7X12.5X20 black,"HSQ - Technical Accessories, Partstream"
2024-04-20T22:23:29+02:00,8774701515082,hsq-58309060000,"Brake disc FC, FE, FS, FX, TC, TE, TX (125-570) 09-25",HSQ - Brakes
2024-04-20T23:25:29+02:00,8774796902730,hsq-58310025000,Wheel alignment gauge,HSQ - Tool/transport
2024-04-20T23:24:52+02:00,8774796542282,hsq-58310025100,Wheel alignment gauge,HSQ - Tool/transport
2024-04-20T23:49:34+02:00,8774822658378,hsq-5831005024491,Rear sprocket carrier,"HSQ - Technical Accessories, Partstream"
2024-04-20T22:48:25+02:00,8774727893322,hsq-58312040200,"Rear mirror 701 (ENDURO, SUPERMOTO) 16-24","HSQ - Handlebars/instruments/electrics, Out of stock"
2026-05-18T21:38:24+02:00,15665011622218,hsq-58408009050,Spacer,HSQ - Technical Accessories
2024-04-29T15:39:59+02:00,8790116172106,hsq-5841005104101,"Supersprox-Stealth rear sprocket 801 SVARTPILEN, VITPILEN  41T 24-25",HSQ - Chains/Sprockets
2024-04-20T23:46:27+02:00,8774819545418,hsq-58411059100,Starter cable 700mm,"HSQ - Technical Accessories, Partstream"
2024-04-20T23:46:36+02:00,8774819709258,hsq-58411097100,Earth wire,"HSQ - Technical Accessories, Partstream"
2024-04-20T23:46:12+02:00,8774819250506,hsq-58411098100,Contact disk,"HSQ - Technical Accessories, Partstream"
2024-04-20T23:44:29+02:00,8774817808714,hsq-58412080050,Reflector bracket,"HSQ - Technical Accessories, Partstream"
2024-04-21T00:05:57+02:00,8774838550858,hsq-58413030100,Brake pad,Partstream
2024-04-21T01:42:31+02:00,8775209812298,hsq-58429009000,Puller,HSQ - Special tools
2024-04-21T01:42:29+02:00,8775209386314,hsq-58429037031,Puller,HSQ - Special tools
2024-04-21T01:42:34+02:00,8775210107210,hsq-58429037037,Puller,HSQ - Special tools
2024-04-21T01:42:42+02:00,8775210828106,hsq-58429037040,Puller,HSQ - Special tools
2024-04-21T01:42:37+02:00,8775210533194,hsq-58429037043,Puller,HSQ - Special tools
2024-04-21T01:36:42+02:00,8775174947146,hsq-58429042000,Peak voltage adapter,"HSQ - Special tools, nada-hidden"
2024-04-20T23:25:27+02:00,8774796869962,hsq-58429074300,Battery charger,"HSQ - Tool/transport, nada-hidden"
2024-04-21T01:44:21+02:00,8775223083338,hsq-58429083000,Footrest spring plier,HSQ - Special tools
2024-04-21T01:47:50+02:00,8775252509002,hsq-58429089000,Tool bracket,HSQ - Special tools
2024-04-21T01:47:57+02:00,8775252803914,hsq-58429091000,Pressing tool,HSQ - Special tools
2024-04-21T01:47:59+02:00,8775253000522,hsq-58429092000,Pressing tool,HSQ - Special tools
2024-04-21T01:41:10+02:00,8775201194314,hsq-58429094000,Torque wrench kit,HSQ - Special tools
2024-04-20T23:57:25+02:00,8774829670730,hsq-58435041000,Extractor fan,"HSQ - Technical Accessories, Partstream"
2024-04-20T22:47:56+02:00,8774727237962,hsq-58512050100,"Factory Racing steering damper FC, FE, FS, FX, TC, TE, TX (125-570) 09-23",HSQ - Handlebars/instruments/electrics
2024-04-20T22:47:49+02:00,8774727041354,hsq-58512050144,"Steering damper bracket FE, FS, TE (150-501) 15-23",HSQ - Handlebars/instruments/electrics
2024-04-20T22:47:59+02:00,8774727303498,hsq-58512050544,Steering damper bracket,"HSQ - Handlebars/instruments/electrics, nada-hidden"
2024-04-21T01:43:32+02:00,8775216300362,hsq-58529005000,Protection cap,HSQ - Special tools
2024-04-20T23:44:35+02:00,8774817874250,hsq-58605083014,Torx screw M5x14,"HSQ - Technical Accessories, Partstream"
2024-04-21T00:07:13+02:00,8774840189258,hsq-58605099003,Holding clamp,Partstream
2024-04-20T23:46:34+02:00,8774819676490,hsq-58711086000,Battery cable,"HSQ - Technical Accessories, Partstream"
2024-04-20T23:46:09+02:00,8774819184970,hsq-59001092050,"Special screw M6x12,5","HSQ - Technical Accessories, Partstream"
2024-04-20T22:05:20+02:00,8774680445258,hsq-59003090250,Foam rubber,HSQ - Technical Accessories
2024-04-20T23:02:31+02:00,8774756008266,hsq-59003990250,"Foam rubber 701, FC, FE, FS, FX, TC, TE, TX (125-650e, Enduro, SUPERMOTO) 2004-2025","HSQ - Protection, stock, synkro-clone-ktm-shop-nederland"
2024-04-20T22:04:12+02:00,8774678675786,hsq-59006022000,Air filter sand protection,HSQ - Technical Accessories
2024-04-20T22:49:48+02:00,8774730613066,hsq-59006922000,"Air filter sand protection FC, FE, FS, TC, TE (125-501) 14-17",HSQ - Technical Accessories
2024-04-20T23:48:58+02:00,8774822068554,hsq-59007009000,Gasket,"HSQ - Technical Accessories, Partstream"
2024-04-20T23:58:12+02:00,8774830522698,hsq-59009062026,Special screw M6x26,"HSQ - Technical Accessories, Partstream"
2024-04-20T23:57:23+02:00,8774829637962,hsq-59011079100,Fan wiring harness,"HSQ - Technical Accessories, Partstream"
2024-04-20T22:04:15+02:00,8774678774090,hsq-59013030000,Brake pad,HSQ - Technical Accessories
2024-04-20T22:04:20+02:00,8774678905162,hsq-59013030100,Brake pad,HSQ - Technical Accessories
2024-04-20T22:04:35+02:00,8774679396682,hsq-59013930000,Brake pad,HSQ - Technical Accessories
2024-04-20T22:22:28+02:00,8774700466506,hsq-59013930100,"Brake pad FC, FE, FS, FX, TC, TE, TX (85-650)  04-25",HSQ - Brakes
2024-04-20T22:22:25+02:00,8774700400970,hsq-59013930200,"Brake pad FC, FE, FS, FX, TC, TE, TX (85-650)  04-25","HSQ - Brakes, stock, synkro-clone-ktm-shop-nederland"
2024-04-21T01:40:32+02:00,8775196574026,hsq-59029003100,Holding wrench,"HSQ - Special tools, Out of stock"
2024-04-21T01:47:04+02:00,8775245660490,hsq-59029019000,Valve spring mounter,HSQ - Special tools
2024-04-21T01:47:06+02:00,8775245955402,hsq-59029026006,Limit plug gauge,"HSQ - Special tools, nada-hidden"
2024-04-21T01:42:50+02:00,8775211123018,hsq-59029033000,Puller,HSQ - Special tools
2024-04-20T21:59:55+02:00,8774673072458,hsq-59029041000,Feeler gauge,HSQ - Technical Accessories
2024-04-20T21:58:27+02:00,8774671499594,hsq-59029041100,Feeler gauge,HSQ - Special tools
2024-04-20T23:47:50+02:00,8774820921674,hsq-59032010100,Intermediate clutch plate 1 mm,"HSQ - Technical Accessories, Partstream"
2024-04-20T23:47:52+02:00,8774820954442,hsq-59032010200,Intermediate clutch plate 1.4 mm,"HSQ - Technical Accessories, Partstream"
2024-04-21T01:19:33+02:00,8775037059402,hsq-59032011110,Clutch kit 450/550/650 FE/FS 04-08,"HSQ - Original Spare Part Kits, stock, synkro-clone-ktm-shop-nederland"
2024-04-20T23:43:04+02:00,8774816727370,hsq-59032062000,Hollow screw with Cu-sealing rings,"HSQ - Technical Accessories, Partstream"
2024-04-20T23:55:21+02:00,8774827901258,hsq-59033069000,Stop piece,"HSQ - Technical Accessories, Partstream"
2024-04-20T23:57:20+02:00,8774829572426,hsq-59035044000,Radiator fan cover,"HSQ - Technical Accessories, Partstream"
2024-04-20T22:27:11+02:00,8774704955722,hsq-5903891710068,"Oil drain plug 701, FC, FE, FX (250, 350, 350S, 350w, 450, 501, 501S, 501w, ENDURO, SUPERMOTO) 13-25","anodized, HSQ - CNC-parts"
2024-04-21T01:19:17+02:00,8775035650378,hsq-59402042100,Clutch / brake lever FS (570) 10-11,HSQ - Original Spare Part Kits
2024-04-20T23:53:12+02:00,8774826099018,hsq-59501039004,Spacer 9mm,"HSQ - Technical Accessories, Partstream"
2024-04-20T22:08:37+02:00,8774685000010,hsq-5951203000068,Plug,HSQ - Technical Accessories
2024-04-20T22:03:35+02:00,8774677922122,hsq-5951203020068,Plug,HSQ - Technical Accessories
2024-04-20T22:04:05+02:00,8774678544714,hsq-6000207910030,Handguard kit,HSQ - Technical Accessories
2025-06-11T08:20:37+02:00,10230429876554,hsq-60005099003,Akrapovič sticker,HSQ - Exhaust systems
2024-04-21T00:03:55+02:00,8774836060490,hsq-60005099010,Damping material kit,Partstream
2024-07-04T21:16:43+02:00,9369876070730,hsq-60006001021,Rubber spacer 7mm,Partstream
2024-04-20T23:48:53+02:00,8774821970250,hsq-60006001023,Rubber grommet,"HSQ - Technical Accessories, Partstream"
2024-04-20T23:39:42+02:00,8774813024586,hsq-60007020040,Retainer,"HSQ - Technical Accessories, Partstream"
2024-04-20T23:45:47+02:00,8774818890058,hsq-60008052000,Bushing,"HSQ - Technical Accessories, Partstream"
2024-04-20T21:56:33+02:00,8774669304138,hsq-60012015000,Helmet lock,HSQ - Technical Accessories
2024-04-20T23:32:55+02:00,8774804111690,hsq-60012035185,Reed switch,"HSQ - Technical Accessories, Partstream"
2024-04-21T00:05:29+02:00,8774838092106,hsq-60012078020,Lower ring,Partstream
2024-04-21T01:41:47+02:00,8775203848522,hsq-60029010000,Angle disc,HSQ - Special tools
2024-04-21T01:41:35+02:00,8775202242890,hsq-60029012000,clearance gauge,HSQ - Special tools
2024-04-21T01:46:30+02:00,8775240941898,hsq-60029015000,Piston ring compressor,HSQ - Special tools
2024-04-21T01:48:44+02:00,8775259357514,hsq-60029020000,Chain rivet tool,HSQ - Special tools
2024-04-21T01:42:39+02:00,8775210795338,hsq-60029033000,Puller,HSQ - Special tools
2024-04-21T01:48:02+02:00,8775253426506,hsq-60029043040,Pressing tool,HSQ - Special tools
2024-04-21T01:48:29+02:00,8775257456970,hsq-60029046128,Pressing tool,HSQ - Special tools
2024-04-21T01:44:24+02:00,8775223574858,hsq-60029057000,Hose clamp pliers,HSQ - Special tools
2024-04-21T01:44:27+02:00,8775223968074,hsq-60029057100,Spring band clamps plier,HSQ - Special tools
2024-04-21T01:44:36+02:00,8775225147722,hsq-60029073000,Spark plug wrench,HSQ - Special tools
2024-07-20T10:36:45+02:00,9391406940490,hsq-60029075000,Multi-tooth wrench socket,HSQ - Special tools
2024-04-20T23:58:35+02:00,8774830817610,hsq-60033040010,Stop disc,"HSQ - Technical Accessories, Partstream"
2024-04-20T22:31:00+02:00,8774708396362,hsq-60103923150,Stand plate,"HSQ - Chassis/triple clamp, nada-hidden"
2024-04-20T22:31:21+02:00,8774708756810,hsq-60103940000,"Factory Racing footpeg set 701 NORDEN (901 ENDURO, SUPERMOTO) 2016-2025",HSQ - Technical Accessories
2024-04-20T23:00:36+02:00,8774748373322,hsq-60112035000,Alarm system NORDEN (901) 2022-2025,"HSQ - Protection, stock, synkro-clone-ktm-shop-nederland"
2024-04-20T22:54:57+02:00,8774738051402,hsq-60112092070,Handlebar cross brace,HSQ - Technical Accessories
2024-04-20T23:58:14+02:00,8774830555466,hsq-60142020000,Wheel speed sensor wheel,"HSQ - Technical Accessories, Partstream"
2024-04-20T22:45:53+02:00,8774724911434,hsq-60212092060,Socket connector,"HSQ - Handlebars/instruments/electrics, nada-hidden"
2024-04-20T22:04:23+02:00,8774679036234,hsq-6030217900028,Handguard kit,"HSQ - Technical Accessories, nada-hidden"
2024-04-20T22:04:35+02:00,8774679363914,hsq-6030217900030,Handguard kit,HSQ - Technical Accessories
2024-04-20T22:43:27+02:00,8774721405258,hsq-6030217910028,Handguard kit,"HSQ - Handlebars/instruments/electrics, nada-hidden"
2024-04-20T22:43:30+02:00,8774721503562,hsq-6030217910030,"Handguard kit 701 FC, FE, FS, FX, TC, TE, TX (125-501w ENDURO, SUPERMOTO) 14-25",HSQ - Handlebars/instruments/electrics
2024-04-20T22:42:00+02:00,8774719275338,hsq-60302179100ab,"Handguard kit 701 FC, FE, FS, FX, TC, TE, TX (125-650e ENDURO, SUPERMOTO) 08-25",HSQ - Handlebars/instruments/electrics
2024-04-20T23:33:04+02:00,8774804406602,hsq-60309910044,Factory front hub,"HSQ - Technical Accessories, Partstream"
2024-07-04T21:17:06+02:00,9369876595018,hsq-60310072200,Spoke nipple Quadrax M5,Partstream
2024-04-20T23:33:03+02:00,8774804373834,hsq-60310910044,Factory rear hub,"HSQ - Technical Accessories, Partstream"
2024-04-20T23:36:25+02:00,8774809059658,hsq-60311910010,Switch,"HSQ - Technical Accessories, Partstream"
2024-04-20T23:34:54+02:00,8774806995274,hsq-60312133000,Tyre pressure sensor,"HSQ - Technical Accessories, Partstream"
2026-05-18T21:38:41+02:00,15665011753290,hsq-60312911044,Topcase fitting kit,HSQ - Technical Accessories
2024-04-20T22:33:26+02:00,8774710165834,hsq-60312978144,"Luggage carrier 701 NORDEN (901 ENDURO, SUPERMOTO) 2016-2024",HSQ - Technical Accessories
2024-04-20T23:26:03+02:00,8774797394250,hsq-60412002200,First aid kit,HSQ - Tool/transport
2024-04-20T22:54:24+02:00,8774737232202,hsq-60412993600,Touratech-iBracket for Galaxy S5/S6/S6 Edge/S7,HSQ - Technical Accessories
2024-04-20T22:55:07+02:00,8774738280778,hsq-60412993800,Touratech-iBracket for Galaxy S8/S9,"HSQ - Technical Accessories, stock, synkro-clone-ktm-shop-nederland"
2024-04-20T22:54:12+02:00,8774737002826,hsq-60412993900,Touratech-iBracket for Galaxy S8+/S9+,"HSQ - Technical Accessories, nada-hidden"
2024-04-20T22:40:10+02:00,8774716653898,hsq-60711912000,Quick turn throttle twist grip NORDEN (901) 22-25,HSQ - Handlebars/instruments/electrics
2025-06-11T07:58:13+02:00,10230407364938,hsq-60712035010,Metamoll alarm system,Partstream
2024-04-20T23:51:32+02:00,8774824689994,hsq-60712055155,Connecting bolt with seal,"HSQ - Technical Accessories, Partstream"
2024-04-20T23:36:46+02:00,8774809518410,hsq-60712922025,Lock cylinder adapter short,"HSQ - Technical Accessories, Partstream"
2024-04-20T23:36:51+02:00,8774809583946,hsq-60712927040,Cover retaining strap,"HSQ - Technical Accessories, Partstream"
2024-04-20T22:32:11+02:00,8774709543242,hsq-60712929030,Backrest 901 NORDEN  2022-2024,HSQ - Technical Accessories
2024-04-20T23:38:32+02:00,8774811713866,hsq-61003024000,Spring,"HSQ - Technical Accessories, Partstream"
2024-04-20T23:42:15+02:00,8774815908170,hsq-61010086000,Collar nut M25 x 1.5,"HSQ - Technical Accessories, Partstream"
2024-04-20T23:01:30+02:00,8774752174410,hsq-6101293200030,"Roadlok 701 NORDEN, SVARTPILEN, VITPILEN (701, 901 SUPERMOTO) 2016-2024",HSQ - Protection
2024-04-20T23:00:18+02:00,8774747062602,hsq-61012932100c1,"Roadlok 701, NORDEN, SVARTPILEN, VITPILEN (701, 801, 901, SUPERMOTO) 2016-2025",HSQ - Protection
2024-04-20T23:37:19+02:00,8774810435914,hsq-61013020100,Bleeder screw with cap,"HSQ - Technical Accessories, Partstream"
2024-04-20T23:22:55+02:00,8774795297098,hsq-61029055244,Support adapter,"HSQ - Tool/transport, nada-hidden"
2024-04-21T01:41:39+02:00,8775202865482,hsq-61029093000,Testing hose,HSQ - Special tools
2024-04-21T01:41:41+02:00,8775203062090,hsq-61029094000,Pressure testing tool,HSQ - Special tools
2024-04-20T23:22:40+02:00,8774795067722,hsq-61029955144,Retaining adapter,"HSQ - Special tools, nada-hidden"
2024-04-21T01:44:06+02:00,8775220855114,hsq-61029955244,Retaining adapter,HSQ - Special tools
2024-04-20T22:58:07+02:00,8774742311242,hsq-6110909900020,Wheel rim sticker kit,"HSQ - Wheels, nada-hidden"
2025-06-11T07:58:48+02:00,10230408118602,hsq-61111057000,Relais CM1A-R-12V-H80 07,Partstream
2024-04-20T21:54:41+02:00,8774667010378,hsq-6112996500033,"Front wheel work stand, small",HSQ - Special tools
2024-04-20T23:35:24+02:00,8774807617866,hsq-61129965040,Support adapter,"HSQ - Technical Accessories, Partstream"
2024-04-20T23:22:22+02:00,8774794740042,hsq-61129965100c1,Front paddock stand,HSQ - Special tools
2024-04-21T01:38:00+02:00,8775184351562,hsq-61229001000,Engine work stand,HSQ - Special tools
2025-08-01T09:42:09+02:00,10316842598730,hsq-61229001000bg4,MOTORBÜGEL FÜR MONTAGEBOCK,HSQ - Special tools
2024-04-21T01:43:38+02:00,8775217086794,hsq-61229005100,Protection cap,HSQ - Special tools
2024-07-20T10:36:37+02:00,9391406874954,hsq-61229008100,Pressing tool,HSQ - Special tools
2024-07-20T10:36:15+02:00,9391406448970,hsq-61229010000,Puller,HSQ - Special tools
2024-04-21T01:40:35+02:00,8775196737866,hsq-61229015000,Locking screw,HSQ - Special tools
2024-07-20T10:36:41+02:00,9391406907722,hsq-61229016000,Pressing tool,HSQ - Special tools
2024-04-21T01:47:09+02:00,8775246545226,hsq-61229021000,Release device for timing chain tensioner,HSQ - Special tools
2024-04-20T22:44:32+02:00,8774722978122,hsq-6130293104401,Clutch lever,"HSQ - Handlebars/instruments/electrics, nada-hidden"
2024-04-20T23:01:10+02:00,8774750994762,hsq-61303946044,Footpeg slider kit,HSQ - Protection
2024-07-04T21:16:41+02:00,9369876037962,hsq-61305068000,Damping rubber,Partstream
2024-04-20T22:30:51+02:00,8774708265290,hsq-61311946044,Side stand removal kit,HSQ - Chassis/triple clamp
2024-04-20T23:59:09+02:00,8774831276362,hsq-61312922030,Left mounting part,"HSQ - Technical Accessories, Partstream"
2024-04-20T23:59:13+02:00,8774831341898,hsq-61312922060,Case mounting,"HSQ - Technical Accessories, Partstream"
2024-04-20T23:59:12+02:00,8774831309130,hsq-61312923030,Right mounting part,"HSQ - Technical Accessories, Partstream"
2024-04-20T23:59:06+02:00,8774831243594,hsq-61312923060,Right mounting part,"HSQ - Technical Accessories, Partstream"
2024-04-20T22:25:59+02:00,8774703972682,hsq-6131396200030,"Brake fluid reservoir cap 701 SVARTPILEN, VITPILEN (125, 250, 401, 701, ENDURO, SUPERMOTO) 16-24","anodized, HSQ - CNC-parts"
2024-04-29T15:39:06+02:00,8790112862538,hsq-6131396210068a,"Brake reservoir cap 701 SVARTPILEN, VITPILEN (125, 250, 401, 701, ENDURO, SUPERMOTO) 16-24","anodized, HSQ - CNC-parts"
2024-04-29T15:39:09+02:00,8790113059146,hsq-61313962100c1a,"Brake reservoir cap 701 SVARTPILEN, VITPILEN (125, 250, 401, 701, ENDURO, SUPERMOTO) 16-24","anodized, HSQ - CNC-parts"
2024-04-20T23:44:32+02:00,8774817841482,hsq-61314947500,License plate lighting,"HSQ - Technical Accessories, Partstream"
2024-07-04T21:16:50+02:00,9369876234570,hsq-61408015030,Metamoll,Partstream
2024-04-20T23:42:25+02:00,8774816104778,hsq-61408916044,License plate holder support,"HSQ - Technical Accessories, Partstream"
2024-04-20T22:44:25+02:00,8774722814282,hsq-6141390204401,Brake lever,"HSQ - Handlebars/instruments/electrics, nada-hidden"
2024-04-20T22:45:58+02:00,8774725042506,hsq-61611043000,"USB-A power outlet SVARTPILEN, VITPILEN (125, 200, 250, 401) 18-23",HSQ - Handlebars/instruments/electrics
2024-04-20T23:39:45+02:00,8774813090122,hsq-61614018100,EJOT ALTRACS 50x12,"HSQ - Technical Accessories, Partstream"
2024-04-20T23:33:18+02:00,8774804898122,hsq-61703902064c1,Mounting flange,"HSQ - Technical Accessories, Partstream"
2024-04-20T23:33:17+02:00,8774804832586,hsq-61703902065c1,Mounting flange,"HSQ - Technical Accessories, Partstream"
2024-04-20T23:33:16+02:00,8774804767050,hsq-61707940100,Pillon seat cover,"HSQ - Technical Accessories, Partstream"
2024-04-20T23:33:02+02:00,8774804341066,hsq-61707958100,Tank cover,"HSQ - Technical Accessories, Partstream"
2024-04-20T23:33:33+02:00,8774805422410,hsq-61708908020,Spacer long,"HSQ - Technical Accessories, Partstream"
2024-04-20T23:33:15+02:00,8774804734282,hsq-6171295100049,Clutch cover protection,"HSQ - Technical Accessories, Partstream"
2026-05-18T21:38:56+02:00,15665011818826,hsq-61712990500,Smartphone case Iphone 6/6S/7/8 PLUS,HSQ - Technical Accessories
2026-05-18T21:39:01+02:00,15665011851594,hsq-61712990800,Smartphone case Samsung Galaxy S8/S9,HSQ - Technical Accessories
2026-05-18T21:39:03+02:00,15665011884362,hsq-61712990900,Smartphone case Samsung Galaxy S8+/S9+,HSQ - Technical Accessories
2024-04-20T22:54:44+02:00,8774737789258,hsq-61712991000,Smartphone universal adapter,HSQ - Technical Accessories
2024-04-20T21:57:02+02:00,8774669893962,hsq-61712991100,Smartphone bracket,HSQ - Technical Accessories
2024-04-20T22:55:24+02:00,8774738542922,hsq-61712991500,Smartphone case iPhone XS MAX,"HSQ - Technical Accessories, nada-hidden"
2026-05-18T21:39:06+02:00,15665011917130,hsq-61712991600,Smartphone case,HSQ - Technical Accessories
2024-04-20T22:55:03+02:00,8774738182474,hsq-61712991700,Smartphone case HUAWEI Mate 20 Pro,"HSQ - Technical Accessories, nada-hidden"
2024-04-20T23:43:24+02:00,8774816956746,hsq-61712992000,Weather protection cover iPhone 6/6S/7/8,"HSQ - Technical Accessories, Partstream"
2024-04-20T23:43:27+02:00,8774816989514,hsq-61712992100,Weather protection cover iPhone 6/6S/7/8 Plus,"HSQ - Technical Accessories, Partstream"
2024-04-20T23:43:30+02:00,8774817022282,hsq-61712992200,Weather protection cover iPhone X/XS,"HSQ - Technical Accessories, Partstream"
2026-05-18T21:39:11+02:00,15665012048202,hsq-61712992300,Weather protection cover Samsung Galaxy S8/S9,HSQ - Technical Accessories
2026-05-18T21:39:14+02:00,15665012146506,hsq-61712992400,Weather protection cover Samsung Galaxy S8+/S9+,HSQ - Technical Accessories
2024-04-20T23:43:39+02:00,8774817120586,hsq-61712992500,Weather protection cover iPhone XS MAX,"HSQ - Technical Accessories, Partstream"
2024-04-20T23:43:43+02:00,8774817186122,hsq-61712992600,Weather protection cover iPhone XR,"HSQ - Technical Accessories, Partstream"
2024-04-20T23:43:46+02:00,8774817218890,hsq-61712992700,Weather protection cover HUAWEI Mate 20 Pro,"HSQ - Technical Accessories, Partstream"
2024-04-20T21:56:16+02:00,8774669009226,hsq-61712993500,Smartphone universal case,HSQ - Technical Accessories
2024-04-20T22:54:28+02:00,8774737396042,hsq-61712993600,Smartphone universal case,HSQ - Technical Accessories
2024-04-20T21:54:59+02:00,8774667436362,hsq-61712994100,Smartphone bracket,HSQ - Technical Accessories
2024-04-20T22:54:32+02:00,8774737461578,hsq-61712994400,Smartphone bracket,"HSQ - Technical Accessories, stock, synkro-clone-ktm-shop-nederland"
2024-04-20T22:54:41+02:00,8774737658186,hsq-61712994x00,Smartphone universal case,"HSQ - Technical Accessories, stock, synkro-clone-ktm-shop-nederland"
2024-04-20T23:33:14+02:00,8774804701514,hsq-61713932000,Brake cooling duct,"HSQ - Technical Accessories, Partstream"
2024-04-20T23:33:12+02:00,8774804635978,hsq-61713933000,Brake cooling duct,"HSQ - Technical Accessories, Partstream"
2025-06-11T07:57:56+02:00,10230406971722,hsq-61713950133,Foot brake lever,Partstream
2024-04-20T22:45:28+02:00,8774724125002,hsq-61714969020,"Display protection sticker NORDEN, SVARTPILEN, VITPILEN (125-901) 22-25",HSQ - Handlebars/instruments/electrics
2025-06-11T07:58:18+02:00,10230407561546,hsq-61912033000,Tire air pressure sensor 433 MHz,Partstream
2025-06-11T07:58:16+02:00,10230407463242,hsq-61912033060,Check valve with angle connection 8.3 mm f. TPMS,Partstream
2024-04-20T22:54:35+02:00,8774737527114,hsq-61912991044,Smartphone adapter,"HSQ - Technical Accessories, nada-hidden"
2024-04-20T22:48:47+02:00,8774728384842,hsq-62012940050,"Mirror extension 701 (ENDURO, SUPERMOTO) 16-24",HSQ - Handlebars/instruments/electrics
2024-04-20T23:37:14+02:00,8774810206538,hsq-62513020000,Bleeder screw,"HSQ - Technical Accessories, Partstream"
2024-04-21T01:44:09+02:00,8775221444938,hsq-62529055200,Work stand,HSQ - Special tools
2024-04-20T23:57:18+02:00,8774829539658,hsq-62635044050,Fan flap rubber,"HSQ - Technical Accessories, Partstream"
2025-01-09T08:57:20+01:00,9637447106890,hsq-63009170000c1,Rim front wheel,Partstream
2024-07-04T21:17:00+02:00,9369876496714,hsq-6301007100030,Spoke M5x169mm,Partstream
2025-01-09T08:57:19+01:00,9637447041354,hsq-63010170000c1,Rim rear wheel,Partstream
2024-07-04T21:17:02+02:00,9369876529482,hsq-6301017100030,Spoke M5x219mm,Partstream
2024-04-20T22:44:06+02:00,8774722388298,hsq-6350293104401a,Clutch lever NORDEN (901) 22-25,HSQ - Handlebars/instruments/electrics
2024-04-20T22:41:43+02:00,8774718751050,hsq-6350297900030,Handguard kit NORDEN (901) 22-25,HSQ - Handlebars/instruments/electrics
2024-04-20T22:43:50+02:00,8774722027850,hsq-63502979000ab,Handguard kit NORDEN (901) 22-25,HSQ - Handlebars/instruments/electrics
2024-04-20T23:36:12+02:00,8774808666442,hsq-63502979020,Spacer kit,"HSQ - Technical Accessories, Partstream"
2024-04-20T23:35:58+02:00,8774808338762,hsq-63503023000c1,Side stand,"HSQ - Technical Accessories, Partstream"
2024-04-20T22:30:56+02:00,8774708330826,hsq-6350392315001a,Stand plate,HSQ - Chassis/triple clamp
2024-04-20T22:38:23+02:00,8774715408714,hsq-63503991044,Engine protection grille 901 NORDEN  22-24,HSQ - Cooling
2024-04-20T22:20:27+02:00,8774697681226,hsq-63505979100,"Akrapovič ""Slip-on Line"" NORDEN (901) 22-25",HSQ - Exhaust systems
2025-06-11T07:57:51+02:00,10230406873418,hsq-63505979130,Heat protection pillion,Partstream
2025-06-11T07:57:48+02:00,10230406807882,hsq-63505979140,Heat protection rider,Partstream
2025-06-11T07:57:45+02:00,10230406775114,hsq-63505979150,Silencer cap,Partstream
2025-06-11T07:57:42+02:00,10230406742346,hsq-63505979160,Mounting kit,Partstream
2025-06-11T07:55:42+02:00,10230405071178,hsq-63505979200,"Akrapovič ""Slip-on Line""",HSQ - Exhaust systems
2024-04-20T23:33:52+02:00,8774805782858,hsq-63506915100a,Air filter,"HSQ - Technical Accessories, Partstream"
2024-04-20T22:49:18+02:00,8774729793866,hsq-63506915144,Air filter kit NORDEN (901) 22-25,HSQ - Technical Accessories
2024-04-20T22:49:15+02:00,8774729630026,hsq-63506922000,Air filter sand protection NORDEN (901) 22-25,HSQ - Technical Accessories
2024-04-20T23:08:11+02:00,8774776258890,hsq-63507908044,Fuel cap NORDEN (901) 22-24,HSQ - Technical Accessories
2024-04-20T23:32:52+02:00,8774804046154,hsq-63507908050,Filler neck,"HSQ - Technical Accessories, Partstream"
2024-04-20T23:07:58+02:00,8774775537994,hsq-63507908144,Fuel cap NORDEN (901) 22-24,HSQ - Technical Accessories
2024-04-20T23:16:24+02:00,8774789890378,hsq-63508910144c1,Fender kit NORDEN (901) 22-25,HSQ - Trim parts/decals
2026-05-18T21:39:27+02:00,15665012212042,hsq-63512012044,Case carrier,HSQ - Technical Accessories
2024-04-20T22:32:05+02:00,8774709412170,hsq-63512912044,Case carrier 901 NORDEN  2022-2024,HSQ - Technical Accessories
2024-04-20T23:36:43+02:00,8774809420106,hsq-63512922010,Locking mechanism kit,"HSQ - Technical Accessories, Partstream"
2024-04-20T22:32:20+02:00,8774709576010,hsq-63512922060,Touratech Inner bag,HSQ - Technical Accessories
2025-06-11T07:56:23+02:00,10230405824842,hsq-63512922160,Touratech inner bag 901 NORDEN 22-25,HSQ - Technical Accessories
2024-04-20T22:32:23+02:00,8774709674314,hsq-63512923060,Touratech Inner bag 901 NORDEN  2022-2024,HSQ - Technical Accessories
2025-06-11T07:56:19+02:00,10230405726538,hsq-63512923160,Touratech inner bag 901 NORDEN 22-25,HSQ - Technical Accessories
2024-04-20T23:35:34+02:00,8774807781706,hsq-63512925010,Lock cyclinder,"HSQ - Technical Accessories, Partstream"
2024-04-20T23:36:41+02:00,8774809354570,hsq-63512927020,Top case mounting hooks,"HSQ - Technical Accessories, Partstream"
2024-04-20T22:33:41+02:00,8774710296906,hsq-63512927144,Top case carrier 901 NORDEN  2022-2024,HSQ - Technical Accessories
2024-04-20T22:32:08+02:00,8774709510474,hsq-63512929030,Backrest 901 NORDEN  2022-2024,HSQ - Technical Accessories
2024-04-20T22:32:27+02:00,8774709739850,hsq-63512929060,Touratech Inner bag 901 NORDEN  2022-2024,HSQ - Technical Accessories
2025-06-11T07:56:16+02:00,10230405628234,hsq-63512929160,Touratech inner bag 901 NORDEN 22-25,HSQ - Technical Accessories
2024-04-20T21:56:05+02:00,8774668845386,hsq-63512931044,Tire pressure monitoring system,HSQ - Technical Accessories
2024-04-20T22:56:00+02:00,8774739362122,hsq-63512931144,Tire pressure monitoring system  NORDEN (901)  22-24,HSQ - Wheels
2024-04-20T23:00:40+02:00,8774748701002,hsq-63512938044,Alarm system mounting kit NORDEN (901) 2022-2025,HSQ - Protection
2024-04-20T22:29:08+02:00,8774706626890,hsq-63512955544,Lowering kit NORDEN (901) 23-25,HSQ - Chassis/triple clamp
2024-04-29T15:41:14+02:00,8790120530250,hsq-63512966044c1,Ignition cover protection SVARTPILEN (801) 2024,HSQ - Protection
2024-04-29T15:41:11+02:00,8790120333642,hsq-63512967044c1,Clutch cover protection SVARTPILEN (801) 2024,HSQ - Protection
2024-04-20T23:32:45+02:00,8774803915082,hsq-63512992110,Rubber Pad,"HSQ - Technical Accessories, Partstream"
2024-04-20T22:54:38+02:00,8774737592650,hsq-63512992144,GPS bracket,HSQ - Technical Accessories
2024-04-20T22:44:11+02:00,8774722486602,hsq-6351390204401a,Brake lever NORDEN (901) 22-25,HSQ - Handlebars/instruments/electrics
2024-04-20T23:00:33+02:00,8774748111178,hsq-63513958044,Master cylinder protection NORDEN (901) 2022-2024,HSQ - Protection
2024-07-20T10:35:54+02:00,9391405990218,hsq-63529002000,Engine bracket for engine work stand,HSQ - Special tools
2024-07-20T10:36:28+02:00,9391406711114,hsq-63529032000,Mounting tool for lock ring,HSQ - Special tools
2024-07-20T10:36:19+02:00,9391406514506,hsq-63529055000,Floor jack attachment,HSQ - Special tools
2024-07-20T10:35:58+02:00,9391406055754,hsq-63529055090,Socket pin,HSQ - Special tools
2024-07-20T10:36:08+02:00,9391406285130,hsq-63529059000,Setting gauge,HSQ - Special tools
2024-07-20T10:36:32+02:00,9391406743882,hsq-63529060000,Insert for valve spring lever,HSQ - Special tools
2024-04-21T01:48:47+02:00,8775259849034,hsq-63529075000,Multi-tooth wrench socket,HSQ - Special tools
2024-07-20T10:36:05+02:00,9391406219594,hsq-63529530000,Setting gauge,HSQ - Special tools
2024-04-20T23:22:33+02:00,8774794903882,hsq-6352995500001,Support adapter,"HSQ - Tool/transport, stock, synkro-clone-ktm-shop-nederland"
2024-04-20T22:38:17+02:00,8774715343178,hsq-63535940044,Radiator protection grille 901 NORDEN  22-25,HSQ - Cooling
2024-04-20T23:37:05+02:00,8774809944394,hsq-63601042000,Thrust washer,"HSQ - Technical Accessories, Partstream"
2024-04-20T22:25:46+02:00,8774703808842,hsq-63603988044c1a,"Plug NORDEN, SVARTPILEN (801, 901) 22-24","anodized, HSQ - CNC-parts"
2024-04-20T23:00:49+02:00,8774749421898,hsq-63609945044c1,Crash bung kit,"HSQ - Protection, nada-hidden"
2024-07-20T10:36:02+02:00,9391406088522,hsq-63629130000,Setting gauge,HSQ - Special tools
2024-04-20T23:28:07+02:00,8774798868810,hsq-63708906044,Windshield spoiler 901 Norden 22-24,HSQ - Technical Accessories
2024-04-20T23:37:47+02:00,8774811058506,hsq-63710967000,Scottoiler kit,"HSQ - Technical Accessories, Partstream"
2024-04-20T23:36:53+02:00,8774809616714,hsq-63710967010,Scottoil,"HSQ - Technical Accessories, Partstream"
2024-04-20T23:36:56+02:00,8774809649482,hsq-63710967020,Scottoil,"HSQ - Technical Accessories, Partstream"
2024-04-20T23:34:32+02:00,8774806569290,hsq-63710967030,Scottoil,HSQ - Technical Accessories
2024-04-20T22:36:37+02:00,8774713540938,hsq-63710967044,Scottoiler kit,"HSQ - Chains/Sprockets, nada-hidden"
2024-04-20T22:36:34+02:00,8774713508170,hsq-63710967088,Scottoiler kit,"HSQ - Chains/Sprockets, nada-hidden"
2024-04-20T22:37:13+02:00,8774713999690,hsq-63710967144,Scottoiler kit,HSQ - Chains/Sprockets
2024-04-20T23:33:11+02:00,8774804603210,hsq-63711944050,Holder for seat and grip heating,"HSQ - Technical Accessories, Partstream"
2024-04-20T22:45:27+02:00,8774724092234,hsq-63712944044,HCU kit NORDEN (901) 22-24,HSQ - Handlebars/instruments/electrics
2024-04-20T22:40:14+02:00,8774716686666,hsq-63712964088,Heated grip kit NORDEN (901) 22-25,HSQ - Handlebars/instruments/electrics
2024-04-29T15:40:16+02:00,8790116761930,hsq-6410293114401a,"Clutch lever SVARTPILEN, VITPILEN (801) 24-25",HSQ - Handlebars/instruments/electrics
2024-04-29T16:54:42+02:00,8790316155210,hsq-64106915000,"Air filter SVARTPILEN, VITPILEN (801) 24-25",HSQ - Technical Accessories
2024-04-20T23:33:10+02:00,8774804570442,hsq-64112921040,Strut side bag carrier,"HSQ - Technical Accessories, Partstream"
2024-04-20T22:40:02+02:00,8774716588362,hsq-64112964044,Heated grip kit NORDEN (901) 22-25,"HSQ - Handlebars/instruments/electrics, stock, synkro-clone-ktm-shop-nederland"
2024-04-29T15:40:19+02:00,8790116893002,hsq-6411390214401a,"Brake lever SVARTPILEN, VITPILEN (801) 24-25",HSQ - Handlebars/instruments/electrics
2024-04-29T16:54:38+02:00,8790315925834,hsq-6411390500030,"Clamp SVARTPILEN, VITPILEN (801) 24-25","HSQ - Handlebars/instruments/electrics, stock, synkro-clone-ktm-shop-nederland"
2024-04-21T01:22:34+02:00,8775052689738,hsq-6899785,Thread lock,HSQ - Original Spare Part Kits
2024-04-20T23:36:27+02:00,8774809157962,hsq-69001181010,steering head bearing kit,"HSQ - Technical Accessories, Partstream"
2024-04-20T23:37:56+02:00,8774811189578,hsq-69005005005,Manifold gasket,"HSQ - Technical Accessories, Partstream"
2025-06-11T07:58:09+02:00,10230407233866,hsq-69008021040,Special screw M6x14,Partstream
2024-04-20T23:48:51+02:00,8774821937482,hsq-69008021160,Special screw M5x12,"HSQ - Technical Accessories, Partstream"
2024-04-20T22:35:13+02:00,8774711935306,hsq-69010965120,Chain,"HSQ - Chains/Sprockets, nada-hidden"
2024-04-20T23:39:37+02:00,8774812926282,hsq-69011092000,Cable tie w. socket,"HSQ - Technical Accessories, Partstream"
2024-07-04T21:16:38+02:00,9369875972426,hsq-69012060060,Washer,Partstream
2024-04-20T23:55:52+02:00,8774828360010,hsq-69304030040,Washer chain tension adjuster,"HSQ - Technical Accessories, Partstream"
2024-04-20T21:54:46+02:00,8774667141450,hsq-6932995500033,Rear wheel work stand,HSQ - Special tools
2024-04-20T23:22:43+02:00,8774795100490,hsq-69329955010,Retaining adapter,"HSQ - Special tools, Out of stock"
2024-04-20T23:22:46+02:00,8774795166026,hsq-69329955020,V-adapter,HSQ - Tool/transport
2024-04-20T23:23:15+02:00,8774795526474,hsq-69329955030,Support adapter,HSQ - Tool/transport
2024-04-20T23:23:22+02:00,8774795592010,hsq-69329955100c1,Rear paddock stand,HSQ - Special tools
2024-04-20T23:22:51+02:00,8774795264330,hsq-69329965010,Mounting pin,HSQ - Special tools
2024-04-20T21:54:34+02:00,8774666846538,hsq-69329965030,Mounting pin,HSQ - Special tools
2024-04-20T23:22:25+02:00,8774794772810,hsq-69329965050,Mounting pin,HSQ - Special tools
2024-04-20T21:54:49+02:00,8774667239754,hsq-6932996510033,"Front wheel work stand, large",HSQ - Special tools
2024-04-20T23:23:19+02:00,8774795559242,hsq-69329965200c1,Front paddock stand,HSQ - Special tools
2024-04-21T01:20:42+02:00,8775043023178,hsq-70009015000,Front wheel repair kit 85 TC 14-21,"HSQ - Original Spare Part Kits, stock, synkro-clone-ktm-shop-nederland"
2026-05-18T21:39:41+02:00,15665012310346,hsq-70009082000,"Collar screw M20x1,5",HSQ - Technical Accessories
2024-04-21T01:20:44+02:00,8775043285322,hsq-70010015000,Rear wheel repair kit 85 TC 14-21,HSQ - Original Spare Part Kits
2024-04-20T23:34:45+02:00,8774806733130,hsq-70010090000,Tyre locker front wheel,"HSQ - Technical Accessories, Partstream"
2024-04-20T22:23:10+02:00,8774701220170,hsq-70010160000,Wave brake disc TC 85  14-20,HSQ - Brakes
,,hsq-701enduro2016,701 Enduro 2016,HQV DealerNet INT
,,hsq-701enduro2017,701 Enduro 2017,HQV DealerNet INT
,,hsq-701enduro2018,701 Enduro 2018,HQV DealerNet INT
,,hsq-701enduro2019,701 Enduro 2019,HQV DealerNet INT
,,hsq-701enduro2020,701 Enduro 2020,HQV DealerNet INT
,,hsq-701enduro2021,701 Enduro 2021,HQV DealerNet INT
,,hsq-701enduro2022,701 Enduro 2022,HQV DealerNet INT
,,hsq-701enduro2023,701 Enduro 2023,HQV DealerNet INT
,,hsq-701enduro2024,701 Enduro 2024,HQV DealerNet INT
,,hsq-701enduro2026,701 Enduro 2026,HQV DealerNet INT
,,hsq-701endurolr2020,701 Enduro LR 2020,HQV DealerNet INT
,,hsq-701supermoto2016,701 Supermoto 2016,HQV DealerNet INT
,,hsq-701supermoto2017,701 Supermoto 2017,HQV DealerNet INT
,,hsq-701supermoto2018,701 Supermoto 2018,HQV DealerNet INT
,,hsq-701supermoto2019,701 Supermoto 2019,HQV DealerNet INT
,,hsq-701supermoto2020,701 Supermoto 2020,HQV DealerNet INT
,,hsq-701supermoto2021,701 Supermoto 2021,HQV DealerNet INT
,,hsq-701supermoto2022,701 Supermoto 2022,HQV DealerNet INT
,,hsq-701supermoto2023,701 Supermoto 2023,HQV DealerNet INT
,,hsq-701supermoto2024,701 Supermoto 2024,HQV DealerNet INT
,,hsq-701supermoto2026,701 Supermoto 2026,HQV DealerNet INT
,,hsq-701svartpilen2020,Svartpilen 701 2020,HQV DealerNet INT
,,hsq-701vitpilen2018,Vitpilen 701 2018,HQV DealerNet INT
,,hsq-701vitpilen2020,Vitpilen 701 2020,HQV DealerNet INT
2024-04-20T22:43:45+02:00,8774721929546,hsq-7200297910030,Handguard kit,"HSQ - Handlebars/instruments/electrics, nada-hidden"
2024-04-21T00:02:20+02:00,8774834127178,hsq-72002979144,Handguard sockets,Partstream
2024-04-21T00:02:22+02:00,8774834192714,hsq-72009961050,Brake disc guard holder,Partstream
2024-07-04T21:16:56+02:00,9369876431178,hsq-72010073000,"Tube protector 18""",Partstream
2024-04-20T23:38:45+02:00,8774811877706,hsq-72102084044,Mounting kit,"HSQ - Technical Accessories, Partstream"
2024-04-20T22:43:10+02:00,8774720946506,hsq-7210297900028,"Handguard kit TC (65, 85) 14-25",HSQ - Handlebars/instruments/electrics
2024-04-20T22:43:13+02:00,8774721077578,hsq-7210297900030,"Handguard kit TC (65, 85) 14-25",HSQ - Handlebars/instruments/electrics
2024-04-20T22:25:14+02:00,8774703251786,hsq-7251397500030,Brake caliper support,"HSQ - Brakes, nada-hidden"
2024-04-21T01:14:28+02:00,8775010124106,hsq-72530097000,Cylinder seal set 250/300 TC/TE 11-16,HSQ - Original Spare Part Kits
2024-04-20T23:57:08+02:00,8774829375818,hsq-74003021000,Bushing 8.2x12x6,"HSQ - Technical Accessories, Partstream"
2024-04-20T23:44:37+02:00,8774817907018,hsq-75008023000,Washer,"HSQ - Technical Accessories, Partstream"
2024-04-21T01:20:47+02:00,8775043547466,hsq-75009015000,Front wheel repair kit 701 Supermoto/Svartpilen/Vitpilen 16-20,"HSQ - Original Spare Part Kits, stock, synkro-clone-ktm-shop-nederland"
2024-04-20T22:01:27+02:00,8774675104074,hsq-75009061000,Brake disc adapter,HSQ - Technical Accessories
2024-04-20T23:57:59+02:00,8774830293322,hsq-75009073170,"Spoke M4,5x170","HSQ - Technical Accessories, Partstream"
2024-04-20T23:58:17+02:00,8774830588234,hsq-7500910114433,"Front wheel cpl. 3,5x17""","HSQ - Technical Accessories, Partstream"
2024-04-20T23:58:20+02:00,8774830621002,hsq-75009160000,Brake disc front,"HSQ - Technical Accessories, Partstream"
2024-04-20T23:58:22+02:00,8774830653770,hsq-7501005004433,Rear sprocket carrier cpl. black,"HSQ - Technical Accessories, Partstream"
2024-04-20T23:56:03+02:00,8774828491082,hsq-75010073196,"Spoke M4,5x196","HSQ - Technical Accessories, Partstream"
2024-04-20T23:58:24+02:00,8774830686538,hsq-7501010114433,"Rear wheel cpl. 5X17""","HSQ - Technical Accessories, Partstream"
2024-04-21T01:38:52+02:00,8775190217034,hsq-75012001060,Fitting for work stand,HSQ - Special tools
2024-04-21T01:38:55+02:00,8775190577482,hsq-75012001070,Holder for the engine work stand,HSQ - Special tools
2024-04-20T23:39:47+02:00,8774813122890,hsq-75014010050,"Collar bushing 6,1x8,1x14x8","HSQ - Technical Accessories, Partstream"
2024-04-21T01:46:50+02:00,8775243858250,hsq-75029005000,Mounting tool for lock ring,HSQ - Special tools
2024-04-21T01:46:35+02:00,8775241662794,hsq-75029015102,Piston assembly ring,HSQ - Special tools
2024-04-21T01:42:45+02:00,8775211024714,hsq-75029021000,Puller,HSQ - Special tools
2024-04-21T01:46:52+02:00,8775244120394,hsq-75029033000,Assembly screws,HSQ - Special tools
2024-04-21T01:39:06+02:00,8775190741322,hsq-75029034000,Groove nut wrench,"HSQ - Special tools, Out of stock"
2024-04-21T01:46:40+02:00,8775242514762,hsq-75029035000,Insertion for piston ring lock,HSQ - Special tools
2024-04-21T01:44:12+02:00,8775221707082,hsq-75029036000,Work stand attachments,HSQ - Special tools
2024-04-21T01:48:05+02:00,8775253950794,hsq-75029044010,Pressing tool,HSQ - Special tools
2024-04-21T01:48:07+02:00,8775254311242,hsq-75029044020,Pressing tool,HSQ - Special tools
2024-04-21T01:45:32+02:00,8775232913738,hsq-75029047000,Crankshaft pressing tool,HSQ - Special tools
2024-04-21T01:45:40+02:00,8775233765706,hsq-75029047050,"Separator plate, upper part",HSQ - Special tools
2024-04-21T01:45:45+02:00,8775234519370,hsq-75029047051,"Separator plate, base",HSQ - Special tools
2024-04-21T01:42:55+02:00,8775211778378,hsq-75029048100,Puller,HSQ - Special tools
2024-04-21T01:47:01+02:00,8775245365578,hsq-75029050000,Clamping plate,HSQ - Special tools
2024-04-21T01:48:10+02:00,8775254835530,hsq-75029051000,Pressing tool,HSQ - Special tools
2024-04-21T01:44:15+02:00,8775222001994,hsq-75029055000,Floor jack attachment,HSQ - Special tools
2024-04-21T01:43:44+02:00,8775217807690,hsq-75029080000,Protecting sleeve,HSQ - Special tools
2024-04-21T01:43:50+02:00,8775218692426,hsq-75029080050,Protecting sleeve,HSQ - Special tools
2024-04-21T01:40:37+02:00,8775197163850,hsq-75029081000,Gear segment,HSQ - Special tools
2024-04-21T01:43:35+02:00,8775216693578,hsq-75029090000,Protection cap,HSQ - Special tools
2024-04-21T01:40:40+02:00,8775197458762,hsq-75029091000,Holding wrench,HSQ - Special tools
2024-04-21T01:41:50+02:00,8775204110666,hsq-75029094000,Oil pressure adapter,HSQ - Special tools
2024-04-21T01:44:43+02:00,8775226196298,hsq-75029172000,Spark plug wrench,HSQ - Special tools
2024-04-21T01:20:17+02:00,8775041089866,hsq-75038046110,Oil filter kit 701 Enduro/Supermoto/Svartpilen/Vitpilen 16-20,"HSQ - Original Spare Part Kits, stock, synkro-clone-ktm-shop-nederland"
2024-04-20T23:57:56+02:00,8774830260554,hsq-75309010044,Front wheel hub,"HSQ - Technical Accessories, Partstream"
2024-04-20T23:42:32+02:00,8774816268618,hsq-76008015050,Bushing,"HSQ - Technical Accessories, Partstream"
2024-04-20T23:02:06+02:00,8774754238794,hsq-76009945100,Fork shoe protection kit 701 (SUPERMOTO) 2016-2024,HSQ - Protection
2024-04-20T22:22:55+02:00,8774700925258,hsq-76009960000,Wave brake disc,"HSQ - Brakes, nada-hidden, stock, synkro-clone-ktm-shop-nederland"
2024-04-20T23:42:10+02:00,8774815842634,hsq-76010057000,SK-nut M8,"HSQ - Technical Accessories, Partstream"
2024-04-20T22:46:46+02:00,8774725960010,hsq-76039974000,Ignition curve switch,"HSQ - Handlebars/instruments/electrics, nada-hidden"
2024-04-20T23:38:11+02:00,8774811418954,hsq-76105979010,Damping material kit,"HSQ - Technical Accessories, Partstream"
2024-04-20T23:38:14+02:00,8774811451722,hsq-76105979020,Repair kit,"HSQ - Technical Accessories, Partstream"
2024-04-20T23:38:16+02:00,8774811484490,hsq-76105979020c1,Repair kit,"HSQ - Technical Accessories, Partstream"
2024-04-20T23:38:10+02:00,8774811353418,hsq-76105979030,Noise reduction insert,"HSQ - Technical Accessories, Partstream"
2024-04-20T23:37:58+02:00,8774811222346,hsq-76105979050,Silencer cap,"HSQ - Technical Accessories, Partstream"
2024-04-20T23:38:07+02:00,8774811287882,hsq-76105979060,Mounting kit,"HSQ - Technical Accessories, Partstream"
2024-04-20T23:38:17+02:00,8774811517258,hsq-76105979510,Damping material kit,"HSQ - Technical Accessories, Partstream"
2024-04-20T23:38:20+02:00,8774811550026,hsq-76105979520,Repair kit,"HSQ - Technical Accessories, Partstream"
2024-04-20T23:38:22+02:00,8774811582794,hsq-76105979530,Noise reduction insert,"HSQ - Technical Accessories, Partstream"
2024-04-20T23:38:27+02:00,8774811648330,hsq-76105979550,Silencer cap,"HSQ - Technical Accessories, Partstream"
2024-04-20T23:38:29+02:00,8774811681098,hsq-76105979560,Mounting kit,"HSQ - Technical Accessories, Partstream"
2024-04-20T23:38:05+02:00,8774811255114,hsq-76105989000,Spring,"HSQ - Technical Accessories, Partstream"
2024-04-20T23:33:06+02:00,8774804439370,hsq-76105999500,Silencer,"HSQ - Technical Accessories, Partstream"
2024-04-20T23:33:01+02:00,8774804308298,hsq-76112920070,Spacer,"HSQ - Technical Accessories, Partstream"
2024-04-20T23:33:09+02:00,8774804537674,hsq-76112928044,Side bag set additional material,"HSQ - Technical Accessories, Partstream"
2024-04-20T23:52:01+02:00,8774825050442,hsq-76203040250,Factory Racing footpeg left,HSQ - Technical Accessories
2024-04-20T23:51:58+02:00,8774825017674,hsq-76203041250,Factory Racing footpeg right,HSQ - Technical Accessories
2024-04-20T22:31:05+02:00,8774708494666,hsq-76203940044,"Footpeg rubber 701 NORDEN (901 ENDURO, SUPERMOTO) 2017-2024",HSQ - Technical Accessories
2024-04-20T23:45:00+02:00,8774818234698,hsq-76407108000,Fuel cap,"HSQ - Technical Accessories, Partstream"
2024-04-20T23:35:13+02:00,8774807355722,hsq-76409071240c1,Spoke,"HSQ - Technical Accessories, Partstream"
2024-04-20T22:43:39+02:00,8774721700170,hsq-7650297900028,Handguard kit,"HSQ - Handlebars/instruments/electrics, nada-hidden"
2024-04-20T22:43:42+02:00,8774721798474,hsq-7650297900030,Handguard kit,"HSQ - Handlebars/instruments/electrics, nada-hidden"
2024-04-20T22:42:24+02:00,8774719897930,hsq-76502979000ab,"Handguard kit 701 FC, FE, FS, FX, TC, TE, TX (125-570 ENDURO, SUPERMOTO) 09-24",HSQ - Handlebars/instruments/electrics
2024-04-20T22:07:36+02:00,8774683820362,hsq-76502979044,Mounting kit,HSQ - Technical Accessories
2024-04-20T23:43:21+02:00,8774816923978,hsq-76502979050ab,Deflector,"HSQ - Technical Accessories, Partstream"
2024-04-20T22:43:37+02:00,8774721634634,hsq-7650297910030,"Handguard kit 701 FC, FE, FS, FX, TC, TE, TX (125-570 ENDURO, SUPERMOTO) 09-24",HSQ - Handlebars/instruments/electrics
2024-04-20T22:43:03+02:00,8774720815434,hsq-76502979144,"Wrap-around handguard kit 701 FC, FE, FX, TC, TE, TX (125-650e ENDURO, SUPERMOTO) 05-18",HSQ - Handlebars/instruments/electrics
2024-04-20T23:36:01+02:00,8774808404298,hsq-76503028001,Special screw side stand spring,"HSQ - Technical Accessories, Partstream"
2024-04-20T23:57:34+02:00,8774829900106,hsq-76503029000,Magnet holder,"HSQ - Technical Accessories, Partstream"
2024-04-21T00:04:02+02:00,8774836257098,hsq-76503091000,Skid plate bracket,Partstream
2024-04-21T00:01:45+02:00,8774833406282,hsq-76505099050,Locking cap,"HSQ - Technical Accessories, Partstream"
2024-04-21T00:08:21+02:00,8774841532746,hsq-76505099060,Copper paste,"HSQ - Technical Accessories, Partstream"
2024-04-21T00:08:17+02:00,8774841467210,hsq-76505099070,Ceramic anti-seizing grease,"HSQ - Technical Accessories, Partstream"
2024-04-21T00:01:10+02:00,8774832652618,hsq-76506003200,Lower section of the air filter,"HSQ - Technical Accessories, Partstream"
2024-04-21T00:01:04+02:00,8774832587082,hsq-76506102000,Air filter panel,"HSQ - Technical Accessories, Partstream"
2024-04-20T22:22:58+02:00,8774701023562,hsq-76509260000,Wave brake disc 701 (ENDURO) 16-18,HSQ - Brakes
2024-04-20T23:58:27+02:00,8774830719306,hsq-76510160000,Brake disc rear d=240,"HSQ - Technical Accessories, Partstream"
2024-04-20T23:58:49+02:00,8774831014218,hsq-76511946000,Magnet bracket,"HSQ - Technical Accessories, Partstream"
2024-04-20T22:30:54+02:00,8774708298058,hsq-76511946044,Side stand removal kit,HSQ - Chassis/triple clamp
2024-04-20T23:58:30+02:00,8774830752074,hsq-76542021000,Wheel speed sensor wheel,"HSQ - Technical Accessories, Partstream"
2024-04-21T01:46:55+02:00,8775244448074,hsq-76629032000,Mounting tool for lock ring,HSQ - Special tools
2024-04-21T01:48:15+02:00,8775255556426,hsq-76629044011,Pressing tool,HSQ - Special tools
2024-04-21T01:48:18+02:00,8775255884106,hsq-76629044020,Pressing tool,HSQ - Special tools
2024-04-21T01:48:20+02:00,8775256211786,hsq-76629044030,Pressing tool,HSQ - Special tools
2024-04-21T01:45:51+02:00,8775235174730,hsq-76629047003,Cover for crankshaft pressing tool,"HSQ - Special tools, nada-hidden"
2024-04-20T23:00:46+02:00,8774749159754,hsq-76909945044c1,Slide Pad Kit,"HSQ - Protection, nada-hidden"
2024-04-20T22:22:49+02:00,8774700859722,hsq-76909960000c1,Wave brake disc 701 (SUPERMOTO)  19-24,HSQ - Brakes
2024-04-20T22:29:59+02:00,8774707347786,hsq-76912955044,Lowering kit 701 (SUPERMOTO) 20-24,HSQ - Chassis/triple clamp
2024-04-20T22:30:02+02:00,8774707446090,hsq-76912955544,Lowering kit 701 (ENDURO) 20-24,HSQ - Chassis/triple clamp
2024-04-20T23:01:04+02:00,8774750568778,hsq-76912968044c1,"Crash bar 701 (ENDURO, SUPERMOTO) 2016-2024",HSQ - Protection
2024-04-20T23:37:34+02:00,8774810861898,hsq-76912968055,Mounting kit,"HSQ - Technical Accessories, Partstream"
2024-04-20T23:58:47+02:00,8774830981450,hsq-77003096100,Engine sprocket cover 250 SX-F,"HSQ - Technical Accessories, Partstream"
2024-04-21T00:05:25+02:00,8774838026570,hsq-77012005050,Steering damper repair kit,Partstream
2024-04-20T22:48:06+02:00,8774727500106,hsq-77012005144,"Factory steering damper bracket FC, FE, FS, FX, TC, TE, TX (125-570) 09-23",HSQ - Handlebars/instruments/electrics
2024-04-20T22:48:08+02:00,8774727565642,hsq-77012005544,Factory steering damper bracket,HSQ - Handlebars/instruments/electrics
2024-04-20T22:48:11+02:00,8774727631178,hsq-77012005644,"PHDS bracket for Factory steering damper FE, TE (125-570) 12-23",HSQ - Handlebars/instruments/electrics
2024-04-20T23:37:21+02:00,8774810501450,hsq-77013017000,Bolt cpl.,"HSQ - Technical Accessories, Partstream"
2025-06-11T07:58:38+02:00,10230407987530,hsq-77013018000,Retaining bracket,Partstream
2024-04-20T23:37:22+02:00,8774810534218,hsq-77013019000,Repair kit piston,"HSQ - Technical Accessories, Partstream"
2024-04-20T23:37:23+02:00,8774810566986,hsq-77013021000,Repair kit seals 24mm,"HSQ - Technical Accessories, Partstream"
2024-04-20T22:25:02+02:00,8774703087946,hsq-77013914000,"Brake caliper support  FC, FE, FX, TC, TE, TX (125-501) 14-25",HSQ - Brakes
2024-04-21T01:45:56+02:00,8775235993930,hsq-77029008000,Insert for crankshaft pressing tool,HSQ - Special tools
2024-04-21T01:46:01+02:00,8775236583754,hsq-77029009001,Separator plate,HSQ - Special tools
2024-04-21T01:47:17+02:00,8775247659338,hsq-77029026000,Limit plug gauge,HSQ - Special tools
2024-04-21T01:47:12+02:00,8775246905674,hsq-77029041200,Insert for valve spring lever,HSQ - Special tools
2024-04-21T01:19:36+02:00,8775037157706,hsq-77032011010,Clutch kit 250 FE 2013,HSQ - Original Spare Part Kits
2024-04-21T01:21:28+02:00,8775046988106,hsq-77036030110,Valve kit 250 FE 2013,HSQ - Original Spare Part Kits
2026-05-18T21:40:03+02:00,15665012474186,hsq-77036035010,Shim kit,HSQ - Original Spare Part Kits
2024-04-21T01:20:30+02:00,8775042007370,hsq-77038015010,Oil filter kit 250 FE 2013,"HSQ - Original Spare Part Kits, stock, synkro-clone-ktm-shop-nederland"
2024-04-20T23:36:05+02:00,8774808502602,hsq-7710907200068s,Spoke nipple,"HSQ - Technical Accessories, Partstream"
2024-04-20T23:36:08+02:00,8774808600906,hsq-77109072000c1s,Spoke nipple,"HSQ - Technical Accessories, Partstream"
2024-04-20T23:35:06+02:00,8774807191882,hsq-77110071193,Spoke,"HSQ - Technical Accessories, Partstream"
2024-04-20T23:35:10+02:00,8774807257418,hsq-7711007120530,Spoke,"HSQ - Technical Accessories, Partstream"
2024-04-20T23:34:43+02:00,8774806667594,hsq-77110090050,Nut for tyre locker,"HSQ - Technical Accessories, Partstream"
,7288175493301,hsq-77130007110 i,Piston kit size I,Original Spare Part Kits
2024-04-20T23:28:37+02:00,8774799229258,hsq-7720305300068,Chain slider,HSQ - Technical Accessories
2024-04-20T22:37:01+02:00,8774713835850,hsq-77203053000h1,"Chain slider FC, FE, FS, TC, TE (125-501)  14-16",HSQ - Chains/Sprockets
2024-04-20T22:31:19+02:00,8774708724042,hsq-77203940000,Akrapovič Footpeg set,"HSQ - Technical Accessories, nada-hidden"
2024-04-21T00:07:17+02:00,8774840287562,hsq-77203990060,Engine protection clamp,Partstream
2024-04-21T00:07:21+02:00,8774840353098,hsq-77203990150,Engine protection bracket,Partstream
2024-04-20T22:04:29+02:00,8774679200074,hsq-77204066000h1,Chain sliding protection,HSQ - Technical Accessories
2024-04-20T22:37:03+02:00,8774713868618,hsq-77204066100h1,"Chain sliding protection FC, FE, FS, FX, TC, TE, TX (125-501)  14-24",HSQ - Chains/Sprockets
2024-04-20T22:08:42+02:00,8774685098314,hsq-7720499400030,Swingarm protection,HSQ - Technical Accessories
2024-04-20T22:12:33+02:00,8774689161546,hsq-7720499410030,"Swingarm protection FC, FE, FS, FX, TC, TE, TX (125-501) 14-24",HSQ - Protection
2024-04-20T23:52:57+02:00,8774825804106,hsq-77205068000,Damper,"HSQ - Technical Accessories, Partstream"
2024-04-20T23:52:55+02:00,8774825771338,hsq-77205069000,"Bushing 7,5x12x20x8,2","HSQ - Technical Accessories, Partstream"
2024-04-20T23:52:53+02:00,8774825738570,hsq-77205169000,"Bushing 7,5x12x28x8,3","HSQ - Technical Accessories, Partstream"
2024-04-21T01:19:56+02:00,8775038992714,hsq-77206015000a,Pre-oiled air filter  85-501  TC/FC/TE/FE/FS 13-17,HSQ - Original Spare Part Kits
2024-04-20T22:49:51+02:00,8774730711370,hsq-77206920100,"Air filter dust protection FC, FE, FS, TC, TE (125-501) 2014-2017","HSQ - Technical Accessories, nada-hidden, stock, synkro-clone-ktm-shop-nederland"
2024-04-20T22:07:59+02:00,8774684180810,hsq-77206921000,Air filter water protection,HSQ - Technical Accessories
2024-04-20T22:49:44+02:00,8774730514762,hsq-77206921100,"Air filter water protection FC, FE, FS, FX, TC, TE (85-570) 11-15","HSQ - Technical Accessories, stock, synkro-clone-ktm-shop-nederland"
2024-04-20T23:29:48+02:00,8774800212298,hsq-7720699800068,Air filter cover,"HSQ - Technical Accessories, nada-hidden"
2024-04-20T23:27:00+02:00,8774797984074,hsq-77206998000h1,Air filter cover,HSQ - Tool/transport
2024-04-20T23:52:59+02:00,8774825836874,hsq-77208013050,Thermal protection foil,"HSQ - Technical Accessories, Partstream"
2024-04-20T22:03:17+02:00,8774677561674,hsq-77212905344,Steering damper counter bearing,HSQ - Technical Accessories
2024-04-20T22:48:13+02:00,8774727696714,hsq-77212905444,"Steering damper counter bearing FC, FE, FS, FX, TC, TE, TX (125-570) 09-23",HSQ - Handlebars/instruments/electrics
2024-04-20T22:06:54+02:00,8774682870090,hsq-77212991000,Spoke wrench,HSQ - Technical Accessories
2024-04-20T23:27:11+02:00,8774798115146,hsq-77212991100,Spoke wrench,HSQ - Tool/transport
2024-04-21T01:42:57+02:00,8775212007754,hsq-77229001044,Puller,HSQ - Special tools
2024-04-21T01:38:28+02:00,8775187530058,hsq-77229002000,Holder and fitting for work stand,HSQ - Special tools
2024-04-21T01:45:35+02:00,8775233339722,hsq-77229008000,Insert for crankshaft pressing tool,HSQ - Special tools
2024-04-21T01:46:11+02:00,8775237894474,hsq-77229009000,Separator plate,HSQ - Special tools
2024-04-21T01:44:30+02:00,8775224164682,hsq-77229010000,Valve stem seals plier,HSQ - Special tools
2024-04-21T01:47:14+02:00,8775247167818,hsq-77229026000,Limit plug gauge,HSQ - Special tools
2024-04-21T01:46:33+02:00,8775241269578,hsq-77229030000,Insertion for piston ring lock,HSQ - Special tools
2024-04-21T01:43:41+02:00,8775217381706,hsq-77229031000,Protection cap,HSQ - Special tools
2024-04-21T01:45:37+02:00,8775233569098,hsq-77229032000,Separator plate,HSQ - Special tools
2024-04-21T01:47:25+02:00,8775248838986,hsq-77229035000,Timing chain tensioner insert,HSQ - Special tools
2024-04-21T01:42:59+02:00,8775212302666,hsq-77229048000,Puller,HSQ - Special tools
2024-04-21T01:47:27+02:00,8775249166666,hsq-77229050044,Adjustment bush bridge,HSQ - Special tools
2024-04-21T01:47:30+02:00,8775249658186,hsq-77229060000,Insert for valve spring lever,HSQ - Special tools
2024-04-21T01:44:46+02:00,8775226523978,hsq-77229172000,Spark plug wrench with link,"HSQ - Special tools, stock, synkro-clone-ktm-shop-nederland"
2024-04-20T21:59:31+02:00,8774672580938,hsq-7723000216068,Factory ignition cover plug,HSQ - Technical Accessories
2024-04-20T22:27:33+02:00,8774705250634,hsq-7723090214430,"Factory ignition cover plug 701, FC, FE, FX, SVARTPILEN, VITPILEN (125, 250, 350, 350S, 401, 701, ENDURO, SUPERMOTO) 14-24","anodized, HSQ - CNC-parts"
2024-04-20T21:55:09+02:00,8774667665738,hsq-77232004000,"Sleeve 7,95 x 38",HSQ - Technical Accessories
2024-04-20T23:35:22+02:00,8774807552330,hsq-77232104000,Sleeve,"HSQ - Technical Accessories, Partstream"
2024-04-20T22:05:31+02:00,8774680674634,hsq-77235936000,Radiator protection,HSQ - Technical Accessories
2024-04-20T22:05:34+02:00,8774680740170,hsq-77235936100,Radiator protection,HSQ - Technical Accessories
2024-04-21T00:03:58+02:00,8774836158794,hsq-77239974150,Map switch cable,Partstream
2024-04-20T22:46:41+02:00,8774725796170,hsq-77239974200,"Ignition curve switch FC, FE, FS (250-501) 14-15",HSQ - Handlebars/instruments/electrics
2024-04-20T22:36:45+02:00,8774713704778,hsq-77304260144,"Factory Racing chain guide FC, FE, FS, FX, TC, TE, TX (125-650)  05-24",HSQ - Chains/Sprockets
2024-04-20T23:40:52+02:00,8774814499146,hsq-77307040041,Damping rubber,"HSQ - Technical Accessories, Partstream"
2024-04-20T22:06:13+02:00,8774681755978,hsq-77311053200,Lithium ion battery,HSQ - Technical Accessories
2024-04-20T22:01:33+02:00,8774675202378,hsq-77311953000,Lithium ion battery,"HSQ - Technical Accessories, nada-hidden"
2024-04-20T23:25:33+02:00,8774796935498,hsq-77312030100,Foot pump,HSQ - Tool/transport
2024-04-21T01:41:53+02:00,8775204274506,hsq-77329006000,Oil pressure adapter,HSQ - Special tools
2024-04-21T01:40:42+02:00,8775197753674,hsq-77329010000,Locking screw,HSQ - Special tools
2024-04-21T01:46:38+02:00,8775242187082,hsq-77329030100,Insertion for piston ring lock,HSQ - Special tools
2024-04-21T01:47:32+02:00,8775249822026,hsq-77329051000,Release device for timing chain tensioner,HSQ - Special tools
2024-04-21T01:48:50+02:00,8775260045642,hsq-77329081000,Mounting tool,HSQ - Special tools
2024-04-20T22:39:14+02:00,8774716064074,hsq-7733503400028,Radiator protection grille,"HSQ - Cooling, nada-hidden"
2024-04-20T22:39:11+02:00,8774716031306,hsq-77335034000h1,Radiator protection 125-501  FC/FE/FS/TC/TE  14-16,HSQ - Cooling
2024-04-20T23:42:02+02:00,8774815678794,hsq-77336088106,Collar nut M6x1 SW8,"HSQ - Technical Accessories, Partstream"
2024-04-20T22:16:34+02:00,8774693388618,hsq-77405907000,Akrapovič header  Evolution Line  4-stroke,"HSQ - Exhaust systems, nada-hidden"
2024-04-21T00:05:38+02:00,8774838255946,hsq-77430925000,Clutch cover seal Rekluse,Partstream
2024-04-20T22:06:40+02:00,8774682444106,hsq-77432900100,Rekluse EXP 3.0 centrifugal force clutch kit,HSQ - Technical Accessories
2024-04-20T22:53:33+02:00,8774735987018,hsq-77432900300,Rekluse EXP 3.0 centrifugal force clutch kit,"HSQ - Engine, nada-hidden"
2024-04-21T00:05:32+02:00,8774838157642,hsq-77432910000,Intermediate clutch discs 4-stroke,Partstream
2024-04-21T00:05:42+02:00,8774838321482,hsq-77432950000,Fastener quarter turn pin,Partstream
2024-04-20T23:40:30+02:00,8774814105930,hsq-77432961000,Clutch slave cylinder,"HSQ - Technical Accessories, Partstream"
2024-04-21T00:05:46+02:00,8774838387018,hsq-77432961050,Clutch slave cylinder seal kit,Partstream
2024-04-20T23:51:02+02:00,8774824132938,hsq-77432961350,Repair kit,"HSQ - Technical Accessories, Partstream"
2024-04-20T22:16:49+02:00,8774693650762,hsq-77505981000,Akrapovič  Slip-on Line  4-stroke,"HSQ - Exhaust systems, nada-hidden"
2024-04-21T01:21:31+02:00,8775047119178,hsq-77536030010,Valve kit 350 FE 13-16,HSQ - Original Spare Part Kits
2024-07-20T10:36:23+02:00,9391406612810,hsq-77629030000,Insertion for piston ring lock,HSQ - Special tools
2026-05-18T21:40:19+02:00,15665012670794,hsq-77701084000,O-ring support with sealing lip,HSQ - Technical Accessories
2024-04-20T22:08:25+02:00,8774684737866,hsq-7770109400028,Fork protector kit,HSQ - Technical Accessories
2024-04-20T23:20:01+02:00,8774792544586,hsq-7770109410028,Fork protector kit,HSQ - Trim parts/decals
2026-05-18T21:40:21+02:00,15665012801866,hsq-777019390x0,Handlebar riser,HSQ - Handlebars/instruments/electrics
2024-04-20T22:06:37+02:00,8774682313034,hsq-7770207910028,Handguard kit,HSQ - Technical Accessories
2024-04-20T22:08:09+02:00,8774684377418,hsq-7770207910030,Handguard kit,HSQ - Technical Accessories
2024-04-20T22:03:07+02:00,8774677332298,hsq-7770217900028,Handguard kit,"HSQ - Technical Accessories, nada-hidden"
2024-04-20T22:43:25+02:00,8774721306954,hsq-7770297900028,Handguard kit,"HSQ - Handlebars/instruments/electrics, nada-hidden"
2024-04-20T22:43:48+02:00,8774721962314,hsq-7770297910030,Handguard kit,"HSQ - Handlebars/instruments/electrics, nada-hidden"
2024-04-21T00:02:17+02:00,8774834028874,hsq-77702979144,Mounting Kit,"HSQ - Technical Accessories, Partstream"
2024-04-20T23:23:05+02:00,8774795395402,hsq-77703020000,Plug-in stand,HSQ - Tool/transport
2024-04-20T23:37:06+02:00,8774809977162,hsq-77704070000m02,Chain guide,"HSQ - Technical Accessories, Partstream"
2024-04-21T00:06:13+02:00,8774838911306,hsq-77705979010,Damping material kit,Partstream
2024-04-21T00:02:12+02:00,8774833963338,hsq-77705979030,Noise reduction insert,"HSQ - Technical Accessories, Partstream"
2024-04-21T00:06:06+02:00,8774838780234,hsq-77705979050,Silencer cap,Partstream
2024-04-20T23:47:02+02:00,8774820233546,hsq-77705979051,Silencer cap,"HSQ - Technical Accessories, Partstream"
2024-04-21T00:02:14+02:00,8774833996106,hsq-77705979090,"Akrapovič ""Slip-on Line""","HSQ - Technical Accessories, Partstream"
2024-04-21T00:06:10+02:00,8774838845770,hsq-77705979120,Repair kit,Partstream
2024-04-20T23:09:09+02:00,8774779339082,hsq-77707988017,"Factory Racing fuel pump connection FC, FE, FS, FX, TC, TE (125-501) 14-23",HSQ - Technical Accessories
2024-04-21T01:20:49+02:00,8775043678538,hsq-77709015000,Front wheel repair kit,"HSQ - Original Spare Part Kits, stock, synkro-clone-ktm-shop-nederland"
2024-04-20T22:58:41+02:00,8774743064906,hsq-77709945000,"Crash bung kit FC, FE, FX, TC, TE, TX (125-501) 15-23",HSQ - Protection
2024-04-21T01:20:52+02:00,8775043940682,hsq-77710015010,Rear wheel repair kit 450 FS 2016,"HSQ - Original Spare Part Kits, stock, synkro-clone-ktm-shop-nederland"
2026-05-18T21:40:27+02:00,15665012867402,hsq-7771095104268,Rear sprocket,HSQ - Chains/Sprockets
2026-05-18T21:40:31+02:00,15665012932938,hsq-7771095104568,Rear sprocket,HSQ - Chains/Sprockets
2024-04-20T22:36:13+02:00,8774713213258,hsq-777109510xx68,Rear sprocket,"HSQ - Chains/Sprockets, nada-hidden"
2024-04-20T22:57:59+02:00,8774742114634,hsq-7771097605068,"Valve cap set  701, EE, FC, FE, FS, FX, TC, TE, TX (2-570, ENDURO, SUPERMOTO) 04-25",HSQ - Wheels
2024-04-20T22:58:02+02:00,8774742212938,hsq-7771097615068,"Valve cap set  701, EE, FC, FE, FS, FX, TC, TE, TX (2-570, ENDURO, SUPERMOTO) 04-25",HSQ - Wheels
2024-04-20T22:46:36+02:00,8774725763402,hsq-77711969044,Pull switch bracket,"HSQ - Handlebars/instruments/electrics, nada-hidden"
2024-04-20T22:46:17+02:00,8774725337418,hsq-77711979000,"Auxiliary wiring harness EE, FC, FE, FS, FX, TC, TE, TX (3-501) 14-25",HSQ - Handlebars/instruments/electrics
2024-04-20T22:46:20+02:00,8774725402954,hsq-77711979010,"Auxiliary wiring harness FC, FE, FS, FX, TC, TE, TX (125-501) 14-25",HSQ - Handlebars/instruments/electrics
2024-04-20T22:46:23+02:00,8774725435722,hsq-77711979044,"Auxiliary wiring harness FC, FE, FS, FX, TC, TE, TX (125-501) 14-25",HSQ - Handlebars/instruments/electrics
2024-04-20T22:03:22+02:00,8774677659978,hsq-7771397501030,Brake caliper support,HSQ - Technical Accessories
2024-04-20T22:04:01+02:00,8774678479178,hsq-77713975020,Brake caliper protection,HSQ - Technical Accessories
2024-04-20T22:24:45+02:00,8774702858570,hsq-77713975030,Brake disc guard  701 EE/FC/FE/FS/FX/SVARTPILEN/TC/TE/TX/VITPILEN  5-501  ENDURO/SUPERMOTO  16-25,HSQ - Carbon
2024-04-20T22:24:22+02:00,8774702563658,hsq-77713975044,Brake caliper support,HSQ - Brakes
2024-04-20T21:59:37+02:00,8774672712010,hsq-7771397511030,Brake caliper support,HSQ - Technical Accessories
2024-04-20T22:23:49+02:00,8774701875530,hsq-77713975120,Brake caliper protection  85-501  FC/FE/FS/FX/TC/TE/TX  14-25,HSQ - Carbon
2024-04-20T23:25:47+02:00,8774797197642,hsq-77719910100,C-Spanner,HSQ - Tool/transport
2024-04-21T01:46:17+02:00,8775238943050,hsq-77729008000,Insert for crankshaft pressing tool,"HSQ - Special tools, nada-hidden"
2025-01-09T09:13:23+01:00,9637456740682,hsq-77729030000,Einschub Kolbenbolzensicherung,HSQ - Special tools
2024-04-21T01:46:43+02:00,8775242744138,hsq-77729030100,Insertion for piston ring lock,HSQ - Special tools
2024-04-21T01:46:47+02:00,8775243563338,hsq-77729030200,Insertion for piston ring lock,HSQ - Special tools
2024-04-21T01:08:57+02:00,8774978339146,hsq-77732010110,Clutch kit,HSQ - Original Spare Part Kits
2024-04-20T22:05:11+02:00,8774680281418,hsq-77734931044,Gear shift lever step plate,HSQ - Technical Accessories
2024-04-20T22:26:51+02:00,8774704660810,hsq-77734931144,"Gear shift lever step plate 701 (ENDURO, SUPERMOTO) 16-24","anodized, HSQ - CNC-parts, Out of stock, stock, synkro-clone-ktm-shop-nederland"
2024-04-20T23:49:14+02:00,8774822363466,hsq-77735016000m02,Radiator cap,"HSQ - Technical Accessories, Partstream"
2024-04-21T01:21:33+02:00,8775047381322,hsq-77736030110,Valve kit 250 FE 14-2016,HSQ - Original Spare Part Kits
2024-04-20T22:16:42+02:00,8774693552458,hsq-77805907100,Akrapovič header  Evolution Line  4-stroke,"HSQ - Exhaust systems, nada-hidden"
,15562411049290,hsq-78001094100xx,Fork protector kit,Technical Accessories
2024-04-20T23:21:26+02:00,8774793855306,hsq-7800109420028,"Fork protector kit FC, FE, TC, TE (125-501) 14-15",HSQ - Trim parts/decals
2024-04-20T23:21:29+02:00,8774793888074,hsq-7800109420030,"Fork protector kit FC, FE, TC, TE (125-501) 14-15",HSQ - Trim parts/decals
2024-04-20T22:05:03+02:00,8774680052042,hsq-7800200500030,Handlebar ends,"HSQ - Technical Accessories, stock, synkro-clone-ktm-shop-nederland"
2024-04-20T22:07:01+02:00,8774682968394,hsq-7800207910028,Handguard kit,HSQ - Technical Accessories
2024-04-20T22:43:32+02:00,8774721536330,hsq-7800207920028,Handguard kit,"HSQ - Handlebars/instruments/electrics, nada-hidden"
2024-04-20T22:43:35+02:00,8774721569098,hsq-7800207920030,"Handguard kit 701 FC, FE, FS, FX, PIONEER, TC, TE, TX (125-660W ENDURO, SUPERMOTO) 14-25",HSQ - Handlebars/instruments/electrics
2024-04-20T22:41:58+02:00,8774719111498,hsq-78002079200ab,"Handguard kit 701 FC, FE, FS, FX, PIONEER, TC, TE, TX (125-660W ENDURO, SUPERMOTO) 19-25",HSQ - Handlebars/instruments/electrics
2024-04-20T22:44:45+02:00,8774723240266,hsq-7800293110068,"Brake/clutch lever FC, FE, FS, FX, TC, TE, TX (125-570) 09-22",HSQ - Handlebars/instruments/electrics
2024-04-20T22:44:48+02:00,8774723305802,hsq-7800293120068,Clutch lever,"HSQ - Handlebars/instruments/electrics, nada-hidden"
2024-04-21T00:02:51+02:00,8774834291018,hsq-78003123044,Side stand,Partstream
2024-04-20T22:05:58+02:00,8774681329994,hsq-78003940010,Repair kit,HSQ - Technical Accessories
2024-04-21T00:06:00+02:00,8774838616394,hsq-78003940030,Pivot Pegz overhaul-kit,Partstream
2024-04-20T22:05:37+02:00,8774680838474,hsq-78003940144,Pivot Pegz,HSQ - Technical Accessories
2024-04-20T22:31:36+02:00,8774709018954,hsq-78003940244,Pivot Pegz,"HSQ - Technical Accessories, nada-hidden"
2024-04-20T23:29:50+02:00,8774800245066,hsq-7800407010068,Chainguide,"HSQ - Technical Accessories, nada-hidden"
2024-04-21T01:19:59+02:00,8775039287626,hsq-78006015000a,Pre-oiled air filter  125/250/300 TE 11-12,HSQ - Original Spare Part Kits
2024-04-20T23:56:25+02:00,8774828720458,hsq-78009010144,Front wheel hub,"HSQ - Technical Accessories, Partstream"
2024-04-21T01:20:54+02:00,8775044038986,hsq-78009015000,Front wheel repair kit 125-570 TE/FE/FX/FS/FC 07-20,"HSQ - Original Spare Part Kits, Out of stock, stock, synkro-clone-ktm-shop-nederland"
2024-04-21T01:21:01+02:00,8775044596042,hsq-78009015010,Front wheel repair kit 450 FS 15-21,HSQ - Original Spare Part Kits
2024-04-20T23:58:42+02:00,8774830915914,hsq-78009961050,Brake disc guard bracket,"HSQ - Technical Accessories, Partstream"
2024-04-20T22:02:18+02:00,8774676283722,hsq-78010010144,Rear wheel hub,HSQ - Technical Accessories
2024-04-20T22:02:21+02:00,8774676316490,hsq-78010010244,Rear wheel hub,HSQ - Technical Accessories
2024-04-21T01:20:58+02:00,8775044301130,hsq-78010015000,Rear wheel repair kit 125-501 TE/FE/FX 07-16,"HSQ - Original Spare Part Kits, stock, synkro-clone-ktm-shop-nederland"
2024-04-21T01:21:04+02:00,8775044727114,hsq-78010015010,Rear wheel repair kit 350/501 FE 2020,HSQ - Original Spare Part Kits
2024-04-20T23:35:03+02:00,8774807159114,hsq-78010070000c1,"Rim 2,5x18"" EXCEL","HSQ - Technical Accessories, Partstream"
2024-04-20T23:49:03+02:00,8774822199626,hsq-78010166100,Rivet part for 78010167118,"HSQ - Technical Accessories, Partstream"
2024-04-20T21:58:05+02:00,8774671040842,hsq-78010167118,X-ring chain,HSQ - Technical Accessories
2026-05-18T21:40:40+02:00,15665012998474,hsq-78010266100,Rivet part for 78010267118,HSQ - Technical Accessories
2024-04-20T22:35:02+02:00,8774711771466,hsq-78010267118,"X-ring chain 701 FC, FE, FS, FX, TC, TE, TX (125-650e ENDURO, SUPERMOTO) 04-25",HSQ - Chains/Sprockets
2024-04-20T22:09:00+02:00,8774685393226,hsq-78010960000,Wave brake disc,HSQ - Technical Accessories
2024-04-20T22:04:54+02:00,8774679888202,hsq-78012016000,Supporting strap,HSQ - Technical Accessories
2024-04-20T22:05:00+02:00,8774680019274,hsq-78012916000,Supporting strap,HSQ - Technical Accessories
2024-04-20T22:05:04+02:00,8774680117578,hsq-78012917000,Supporting strap,HSQ - Technical Accessories
2024-04-20T22:05:38+02:00,8774680904010,hsq-78013900100,Rear brake conversion kit,HSQ - Technical Accessories
2024-04-20T23:29:10+02:00,8774799524170,hsq-7801390200068,Brake lever,"HSQ - Technical Accessories, nada-hidden"
2024-04-21T00:04:39+02:00,8774837076298,hsq-78014903200,Lamp HID 4 inch,Partstream
2024-04-21T00:04:42+02:00,8774837141834,hsq-78014996000,Ballast 30 WATT,Partstream
2024-04-21T00:04:45+02:00,8774837207370,hsq-78014997000,Ballast 40 WATT,Partstream
2024-04-21T01:38:58+02:00,8775190643018,hsq-78029002000,Holder and fitting for work stand,HSQ - Special tools
2024-04-21T01:43:53+02:00,8775219183946,hsq-78029005000,Protection cap,HSQ - Special tools
2024-04-21T01:43:58+02:00,8775219544394,hsq-78029005100,Protection cap,HSQ - Special tools
2024-04-21T01:46:20+02:00,8775239434570,hsq-78029008000,Insert for crankshaft pressing tool,HSQ - Special tools
2024-04-21T01:46:22+02:00,8775239795018,hsq-78029009100,Separator plate,HSQ - Special tools
2024-04-21T01:47:34+02:00,8775250182474,hsq-78029060000,Insert for valve spring lever,HSQ - Special tools
2024-04-20T22:06:45+02:00,8774682673482,hsq-7802906200030,Screw pan,HSQ - Technical Accessories
2024-04-20T23:29:13+02:00,8774799556938,hsq-7802906400068,Spark plug box,"HSQ - Technical Accessories, nada-hidden"
2024-04-20T23:26:17+02:00,8774797558090,hsq-78029064000h1,Spark plug box,HSQ - Tool/transport
2024-04-20T23:27:14+02:00,8774798147914,hsq-7802996200030,Screw pan,"HSQ - Tool/transport, stock, synkro-clone-ktm-shop-nederland"
2024-04-21T01:19:38+02:00,8775037419850,hsq-78032011110,Clutch kit 390/450 FE  450 FX 09-12,HSQ - Original Spare Part Kits
2024-04-21T01:19:40+02:00,8775037714762,hsq-78032111010,Clutch kit  570 FE 09-12,HSQ - Original Spare Part Kits
2024-04-21T01:21:36+02:00,8775047479626,hsq-78036030010,Valve kit 390/450/501/570 FE/FS/FX 09-13,HSQ - Original Spare Part Kits
2024-04-20T22:07:04+02:00,8774683033930,hsq-78101900000,Bleeder valve set,HSQ - Technical Accessories
2024-04-21T00:03:08+02:00,8774834651466,hsq-7810297915028,Handguard,Partstream
2024-04-21T00:02:17+02:00,8774834061642,hsq-7810297915030,Handguard,Partstream
2024-04-20T22:05:14+02:00,8774680314186,hsq-78102994000,Throttle cable protection,HSQ - Technical Accessories
2024-04-20T22:49:06+02:00,8774729138506,hsq-78102994100,"Throttle cable protection FC, FE, FS (250-501) 14-16","HSQ - Handlebars/instruments/electrics, stock, synkro-clone-ktm-shop-nederland"
2024-04-21T00:07:29+02:00,8774840484170,hsq-78103190030,Shimstripe 11X3,Partstream
2024-04-20T22:37:05+02:00,8774713901386,hsq-78104070100h1,"Chainguide FC, FE, FS, FX, TC, TE, TX (125-300)  14-25","HSQ - Chains/Sprockets, stock, synkro-clone-ktm-shop-nederland"
2024-04-20T23:29:53+02:00,8774800277834,hsq-7810497000068,Chainguide,"HSQ - Technical Accessories, nada-hidden"
2024-04-20T22:36:22+02:00,8774713344330,hsq-78104970000c1,"Factory racing chain guide FC, FE, FS, FX, TC, TE, TX (125-501)  14-24",HSQ - Chains/Sprockets
2024-04-20T22:37:08+02:00,8774713934154,hsq-78104970000h1,"Factory Racing chain guide FC, FE, FS, FX, TC, TE, TX (125-501)  14-24",HSQ - Chains/Sprockets
2024-04-21T00:05:22+02:00,8774837961034,hsq-78104970010,Tread chain guide,Partstream
2024-04-20T22:02:39+02:00,8774676775242,hsq-78104974000,Chain guide bracket protection,HSQ - Technical Accessories
2024-04-20T21:56:03+02:00,8774668779850,hsq-78104974100,Chainguide bracket protection,HSQ - Technical Accessories
2024-04-20T22:36:42+02:00,8774713606474,hsq-78104974200,"Chain guide bracket protection FC, FE, FS, FX, TC, TE, TX (125-501)  14-24",HSQ - Chains/Sprockets
2024-04-20T23:43:07+02:00,8774816792906,hsq-78105181010,Set screw with internal Torx,"HSQ - Technical Accessories, Partstream"
2024-04-20T22:16:37+02:00,8774693454154,hsq-78105909000,Akrapovič header  Evolution Line  4-stroke,"HSQ - Exhaust systems, nada-hidden"
2024-04-20T22:06:58+02:00,8774682902858,hsq-78105981000,"Akrapovič ""Slip-on Line""",HSQ - Technical Accessories
2024-04-21T00:03:30+02:00,8774835306826,hsq-78105981041,Holding clamp,Partstream
2024-04-21T00:03:32+02:00,8774835405130,hsq-78105981042,Holding clamp,Partstream
2024-04-20T22:16:54+02:00,8774693814602,hsq-78105981100,"Akrapovič  Slip-on Line  4-stroke FE (250, 350, 450, 501) 15-16",HSQ - Exhaust systems
2024-04-20T22:05:29+02:00,8774680543562,hsq-78107990000,Fuel filter,HSQ - Technical Accessories
2024-04-20T23:09:06+02:00,8774779175242,hsq-78107990100,"Fuel filter FE, TC, TE, TX (65-501)  14-25","HSQ - Technical Accessories, stock, synkro-clone-ktm-shop-nederland"
2024-04-20T22:06:42+02:00,8774682575178,hsq-78108916100,Licence plate holder support,HSQ - Technical Accessories
2024-04-20T23:22:05+02:00,8774794477898,hsq-78108916200,Licence plate holder support,"HSQ - Trim parts/decals, nada-hidden"
2024-04-20T22:59:41+02:00,8774744506698,hsq-78108999020,"Triple clamp protective film kit FC, FE, FS, FX, TC, TE, TX (125-501) 14-18",HSQ - Protection
2024-04-20T22:23:23+02:00,8774701449546,hsq-78109960000,Flame brake disc,"HSQ - Brakes, nada-hidden"
2024-04-20T22:58:55+02:00,8774743425354,hsq-78110945100,"Crash bung kit FC, FE, FS, FX, TC, TE, TX (125-570) 09-23",HSQ - Protection
2024-04-20T22:23:26+02:00,8774701482314,hsq-78110960000,Flame brake disc,"HSQ - Brakes, nada-hidden"
2024-04-20T23:46:32+02:00,8774819610954,hsq-78111074000,Start knob,"HSQ - Technical Accessories, Partstream"
2024-04-20T22:40:51+02:00,8774717276490,hsq-78112916000,Supporting strap 125-500 SX/XC/EXC 04-13,HSQ - Handlebars/instruments/electrics
2024-04-20T22:46:26+02:00,8774725534026,hsq-78112920044,"Hourmeter bracket FC, FS, FX, TC, TX (125-450) 14-22",HSQ - Handlebars/instruments/electrics
2024-04-20T22:41:04+02:00,8774717735242,hsq-78112964000,"Grip heater FE, TE (125-501) 15-25","HSQ - Handlebars/instruments/electrics, stock, synkro-clone-ktm-shop-nederland"
2024-04-20T23:59:02+02:00,8774831178058,hsq-78112973002,Canister cap sealing,"HSQ - Technical Accessories, Partstream"
2024-04-20T22:02:37+02:00,8774676709706,hsq-78112978050,Supporting strap,HSQ - Technical Accessories
2024-04-21T00:08:25+02:00,8774841631050,hsq-78112978150,Supporting strap,"HSQ - Technical Accessories, Partstream"
2024-04-20T22:02:47+02:00,8774676939082,hsq-78113900000,Rear brake conversion kit,HSQ - Technical Accessories
2024-04-20T22:24:48+02:00,8774702891338,hsq-78113900100,"Rear brake conversion kit  FC, FE, FX, TC, TE, TX (125-501)  14-22",HSQ - Brakes
2024-04-20T23:37:27+02:00,8774810763594,hsq-78114040000,Tail light,"HSQ - Technical Accessories, Partstream"
2024-04-21T01:47:20+02:00,8775247954250,hsq-78129032000,Locking screw,HSQ - Special tools
,7113460056245,hsq-78130007010 i,Piston kit,Original Spare Part Kits
,7113460089013,hsq-78130007010 ii,Piston kit,Original Spare Part Kits
2024-04-20T23:52:48+02:00,8774825673034,hsq-78132004000,Sleeve 7.95 x 33.4,"HSQ - Technical Accessories, Partstream"
2024-04-21T01:19:42+02:00,8775037780298,hsq-78132010010,Clutch kit 250/350 FC 14-15,HSQ - Original Spare Part Kits
2024-04-21T01:19:45+02:00,8775038042442,hsq-78132010110,Clutch kit 350/501 FE 13-17,HSQ - Original Spare Part Kits
2024-04-20T22:00:53+02:00,8774674383178,hsq-78132018000,Lock washer,HSQ - Technical Accessories
2024-04-20T23:45:33+02:00,8774818693450,hsq-78132018100,Lock washer,"HSQ - Technical Accessories, Partstream"
2024-04-20T23:47:55+02:00,8774820987210,hsq-78132057144,Pressure piece,"HSQ - Technical Accessories, Partstream"
2024-04-20T22:01:35+02:00,8774675235146,hsq-78132900200,Rekluse EXP 3.0 centrifugal force clutch kit,HSQ - Technical Accessories
2024-04-20T22:13:38+02:00,8774690373962,hsq-78132900300,Rekluse EXP 3.0 centrifugal force clutch kit,"HSQ - Engine, nada-hidden"
2024-04-20T22:50:56+02:00,8774732251466,hsq-78132902000,HINSON-Inner clutch hub,"HSQ - Engine, nada-hidden"
2024-04-20T23:51:04+02:00,8774824165706,hsq-78132961050,Repair kit,"HSQ - Technical Accessories, Partstream"
2024-04-20T22:01:30+02:00,8774675136842,hsq-78135936000,Radiator protection,HSQ - Technical Accessories
2024-04-20T22:13:47+02:00,8774690472266,hsq-78135936100,Radiator protection,"HSQ - Cooling, nada-hidden"
2024-04-21T01:21:38+02:00,8775047741770,hsq-78136030010,Valve kit 450/501 FE 14-19,HSQ - Original Spare Part Kits
2024-04-21T00:06:22+02:00,8774839075146,hsq-78705979035,Noise damping insert  (homologated),Partstream
2024-04-20T22:16:39+02:00,8774693519690,hsq-78705981000,Akrapovič  Slip-on Line  4-stroke,"HSQ - Exhaust systems, nada-hidden"
2024-04-21T00:06:19+02:00,8774839009610,hsq-78705981020,Repair kit,Partstream
2024-04-21T00:02:05+02:00,8774833799498,hsq-78705981030,Noise reduction insert sparky,"HSQ - Technical Accessories, Partstream"
2024-04-21T00:02:07+02:00,8774833832266,hsq-78705981090,"Akrapovič ""Slip-on Line""","HSQ - Technical Accessories, Partstream"
2024-04-20T22:40:56+02:00,8774717505866,hsq-78712916000,"Supporting strap FC, FE, FX, PIONEER, TC, TE, TX (125-660) 14-25",HSQ - Handlebars/instruments/electrics
2024-04-20T22:41:01+02:00,8774717636938,hsq-78712917000,"Supporting strap FC, FE, FS, TC, TE (125-501) 14-16",HSQ - Handlebars/instruments/electrics
2024-04-20T21:59:43+02:00,8774672843082,hsq-78901939044,Handlebar mount,"HSQ - Technical Accessories, nada-hidden"
2024-04-20T21:59:40+02:00,8774672777546,hsq-78901939144,Handlebar mount,HSQ - Technical Accessories
2024-04-20T21:59:17+02:00,8774672384330,hsq-78901939244,Handlebar mount,"HSQ - Technical Accessories, nada-hidden"
2024-04-20T21:59:52+02:00,8774673006922,hsq-78901939344,Handlebar mount,HSQ - Technical Accessories
2024-04-20T21:59:49+02:00,8774672974154,hsq-78901939444,Handlebar mount kit,HSQ - Technical Accessories
2026-05-18T21:42:07+02:00,15665014374730,hsq-78901939x44,Handlebar mount kit,HSQ - Handlebars/instruments/electrics
2026-05-18T21:40:54+02:00,15665013227850,hsq-78901939x4430,Handlebar mount kit,HSQ - Handlebars/instruments/electrics
2024-04-20T23:43:51+02:00,8774817317194,hsq-78903090010m01,Rubber grommet,"HSQ - Technical Accessories, Partstream"
2024-04-20T22:16:44+02:00,8774693585226,hsq-78905907100,Akrapovič header  Evolution Line  4-stroke,"HSQ - Exhaust systems, nada-hidden"
2024-04-21T00:06:16+02:00,8774838944074,hsq-78905979010,Damping material kit,Partstream
2024-04-21T00:02:10+02:00,8774833930570,hsq-78905979030,Noise reduction insert sparky,"HSQ - Technical Accessories, Partstream"
2024-04-21T00:06:25+02:00,8774839140682,hsq-78905979050,Silencer cap,Partstream
2024-04-20T22:16:18+02:00,8774693093706,hsq-78905979100,Akrapovič  Slip-on Line  4-stroke,"HSQ - Exhaust systems, nada-hidden"
2024-04-20T22:16:47+02:00,8774693617994,hsq-78905979200,Akrapovič  Slip-on Line  4-stroke,"HSQ - Exhaust systems, nada-hidden"
2024-04-20T23:38:42+02:00,8774811844938,hsq-78909960000,Flame brake disc,"HSQ - Technical Accessories, Partstream"
2024-04-20T22:35:05+02:00,8774711804234,hsq-78910065118,"Chain FC, FE, FS, FX, TC, TE, TX (125-650) 05-25",HSQ - Chains/Sprockets
2024-04-20T22:23:18+02:00,8774701416778,hsq-78910960000,"Flame brake disc FC, FE, FS, FX, TC, TE, TX (85-501)  14-25",HSQ - Brakes
2024-04-20T22:22:34+02:00,8774700532042,hsq-78910960100,"Flame brake disc FC, FE, FS, FX, TC, TE, TX (85-501)  14-25",HSQ - Brakes
2024-04-20T22:04:40+02:00,8774679593290,hsq-78913914000,Brake caliper support,HSQ - Technical Accessories
2024-04-20T23:38:37+02:00,8774811779402,hsq-78913914100,Brake caliper support,"HSQ - Technical Accessories, Partstream"
2024-04-21T01:45:42+02:00,8775234027850,hsq-78929008000,Insert for crankshaft pressing tool,HSQ - Special tools
2024-04-21T01:46:25+02:00,8775240188234,hsq-78929009000,Separator plate,HSQ - Special tools
2024-04-21T01:44:16+02:00,8775222165834,hsq-78929955100,Lift stand,"HSQ - Special tools, stock, synkro-clone-ktm-shop-nederland"
2024-04-20T23:47:57+02:00,8774821019978,hsq-78932010000,Intermediate clutch plate,"HSQ - Technical Accessories, Partstream"
2024-04-21T01:09:19+02:00,8774979223882,hsq-78936030010,Valve kit,HSQ - Original Spare Part Kits
2024-04-21T01:21:41+02:00,8775048036682,hsq-78936030110,Valve kit  450 FC/FR/FS/FX 14-20,HSQ - Original Spare Part Kits
2024-04-21T01:20:32+02:00,8775042269514,hsq-78938015010,Oil filter kit 450/501 FE 13-16,"HSQ - Original Spare Part Kits, stock, synkro-clone-ktm-shop-nederland"
2024-04-20T23:38:57+02:00,8774812107082,hsq-79001938000,Handlebar clamp,"HSQ - Technical Accessories, Partstream"
,,hsq-79001939031,Handlebar mount,Technical Accessories
,,hsq-79001939041,Handlebar mount,Technical Accessories
2026-05-18T21:40:59+02:00,15665013260618,hsq-790019390xx,Handlebar mount,HSQ - Handlebars/instruments/electrics
2024-04-20T22:07:39+02:00,8774683918666,hsq-79001940044,Handlebar mount bushing kit,HSQ - Technical Accessories
2024-04-20T22:47:41+02:00,8774726877514,hsq-79001940144,"Handlebar mount bushing kit FC, FS, FX, TC, TX (125-450) 16-22",HSQ - Handlebars/instruments/electrics
2024-04-20T22:34:59+02:00,8774711705930,hsq-7900199400049,"Fork protector kit FC, FE, FS, FX, TC, TE, TX (125-501) 14-25",HSQ - Protection
2024-04-20T22:09:02+02:00,8774685425994,hsq-79002013000,Throttle twist grip tube,HSQ - Technical Accessories
2024-04-20T22:41:10+02:00,8774717899082,hsq-79002013100,"Throttle twist grip tube FC, FE, FS, FX, PIONEER, TC, TE, TX (85-501) 16-25",HSQ - Handlebars/instruments/electrics
2024-04-21T01:14:36+02:00,8775011107146,hsq-79002021200,"Grip set FC, FE, FX, TC, TE, TX (65-501) 17-22","HSQ - Original Spare Part Kits, Out of stock, stock, synkro-clone-ktm-shop-nederland"
2024-04-20T23:47:43+02:00,8774820823370,hsq-79002039020,Cylinder head bolt,"HSQ - Technical Accessories, Partstream"
2024-04-20T21:57:58+02:00,8774670909770,hsq-79002121100,Lock-on grip set,HSQ - Technical Accessories
2024-04-21T01:14:35+02:00,8775011041610,hsq-79002121200,"Grip set FC, FE, FS, FX, TC, TE, TX (85-501) 16-23",HSQ - Original Spare Part Kits
2024-04-21T01:14:32+02:00,8775010779466,hsq-79002221200,"Grip set FC, TE (300i, 450) 18-20",HSQ - Original Spare Part Kits
2024-04-20T22:40:25+02:00,8774716784970,hsq-79002923100,"Lock-on grip set FC, FE, FS, FX, TC, TE, TX (125-501) 16-25",HSQ - Handlebars/instruments/electrics
2024-04-20T22:37:11+02:00,8774713966922,hsq-79003053000h1,"Chain slider FC, FE, FS, FX, TC, TE, TX (125-501)  16-23",HSQ - Chains/Sprockets
2024-04-20T22:31:32+02:00,8774708920650,hsq-79003940044,Akrapovič Footpeg set,"HSQ - Technical Accessories, nada-hidden"
2024-04-20T22:59:39+02:00,8774744408394,hsq-79003944044,Footpeg slider kit,"HSQ - Protection, nada-hidden"
2024-04-21T00:04:14+02:00,8774836617546,hsq-79003990020,Engine protective flap,Partstream
2024-04-21T00:01:58+02:00,8774833668426,hsq-79003990060,Engine protection bracket complete,"HSQ - Technical Accessories, Partstream"
2024-04-21T00:01:56+02:00,8774833635658,hsq-79003990090,Engine protection bump rubber complete,"HSQ - Technical Accessories, Partstream"
2024-04-21T00:08:10+02:00,8774841270602,hsq-79005079510,Race repack kit,Partstream
2024-04-21T00:06:29+02:00,8774839238986,hsq-79005079540,Spark arrestor insert FMF,Partstream
2024-04-21T00:08:03+02:00,8774841073994,hsq-79005079550,Carbon endcap,Partstream
2024-04-21T00:08:13+02:00,8774841368906,hsq-79005079560,Connection shell,"HSQ - Technical Accessories, Partstream"
2024-04-20T22:13:02+02:00,8774689685834,hsq-79005901044,Akrapovič  Racing Line  4-stroke,"HSQ - Exhaust systems, nada-hidden"
2024-04-21T00:01:21+02:00,8774832881994,hsq-79005907000,Factory header,"HSQ - Technical Accessories, Partstream"
2024-04-20T22:17:09+02:00,8774694076746,hsq-79005907500,"FMF Megabomb header  4-stroke FC, FX (250, 350) 16-18",HSQ - Exhaust systems
2024-04-20T22:11:55+02:00,8774688506186,hsq-79005979100,"Akrapovič  Slip-on Line  4-stroke FC, FE (250, 350) 16-19",HSQ - Exhaust systems
2024-04-20T23:59:37+02:00,8774831702346,hsq-79005979110,Damping material kit,"HSQ - Technical Accessories, Partstream"
2024-04-20T23:59:39+02:00,8774831735114,hsq-79005979150,Silencer cap,"HSQ - Technical Accessories, Partstream"
2024-04-21T00:01:19+02:00,8774832849226,hsq-79005989000,Factory main silencer,"HSQ - Technical Accessories, Partstream"
2024-04-21T00:01:39+02:00,8774833307978,hsq-79005989010,Damping material kit,"HSQ - Technical Accessories, Partstream"
2024-04-21T00:01:42+02:00,8774833340746,hsq-79005989020,Repair kit,"HSQ - Technical Accessories, Partstream"
2024-04-21T00:01:24+02:00,8774832947530,hsq-79005989030,Noise reduction insert,"HSQ - Technical Accessories, Partstream"
2024-04-21T00:01:49+02:00,8774833504586,hsq-79005989050,Silencer cap,"HSQ - Technical Accessories, Partstream"
2024-04-21T01:20:03+02:00,8775039549770,hsq-79006015000a,Pre-oiled air filter  125/250/350/450  TE/FC/FE/FS 16-23,HSQ - Original Spare Part Kits
2024-04-20T22:49:36+02:00,8774730350922,hsq-79006920000,"Air filter dust protection FC, FE, FS, FX, TC, TE, TX (125-501) 16-23","HSQ - Technical Accessories, stock, synkro-clone-ktm-shop-nederland"
2024-04-20T22:49:39+02:00,8774730416458,hsq-79006921000,"Air filter water protection FC, FE, FS, FX, TC, TE, TX (125-501) 16-23","HSQ - Technical Accessories, stock, synkro-clone-ktm-shop-nederland"
2024-04-20T22:49:41+02:00,8774730449226,hsq-79006922000,"Air filter sand protection FC, FE, FS, FX, TC, TE, TX (125-501) 16-25",HSQ - Technical Accessories
2024-04-20T23:09:03+02:00,8774778978634,hsq-79007913044,"Fuel connection FC, FE, FS, FX, TE (250-501) 14-25",HSQ - Technical Accessories
2024-04-20T23:50:41+02:00,8774823772490,hsq-7900907124030,Spoke,"HSQ - Technical Accessories, Partstream"
2024-04-20T21:54:12+02:00,8774666387786,hsq-7900990114430,"Factory front wheel 1.6x21""",HSQ - Technical Accessories
2024-04-20T23:50:39+02:00,8774823739722,hsq-7900991004468,Front wheel hub,"HSQ - Technical Accessories, Partstream"
2024-04-20T23:39:19+02:00,8774812565834,hsq-79009910144c1,Front wheel hub,"HSQ - Technical Accessories, Partstream"
2024-04-20T23:58:44+02:00,8774830948682,hsq-79009961050,Brake disc guard bracket,"HSQ - Technical Accessories, Partstream"
2024-04-20T21:55:02+02:00,8774667469130,hsq-7900998106068,Front axle puller,HSQ - Technical Accessories
2024-04-20T21:55:07+02:00,8774667600202,hsq-79009981060c1,Front axle puller,HSQ - Technical Accessories
2024-04-20T22:56:42+02:00,8774740279626,hsq-7900998116068,"Front axle puller  FC, FE, FS, FX, TC, TE, TX (125-501)  15-25",HSQ - Wheels
2024-04-20T22:56:39+02:00,8774740246858,hsq-79009981160c1,"Front axle puller  FC, FE, FS, FX, TC, TE, TX (125-501)  14-25","HSQ - Wheels, Out of stock"
2026-05-18T21:41:09+02:00,15665013391690,hsq-79009981260c1,Front axle puller,HSQ - Wheels
2024-04-20T23:50:43+02:00,8774823838026,hsq-7901007119330,"Spoke M4,5x193-18""","HSQ - Technical Accessories, Partstream"
2024-04-20T23:50:47+02:00,8774823903562,hsq-7901007120530,"Spoke M4,5 x 205-19""","HSQ - Technical Accessories, Partstream"
2024-04-20T22:55:52+02:00,8774739132746,hsq-7901090114430,"Factory rear wheel 2.15x19""","HSQ - Wheels, nada-hidden"
2024-04-20T22:55:55+02:00,8774739198282,hsq-7901090214430,"Factory rear wheel 2.15x18""","HSQ - Wheels, nada-hidden"
2024-04-20T23:50:37+02:00,8774823706954,hsq-7901091004468,Rear wheel hub,"HSQ - Technical Accessories, Partstream"
2024-04-20T23:50:35+02:00,8774823674186,hsq-7901091014468,Rear wheel hub,"HSQ - Technical Accessories, Partstream"
2024-04-20T23:39:26+02:00,8774812729674,hsq-79010910244c1,Rear wheel hub,"HSQ - Technical Accessories, Partstream"
2024-04-20T23:39:23+02:00,8774812664138,hsq-79010910344c1,Rear wheel hub,"HSQ - Technical Accessories, Partstream"
2024-04-20T23:46:39+02:00,8774819742026,hsq-79011056100,Battery retaining pin,"HSQ - Technical Accessories, Partstream"
2024-04-20T23:25:59+02:00,8774797361482,hsq-79012030100c1,Plug,"HSQ - Tool/transport, nada-hidden"
2024-04-20T22:00:06+02:00,8774673269066,hsq-79012950100,Factory steering damper bracket,HSQ - Technical Accessories
2024-04-20T22:47:53+02:00,8774727172426,hsq-79012950200,Factory steering damper bracket,"HSQ - Handlebars/instruments/electrics, nada-hidden"
2024-04-20T22:48:04+02:00,8774727467338,hsq-79012960100,"Steering damper bracket FC, FS, FX, TC, TX (125- 450) 16-22",HSQ - Handlebars/instruments/electrics
2024-04-20T22:48:01+02:00,8774727401802,hsq-79012970100,"Steering damper counter bearing FC, FS, FX, TC, TX (125-450) 16-22",HSQ - Handlebars/instruments/electrics
2024-04-20T22:57:46+02:00,8774741786954,hsq-79014950044,"Sensor magnet retaining bracket  FE, TE, TX (125-501)  15-25",HSQ - Wheels
2024-04-21T01:46:57+02:00,8775244874058,hsq-79029005000,Mounting tool for lock ring,HSQ - Special tools
2024-04-21T01:45:48+02:00,8775234847050,hsq-79029008000,Insert for crankshaft pressing tool,HSQ - Special tools
2024-04-21T01:45:53+02:00,8775235666250,hsq-79029009000,Separator plate,"HSQ - Special tools, stock, synkro-clone-ktm-shop-nederland"
2024-04-21T01:47:22+02:00,8775248347466,hsq-79029060000,Insert for valve spring lever,HSQ - Special tools
2024-04-21T01:44:33+02:00,8775224754506,hsq-79029083000,Footrest spring plier,HSQ - Special tools
2024-04-20T23:22:58+02:00,8774795329866,hsq-79029094000,Multi plug-in stand,HSQ - Tool/transport
2024-04-21T01:45:59+02:00,8775236321610,hsq-79029108000,Insert for crankshaft pressing tool,HSQ - Special tools
,7113456550069,hsq-79030207010 ii,Piston kit size II,Original Spare Part Kits
2024-04-21T01:19:47+02:00,8775038271818,hsq-79032010010,Clutch kit 250 FC 16-18,HSQ - Original Spare Part Kits
2024-04-20T22:39:17+02:00,8774716129610,hsq-7903513400028,Radiator protection grille,"HSQ - Cooling, nada-hidden"
2024-04-20T22:38:39+02:00,8774715769162,hsq-79035994000c1,Water pump cover protection 250/350 FC/FE/FX  16-23,"HSQ - Cooling, stock, synkro-clone-ktm-shop-nederland"
2024-04-20T22:03:14+02:00,8774677496138,hsq-79039074000,Ignition curve switch,HSQ - Technical Accessories
2024-04-20T21:59:34+02:00,8774672679242,hsq-79039974044,Combination switch,HSQ - Technical Accessories
2024-04-20T22:45:47+02:00,8774724714826,hsq-79039974144,"Combination switch FC, FE, FX (250, 350, 450, 501) 17-23",HSQ - Handlebars/instruments/electrics
2024-04-20T22:30:07+02:00,8774707478858,hsq-79101900100,"Bleeder valve 701, EE, FC, FE, FS, FX, TC, TE, TX (5-501, ENDURO, SUPERMOTO) 16-25",HSQ - Chassis/triple clamp
2024-04-20T23:50:22+02:00,8774823510346,hsq-79101933000,Steering stem,"HSQ - Technical Accessories, Partstream"
2024-04-20T22:28:54+02:00,8774706397514,hsq-79101999021c1a,"Factory Racing triple clamp FC, FX, TC, TX (125, 250, 300, 300i, 350, 450) 14-22",HSQ - Chassis/triple clamp
2024-04-20T22:42:26+02:00,8774719996234,hsq-7910297900028,"Wrap-around handguard kit FC, FE, FX, TC, TE, TX (125-501) 14-19",HSQ - Handlebars/instruments/electrics
2024-04-20T22:42:30+02:00,8774720160074,hsq-7910297900030,"Wrap-around handguard kit FC, FE, FS, FX, TC, TE, TX (125-501) 14-25",HSQ - Handlebars/instruments/electrics
2024-04-20T22:42:18+02:00,8774719766858,hsq-79102979000ab,"Wrap-around handguard kit FC, FE, FS, FX, TC, TE, TX (125-501) 14-25",HSQ - Handlebars/instruments/electrics
2024-04-20T22:42:38+02:00,8774720291146,hsq-79102984000,"Wrap-around handguard kit FC, FE, FS, FX, TC, TE, TX (125-501) 13-25",HSQ - Handlebars/instruments/electrics
2024-04-20T22:29:42+02:00,8774707085642,hsq-79104983000,"Shock absorber linkage protection FC, FE, FX, TC, TE, TX (125-501) 16-23","HSQ - Protection, stock, synkro-clone-ktm-shop-nederland"
2024-04-20T23:47:33+02:00,8774820626762,hsq-79105900020,Repair kit,"HSQ - Technical Accessories, Partstream"
2024-04-20T22:11:36+02:00,8774688211274,hsq-79105900044,"Akrapovič  Evolution Line  4-stroke FC, FX (250, 350) 19-22",HSQ - Exhaust systems
2024-04-20T23:47:04+02:00,8774820266314,hsq-79105901020,Repair kit,"HSQ - Technical Accessories, Partstream"
2024-04-20T22:16:16+02:00,8774693060938,hsq-79105901044,"Akrapovič  Racing Line  4-stroke FC, FX (250, 350) 19-22",HSQ - Exhaust systems
2024-04-20T23:47:06+02:00,8774820331850,hsq-79105905000,Factory header,"HSQ - Technical Accessories, Partstream"
2024-04-20T23:47:38+02:00,8774820725066,hsq-79105907000,Factory header,"HSQ - Technical Accessories, Partstream"
2024-04-20T22:15:56+02:00,8774692634954,hsq-79105907500,FMF Megabomb header  4-stroke FC (250) 19-22,HSQ - Exhaust systems
2024-04-20T22:15:58+02:00,8774692700490,hsq-79105907501,FMF Megabomb header  4-stroke,"HSQ - Exhaust systems, nada-hidden"
2024-04-20T22:15:51+02:00,8774692471114,hsq-79105979002,FMF Powercore 4 silencer  4-stroke,"HSQ - Exhaust systems, nada-hidden"
2024-04-20T22:15:53+02:00,8774692536650,hsq-79105979003,FMF Factory 4.1 RCT silencer  4-stroke,"HSQ - Exhaust systems, nada-hidden"
2024-04-20T23:47:11+02:00,8774820364618,hsq-79105987000,Factory silencer,"HSQ - Technical Accessories, Partstream"
2024-04-20T23:47:41+02:00,8774820757834,hsq-79105989000,Factory silencer,"HSQ - Technical Accessories, Partstream"
2024-04-20T23:45:25+02:00,8774818595146,hsq-79107011000,"Screw, seat","HSQ - Technical Accessories, Partstream"
2024-04-20T23:32:58+02:00,8774804209994,hsq-79107013100m99,Tank,"HSQ - Technical Accessories, Partstream"
2025-06-11T07:57:58+02:00,10230407004490,hsq-79107040010,SK collar screw M6x109,Partstream
2024-04-20T23:35:12+02:00,8774807322954,hsq-7910907000030,"Rim 1,6x21"" EXCEL","HSQ - Technical Accessories, Partstream"
2024-04-20T23:39:21+02:00,8774812631370,hsq-7910907200030s,Spoke nipple,"HSQ - Technical Accessories, Partstream"
2024-04-20T22:00:36+02:00,8774673858890,hsq-7910907200068,Spoke nipple,HSQ - Technical Accessories
2024-04-20T23:45:09+02:00,8774818333002,hsq-7910907200068s,Spoke nipple,"HSQ - Technical Accessories, Partstream"
2024-04-20T22:24:03+02:00,8774702137674,hsq-79109961000,"Brake disc guard FC, FE, FX, TC, TE, TX (125-501) 15-25",HSQ - Brakes
2024-04-20T22:23:58+02:00,8774702006602,hsq-79109961100,"Factory Racing brake disc guard FC, FE, FX, TC, TE, TX (125-501) 15-25",HSQ - Brakes
2024-04-20T23:35:08+02:00,8774807224650,hsq-7911007000030,"Rim 2,5x19"" EXCEL","HSQ - Technical Accessories, Partstream"
2024-04-20T21:58:02+02:00,8774670975306,hsq-79111053000,Lithium ion battery,HSQ - Technical Accessories
2024-04-20T23:33:08+02:00,8774804504906,hsq-79113975033faa,Brake caliper carrier with brake disc protection,"HSQ - Technical Accessories, Partstream"
2024-04-20T21:55:17+02:00,8774667764042,hsq-79114086000,Connectivity Unit,HSQ - Technical Accessories
2024-04-20T23:39:01+02:00,8774812205386,hsq-79114086050,Rubber support CCU,"HSQ - Technical Accessories, Partstream"
2024-04-20T23:35:23+02:00,8774807585098,hsq-79114086100,Connectivity Unit,"HSQ - Technical Accessories, Partstream"
2024-04-21T01:48:52+02:00,8775260340554,hsq-79129075000,Multi-tooth wrench socket,HSQ - Special tools
2024-04-21T01:48:55+02:00,8775260864842,hsq-79129081000,Mounting tool,HSQ - Special tools
2024-04-20T21:54:05+02:00,8774666223946,hsq-79129941000,Feeler gauge,HSQ - Technical Accessories
2026-05-18T21:41:23+02:00,15665013653834,hsq-79129941100,Feeler gauge,HSQ - Tool/transport
2024-04-20T23:36:21+02:00,8774808961354,hsq-79129955000bj,Bike stand,HSQ - Technical Accessories
2024-04-20T23:22:30+02:00,8774794871114,hsq-79129955000bja,Bike stand,HSQ - Tool/transport
2024-04-20T23:22:28+02:00,8774794838346,hsq-79129955000bjc,Bike stand,HSQ - Tool/transport
2024-04-20T23:37:42+02:00,8774810992970,hsq-79129955020c1,Top plate,"HSQ - Technical Accessories, Partstream"
2024-04-20T23:37:41+02:00,8774810960202,hsq-79129955030bj,Side part,"HSQ - Technical Accessories, Partstream"
2024-04-20T23:37:37+02:00,8774810894666,hsq-7912995504001,Aluminum tube,"HSQ - Technical Accessories, Partstream"
2024-04-20T23:37:39+02:00,8774810927434,hsq-79129955050ab,Sticker panel,"HSQ - Technical Accessories, Partstream"
2024-04-20T21:57:33+02:00,8774670418250,hsq-7913503400028,Radiator protection grille,HSQ - Technical Accessories
2024-04-20T22:38:29+02:00,8774715539786,hsq-79135034000ab,Radiator protection grille 125-501 FC/FE/FS/FX/TC/TE/TX 18-23,HSQ - Cooling
2024-04-20T23:49:21+02:00,8774822494538,hsq-7913503410030,Radiator protection,"HSQ - Technical Accessories, Partstream"
2024-04-20T23:49:19+02:00,8774822461770,hsq-7913503510030,Radiator protection,"HSQ - Technical Accessories, Partstream"
2024-04-20T23:49:12+02:00,8774822330698,hsq-79135907000,Radiator,"HSQ - Technical Accessories, Partstream"
2024-04-20T23:49:10+02:00,8774822297930,hsq-79135908000,Radiator,"HSQ - Technical Accessories, Partstream"
2024-04-20T22:37:25+02:00,8774714261834,hsq-79135910044,Factory Racing radiator kit 250/350  FC/FX  19-22,HSQ - Cooling
2024-04-20T23:49:17+02:00,8774822429002,hsq-79135923044,Radiator hose,"HSQ - Technical Accessories, Partstream"
2024-04-20T22:34:57+02:00,8774711673162,hsq-79139940000,Stator cable protection  250/350/350s FE  20-23,HSQ - Carbon
2025-01-09T08:55:54+01:00,9637446287690,hsq-79141978010c1,Throttle body protection cover 250/300 TE  24-25,HSQ - Protection
2024-04-20T22:03:38+02:00,8774677954890,hsq-79205900144,"Akrapovič ""Evolution Line""",HSQ - Technical Accessories
2024-04-20T22:11:50+02:00,8774688407882,hsq-79205901044,Akrapovič  Racing Line  4-stroke FE (350) 17-19,HSQ - Exhaust systems
2024-04-20T23:45:57+02:00,8774819021130,hsq-79205905000,"Akrapovič header ""Racing Line""","HSQ - Technical Accessories, Partstream"
2024-04-21T00:01:28+02:00,8774833013066,hsq-79205907000,Factory header,"HSQ - Technical Accessories, Partstream"
2024-04-21T00:01:26+02:00,8774832980298,hsq-79205989000,Factory main silencer,"HSQ - Technical Accessories, Partstream"
2024-04-21T00:01:30+02:00,8774833078602,hsq-79205989030,Noise reduction insert,"HSQ - Technical Accessories, Partstream"
2024-04-20T22:53:50+02:00,8774736445770,hsq-79212945044,Kick-starter kit FE (350) 17-19,HSQ - Engine
2024-04-21T01:38:31+02:00,8775187857738,hsq-79229002000,Holder and fitting for work stand,HSQ - Special tools
2024-04-21T01:46:04+02:00,8775237075274,hsq-79229009000,Separator plate,HSQ - Special tools
2024-04-21T01:42:47+02:00,8775211057482,hsq-79229032044,Puller,HSQ - Special tools
2024-04-21T01:42:52+02:00,8775211286858,hsq-79229048000,Puller,HSQ - Special tools
2024-04-21T01:43:20+02:00,8775214694730,hsq-79229048100,Puller,HSQ - Special tools
2024-04-20T23:54:27+02:00,8774827114826,hsq-79230027000,"Clutch cover gasket, outside","HSQ - Technical Accessories, Partstream"
2024-04-21T01:13:56+02:00,8775005962570,hsq-79230097100,Cylinder seal set 350 FC/FX 16-18,HSQ - Original Spare Part Kits
2024-04-20T23:55:18+02:00,8774827868490,hsq-79230125000,Clutch cover gasket,"HSQ - Technical Accessories, Partstream"
,7113456451765,hsq-79230207210 i,Piston kit size I,Original Spare Part Kits
2024-04-21T00:00:12+02:00,8774832030026,hsq-79230927000,Clutch cover gasket,"HSQ - Technical Accessories, Partstream"
2024-04-20T22:53:48+02:00,8774736380234,hsq-79232900000,Rekluse EXP 3.0 centrifugal force clutch kit,"HSQ - Engine, nada-hidden"
2024-04-21T00:00:16+02:00,8774832062794,hsq-79232900010,EXP base,"HSQ - Technical Accessories, Partstream"
2024-04-20T22:53:20+02:00,8774735724874,hsq-79232902000,"HINSON-Inner clutch hub FC, FX (250, 350) 16-18",HSQ - Engine
2024-04-20T22:53:16+02:00,8774735626570,hsq-79232903000,HINSON clutch pressure plate,"HSQ - Engine, nada-hidden"
2024-04-20T21:58:10+02:00,8774671139146,hsq-79232910000,Intermediate clutch plate,HSQ - Technical Accessories
2024-04-20T23:40:25+02:00,8774814007626,hsq-79232961000,Clutch slave cylinder,"HSQ - Technical Accessories, Partstream"
2024-04-20T23:51:00+02:00,8774824100170,hsq-79232961050,Repair kit,"HSQ - Technical Accessories, Partstream"
2024-04-20T23:55:15+02:00,8774827835722,hsq-79233050000,Kickstart shaft,"HSQ - Technical Accessories, Partstream"
2024-04-20T23:55:13+02:00,8774827802954,hsq-79233051027,Kick-starter gear,"HSQ - Technical Accessories, Partstream"
2024-04-20T23:55:10+02:00,8774827770186,hsq-79233053000,Kickstart idler cpl.,"HSQ - Technical Accessories, Partstream"
2024-04-20T22:16:00+02:00,8774692766026,hsq-79305907500,FMF Megabomb header  4-stroke,"HSQ - Exhaust systems, nada-hidden"
2024-04-20T22:16:03+02:00,8774692831562,hsq-79305907501,FMF Megabomb header  4-stroke,"HSQ - Exhaust systems, nada-hidden"
2024-04-20T22:11:20+02:00,8774688014666,hsq-79305979000,"Akrapovič  Slip-on Line  4-stroke FC, FX (350) 19-22",HSQ - Exhaust systems
2024-04-20T23:47:36+02:00,8774820692298,hsq-79305979010,Damping material kit,"HSQ - Technical Accessories, Partstream"
2024-04-20T23:46:52+02:00,8774820004170,hsq-79305979020,Repair kit,"HSQ - Technical Accessories, Partstream"
2024-04-21T01:41:56+02:00,8775204733258,hsq-79329006000,Banjo bolt,HSQ - Special tools
2024-04-21T01:14:02+02:00,8775007043914,hsq-79330097000,Cylinder seal set 350 FC/FX 19-21,"HSQ - Original Spare Part Kits, Out of stock"
2024-04-21T01:21:23+02:00,8775046431050,hsq-79336030010,Valve kit 350 FE 20-23,HSQ - Original Spare Part Kits
2024-04-21T00:06:32+02:00,8774839304522,hsq-79405060000,Mounting kit,Partstream
2024-04-21T00:06:35+02:00,8774839370058,hsq-79405062020,Screw,Partstream
2024-04-21T00:06:38+02:00,8774839435594,hsq-79405062030,Washer,Partstream
2024-04-20T22:17:13+02:00,8774694109514,hsq-79405901044,Akrapovič  Racing Line  4-stroke,HSQ - Exhaust systems
2024-04-21T00:01:35+02:00,8774833209674,hsq-79405907000,Factory header,"HSQ - Technical Accessories, Partstream"
2024-04-20T22:11:53+02:00,8774688473418,hsq-79405979100,Akrapovič  Slip-on Line  4-stroke,"HSQ - Exhaust systems, stock, synkro-clone-ktm-shop-nederland"
2024-04-21T00:01:32+02:00,8774833144138,hsq-79405989000,Factory main silencer,"HSQ - Technical Accessories, Partstream"
2024-04-21T00:01:37+02:00,8774833242442,hsq-79405989030,Noise reduction insert,"HSQ - Technical Accessories, Partstream"
2024-04-20T23:06:16+02:00,8774770524490,hsq-79407978000,Seat pocket,HSQ - Seats
2024-04-20T22:12:36+02:00,8774689259850,hsq-79412945044,"Kick-starter kit FE (450, 501) 17-19",HSQ - Engine
2024-04-20T21:58:30+02:00,8774671597898,hsq-79412966000,Fork airpump,HSQ - Technical Accessories
2024-04-20T23:26:08+02:00,8774797459786,hsq-79412966100,Fork airpump,"HSQ - Special tools, stock, synkro-clone-ktm-shop-nederland"
2024-04-20T22:02:53+02:00,8774677037386,hsq-79419910000,C-Spanner,HSQ - Technical Accessories
2024-04-21T01:38:40+02:00,8775188676938,hsq-79429002000,Holder and fitting for work stand,HSQ - Special tools
2024-04-21T01:48:12+02:00,8775255064906,hsq-79429006000,Pressing tool,HSQ - Special tools
2024-04-21T01:46:06+02:00,8775237468490,hsq-79429008000,Insert for crankshaft pressing tool,HSQ - Special tools
2024-04-21T01:46:15+02:00,8775238615370,hsq-79429009000,Separator plate,HSQ - Special tools
2024-04-21T01:41:44+02:00,8775203357002,hsq-79429094000,Oil pressure adapter,"HSQ - Special tools, Out of stock"
2024-04-21T01:13:59+02:00,8775006454090,hsq-79430097000,Cylinder seal set 450 FC/FR/FS/FX 16-20,HSQ - Original Spare Part Kits
2024-04-21T01:14:06+02:00,8775007502666,hsq-79430097100,Cylinder seal set 450 FC/FS/FX 18-21,HSQ - Original Spare Part Kits
,8774977782090,hsq-79430107010 i,Piston kit,Original Spare Part Kits
,7113457008821,hsq-79430107110 i,Piston kit size I,Original Spare Part Kits
,7113456976053,hsq-79430107110 ii,Piston kit size II,Original Spare Part Kits
,7113457762485,hsq-79430507010 i,Piston kit,Original Spare Part Kits
,7113457729717,hsq-79430507010 ii,Piston kit,Original Spare Part Kits
2024-04-20T23:59:48+02:00,8774831833418,hsq-79430525000,Clutch cover gasket,"HSQ - Technical Accessories, Partstream"
2024-04-20T23:50:25+02:00,8774823543114,hsq-79430726000,REKLUSE outer clutch cover,"HSQ - Technical Accessories, Partstream"
2024-04-21T00:00:03+02:00,8774831964490,hsq-79430927000,Clutch cover gasket,"HSQ - Technical Accessories, Partstream"
2024-04-20T22:01:24+02:00,8774675005770,hsq-79432900000,Rekluse EXP 3.0 centrifugal force clutch kit,HSQ - Technical Accessories
2024-04-20T22:53:23+02:00,8774735790410,hsq-79432900100,"Rekluse EXP 3.0 centrifugal force clutch kit FC, FE, FX (450, 501, 501s) 16-22",HSQ - Engine
2024-04-20T22:50:59+02:00,8774732317002,hsq-79432903000,"HINSON clutch pressure plate FC, FE, FS, FX, TC, TE, TX (250-501) 16-25",HSQ - Engine
2024-04-20T23:40:28+02:00,8774814040394,hsq-79432961100,Clutch slave cylinder,"HSQ - Technical Accessories, Partstream"
2024-04-20T22:38:54+02:00,8774715900234,hsq-79435935000,Radiator protection sleeve 125-501 FC/FE/FS/FX/TC/TE/TX 16-23,HSQ - Cooling
2024-04-20T22:47:06+02:00,8774726353226,hsq-79502901000c1,"Renthal Twinwall handlebar 701 FC, FE, FX, PIONEER, TC, TE, TX (85-570 ENDURO, SUPERMOTO) 09-25",HSQ - Handlebars/instruments/electrics
2024-04-20T23:47:14+02:00,8774820397386,hsq-79505900020,Repair kit,"HSQ - Technical Accessories, Partstream"
2024-04-20T22:11:31+02:00,8774688145738,hsq-79505900044,"Akrapovič  Evolution Line  4-stroke FC, FS, FX (450) 18-22",HSQ - Exhaust systems
2024-04-20T23:46:57+02:00,8774820168010,hsq-79505901020,Repair kit,"HSQ - Technical Accessories, Partstream"
2024-04-20T22:11:26+02:00,8774688080202,hsq-79505901044,"Akrapovič  Racing Line  4-stroke FC, FS, FX (450) 18-22",HSQ - Exhaust systems
2024-04-20T23:46:59+02:00,8774820200778,hsq-79505905000,Factory header,"HSQ - Technical Accessories, Partstream"
2024-04-20T23:47:20+02:00,8774820462922,hsq-79505907000,Factory header,"HSQ - Technical Accessories, Partstream"
2024-04-20T23:47:31+02:00,8774820593994,hsq-79505907060,Manifold assembly kit,"HSQ - Technical Accessories, Partstream"
2024-04-20T22:16:08+02:00,8774692897098,hsq-79505907500,FMF Megabomb header  4-stroke,"HSQ - Exhaust systems, nada-hidden"
2024-04-20T22:16:05+02:00,8774692864330,hsq-79505907501,"FMF Megabomb header  4-stroke FC, FS, FX (450) 18-22",HSQ - Exhaust systems
2024-04-20T22:11:17+02:00,8774687981898,hsq-79505979000,"Akrapovič  Slip-on Line  4-stroke FC, FS, FX (250, 450) 18-22",HSQ - Exhaust systems
2024-04-20T22:16:10+02:00,8774692995402,hsq-79505979002,FMF Powercore 4 silencer  4-stroke,"HSQ - Exhaust systems, nada-hidden"
2024-04-20T22:16:12+02:00,8774693028170,hsq-79505979003,FMF Factory 4.1 RCT silencer  4-stroke,"HSQ - Exhaust systems, nada-hidden"
2024-04-20T23:47:17+02:00,8774820430154,hsq-79505979010,Damping material kit,"HSQ - Technical Accessories, Partstream"
2024-04-20T23:46:50+02:00,8774819971402,hsq-79505979020,Repair kit,"HSQ - Technical Accessories, Partstream"
2024-04-20T23:46:54+02:00,8774820102474,hsq-79505979030,Noise reduction insert,"HSQ - Technical Accessories, Partstream"
2024-04-20T23:47:28+02:00,8774820561226,hsq-79505979060,Main silencer assembly kit,"HSQ - Technical Accessories, Partstream"
2024-04-20T22:21:51+02:00,8774699647306,hsq-79505979082,FMF Powercore 4 sticker,HSQ - Exhaust systems
2024-04-20T23:44:50+02:00,8774818103626,hsq-79505979513,Race repack kit,"HSQ - Technical Accessories, Partstream"
2024-04-20T23:44:47+02:00,8774818070858,hsq-79505979523,Silencer housing,"HSQ - Technical Accessories, Partstream"
2024-04-20T23:44:53+02:00,8774818136394,hsq-79505979533,FMF Spark arrestor insert,"HSQ - Technical Accessories, Partstream"
2024-04-20T23:40:59+02:00,8774814597450,hsq-79505979535,Spiral retaining ring,"HSQ - Technical Accessories, Partstream"
2024-04-20T22:21:49+02:00,8774699516234,hsq-79505979583,FMF Factory 4.1 RCT sticker,HSQ - Exhaust systems
2024-04-20T22:12:45+02:00,8774689390922,hsq-79505987000,"AKRAPOVIČ-SILENCER ""RACING LINE""","HSQ - Technical Accessories, Partstream"
2024-04-20T23:47:22+02:00,8774820495690,hsq-79505989000,Factory silencer,"HSQ - Technical Accessories, Partstream"
2024-04-20T22:21:20+02:00,8774698729802,hsq-79505994000,"Akrapovič heat protection FC, FS, FX (250, 350, 450) 2018-2022",HSQ - Exhaust systems
,7113456943285,hsq-79530107010 i,Piston kit size I,Original Spare Part Kits
,7113456910517,hsq-79530107010 ii,Piston kit size II,Original Spare Part Kits
,8790124888394,hsq-79530607110 ii,Piston kit size II,Technical Accessories
2024-04-20T23:47:59+02:00,8774821052746,hsq-79532010033,Clutch plate pack,"HSQ - Technical Accessories, Partstream"
2024-04-20T23:48:02+02:00,8774821085514,hsq-79532011000,Friction plate,"HSQ - Technical Accessories, Partstream"
2024-04-20T22:53:12+02:00,8774735561034,hsq-79532900044,Slipper clutch,"HSQ - Engine, nada-hidden"
2024-04-20T23:49:05+02:00,8774822232394,hsq-79535908000,Radiator,"HSQ - Technical Accessories, Partstream"
2024-04-20T22:37:22+02:00,8774714163530,hsq-79535910044,Factory Racing radiator kit,"HSQ - Cooling, nada-hidden"
2024-04-20T23:49:07+02:00,8774822265162,hsq-79535923044,Radiator hose,"HSQ - Technical Accessories, Partstream"
2024-04-21T01:21:20+02:00,8775046136138,hsq-79536030010,Valve kit 450 FC/FS/FX 18-21,HSQ - Original Spare Part Kits
2024-04-21T01:21:18+02:00,8775046005066,hsq-79536030110,Valve kit 450/501 FE 20-23,HSQ - Original Spare Part Kits
2024-04-20T22:59:22+02:00,8774744047946,hsq-79601994000,"Fork shoe protection kit FC, FE, FS, FX, TC, TE, TX (125-501) 16-25",HSQ - Protection
2024-04-20T23:38:47+02:00,8774811910474,hsq-79602084044,Mounting kit,"HSQ - Technical Accessories, Partstream"
2024-04-20T23:44:09+02:00,8774817546570,hsq-7960218204428,Handguard kit,HSQ - Technical Accessories
2024-04-20T23:44:13+02:00,8774817579338,hsq-7960218204430,Handguard kit,HSQ - Technical Accessories
2024-04-20T23:37:08+02:00,8774810009930,hsq-79602182044ab,Handguard kit,HSQ - Technical Accessories
2024-04-20T22:43:22+02:00,8774721241418,hsq-7960297900028,"Factory Racing handguard kit FC, FE, FS, FX, TC, TE, TX (125-501) 14-19",HSQ - Handlebars/instruments/electrics
2024-04-20T22:43:20+02:00,8774721208650,hsq-7960297900030,"Factory Racing handguard kit FC, FE, FS, FX, PIONEER, TC, TE, TX (125- 660) 14-25",HSQ - Handlebars/instruments/electrics
2024-04-20T22:42:12+02:00,8774719537482,hsq-79602979000ab,"Factory Racing handguard kit FC, FE, FS, FX, PIONEER, TC, TE, TX (125-660) 14-25",HSQ - Handlebars/instruments/electrics
2024-04-20T22:43:17+02:00,8774721175882,hsq-79602979044,"Wrap-around handguard kit FC, FE, FS, FX, TC, TE, TX (125-501) 14-25","HSQ - Handlebars/instruments/electrics, Out of stock, stock, synkro-clone-ktm-shop-nederland"
2024-04-20T22:12:57+02:00,8774689620298,hsq-79605901044,Akrapovič  Racing Line  4-stroke,"HSQ - Exhaust systems, nada-hidden"
2024-04-20T23:59:16+02:00,8774831374666,hsq-79605981010,Damping material kit,"HSQ - Technical Accessories, Partstream"
2024-04-20T23:42:00+02:00,8774815646026,hsq-79608052000,Collar bushing,"HSQ - Technical Accessories, Partstream"
2024-04-20T22:57:15+02:00,8774741033290,hsq-79609915000c1,"Wheel bearing protection cap kit  FE, TE, TX (125-501)  16-23",HSQ - Wheels
2024-04-20T21:54:09+02:00,8774666289482,hsq-79609917000c1,Factory wheel bearing protection cap set,"HSQ - Technical Accessories, nada-hidden"
2024-04-20T22:56:32+02:00,8774740017482,hsq-79609917100c1,"Factory wheel bearing protection cap set FE, TE, TX (125-501)  16-25",HSQ - Wheels
2024-04-20T22:57:06+02:00,8774740803914,hsq-79609919000c1,Factory wheel bearing repair kit,"HSQ - Wheels, nada-hidden"
2024-04-20T22:57:12+02:00,8774741000522,hsq-79610915100c1,Wheel bearing protection cap kit,"HSQ - Wheels, nada-hidden"
2024-04-20T22:57:09+02:00,8774740902218,hsq-79610917100c1,"Factory wheel bearing protection cap set  FE, TE, TX (125-501)  16-23",HSQ - Wheels
2024-04-20T22:57:03+02:00,8774740705610,hsq-79610919100c1,"Factory wheel bearing repair kit  FE, TE, TX (125-501)  16-23","HSQ - Wheels, Out of stock, stock, synkro-clone-ktm-shop-nederland"
2024-04-20T22:29:31+02:00,8774706954570,hsq-79612955144,"Lowering kit FE, TE, TX (125-501) 17-23",HSQ - Chassis/triple clamp
2024-04-20T23:33:07+02:00,8774804472138,hsq-79613975033faa,Brake caliper carrier with brake disc protection,"HSQ - Technical Accessories, Partstream"
2024-04-20T23:37:05+02:00,8774809911626,hsq-79614901100,Factory Racing LED-Headlight,"HSQ - Technical Accessories, Partstream"
2024-04-20T23:26:25+02:00,8774797623626,hsq-79619910000,C-Spanner,"HSQ - Tool/transport, Out of stock, stock, synkro-clone-ktm-shop-nederland"
2024-04-20T23:51:52+02:00,8774824952138,hsq-79629974010,Charging cable,HSQ - Technical Accessories
2024-04-20T23:51:49+02:00,8774824919370,hsq-79629974020,Charging cable,HSQ - Technical Accessories
2024-04-20T23:27:40+02:00,8774798475594,hsq-79629974030,Charging cable,HSQ - Tool/transport
2024-04-20T22:38:50+02:00,8774715867466,hsq-79635936044,Radiator protection 125-501 FC/FE/FS/FX/TC/TE/TX  16-23,HSQ - Cooling
2024-04-20T22:37:43+02:00,8774714622282,hsq-79635941044,Radiator fan  250-501 FE/TE  17-19,HSQ - Cooling
2024-04-20T22:37:19+02:00,8774714097994,hsq-79635965044,Reservoir  150-501 FE/TE 17-23,HSQ - Cooling
2024-04-20T22:29:53+02:00,8774707282250,hsq-79701905000,"Preload adjuster set FE, TE (150-501) 20-23",HSQ - Chassis/triple clamp
2024-04-20T22:28:57+02:00,8774706430282,hsq-7970199902168a,"Factory Racing triple clamp  FE, TE (125-501) 15-23",HSQ - Chassis/triple clamp
2024-04-20T22:28:59+02:00,8774706463050,hsq-79701999021c1a,Factory Racing triple clamp,"HSQ - Chassis/triple clamp, nada-hidden"
2024-04-20T22:42:44+02:00,8774720454986,hsq-7970297900028,"Handguard kit FC, FE, FS, FX, TC, TE, TX (125-501) 14-25",HSQ - Handlebars/instruments/electrics
2024-04-20T22:42:41+02:00,8774720356682,hsq-7970297900030,"Handguard kit FC, FE, FS, FX, PIONEER, TC, TE, TX (125-660) 11-25",HSQ - Handlebars/instruments/electrics
2024-04-20T22:42:10+02:00,8774719471946,hsq-79702979000ab,"Handguard kit FC, FE, FS, FX, PIONEER, TC, TE, TX (125-660) 04-25",HSQ - Handlebars/instruments/electrics
2024-04-20T22:42:48+02:00,8774720520522,hsq-79702984044,"Wrap-around handguard kit FC, FE, FS, FX, TC, TE, TX (125-501) 14-25",HSQ - Handlebars/instruments/electrics
2024-04-20T22:41:55+02:00,8774719078730,hsq-79702988044,"Handguard bushing kit FC, FS, FX, TC, TX (125-450) 14-25",HSQ - Handlebars/instruments/electrics
2024-04-20T22:31:09+02:00,8774708560202,hsq-79703940044,Pivot Pegz,"HSQ - Technical Accessories, nada-hidden"
2024-04-20T21:58:58+02:00,8774672122186,hsq-79707088100,Fuel pump,HSQ - Technical Accessories
2024-04-20T23:40:20+02:00,8774813942090,hsq-79707088200,Fuel pump,"HSQ - Technical Accessories, Partstream"
2024-04-20T23:44:05+02:00,8774817513802,hsq-79707913055,Flange,"HSQ - Technical Accessories, Partstream"
2024-04-20T23:44:55+02:00,8774818169162,hsq-79707913150,Tank adapter left,"HSQ - Technical Accessories, Partstream"
2024-04-20T23:44:58+02:00,8774818201930,hsq-79707913151,Tank adapter right,"HSQ - Technical Accessories, Partstream"
2024-04-20T22:37:40+02:00,8774714556746,hsq-79735941044,Radiator fan  150-501 FE/TE  20-23,HSQ - Cooling
2024-04-20T23:40:49+02:00,8774814466378,hsq-79735943000,Radiator fan support,"HSQ - Technical Accessories, Partstream"
2024-04-20T22:38:35+02:00,8774715638090,hsq-79735990000,Radiator hose protection 125-501 FE/TE  20-25,HSQ - Cooling
2024-04-21T01:40:20+02:00,8775194968394,hsq-80029003000,Holding wrench,HSQ - Special tools
2024-04-21T01:40:23+02:00,8775195263306,hsq-80029004000,Gear segment,HSQ - Special tools
,,hsq-801svartpilen2024,Svartpilen 801 2024,HQV DealerNet INT
2024-04-20T22:59:31+02:00,8774744277322,hsq-80301995000,Fork protector,"HSQ - Protection, nada-hidden"
2024-04-20T22:29:25+02:00,8774706823498,hsq-80301996000,Factory start device,"HSQ - Chassis/triple clamp, nada-hidden"
2024-04-21T01:14:49+02:00,8775012385098,hsq-80302021000,"Grip set 701, FC, FE, FS, TC, TE (125-501,  Enduro) 14-20",HSQ - Original Spare Part Kits
2024-04-20T23:29:18+02:00,8774799655242,hsq-80303990000,Skid plate,"HSQ - Technical Accessories, nada-hidden"
2024-04-20T23:03:00+02:00,8774758400330,hsq-80303990500,Skid plate,"HSQ - Protection, nada-hidden"
2024-04-20T23:29:29+02:00,8774799819082,hsq-80303991100,Skid plate,"HSQ - Technical Accessories, nada-hidden"
2024-04-20T23:03:04+02:00,8774758728010,hsq-80303991500,Skid plate,"HSQ - Protection, nada-hidden"
2024-04-20T23:03:07+02:00,8774758924618,hsq-80303992500,Skid plate,"HSQ - Protection, nada-hidden"
2024-04-20T23:03:10+02:00,8774759121226,hsq-80303993500,Skid plate,"HSQ - Protection, nada-hidden"
2024-04-20T22:19:35+02:00,8774696632650,hsq-80305907000,FMF Fatty expansion chamber  2-stroke,"HSQ - Exhaust systems, nada-hidden"
2024-04-20T22:19:37+02:00,8774696698186,hsq-80305907500,FMF Fatty expansion chamber  2-stroke,"HSQ - Exhaust systems, nada-hidden"
2024-04-20T22:19:39+02:00,8774696730954,hsq-80305979000,FMF Powercore 2 silencer 2-stroke,"HSQ - Exhaust systems, nada-hidden"
2024-04-20T22:22:03+02:00,8774699909450,hsq-80305979010,FMF Powercore 2 sticker,"HSQ - Exhaust systems, nada-hidden"
2024-04-20T22:19:42+02:00,8774696763722,hsq-80305979500,FMF Powercore 2 silencer 2-stroke,"HSQ - Exhaust systems, nada-hidden"
2024-04-20T22:19:45+02:00,8774696796490,hsq-80305981000,FMF Turbinecore 2 silencer  2-stroke,"HSQ - Exhaust systems, nada-hidden"
2024-04-20T22:19:47+02:00,8774696894794,hsq-80305981500,FMF Turbinecore 2 silencer  2-stroke,"HSQ - Exhaust systems, nada-hidden"
2024-04-20T22:08:35+02:00,8774684967242,hsq-80307908044,Factory fuel cap,HSQ - Technical Accessories
2024-04-20T23:08:45+02:00,8774778061130,hsq-80307908144,Factory fuel cap,"HSQ - Technical Accessories, nada-hidden"
2024-04-20T22:07:07+02:00,8774683165002,hsq-80307940000,Seat,HSQ - Technical Accessories
2024-04-20T22:07:10+02:00,8774683197770,hsq-80307940100,Seat,HSQ - Technical Accessories
2024-04-20T22:07:14+02:00,8774683296074,hsq-80307940200,Seat,HSQ - Technical Accessories
2024-04-20T23:05:48+02:00,8774769082698,hsq-80307940300,Step up seat,"HSQ - Seats, nada-hidden"
2024-04-20T23:06:05+02:00,8774769967434,hsq-80307940400,Seat,"HSQ - Seats, nada-hidden"
2024-04-21T00:04:48+02:00,8774837272906,hsq-80307940450,Universal seat cover,Partstream
2024-04-20T23:05:51+02:00,8774769279306,hsq-80307940500,Seat,"HSQ - Seats, nada-hidden"
2024-04-20T23:05:54+02:00,8774769410378,hsq-80307940600,Seat,"HSQ - Seats, nada-hidden"
2024-04-21T00:06:03+02:00,8774838714698,hsq-80307940650,Wave seat cover,Partstream
2024-04-20T23:11:09+02:00,8774785597770,hsq-8030898800028,Start number backgrounds,"HSQ - Trim parts/decals, nada-hidden"
2024-04-20T23:11:06+02:00,8774785499466,hsq-8030898800030,Start number backgrounds,"HSQ - Trim parts/decals, nada-hidden"
2024-04-20T23:11:11+02:00,8774785728842,hsq-8030898800038,Start number backgrounds,"HSQ - Trim parts/decals, nada-hidden"
2024-04-20T23:11:16+02:00,8774786023754,hsq-8030898800067,Start number backgrounds,"HSQ - Trim parts/decals, nada-hidden"
2024-04-20T23:11:14+02:00,8774785892682,hsq-8030898800080,Start number backgrounds,"HSQ - Trim parts/decals, nada-hidden"
2024-04-20T23:10:44+02:00,8774784385354,hsq-80308990000,Factory graphics kit,"HSQ - Trim parts/decals, nada-hidden"
2024-04-21T01:28:28+02:00,8775110918474,hsq-80312002000,Document Folder,HSQ - Marketing Material
2024-04-20T23:29:16+02:00,8774799589706,hsq-80313951100,Footbrake lever step plate,"HSQ - Technical Accessories, nada-hidden"
2024-04-20T22:09:10+02:00,8774685655370,hsq-80313975044,Brake caliper support with brake disc guard,HSQ - Technical Accessories
2024-04-20T22:00:26+02:00,8774673662282,hsq-80313975144,Brake caliper support with brake disc guard,HSQ - Technical Accessories
2024-04-20T23:22:38+02:00,8774795002186,hsq-80329955100,Lift stand,HSQ - Special tools
2024-04-20T23:03:14+02:00,8774759317834,hsq-80332975044,Clutch slave cylinder protection,"HSQ - Protection, nada-hidden"
2024-04-20T22:05:52+02:00,8774681100618,hsq-80335936144,Radiator protection,HSQ - Technical Accessories
2024-04-20T22:39:03+02:00,8774715965770,hsq-80335936244,Radiator protection,"HSQ - Cooling, nada-hidden"
2024-04-20T23:59:51+02:00,8774831866186,hsq-81201937000,Lock screw M20,"HSQ - Technical Accessories, Partstream"
2024-04-21T01:08:29+02:00,8774977061194,hsq-81202021000,Grip set,HSQ - Original Spare Part Kits
2024-04-20T23:29:27+02:00,8774799786314,hsq-81202033000,Clutch reservoir cover,"HSQ - Technical Accessories, nada-hidden"
2024-04-20T23:29:32+02:00,8774799884618,hsq-81203090000,Skid plate,"HSQ - Technical Accessories, nada-hidden"
2024-04-20T23:30:17+02:00,8774800638282,hsq-81203094000,Frame protection set,"HSQ - Technical Accessories, nada-hidden"
2024-04-20T23:30:20+02:00,8774800769354,hsq-81203945000,Crash bung kit,"HSQ - Technical Accessories, nada-hidden"
2024-04-20T23:30:49+02:00,8774801129802,hsq-81203946000,Crash bung kit,"HSQ - Technical Accessories, nada-hidden"
2024-04-20T23:04:00+02:00,8774762299722,hsq-81203996044,Front sprocket cover,"HSQ - Protection, nada-hidden"
2024-04-20T23:29:39+02:00,8774800048458,hsq-81205907000,"Akrapovič header ""Evolution Line""","HSQ - Technical Accessories, nada-hidden"
2024-04-20T23:28:52+02:00,8774799360330,hsq-81206005000,Air filter cover,"HSQ - Technical Accessories, nada-hidden"
2024-04-21T01:20:06+02:00,8775039844682,hsq-81206015002,Pre-oiled air filter  390/450/570 FE  450 FX  570 FS 09-12,HSQ - Original Spare Part Kits
2024-04-20T23:29:21+02:00,8774799688010,hsq-81207908044,Factory fuel cap,"HSQ - Technical Accessories, nada-hidden"
2024-04-20T23:30:40+02:00,8774800998730,hsq-81207940000,Seat,"HSQ - Technical Accessories, nada-hidden"
2024-04-20T23:31:20+02:00,8774801752394,hsq-81207941000,Seat,"HSQ - Technical Accessories, nada-hidden"
2024-04-20T23:29:56+02:00,8774800310602,hsq-81207941100,Seat,"HSQ - Technical Accessories, nada-hidden"
,,hsq-8120800100020,Headlight shroud,Technical Accessories
2024-04-20T23:28:28+02:00,8774799098186,hsq-8120800100028,Headlight shroud,"HSQ - Technical Accessories, nada-hidden"
2024-04-20T23:28:30+02:00,8774799130954,hsq-8120800100030,Headlight shroud,"HSQ - Technical Accessories, nada-hidden"
2024-04-20T23:21:21+02:00,8774793757002,hsq-8120800110028,"Headlight shroud FE, FS, TE (125-570) 10-13",HSQ - Trim parts/decals
2024-04-20T23:21:24+02:00,8774793822538,hsq-8120800110030,Headlight shroud,"HSQ - Trim parts/decals, nada-hidden"
2024-04-20T23:28:23+02:00,8774798999882,hsq-8120801310028,Tail section,HSQ - Technical Accessories
2024-04-20T23:28:25+02:00,8774799065418,hsq-8120801310030,Tail section,"HSQ - Technical Accessories, nada-hidden"
2024-04-21T01:18:45+02:00,8775033225546,hsq-81208053110,Plastic parts set,"HSQ - Original Spare Part Kits, nada-hidden"
2024-04-21T01:18:16+02:00,8775030833482,hsq-81208053210,Plastic parts set,"HSQ - Original Spare Part Kits, nada-hidden"
2024-04-20T23:28:32+02:00,8774799163722,hsq-8120805400030,Spoiler set,"HSQ - Technical Accessories, nada-hidden"
2026-05-18T21:42:23+02:00,15665014669642,hsq-8120805400068,Spoiler set,HSQ - Trim parts/decals
2024-04-20T23:31:48+02:00,8774802243914,hsq-8120808800020,Start number backgrounds,"HSQ - Technical Accessories, nada-hidden"
2024-04-20T23:31:45+02:00,8774802211146,hsq-8120808800030,Start number backgrounds,"HSQ - Technical Accessories, nada-hidden"
2024-04-20T23:31:42+02:00,8774802145610,hsq-8120808800080,Start number backgrounds,"HSQ - Technical Accessories, nada-hidden"
2024-04-20T23:29:59+02:00,8774800343370,hsq-81208199100,Chrome graphics kit,"HSQ - Technical Accessories, nada-hidden"
2024-04-20T23:30:01+02:00,8774800376138,hsq-81208199200,Factory graphics kit,"HSQ - Technical Accessories, nada-hidden"
2024-04-20T23:30:31+02:00,8774800867658,hsq-81208199500,Factory graphics kit,"HSQ - Technical Accessories, nada-hidden"
2024-04-20T23:30:04+02:00,8774800441674,hsq-81208199600,Factory graphics kit,"HSQ - Technical Accessories, nada-hidden"
2024-04-20T23:50:49+02:00,8774823936330,hsq-8120907010030a,"Rim 1,60x21"" DID","HSQ - Technical Accessories, Partstream"
2024-04-20T23:30:14+02:00,8774800605514,hsq-81209099000,Wheel rim sticker kit,"HSQ - Technical Accessories, nada-hidden"
2024-04-20T23:55:57+02:00,8774828425546,hsq-81210010044,Rear wheel hub,"HSQ - Technical Accessories, Partstream"
2024-04-20T23:29:42+02:00,8774800081226,hsq-8121006100068,Brake disc guard,"HSQ - Technical Accessories, nada-hidden"
2024-04-20T23:50:45+02:00,8774823870794,hsq-8121007010030a,"Rim 2,15x18"" DID","HSQ - Technical Accessories, Partstream"
2024-04-20T22:02:23+02:00,8774676382026,hsq-81210072000,"Spoke nipple Quadrax M4,5",HSQ - Technical Accessories
2024-04-20T21:58:50+02:00,8774671958346,hsq-81210072100,"Spoke nipple Quadrax M4,5",HSQ - Technical Accessories
2024-04-20T23:40:15+02:00,8774813778250,hsq-81210072200,"Spoke nipple Quadrax M4,5","HSQ - Technical Accessories, Partstream"
2024-04-20T23:56:05+02:00,8774828523850,hsq-81210171181,"Spoke M4,5x0,75x181","HSQ - Technical Accessories, Partstream"
2024-04-20T22:01:39+02:00,8774675366218,hsq-8121020104430,"Rear wheel 4.25x17""",HSQ - Technical Accessories
2024-04-20T22:00:45+02:00,8774674186570,hsq-8121027000030,"Rim 4,25x17""",HSQ - Technical Accessories
2024-04-20T23:51:13+02:00,8774824395082,hsq-8121027010030,"Rim 4,25x17""","HSQ - Technical Accessories, Partstream"
2024-04-20T23:28:41+02:00,8774799262026,hsq-81212005000,Steering damper,"HSQ - Technical Accessories, nada-hidden"
2024-04-20T22:07:55+02:00,8774684115274,hsq-81212016000,Wash cap set,HSQ - Technical Accessories
2024-04-20T23:27:24+02:00,8774798278986,hsq-81212016100,Wash cap set,HSQ - Tool/transport
2024-04-20T23:30:57+02:00,8774801326410,hsq-81212073000,Plastic drum,"HSQ - Technical Accessories, nada-hidden"
2024-04-20T23:28:49+02:00,8774799327562,hsq-81212950100,Lashing strap set,"HSQ - Technical Accessories, nada-hidden"
2024-04-20T23:29:24+02:00,8774799720778,hsq-81213903000,Brake fluid reservoir and clutch reservoir cover,"HSQ - Technical Accessories, nada-hidden"
2024-04-20T22:24:59+02:00,8774702989642,hsq-81213920000,"Brake bleeder screw FC, FE, FS, FX, TC, TE, TX (125-570) 09-25",HSQ - Brakes
2024-04-20T22:04:49+02:00,8774679757130,hsq-81214050050,Sensor magnet retaining bracket,HSQ - Technical Accessories
2024-04-20T23:29:36+02:00,8774800015690,hsq-8121490100030,X2 headlight,"HSQ - Technical Accessories, nada-hidden"
2024-04-20T23:27:43+02:00,8774798508362,hsq-81229063000,Measuring cup,"HSQ - Tool/transport, nada-hidden"
2024-04-20T23:28:46+02:00,8774799294794,hsq-81229094000,Fork support,"HSQ - Technical Accessories, nada-hidden"
2024-04-20T23:30:54+02:00,8774801260874,hsq-81229955000,Lift stand,"HSQ - Technical Accessories, nada-hidden"
2024-04-20T22:00:23+02:00,8774673563978,hsq-81232063000,Clutch line,HSQ - Technical Accessories
2024-04-20T23:29:34+02:00,8774799950154,hsq-81232900000,Centrifugal force clutch,"HSQ - Technical Accessories, nada-hidden"
2024-04-20T23:03:59+02:00,8774762234186,hsq-81232975000,Clutch slave cylinder protection,"HSQ - Protection, nada-hidden"
2024-04-20T23:30:45+02:00,8774801064266,hsq-81232975044,Clutch slave cylinder protection,"HSQ - Technical Accessories, nada-hidden"
2024-04-21T00:05:00+02:00,8774837502282,hsq-81232975100,Clutch slave cylinder protection,Partstream
2024-04-20T23:31:05+02:00,8774801424714,hsq-81232975144,Clutch slave cylinder protection,"HSQ - Technical Accessories, nada-hidden"
2024-04-20T22:04:08+02:00,8774678643018,hsq-81235941044,Radiator fan,HSQ - Technical Accessories
2024-04-20T23:28:59+02:00,8774799393098,hsq-81237905000,Factory control cover,"HSQ - Technical Accessories, nada-hidden"
2024-04-20T22:01:13+02:00,8774674743626,hsq-81301900000,Bleeder valve set,HSQ - Technical Accessories
2024-04-20T22:03:27+02:00,8774677758282,hsq-8130199400049,Fork protector kit,HSQ - Technical Accessories
2024-04-20T22:59:36+02:00,8774744342858,hsq-81301995000,Fork protector,"HSQ - Protection, nada-hidden"
2024-04-20T21:57:38+02:00,8774670549322,hsq-81301996000,Factory start device,HSQ - Technical Accessories
2024-04-20T22:00:43+02:00,8774674088266,hsq-8130199902268,Factory triple clamp,HSQ - Technical Accessories
2024-04-20T22:08:57+02:00,8774685360458,hsq-81302033000,Clutch reservoir cover,HSQ - Technical Accessories
2024-04-20T22:01:21+02:00,8774674973002,hsq-8130290100068,Renthal Twinwall handlebar,HSQ - Technical Accessories
2024-04-20T22:48:59+02:00,8774728712522,hsq-81302901050,"Handlebar pad 701 FC, FE, FS, FX, PIONEER, TC, TE, TX (125-660W ENDURO, SUPERMOTO) 14-25","HSQ - Handlebars/instruments/electrics, Out of stock"
2024-04-20T22:40:35+02:00,8774716916042,hsq-81302922000,Mud grips,"HSQ - Handlebars/instruments/electrics, nada-hidden"
2024-04-20T22:40:37+02:00,8774716948810,hsq-81302925000,Throttle twist grip,"HSQ - Handlebars/instruments/electrics, nada-hidden"
2024-04-20T22:40:41+02:00,8774717047114,hsq-81302925500,Quick turn throttle twist grip,"HSQ - Handlebars/instruments/electrics, nada-hidden"
2024-04-20T22:13:44+02:00,8774690439498,hsq-8130293104468,Flex clutch lever,"HSQ - Handlebars/instruments/electrics, nada-hidden"
2024-04-20T22:26:53+02:00,8774704693578,hsq-81302933044,"Clutch reservoir cover 701 FC, FE, FS, FX, TC, TE, TX  14-23","anodized, HSQ - CNC-parts"
2024-04-20T22:48:34+02:00,8774728122698,hsq-81302944000,"Clamp 701 FC, FE, FX, TC, TE, TX (65-501 Enduro, Supermoto) 14-25",HSQ - Handlebars/instruments/electrics
2024-04-20T23:29:07+02:00,8774799491402,hsq-81302965000,Grip donut set,"HSQ - Technical Accessories, nada-hidden"
2024-04-20T22:40:46+02:00,8774717178186,hsq-81302965500,"Grip donut set 701 EE, FC, FE, FS, FX, TC, TE, TX (2-501 ENDURO, SUPERMOTO) 14-25",HSQ - Handlebars/instruments/electrics
2024-04-20T23:10:47+02:00,8774784516426,hsq-81302990000,Handguard sticker set,HSQ - Trim parts/decals
2024-04-20T23:30:42+02:00,8774801031498,hsq-81303990000,Skid plate,"HSQ - Technical Accessories, nada-hidden"
2024-04-20T22:13:35+02:00,8774690308426,hsq-81303990500,Skid plate,"HSQ - Protection, nada-hidden"
2024-04-20T23:31:07+02:00,8774801457482,hsq-81303991000,Skid plate,"HSQ - Technical Accessories, nada-hidden"
2024-04-20T23:04:15+02:00,8774763282762,hsq-81303991500,Skid plate,"HSQ - Protection, nada-hidden"
2024-04-20T23:04:18+02:00,8774763446602,hsq-81303992500,Skid plate,"HSQ - Protection, nada-hidden"
2024-04-20T23:04:21+02:00,8774763675978,hsq-81303993500,Skid plate,"HSQ - Protection, nada-hidden"
2024-04-20T23:31:03+02:00,8774801391946,hsq-81303994000,Frame protection set,"HSQ - Technical Accessories, nada-hidden"
2024-04-20T22:08:04+02:00,8774684279114,hsq-81303999000,Frame protection sticker set,"HSQ - Technical Accessories, nada-hidden"
2024-04-20T23:00:00+02:00,8774745620810,hsq-81303999100,Frame protection sticker set,"HSQ - Trim parts/decals, nada-hidden"
2024-04-20T22:13:32+02:00,8774690242890,hsq-81304905000,Preload adjuster,"HSQ - Chassis/triple clamp, nada-hidden"
2024-04-20T22:29:22+02:00,8774706790730,hsq-8130499004468,Factory linkage,"HSQ - Chassis/triple clamp, nada-hidden"
2024-04-20T22:07:17+02:00,8774683361610,hsq-81305981000,FMF Powercore 4 silencer,"HSQ - Technical Accessories, nada-hidden"
2024-04-20T22:17:01+02:00,8774693912906,hsq-81305981100,FMF Powercore 4 silencer  4-stroke,"HSQ - Exhaust systems, nada-hidden"
2024-04-20T22:22:06+02:00,8774700007754,hsq-81305981150,FMF Powercore 4 sticker,"HSQ - Exhaust systems, nada-hidden"
2024-04-20T23:21:15+02:00,8774793691466,hsq-8130600300028,Air filter cover 125-501 TC/FC/TE/FE 13-16,HSQ - Trim parts/decals
2024-04-20T23:21:09+02:00,8774793593162,hsq-8130600300030,Air filter cover,"HSQ - Trim parts/decals, nada-hidden"
2024-04-20T23:31:28+02:00,8774801916234,hsq-8130600300068,Air filter cover,"HSQ - Technical Accessories, nada-hidden"
2024-04-20T23:21:12+02:00,8774793625930,hsq-81306003000h1,"Air filter cover FC, FE, FS, TC, TE (125-501) 14-16",HSQ - Trim parts/decals
2024-04-20T23:21:05+02:00,8774793560394,hsq-8130600400028,AIRBOX COVER R/S TE/FE 16 WITH GRAPHIC,Partstream
2024-04-20T23:21:19+02:00,8774793724234,hsq-8130600400030,Air filter cover,"HSQ - Trim parts/decals, nada-hidden"
2024-04-20T23:31:30+02:00,8774801949002,hsq-8130600400068,Air filter cover,"HSQ - Technical Accessories, nada-hidden"
2024-04-20T23:21:03+02:00,8774793527626,hsq-81306004000h1,"Air filter cover FC, FE, FS, TC, TE (125-501) 14-16",HSQ - Trim parts/decals
2024-04-20T23:08:51+02:00,8774778421578,hsq-81307908044,"Factory fuel cap FE, TC, TE, TX (250-300) 15-23",HSQ - Technical Accessories
2024-04-20T23:08:48+02:00,8774778257738,hsq-81307930000,"Factory fuel cap vent FC, FE, FS, FX, TC, TE, TX (125-501) 14-25",HSQ - Technical Accessories
2024-04-20T23:30:38+02:00,8774800933194,hsq-81307940000,Seat,"HSQ - Technical Accessories, nada-hidden"
2024-04-20T23:30:34+02:00,8774800900426,hsq-81307940100,Seat,"HSQ - Technical Accessories, nada-hidden"
2024-04-20T22:07:20+02:00,8774683492682,hsq-81307940500,Seat,HSQ - Technical Accessories
2024-04-20T22:07:26+02:00,8774683558218,hsq-81307940600,Seat,HSQ - Technical Accessories
2024-04-20T23:20:56+02:00,8774793462090,hsq-8130800704428,"FRONT NUMBER PLATE FC, FS, TC (125-450) 14-16",HSQ - Trim parts/decals
2024-04-20T23:21:00+02:00,8774793494858,hsq-8130800704430,FRONT NUMBER PLATE,"HSQ - Trim parts/decals, nada-hidden"
2024-04-20T23:20:53+02:00,8774793429322,hsq-81308007044h1,Start number plate,"HSQ - Trim parts/decals, nada-hidden"
2024-04-20T23:20:47+02:00,8774793298250,hsq-8130801010028,Fender,"HSQ - Trim parts/decals, nada-hidden"
2024-04-20T23:20:50+02:00,8774793396554,hsq-8130801010030,Fender,"HSQ - Trim parts/decals, nada-hidden"
2024-04-20T23:31:33+02:00,8774802014538,hsq-8130801010068,Fender,"HSQ - Technical Accessories, nada-hidden"
2024-04-20T23:20:43+02:00,8774793265482,hsq-81308010100h1,Fender,"HSQ - Trim parts/decals, nada-hidden"
2024-04-20T23:20:38+02:00,8774793101642,hsq-8130801300028,Fender,"HSQ - Trim parts/decals, nada-hidden"
2024-04-20T23:20:40+02:00,8774793199946,hsq-8130801300030,Fender,"HSQ - Trim parts/decals, nada-hidden"
2024-04-20T23:31:36+02:00,8774802047306,hsq-8130801300068,Fender,HSQ - Technical Accessories
2024-04-20T23:20:32+02:00,8774792970570,hsq-8130801310028,"Fender FC, FS, TC (125-450) 14-16",HSQ - Trim parts/decals
2024-04-20T23:20:35+02:00,8774793068874,hsq-8130801310030,Fender,"HSQ - Trim parts/decals, nada-hidden"
2024-04-21T01:18:57+02:00,8775034077514,hsq-81308053010,Plastic parts set,"HSQ - Original Spare Part Kits, nada-hidden"
2024-04-21T01:19:03+02:00,8775034634570,hsq-81308053210,Plastic parts set,"HSQ - Original Spare Part Kits, nada-hidden"
2024-04-21T01:18:20+02:00,8775031161162,hsq-81308053310,Plastic parts set,"HSQ - Original Spare Part Kits, nada-hidden"
2024-04-20T23:21:55+02:00,8774794314058,hsq-8130805400028,Spoiler set,"HSQ - Trim parts/decals, nada-hidden"
2024-04-20T23:20:29+02:00,8774792937802,hsq-8130805400030,Spoiler set,"HSQ - Trim parts/decals, nada-hidden"
2024-04-20T23:31:39+02:00,8774802080074,hsq-8130805400068,Spoiler set,"HSQ - Technical Accessories, nada-hidden"
2024-04-20T23:20:23+02:00,8774792839498,hsq-81308054000h1,Spoiler set,"HSQ - Trim parts/decals, nada-hidden"
2024-04-20T23:20:17+02:00,8774792741194,hsq-8130811000028,"Fender FC, FE, TC, TE (125-501) 14-16",HSQ - Trim parts/decals
2024-04-20T23:20:20+02:00,8774792773962,hsq-8130811000030,Fender,"HSQ - Trim parts/decals, nada-hidden"
2024-04-20T23:20:14+02:00,8774792708426,hsq-81308110000h1,Fender,"HSQ - Trim parts/decals, nada-hidden"
2024-04-20T23:20:10+02:00,8774792610122,hsq-8130850104428,"Headlight shroud FE, TE (125-501) 15-16",HSQ - Trim parts/decals
2024-04-20T23:20:11+02:00,8774792642890,hsq-81308501044h1,Headlight shroud,"HSQ - Trim parts/decals, nada-hidden"
2024-04-20T23:31:56+02:00,8774802342218,hsq-8130898800028,Start number backgrounds,"HSQ - Technical Accessories, nada-hidden"
2024-04-20T23:31:53+02:00,8774802309450,hsq-8130898800030,Start number backgrounds,"HSQ - Technical Accessories, nada-hidden"
2024-04-20T23:31:51+02:00,8774802276682,hsq-8130898800080,Start number backgrounds,"HSQ - Technical Accessories, nada-hidden"
2024-04-20T23:11:22+02:00,8774786187594,hsq-8130898850028,Start number backgrounds,"HSQ - Trim parts/decals, nada-hidden"
2024-04-20T23:11:19+02:00,8774786154826,hsq-8130898850030,Start number backgrounds,"HSQ - Trim parts/decals, nada-hidden"
2024-04-20T23:11:27+02:00,8774786253130,hsq-8130898850038,Start number backgrounds,"HSQ - Trim parts/decals, nada-hidden"
2024-04-20T23:11:36+02:00,8774786351434,hsq-8130898850067,Start number backgrounds,"HSQ - Trim parts/decals, nada-hidden"
2024-04-20T23:11:32+02:00,8774786285898,hsq-8130898850080,Start number backgrounds,"HSQ - Trim parts/decals, nada-hidden"
2024-04-20T23:11:54+02:00,8774786580810,hsq-81308990000,Factory graphics kit,"HSQ - Trim parts/decals, nada-hidden"
2024-04-20T23:10:53+02:00,8774784778570,hsq-81308990100,Factory graphics kit,HSQ - Trim parts/decals
2024-04-20T23:10:56+02:00,8774784942410,hsq-81308999000,"Radiator protection grille sticker kit FC, FE, FS, TC, TE (125-501) 14-16",HSQ - Trim parts/decals
2024-04-20T22:01:45+02:00,8774675464522,hsq-8130996100030,Brake disc guard,HSQ - Technical Accessories
2024-04-21T00:02:25+02:00,8774834225482,hsq-81309961010,Brake disc guard,Partstream
2024-04-20T22:24:34+02:00,8774702727498,hsq-8130996110030,Brake disc guard,"HSQ - Protection, nada-hidden"
2024-04-20T22:57:53+02:00,8774742049098,hsq-81309999000,Wheel rim sticker kit,"HSQ - Wheels, nada-hidden"
2026-05-18T21:42:44+02:00,15665014964554,hsq-8131095104501,Supersprox stealth rear sprocket,HSQ - Chains/Sprockets
2024-04-20T22:36:08+02:00,8774713147722,hsq-813109510xx68,"Supersprox stealth rear sprocket 701 FC, FE, FS, FX, TC, TE, TX (125-570 ENDURO, SUPERMOTO) 42 t/m 52T 09-25",HSQ - Chains/Sprockets
2024-04-20T22:07:23+02:00,8774683525450,hsq-8131096100068,Brake disc guard,HSQ - Technical Accessories
2024-04-20T22:24:14+02:00,8774702399818,hsq-8131096120068,"Brake disc guard FC, FE, FS, FX, TC, TE, TX (125-501) 14-25",HSQ - Brakes
2024-04-20T21:57:08+02:00,8774669959498,hsq-81312905000,Factory steering damper,HSQ - Technical Accessories
2024-04-20T22:02:50+02:00,8774676971850,hsq-81312906000,Service pit mat,HSQ - Technical Accessories
2024-04-20T23:24:26+02:00,8774796280138,hsq-81312906100,Service pit mat,"HSQ - Tool/transport, nada-hidden"
2024-04-20T22:08:23+02:00,8774684705098,hsq-81312907000,Protective cover,HSQ - Technical Accessories
2024-04-20T23:24:07+02:00,8774796116298,hsq-81312907100,Protective outdoor cover,HSQ - Tool/transport
2026-05-18T21:42:46+02:00,15665014997322,hsq-81312907200,Protective outdoor cover,HSQ - Tool/transport
2024-04-20T21:56:51+02:00,8774669697354,hsq-81312920000,Hourmeter,HSQ - Technical Accessories
2024-04-20T22:45:31+02:00,8774724256074,hsq-81312920100,"Hourmeter FC, FE, FS, FX, SVARTPILEN, TC, TE, TX, VITPILEN (65-501) 14-25",HSQ - Handlebars/instruments/electrics
2024-04-20T23:23:58+02:00,8774796017994,hsq-81312950000,Lashing strap set,HSQ - Tool/transport
2024-04-20T22:03:25+02:00,8774677725514,hsq-81312973000,Plastic drum,HSQ - Technical Accessories
2024-04-20T23:45:03+02:00,8774818267466,hsq-81312973001,Sticker,"HSQ - Technical Accessories, Partstream"
2024-04-20T22:44:53+02:00,8774723404106,hsq-8131390204468,Flex brake lever,"HSQ - Handlebars/instruments/electrics, nada-hidden"
2024-04-20T22:26:46+02:00,8774704529738,hsq-81313903000,"Brake fluid reservoir and clutch reservoir cover FC, FE, FS, FX, TC, TE, TX (125-501) 14-25","anodized, HSQ - CNC-parts"
2024-04-20T22:25:17+02:00,8774703284554,hsq-8131395100068,"Footbrake lever step plate 701 FC, FE, FS, TC, TE (125-501, ENDURO, SUPERMOTO) 14-24","anodized, HSQ - CNC-parts"
2024-04-20T22:00:16+02:00,8774673432906,hsq-8131396100068,Footbrake cylinder extender,HSQ - Technical Accessories
2024-04-20T22:26:49+02:00,8774704628042,hsq-8131396200068,"Brake fluid reservoir cover FC, FE, FS, FX, TC, TE, TX (125-501) 14-25","anodized, HSQ - CNC-parts"
2024-04-20T22:07:30+02:00,8774683656522,hsq-81313975044,Brake caliper support with brake disc guard,HSQ - Technical Accessories
2024-04-21T00:02:01+02:00,8774833733962,hsq-8131397513068,Brake disc guard,"HSQ - Technical Accessories, Partstream"
2024-04-20T22:03:19+02:00,8774677594442,hsq-81313975144,Brake caliper support with brake disc guard,HSQ - Technical Accessories
2024-04-21T00:00:58+02:00,8774832521546,hsq-8131397523068,Brake disc guard,"HSQ - Technical Accessories, Partstream"
2024-04-20T22:25:20+02:00,8774703350090,hsq-81313975244,"Brake caliper support with brake disc guard FC, FE, TC, TE (125- 501) 14-17",HSQ - Brakes
2024-04-20T22:44:58+02:00,8774723502410,hsq-8131399204468,"Brake lever FC, FE, FX, TC, TE, TX (125-501) 14-25",HSQ - Handlebars/instruments/electrics
2024-04-20T22:46:06+02:00,8774725108042,hsq-8131490100028,X2 headlight,"HSQ - Handlebars/instruments/electrics, nada-hidden"
2024-04-20T21:55:49+02:00,8774668484938,hsq-81319910000,C-Spanner,HSQ - Technical Accessories
2024-04-20T23:23:08+02:00,8774795460938,hsq-81329155000,Bike stand,HSQ - Marketing Material
2024-04-20T22:08:52+02:00,8774685294922,hsq-81329930000,Pit board,HSQ - Technical Accessories
2024-04-20T23:24:17+02:00,8774796181834,hsq-81329930100,Pit board,"HSQ - Tool/transport, nada-hidden"
2024-04-20T22:06:08+02:00,8774681559370,hsq-81329955000,Lift stand,"HSQ - Technical Accessories, nada-hidden"
2024-04-20T23:22:36+02:00,8774794969418,hsq-81329955100,Lift stand,HSQ - Special tools
2024-04-20T23:27:03+02:00,8774798016842,hsq-81329965000h1,Oil bottle,HSQ - Tool/transport
2024-04-20T23:27:06+02:00,8774798049610,hsq-81329994000,Fork seal doctor,"HSQ - Tool/transport, nada-hidden"
2024-04-20T23:24:05+02:00,8774796083530,hsq-81329994000h1,Fork support,"HSQ - Tool/transport, nada-hidden"
2024-04-20T22:05:28+02:00,8774680510794,hsq-81330920000,Oil plug,HSQ - Technical Accessories
2024-04-20T22:27:59+02:00,8774705578314,hsq-8133092600068,Outer clutch cover,"anodized, HSQ - CNC-parts, nada-hidden"
2024-04-20T22:28:02+02:00,8774705643850,hsq-8133092650068,Outer clutch cover,"anodized, HSQ - CNC-parts, nada-hidden"
2024-04-21T00:04:05+02:00,8774836388170,hsq-81332975000,Clutch slave cylinder protection,Partstream
2024-04-20T23:31:10+02:00,8774801523018,hsq-81332975044,Clutch slave cylinder protection,"HSQ - Technical Accessories, nada-hidden"
2024-04-21T00:04:08+02:00,8774836453706,hsq-81332976000,Clutch slave cylinder protection,Partstream
2024-04-20T23:31:12+02:00,8774801588554,hsq-81332976044,Clutch slave cylinder protection,HSQ - Technical Accessories
2024-04-20T23:04:23+02:00,8774763807050,hsq-81332976544,Clutch slave cylinder protection,"HSQ - Protection, nada-hidden"
2024-04-21T00:04:11+02:00,8774836519242,hsq-81332977000,Clutch slave cylinder protection,Partstream
2024-04-20T23:31:15+02:00,8774801621322,hsq-81332977044,Clutch slave cylinder protection,"HSQ - Technical Accessories, nada-hidden"
2024-04-20T23:04:29+02:00,8774764134730,hsq-81332977544,Clutch slave cylinder protection,"HSQ - Protection, nada-hidden"
2024-04-20T23:29:01+02:00,8774799425866,hsq-81335936044,Radiator protection,"HSQ - Technical Accessories, nada-hidden"
2024-04-20T22:04:26+02:00,8774679167306,hsq-81335941044,Radiator fan,HSQ - Technical Accessories
2024-04-20T22:04:32+02:00,8774679265610,hsq-81335941144,Radiator fan,HSQ - Technical Accessories
2024-04-20T22:37:48+02:00,8774714753354,hsq-81335941244,Radiator fan,"HSQ - Cooling, nada-hidden"
2024-04-20T22:00:30+02:00,8774673760586,hsq-81337905000,Factory control cover,HSQ - Technical Accessories
2024-04-20T22:28:06+02:00,8774705709386,hsq-81338904500,Oil pump cover,"anodized, HSQ - CNC-parts, nada-hidden"
2024-04-20T23:30:09+02:00,8774800539978,hsq-81338941000,Factory oil filter cover,"HSQ - Technical Accessories, nada-hidden"
2024-04-20T22:03:02+02:00,8774677266762,hsq-81338941500,Factory oil filter cover,HSQ - Technical Accessories
2024-04-20T23:29:04+02:00,8774799458634,hsq-81338942000,Factory oil filter cover,"HSQ - Technical Accessories, nada-hidden"
2024-04-20T23:31:17+02:00,8774801719626,hsq-81338943000,Factory oil filter cover,"HSQ - Technical Accessories, nada-hidden"
2024-04-20T22:28:11+02:00,8774705742154,hsq-81338943500,"Factory oil filter cover 701, FC, FE, FS (450, 501, 501S, ENDURO, SUPERMOTO) 14-24","anodized, HSQ - CNC-parts"
2024-04-20T22:17:17+02:00,8774694142282,hsq-81705907000,Akrapovič header  Evolution Line  4-stroke,"HSQ - Exhaust systems, nada-hidden"
2024-04-20T23:44:42+02:00,8774817972554,hsq-83008000012,Special screw M6x12x3,"HSQ - Technical Accessories, Partstream"
2026-05-18T21:42:55+02:00,15665015193930,hsq-90129002000,Holder and fitting for work stand,HSQ - Special tools
2024-04-21T01:43:47+02:00,8775218299210,hsq-90129005000,Protection cap,HSQ - Special tools
2024-04-21T01:43:02+02:00,8775212532042,hsq-90129009000,Puller,HSQ - Special tools
2024-04-21T01:40:45+02:00,8775198015818,hsq-90129012000,Holding wrench,HSQ - Special tools
2024-04-21T01:43:05+02:00,8775212859722,hsq-90129018000,Puller,HSQ - Special tools
2024-04-21T01:44:00+02:00,8775220003146,hsq-90129019000,Protection cap,HSQ - Special tools
2024-04-21T01:48:22+02:00,8775256441162,hsq-90129020000,Pressing tool,HSQ - Special tools
2024-04-21T01:39:09+02:00,8775190806858,hsq-90129021000,Groove nut wrench,HSQ - Special tools
2024-04-21T01:39:12+02:00,8775190872394,hsq-90129022000,Groove nut wrench,HSQ - Special tools
2024-04-21T01:47:37+02:00,8775250608458,hsq-90129026000,Limit plug gage,HSQ - Special tools
2024-04-21T01:46:45+02:00,8775243071818,hsq-90129030000,Insertion for piston ring lock,HSQ - Special tools
2024-04-21T01:43:14+02:00,8775213908298,hsq-90129048100,Puller,HSQ - Special tools
2024-04-21T01:39:15+02:00,8775190905162,hsq-90129050100,Groove nut wrench,HSQ - Special tools
2024-04-21T01:40:25+02:00,8775195525450,hsq-90129051000,Hook wrench,HSQ - Special tools
2024-04-21T01:48:25+02:00,8775256703306,hsq-90129056000,Pressing tool,HSQ - Special tools
2024-04-21T01:47:41+02:00,8775251427658,hsq-90129060000,Insert for valve spring lever,HSQ - Special tools
2024-04-21T01:40:47+02:00,8775198507338,hsq-90129081100,Gear segment,HSQ - Special tools
2024-04-21T01:42:01+02:00,8775205388618,hsq-90129094000,Oil pressure adapter,HSQ - Special tools
2024-04-21T00:08:33+02:00,8774841827658,hsq-90135001001,Silent block,"HSQ - Technical Accessories, Partstream"
2024-04-20T22:27:26+02:00,8774705217866,hsq-9013890600030,"Oil filter cover SVARTPILEN, VITPILEN (125, 200, 250, 401) 18-23","anodized, HSQ - CNC-parts"
2024-04-20T23:42:50+02:00,8774816497994,hsq-90203923000,Side stand,"HSQ - Technical Accessories, Partstream"
2024-04-20T23:01:48+02:00,8774753190218,hsq-9021293200030,"Roadlok SVARTPILEN, VITPILEN (125, 200, 250, 401) 2018-2023",HSQ - Protection
2026-05-18T21:43:00+02:00,15665015226698,hsq-90212932100c1,Roadlok,HSQ - Protection
2024-04-21T01:43:17+02:00,8775214235978,hsq-90229009000,Puller,HSQ - Special tools
2024-04-20T23:32:29+02:00,8774803423562,hsq-90235001001,Silent block,"HSQ - Technical Accessories, Partstream"
2024-04-20T22:44:19+02:00,8774722715978,hsq-90502931244c1,"Clutch lever SVARTPILEN, VITPILEN (125-701) 18-23",HSQ - Handlebars/instruments/electrics
2024-04-20T22:26:04+02:00,8774704005450,hsq-9081390300030,"Brake fluid reservoir cover SVARTPILEN, VITPILEN (125, 200, 250, 401) 18-23","anodized, HSQ - CNC-parts"
2026-05-18T21:43:03+02:00,15665015325002,hsq-910101xx,Shock spring,HSQ - Technical Accessories
2026-05-18T21:43:11+02:00,15665015521610,hsq-910103xx1,Shock absorber spring,HSQ - Suspension
2026-05-18T21:43:15+02:00,15665015587146,hsq-9101040x,Shock spring,HSQ - Technical Accessories
2026-05-18T21:43:20+02:00,15665015652682,hsq-910104xx,Shock absorber spring,HSQ - Suspension
2026-05-18T21:43:17+02:00,15665015619914,hsq-910104xxs,Shock absorber spring,HSQ - Suspension
2026-05-18T21:43:06+02:00,15665015390538,hsq-91010xxxs,Shock absorber spring,HSQ - Suspension
2026-05-18T21:43:25+02:00,15665015849290,hsq-9121012x,Shock absorber spring,HSQ - Suspension
2026-05-18T21:43:22+02:00,15665015816522,hsq-912101xx,Shock absorber spring,HSQ - Suspension
2026-05-18T21:43:27+02:00,15665015914826,hsq-91310067s,Shock absorber spring,HSQ - Suspension
2024-04-20T22:29:33+02:00,8774706987338,hsq-91410051s,Factory fork spring set,"HSQ - Chassis/triple clamp, nada-hidden"
2024-04-20T22:29:37+02:00,8774707052874,hsq-91410053s,Factory fork spring set,"HSQ - Chassis/triple clamp, nada-hidden"
2026-05-18T21:43:35+02:00,15665016111434,hsq-914101xx,Fork spring set,HSQ - Suspension
2026-05-18T21:43:38+02:00,15665016209738,hsq-914101xxs,Fork spring set,HSQ - Technical Accessories
2026-05-18T21:43:32+02:00,15665016013130,hsq-91410xxxs,Fork spring set,HSQ - Suspension
2024-04-20T23:49:24+02:00,8774822527306,hsq-93008916010,Splash protection,"HSQ - Technical Accessories, Partstream"
2026-05-18T21:43:40+02:00,15665016308042,hsq-9301021xs,Shock absorber spring,HSQ - Suspension
2026-05-18T21:43:43+02:00,15665016373578,hsq-9301022xs,Shock absorber spring,HSQ - Suspension
2026-05-18T21:43:45+02:00,15665016406346,hsq-930102xxs,Shock absorber spring,HSQ - Suspension
2024-04-20T22:45:50+02:00,8774724813130,hsq-93011942044,"USB-A power outlet kit 701 SVARTPILEN (200, 250, 401, 701 ENDURO, SUPERMOTO) 16-24",HSQ - Handlebars/instruments/electrics
2024-04-20T21:57:35+02:00,8774670483786,hsq-9301395004430,Brake lever,HSQ - Technical Accessories
2024-04-20T22:44:16+02:00,8774722650442,hsq-93013950144c1,"Brake lever SVARTPILEN, VITPILEN (125, 200, 250, 401) 18-23",HSQ - Handlebars/instruments/electrics
2024-04-21T01:48:27+02:00,8775257194826,hsq-93829043000,Pressing tool,HSQ - Special tools
2024-04-20T23:32:28+02:00,8774803390794,hsq-94303923000c1,Seitenständer kurz,"HSQ - Technical Accessories, Partstream"
2024-04-20T23:33:00+02:00,8774804275530,hsq-94507947010,Pillion seat bottom,"HSQ - Technical Accessories, Partstream"
2024-04-20T22:45:12+02:00,8774723764554,hsq-94511942000,"USB-C power outlet kit 701 NORDEN, SVARTPILEN, VITPILEN (125-901 ENDURO, SUPERMOTO) 16-25",HSQ - Handlebars/instruments/electrics
2026-05-18T21:43:49+02:00,15665016537418,hsq-9501003xs,Fork spring set,HSQ - Suspension
2024-04-20T22:23:07+02:00,8774701154634,hsq-95810960000,"Wave brake disc SVARTPILEN/VITPILEN (125, 200, 250, 401)  18-23",HSQ - Brakes
2024-04-20T22:45:23+02:00,8774723993930,hsq-95811943000,USB-A adapter NORDEN (901) 22-25,"HSQ - Handlebars/instruments/electrics, Out of stock"
2025-06-11T07:58:30+02:00,10230407823690,hsq-95812964100,Heating control unit,Partstream
2024-04-20T22:48:18+02:00,8774727827786,hsq-96002908044,"Handlebar end mirror adapter kit SVARTPILEN, VITPILEN (125, 250, 401) 2024",HSQ - Handlebars/instruments/electrics
2025-06-11T07:58:07+02:00,10230407168330,hsq-96002909000,Handlebar end adapters,Partstream
2024-04-20T23:32:23+02:00,8774803194186,hsq-96005979050,Heat protection kit,"HSQ - Technical Accessories, Partstream"
2024-04-20T23:32:22+02:00,8774803161418,hsq-96005979060,Manifold assembly kit,"HSQ - Technical Accessories, Partstream"
2025-01-09T08:53:37+01:00,9637444714826,hsq-96005979100,"Akrapovič ""Slip-on Line""",HSQ - Exhaust systems
2026-05-18T21:43:53+02:00,15665016602954,hsq-96005979200,Akrapovič &quot;Slip-on Line&quot;,HSQ - Exhaust systems
2024-04-20T22:09:43+02:00,8774686212426,hsq-96005979500,"REMUS slip-on silencer SVARTPILEN, VITPILEN (125, 250, 401) 2024",HSQ - Exhaust systems
2024-04-20T22:09:42+02:00,8774686179658,hsq-96005979500c1,"REMUS slip-on silencer SVARTPILEN, VITPILEN (125, 250, 401) 2024",HSQ - Exhaust systems
2024-04-20T23:32:15+02:00,8774802899274,hsq-96005979510,Damping material kit,"HSQ - Technical Accessories, Partstream"
2024-04-20T23:32:14+02:00,8774802866506,hsq-96005979520,Repair kit,"HSQ - Technical Accessories, Partstream"
2024-04-20T23:32:10+02:00,8774802669898,hsq-96005979520c1,Repair kit,"HSQ - Technical Accessories, Partstream"
2024-04-20T23:32:13+02:00,8774802800970,hsq-96005979530,Noise reduction insert,"HSQ - Technical Accessories, Partstream"
2024-04-20T23:32:11+02:00,8774802702666,hsq-96005979550,silencer cap,"HSQ - Technical Accessories, Partstream"
2024-04-20T23:32:12+02:00,8774802768202,hsq-96005979560,mounting kit,"HSQ - Technical Accessories, Partstream"
2024-04-20T23:32:16+02:00,8774802932042,hsq-96005979580,Silencer kit,"HSQ - Technical Accessories, Partstream"
2024-04-20T23:32:08+02:00,8774802637130,hsq-96005979580c1,Silencer kit,"HSQ - Technical Accessories, Partstream"
2026-05-18T21:43:57+02:00,15665016766794,hsq-96005979600,REMUS slip-on silencer,HSQ - Exhaust systems
2026-05-18T21:43:59+02:00,15665016832330,hsq-96005979600c1,REMUS slip-on silencer,HSQ - Exhaust systems
2025-01-09T08:52:56+01:00,9637444125002,hsq-96011944044,Heated grip kit 125/401/801 SVARTPILEN/VITPILEN 24-25,"Grips, HSQ - Technical Accessories"
2025-01-09T08:55:46+01:00,9637446189386,hsq-96012968044c1,Crash bar kit 125/401 Vitpilen  125/250/401 Svartpilen  2024,HSQ - Protection
2024-04-21T09:56:46+02:00,8775766376778,hsq-96013903000c1a,"Brake reservoir cover SVARTPILEN, VITPILEN (125, 250, 401) 2024","anodized, HSQ - CNC-parts"
2024-04-21T01:37:57+02:00,8775184023882,hsq-96029002000,Engine bracket for engine assembly stand,HSQ - Special tools
2024-04-21T01:39:23+02:00,8775191036234,hsq-96029003001,Spanner wrench,HSQ - Special tools
2024-04-21T01:43:23+02:00,8775214956874,hsq-96029005001,Protecting sleeve,HSQ - Special tools
2024-04-21T01:46:59+02:00,8775245136202,hsq-96029026000,Limit plug gauge,HSQ - Special tools
2024-04-21T01:41:05+02:00,8775200768330,hsq-96029030000,Camshaft gauge,HSQ - Special tools
2024-04-21T01:42:11+02:00,8775206863178,hsq-96029048000,Puller,HSQ - Special tools
2024-04-21T01:44:03+02:00,8775220429130,hsq-96029055000,Floor jack attachment,HSQ - Special tools
2024-04-21T01:39:17+02:00,8775190937930,hsq-96029075000,Holding nut,HSQ - Special tools
2024-04-21T01:41:08+02:00,8775200964938,hsq-96029094000,Oil pressure adapter,HSQ - Special tools
2024-07-20T10:48:58+02:00,9391420047690,hsq-96035936044,"Radiator protection grille SVARTPILEN, VITPILEN (125, 250, 401) 2024",HSQ - Cooling
2024-04-21T01:46:28+02:00,8775240614218,hsq-96229036000,Insertion tool for piston ring lock,HSQ - Special tools
2025-08-01T09:34:50+02:00,10316823724362,hsq-96300980000,Cruise control,HSQ - Technical Accessories
2025-06-11T07:57:31+02:00,10230406611274,hsq-96302112000,Handle tube with heating,Partstream
2025-06-11T07:57:29+02:00,10230406578506,hsq-96302139000,Fixed grip with heating,Partstream
2024-04-20T22:43:56+02:00,8774722158922,hsq-96302931044c1a,"Clutch lever SVARTPILEN, VITPILEN (125, 250, 401) 2024",HSQ - Handlebars/instruments/electrics
2024-04-20T23:32:24+02:00,8774803325258,hsq-96305099700,Plate nut,"HSQ - Technical Accessories, Partstream"
2024-04-20T22:25:23+02:00,8774703382858,hsq-96310983044c1a,"Chain tension adjuster kit SVARTPILEN, VITPILEN (125, 250, 401) 2024","anodized, HSQ - CNC-parts"
2024-04-29T15:40:23+02:00,8790117122378,hsq-96311170000,"Combination switch SVARTPILEN, VITPILEN (801) 24-25",HSQ - Handlebars/instruments/electrics
2025-06-11T07:58:10+02:00,10230407299402,hsq-96311986000,Adapter cable HCU,Partstream
2024-07-20T10:48:52+02:00,9391419883850,hsq-96312955044,"Lowering kit SVARTPILEN, VITPILEN (125, 401) 2024",HSQ - Chassis/triple clamp
2024-04-20T22:43:58+02:00,8774722224458,hsq-96313950044c1a,"Brake lever SVARTPILEN, VITPILEN (125, 250, 401) 2024",HSQ - Handlebars/instruments/electrics
2026-05-18T21:44:05+02:00,15665016930634,hsq-96314086000,Connectivity Unit,HSQ - Handlebars/instruments/electrics
2024-04-21T01:41:03+02:00,8775200538954,hsq-96329094000,Oil pressure adapter,HSQ - Special tools
2024-04-29T15:41:19+02:00,8790120792394,hsq-a30007940200,Seat 50 TC  24-25,HSQ - Seats
2024-04-21T18:14:24+02:00,8776353382730,hsq-a30507940000,Seat  65 TC  24-25,HSQ - Seats
2024-04-20T23:04:57+02:00,8774766690634,hsq-a30507940200,Seat,HSQ - Seats
2025-01-09T08:56:10+01:00,9637446484298,hsq-a31007940000,Seat,HSQ - Seats
2025-01-09T08:56:02+01:00,9637446385994,hsq-a31007940000haa,Factory seat,HSQ - Seats
2025-01-09T08:56:06+01:00,9637446451530,hsq-a31007940200,Seat,HSQ - Seats
2026-05-18T21:44:09+02:00,15665016996170,hsq-a31008054000ab,Spoiler set,HSQ - Trim parts/decals
2024-04-20T22:41:46+02:00,8774718882122,hsq-a32002979000ab,"Handguard kit FC, FE, FX, TC, TE, TX (65-570) 09-25",HSQ - Handlebars/instruments/electrics
2025-01-09T08:57:10+01:00,9637446975818,hsq-a32006906044,Noise reduction kit,HSQ - Technical Accessories
2024-04-20T22:50:27+02:00,8774731497802,hsq-a32030926000,"REKLUSE-outer clutch cover TC, TE (125, 150) 23-25",HSQ - Engine
2025-01-09T08:57:15+01:00,9637447008586,hsq-a34006906044,Noise reduction kit,HSQ - Technical Accessories
2024-04-20T22:41:31+02:00,8774718423370,hsq-a35002979000ab,"Handguard kit FE, FX, TE, TX (125-501) 22-25",HSQ - Handlebars/instruments/electrics
2024-04-20T22:41:28+02:00,8774718325066,hsq-a35002979000c1,"Handguard kit FE, FX, TE, TX (125-501) 22-25",HSQ - Handlebars/instruments/electrics
2024-04-20T22:39:28+02:00,8774716195146,hsq-a36002921000ab,"Lock-on grip set “Jeff Emig” FC, FX, TC, TX (125-450) 22-25",HSQ - Handlebars/instruments/electrics
2024-04-20T22:39:20+02:00,8774716162378,hsq-a36002921000bj,"Lock-on grip set ""Jeff Emig"" FC, FE, FX, TC, TE, TX (125-501) 22-25",HSQ - Handlebars/instruments/electrics
2024-04-21T10:28:28+02:00,8775874773322,hsq-a36003094000c1,Frame protection set 125-501 FC/FE/FS/FX/TC/TE/TX  22-25,HSQ - Protection
2024-04-21T10:28:20+02:00,8775874249034,hsq-a36003094000ha,Frame protection set 125-501 FC/FE/FS/FX/TC/TE/TX  22-25,HSQ - Protection
2024-04-20T22:58:36+02:00,8774742933834,hsq-a36003994000ab1,"Factory Racing frame protection set FC, FE, FS, FX, TC, TE, TX (125-501) 22-25",HSQ - Protection
2024-04-20T22:58:38+02:00,8774742999370,hsq-a36003994000c11,"Factory Racing frame protection set FC, FE, FS, FX, TC, TE, TX (125-501) 22-25",HSQ - Protection
2024-04-20T22:58:33+02:00,8774742868298,hsq-a36003994000ha1,"Factory Racing frame protection set FC, FE, FS, FX, TC, TE, TX (125-501) 22-25",HSQ - Protection
2024-04-21T10:27:49+02:00,8775872446794,hsq-a36003994100ab1,"Factory Racing frame protection set FC, TC (125, 150, 250, 300, 350, 450) 24-25",HSQ - Protection
2024-04-20T23:32:38+02:00,8774803751242,hsq-a36005901010,Damping material kit,"HSQ - Technical Accessories, Partstream"
2024-04-20T23:32:36+02:00,8774803685706,hsq-a36005901020,Repair kit,"HSQ - Technical Accessories, Partstream"
2024-04-20T22:14:11+02:00,8774690865482,hsq-a36005901044,"Akrapovič  Racing Line  4-stroke FE (250, 350) 24-25",HSQ - Exhaust systems
2024-04-20T23:32:34+02:00,8774803620170,hsq-a36005901050,End cap,"HSQ - Technical Accessories, Partstream"
2024-04-20T23:32:39+02:00,8774803784010,hsq-a36005908000,Factory header,"HSQ - Technical Accessories, Partstream"
2024-04-20T23:32:31+02:00,8774803521866,hsq-a36005987000,Factory silencer,"HSQ - Technical Accessories, Partstream"
2024-04-20T23:14:21+02:00,8774788481354,hsq-a36006001000ab,Lower section of the air filter 125-450 TC/FC/FX/FE/FS 22-25,HSQ - Trim parts/decals
2024-04-20T23:14:28+02:00,8774788546890,hsq-a36006001000bn,"Lower section of the air filter FC, FE, FS, FX, TC, TE, TX (125-450) 22-25",HSQ - Trim parts/decals
2024-04-20T23:14:31+02:00,8774788579658,hsq-a36006001000c1,"Lower section of the air filter FC, FE, FS, FX, TC, TE, TX (125-450) 22-25",HSQ - Trim parts/decals
2024-04-20T23:14:25+02:00,8774788514122,hsq-a36006001000db,"Lower section of the air filter FC, FE, FS, FX, TC, TE, TX (125-450) 22-25",HSQ - Trim parts/decals
2024-04-20T23:14:15+02:00,8774788383050,hsq-a36006001010ab,"Air filter box front part FC, FE, FS, FX, TC, TE, TX (125-501) 22-25",HSQ - Trim parts/decals
2024-04-20T23:14:18+02:00,8774788415818,hsq-a36006001010bn,"Air filter box front part FC, FE, FS, FX, TC, TE, TX (125-501) 22-25",HSQ - Trim parts/decals
2024-04-20T23:14:11+02:00,8774788317514,hsq-a36006001010c1,"Air filter box front part FC, FE, FS, FX, TC, TE, TX (125-501) 22-25",HSQ - Trim parts/decals
2024-04-20T23:14:08+02:00,8774788284746,hsq-a36006001010db,"Air filter box front part FC, FE, FS, FX, TC, TE, TX (125-501) 22-25",HSQ - Trim parts/decals
2024-04-20T23:15:21+02:00,8774789071178,hsq-a36006003000ab,"Air filter panel FC, FE, FS, FX, TC, TE, TX (125-501) 22-25",HSQ - Trim parts/decals
2024-04-20T23:15:18+02:00,8774789038410,hsq-a36006003000bn,"Air filter panel FC, FE, FS, FX, TC, TE, TX (125-501) 22-25",HSQ - Trim parts/decals
2024-04-20T23:15:08+02:00,8774788972874,hsq-a36006003000c1,"Air filter panel FC, FE, FS, FX, TC, TE, TX (125-501) 22-25",HSQ - Trim parts/decals
2024-04-20T23:15:15+02:00,8774789005642,hsq-a36006003000db,"Air filter panel FC, FE, FS, FX, TC, TE, TX (125-501) 22-25",HSQ - Trim parts/decals
2024-04-20T23:12:18+02:00,8774786810186,hsq-a36006003100ab,"Air filter box cover FC, TC (125, 250, 350, 450) 23-25",HSQ - Trim parts/decals
2024-04-21T10:42:27+02:00,8775929790794,hsq-a36006003100bn,"Air filter box cover FC, TC (125, 250, 350, 450) 23-25",HSQ - Trim parts/decals
2024-04-21T10:42:38+02:00,8775930446154,hsq-a36006003100c1,"Air filter box cover FC, TC (125, 250, 350, 450) 23-25",HSQ - Trim parts/decals
2024-04-20T23:14:53+02:00,8774788809034,hsq-a36006004000ab,"Air filter panel FC, FE, FS, FX, TC, TE, TX (125-501) 22-25",HSQ - Trim parts/decals
2024-04-20T23:14:56+02:00,8774788841802,hsq-a36006004000bn,"Air filter panel FC, FE, FS, FX, TC, TE, TX (125-501) 22-25",HSQ - Trim parts/decals
2024-04-20T23:14:41+02:00,8774788677962,hsq-a36006004000c1,"Air filter panel  FC, FE, FS, FX, TC, TE, TX (125-501) 22-25",HSQ - Trim parts/decals
2024-04-20T23:14:37+02:00,8774788645194,hsq-a36006004000db,"Air filter panel  FC, FE, FS, FX, TC, TE, TX (125-501) 22-25",HSQ - Trim parts/decals
2025-01-09T08:56:35+01:00,9637446713674,hsq-a36006004100ab,Air filter box cover 125-450 TC/FC 24-25,HSQ - Trim parts/decals
2025-01-09T08:56:32+01:00,9637446680906,hsq-a36006004100bn,Air filter box cover 125-450 TC/FC/TX 24-25,HSQ - Trim parts/decals
2025-01-09T08:56:28+01:00,9637446648138,hsq-a36006004100c1,Air filter box cover 125-450 TC/FC 24-25,HSQ - Trim parts/decals
2024-04-20T23:15:27+02:00,8774789136714,hsq-a36006005000ab,"Side fairing FC, FE, FS, FX, TC, TE, TX (125-501) 22-25",HSQ - Trim parts/decals
2024-04-20T23:15:02+02:00,8774788907338,hsq-a36006005000bn,"Side fairing FC, FE, FS, FX, TC, TE, TX (125-501) 22-25",HSQ - Trim parts/decals
2024-04-20T23:15:05+02:00,8774788940106,hsq-a36006005000c1,"Side fairing FC, FE, FS, FX, TC, TE, TX (125-501) 22-25",HSQ - Trim parts/decals
2024-04-20T23:14:58+02:00,8774788874570,hsq-a36006005000db,"Side fairing FC, FE, FS, FX, TC, TE, TX (125-501) 22-25",HSQ - Trim parts/decals
2024-04-20T23:14:44+02:00,8774788710730,hsq-a36006014000ab,"Side fairing  FC, FE, FS, FX, TC, TE, TX (125-501) 22-25",HSQ - Trim parts/decals
2024-04-20T23:14:47+02:00,8774788743498,hsq-a36006014000bn,"Side fairing  FC, FE, FS, FX, TC, TE, TX (125-501) 22-25",HSQ - Trim parts/decals
2024-04-20T23:14:34+02:00,8774788612426,hsq-a36006014000c1,"Side fairing  FC, FE, FS, FX, TC, TE, TX (125-501) 22-25",HSQ - Trim parts/decals
2024-04-20T23:14:50+02:00,8774788776266,hsq-a36006014000db,"Side fairing FC, FE, FS, FX, TC, TE, TX (125-501) 22-25",HSQ - Trim parts/decals
2024-04-20T23:15:30+02:00,8774789169482,hsq-a36006903000ab,"Air filter panel FC, FE, FS, FX, TC, TE, TX (125-501) 22-25",HSQ - Trim parts/decals
2024-04-20T23:15:35+02:00,8774789235018,hsq-a36006903000bn,"Air filter panel FC, FE, FS, FX, TC, TE, TX (125-501) 22-25",HSQ - Trim parts/decals
2024-04-20T23:15:24+02:00,8774789103946,hsq-a36006903000c1,Air filter panel,"HSQ - Trim parts/decals, nada-hidden"
2024-04-20T23:15:32+02:00,8774789202250,hsq-a36006903000db,"Air filter panel FC, FE, FS, FX, TC, TE, TX (125-501) 22-25",HSQ - Trim parts/decals
2024-04-20T23:12:11+02:00,8774786744650,hsq-a36006903100ab,"Air filter box cover FC, TC (125, 250, 350, 450) 23-25",HSQ - Trim parts/decals
2024-04-20T23:12:09+02:00,8774786711882,hsq-a36006903100c1,"Air filter box cover FC, TC (125, 250, 350, 450) 23-25",HSQ - Trim parts/decals
2025-01-09T08:56:54+01:00,9637446910282,hsq-a36006906044,Noise reduction kit,HSQ - Technical Accessories
2025-06-11T07:57:26+02:00,10230406512970,hsq-a36006906544,Noise reduction kit,HSQ - Technical Accessories
2024-04-20T22:10:12+02:00,8774686867786,hsq-a36007040000bja,Seat  125-501 FC/FE/FS/FX/TC/TE/TX 22-25,HSQ - Seats
2024-04-21T10:35:13+02:00,8775901839690,hsq-a36007040000c1a,Factory Racing seat  125-501 FE/TE/FC/TC/FX/TX/FS  23-25,HSQ - Seats
2024-04-21T10:35:11+02:00,8775901675850,hsq-a36007040050c1a,Factory Racing seat cover  125-501 FE/TE/FC/TC/FX/FS/TX  23-25,HSQ - Seats
2024-04-21T10:34:51+02:00,8775900102986,hsq-a36007040050haa,Factory Racing seat cover  125-501 FE/TE/FC/TC/FX/FS/TX  23-25,HSQ - Seats
2024-04-21T10:34:42+02:00,8775899447626,hsq-a36007040100c1a,Factory Racing seat  125/250 TC  250/350/450 FC  23-25,HSQ - Seats
2024-04-21T10:34:45+02:00,8775899709770,hsq-a36007040150c1a,Factory Racing seat cover  125/250 TC  250/350/450 FC  23-25,HSQ - Seats
2024-04-21T10:35:08+02:00,8775901512010,hsq-a36007940000,Seat  125-501 FE/TE/FC/TC/FX/TX/FS  23-25,HSQ - Seats
2024-04-21T10:35:05+02:00,8775901282634,hsq-a36007940100,Seat  125-501 TE/TC/FE/FC/FX/TX/FS  23-25,HSQ - Seats
2024-04-21T10:35:02+02:00,8775901020490,hsq-a36007940200,Seat  125-501 FE/TE/FC/TC/FX/TX/FS  23-25,HSQ - Seats
2024-04-21T10:35:00+02:00,8775900856650,hsq-a36007940300,Seat  125-501 FE/TE/FC/TC/FX/TX/FS  23-25,HSQ - Seats
2024-04-21T10:34:57+02:00,8775900528970,hsq-a36007940400,Step up seat  125-501 FE/TE/FC/TC/FX/TX/FS  23-25,HSQ - Seats
2024-04-21T10:34:54+02:00,8775900397898,hsq-a36007940500,Seat  125-501 FE/TE/FC/TC/FX/TX/FS  23-25,HSQ - Seats
2026-05-18T21:44:24+02:00,15665017225546,hsq-a36007940600,Seat,HSQ - Seats
2026-05-18T21:44:26+02:00,15665017291082,hsq-a36007940700,Seat,HSQ - Seats
2026-05-18T21:44:28+02:00,15665017356618,hsq-a36007940800,Seat,HSQ - Seats
2024-04-20T23:16:10+02:00,8774789693770,hsq-a36008007000ab,"Front number plate FC, FS, FX, TC, TX (125-450) 22-25",HSQ - Trim parts/decals
2024-04-20T23:15:52+02:00,8774789464394,hsq-a36008007000bn,"Front number plate FC, FS, FX, TC, TX (125-450) 22-25",HSQ - Trim parts/decals
2024-04-20T23:15:49+02:00,8774789398858,hsq-a36008007000c1,"Front number plate FC, FS, FX, TC, TX (125-450) 22-25",HSQ - Trim parts/decals
2024-04-20T23:15:55+02:00,8774789497162,hsq-a36008007000db,"Front number plate FC, FS, FX, TC, TX (125-450) 22-25",HSQ - Trim parts/decals
2024-04-20T23:16:04+02:00,8774789628234,hsq-a36008010000ab,"Fender FC, FE, FX, TC, TE, TX (125-501) 22-25",HSQ - Trim parts/decals
2024-04-20T23:15:58+02:00,8774789529930,hsq-a36008010000bn,"Fender FC, FE, FX, TC, TE, TX (125-501) 22-25",HSQ - Trim parts/decals
2024-04-20T23:16:07+02:00,8774789661002,hsq-a36008010000c1,"Fender FC, FE, FX, TC, TE, TX (125-501) 22-25",HSQ - Trim parts/decals
2024-04-20T23:16:01+02:00,8774789595466,hsq-a36008010000db,"Fender FC, FE, FX, TC, TE, TX (125-501) 22-25",HSQ - Trim parts/decals
2024-04-20T23:22:08+02:00,8774794510666,hsq-a36008010144ab,"Fender FC (250, 350, 450) 22-25",HSQ - Trim parts/decals
2024-04-20T23:14:05+02:00,8774788219210,hsq-a36008013000ab,"Tail section FC, FS, FX, TC, TX (125-450) 22-25",HSQ - Trim parts/decals
2024-04-20T23:13:59+02:00,8774788153674,hsq-a36008013000bn,"Tail section FC, FS, FX, TC, TX (125-450) 22-25",HSQ - Trim parts/decals
2024-04-20T23:14:02+02:00,8774788186442,hsq-a36008013000c1,"Tail section FC, FS, FX, TC, TX (125-450) 22-25",HSQ - Trim parts/decals
2024-04-20T23:13:56+02:00,8774788120906,hsq-a36008013000db,"Tail section FC, FS, FX, TC, TX (125-450) 22-25",HSQ - Trim parts/decals
2024-04-20T23:15:46+02:00,8774789366090,hsq-a36008054000ab,"Spoiler set FC, FE, FS, FX, TC, TE, TX (125-501) 22-25",HSQ - Trim parts/decals
2024-04-20T23:15:43+02:00,8774789333322,hsq-a36008054000bn,"Spoiler set FC, FE, FS, FX, TC, TE, TX (125-501) 22-25",HSQ - Trim parts/decals
2024-04-20T23:15:41+02:00,8774789300554,hsq-a36008054000c1,"Spoiler set FC, FE, FS, FX, TC, TE, TX (125-501) 22-25",HSQ - Trim parts/decals
2024-04-20T23:15:38+02:00,8774789267786,hsq-a36008054000db,"Spoiler set FC, FE, FS, FX, TC, TE, TX (125-501) 22-25",HSQ - Trim parts/decals
2024-04-21T10:42:24+02:00,8775929626954,hsq-a36008054100ab,"Spoiler set FC, TC (125, 250, 350, 450) 23-25",HSQ - Trim parts/decals
2024-04-21T10:42:18+02:00,8775929299274,hsq-a36008054100bn,"Spoiler Set FC, TC (125, 250, 350, 450) 23-25",HSQ - Trim parts/decals
2024-04-20T23:12:01+02:00,8774786646346,hsq-a36008054100c1,"Spoiler set FC, TC (125, 250, 350, 450) 23-25",HSQ - Trim parts/decals
2024-04-21T10:39:12+02:00,8775917404490,hsq-a36008990000,Rockstar graphics kit,"HSQ - Trim parts/decals, nada-hidden"
2024-04-20T23:23:25+02:00,8774795624778,hsq-a36012906000,Service pit mat,HSQ - Tool/transport
2024-04-20T22:09:41+02:00,8774686146890,hsq-a36014986088ab,Connectivity Unit GPS fender kit,HSQ - Technical Accessories
2024-04-21T10:39:08+02:00,8775917142346,hsq-a36035999000,"Radiator protection grille sticker kit FC, FE, FS, FX, TC, TE, TX (125-501) 22-25",HSQ - Trim parts/decals
2024-04-21T10:39:15+02:00,8775917568330,hsq-a37008990000,Style graphics kit,"HSQ - Trim parts/decals, nada-hidden"
2024-04-20T23:32:35+02:00,8774803652938,hsq-a38005901020,Repair kit,"HSQ - Technical Accessories, Partstream"
2024-04-20T23:32:40+02:00,8774803816778,hsq-a38005901030,Noise reduction insert,"HSQ - Technical Accessories, Partstream"
2024-04-20T22:14:08+02:00,8774690799946,hsq-a38005901044,"Akrapovič  Racing Line  4-stroke FE (450, 501) 24-25",HSQ - Exhaust systems
2024-04-20T23:32:41+02:00,8774803849546,hsq-a38005908000,Factory header,"HSQ - Technical Accessories, Partstream"
2024-04-20T23:32:42+02:00,8774803882314,hsq-a38005987000,Factory silencer,"HSQ - Technical Accessories, Partstream"
2024-04-20T22:50:24+02:00,8774731465034,hsq-a38030926000,"REKLUSE-outer clutch cover FC, FE, FS, FX, TC, TE, TX (250, 300, 350, 450) 22-25",HSQ - Engine
2024-04-20T22:36:19+02:00,8774713278794,hsq-a39004970000ha,"Factory Racing chain guide FC, FE, FX, TC, TE, TX (125-501)  22-25",HSQ - Chains/Sprockets
2024-04-29T15:42:52+02:00,8790126133578,hsq-a39004970010,Contact surface of chain guide,Partstream
2024-04-20T22:13:55+02:00,8774690603338,hsq-a39005907501,FMF Megabomb header  4-stroke FE (501) 24-25,HSQ - Exhaust systems
2024-04-20T23:12:59+02:00,8774787432778,hsq-a39008001000ab,"Headlight shroud FE, TE (125-501) 24-25",HSQ - Trim parts/decals
2024-04-20T23:12:56+02:00,8774787400010,hsq-a39008001000bn,"Headlight shroud FE, TE (125-501) 24-25",HSQ - Trim parts/decals
2024-04-20T23:12:51+02:00,8774787334474,hsq-a39008001000c1,"Headlight shroud FE, TE (125-501) 24-25",HSQ - Trim parts/decals
2024-04-20T23:12:54+02:00,8774787367242,hsq-a39008001000db,"Headlight shroud FE, TE (125-501) 24-25",HSQ - Trim parts/decals
2024-04-20T22:10:26+02:00,8774687031626,hsq-a39008001010ab,"Headlight mask rear wall FE, TE (125-501) 24-25",HSQ - Trim parts/decals
2024-04-20T22:10:19+02:00,8774686933322,hsq-a39008001010bn,Headlight mask rear wall FE/TE (125-501) 24-25,HSQ - Trim parts/decals
2024-04-20T22:10:33+02:00,8774687129930,hsq-a39008001010c1,"Headlight mask rear wall FE, TE (125-501) 24-25",HSQ - Trim parts/decals
2024-04-20T23:12:25+02:00,8774786941258,hsq-a39008001010db,"Headlight mask rear wall FE, TE (125-501) 24-25",HSQ - Trim parts/decals
2024-04-20T23:13:09+02:00,8774787563850,hsq-a39008013000ab,"Tail section FE, TE (125-501) 24-25",HSQ - Trim parts/decals
2024-04-20T23:13:02+02:00,8774787465546,hsq-a39008013000bn,"Tail section FE, TE (125-501) 24-25",HSQ - Trim parts/decals
2024-04-20T23:13:04+02:00,8774787498314,hsq-a39008013000c1,"Tail section FE, TE (125-501) 24-25",HSQ - Trim parts/decals
2024-04-20T23:13:07+02:00,8774787531082,hsq-a39008013000db,"Tail section FE, TE (125-501) 24-25",HSQ - Trim parts/decals
2024-04-20T22:37:36+02:00,8774714458442,hsq-a39035941044,Radiator fan 125-501 FE/FX/TE/TX  24-25,HSQ - Cooling
2024-04-20T22:28:29+02:00,8774706037066,hsq-a40001999022c1a,Factory triple clamp TC (50) 24-25,HSQ - Chassis/triple clamp
2024-04-20T22:09:53+02:00,8774686409034,hsq-a40003994000ha,Frame protection sticker set TC (50) 2024-2025,HSQ - Trim parts/decals
2024-04-20T22:17:33+02:00,8774694404426,hsq-a40005907000,FMF Fatty expansion chamber  2-stroke TC (50) 24-25,HSQ - Exhaust systems
2024-04-20T22:17:37+02:00,8774694469962,hsq-a40005979000,FMF Powercore 2 silencer 2-stroke TC (50) 24-25,HSQ - Exhaust systems
2024-04-29T15:42:15+02:00,8790123741514,hsq-a40006998000,Air filter cover,HSQ - Tool/transport
2024-04-20T22:50:01+02:00,8774730907978,hsq-a40012948044,Power reduction kit TC (50) 24-25,HSQ - Engine
2024-04-20T22:09:57+02:00,8774686474570,hsq-a40012948544,Power reduction kit TC (50) 24-25,HSQ - Engine
2026-05-18T21:44:40+02:00,15665017520458,hsq-a40012955044,Lowering kit,HSQ - Chassis/triple clamp
2026-05-18T21:44:43+02:00,15665017553226,hsq-a40012955144,Lowering kit,HSQ - Chassis/triple clamp
2024-04-20T22:49:57+02:00,8774730842442,hsq-a40030151044,"Factory reed valve case TC (50, 65) 24-25",HSQ - Engine
2024-04-20T22:50:08+02:00,8774731071818,hsq-a40030926044,HINSON outer clutch cover,HSQ - Engine
2024-04-20T22:49:54+02:00,8774730776906,hsq-a40037001000,Intermediate flange TC (50) 24-25,HSQ - Engine
2024-07-04T20:28:26+02:00,9369809256778,hsq-a40039993010,"Factory spark plug TC (50, 65, 85) 24-25",HSQ - Engine
2024-04-20T22:28:26+02:00,8774706004298,hsq-a40501999022c1a,Factory triple clamp TC (65) 24-25,HSQ - Chassis/triple clamp
2025-01-09T08:55:56+01:00,9637446320458,hsq-a40503990000,Skid plate TC 65  2024-2025,HSQ - Protection
2024-04-20T22:17:21+02:00,8774694240586,hsq-a40505907000,FMF Fatty expansion chamber  2-stroke TC (65) 24-25,HSQ - Exhaust systems
2024-04-20T22:17:24+02:00,8774694273354,hsq-a40505979000,FMF Powercore 2 silencer 2-stroke TC (65) 24-25,HSQ - Exhaust systems
2024-04-20T22:49:08+02:00,8774729269578,hsq-a40506998000,Air filter cover,HSQ - Tool/transport
2024-04-21T01:39:28+02:00,8775191101770,hsq-a40529003044,Spanner wrench,HSQ - Special tools
2024-04-21T10:19:43+02:00,8775844299082,hsq-a40530926000,HINSON outer clutch cover TC (65) 24-25,HSQ - Engine
2025-01-09T08:52:44+01:00,9637443961162,hsq-a40539931000,CDI control unit 65 TC 24-25,"HSQ - Instruments/electrics, HSQ - Technical Accessories"
2025-01-09T08:54:01+01:00,9637444944202,hsq-a41001999014c1a,Factory triple clamp 85 TC 2025,HSQ - Chassis/triple clamp
2025-01-09T08:55:50+01:00,9637446254922,hsq-a41003990044,Skid plate 85 TC 2025,HSQ - Protection
2024-07-20T10:24:54+02:00,9391396323658,hsq-a41005907000,FMF Fatty expansion chamber  2-stroke TC (85) 2025,HSQ - Exhaust systems
2025-01-09T08:53:26+01:00,9637444518218,hsq-a41005907001,FMF Factory Fatty expansion chamber 85 TC 2025,HSQ - Exhaust systems
2024-07-20T10:24:49+02:00,9391396258122,hsq-a41005979000,FMF Powercore 2 silencer 2-stroke 85 TC 2025,HSQ - Exhaust systems
2024-04-21T01:39:20+02:00,8775190970698,hsq-a41029027000,Spanner wrench,HSQ - Special tools
2025-01-09T08:55:26+01:00,9637446025546,hsq-a41030926000,HINSON outer clutch cover 85 TC 2025,HSQ - Engine
2024-07-04T21:17:08+02:00,9369876693322,hsq-a41530906000,Cylinder head,Partstream
2024-07-04T21:17:07+02:00,9369876660554,hsq-a41530960000,Cylinder head combustion chamber insert,Partstream
2025-01-09T08:55:23+01:00,9637445960010,hsq-a41549905044,105 Factory kit 85 TC 2025,HSQ - Engine
2024-04-20T22:41:49+02:00,8774718947658,hsq-a42002979000ab,"Factory Racing handguard kit FC, FE, FS, FX, TC, TE, TX (65-650e) 04-25","HSQ - Handlebars/instruments/electrics, Out of stock"
2024-04-20T22:41:52+02:00,8774719045962,hsq-a42002979000c1,"Factory Racing handguard kit FC, FE, FS, FX, TC, TE, TX (65-650) 04-25",HSQ - Handlebars/instruments/electrics
2024-04-20T22:50:16+02:00,8774731268426,hsq-a42003012044c1,"Engine brace set TC, TE, TX (125, 150, 250, 300) 23-25",HSQ - Engine
2024-04-20T23:02:22+02:00,8774755385674,hsq-a42003090044,"Skid plate TC, TE (125, 150) 2023-2025",HSQ - Protection
2024-04-20T23:02:16+02:00,8774754894154,hsq-a42003090544,Skid plate with linkage protection,"HSQ - Protection, nada-hidden"
2024-04-20T22:50:19+02:00,8774731333962,hsq-a42003912044c1,"Engine brace set TC, TX (125, 150, 250, 300) 23-25",HSQ - Engine
2024-04-20T22:18:02+02:00,8774694928714,hsq-a42005907000,"FMF Fatty expansion chamber  2-stroke TC (125, 150) 23-25",HSQ - Exhaust systems
2024-04-20T22:17:55+02:00,8774694830410,hsq-a42005907001,"FMF Factory Fatty expansion chamber 2-stroke TC (125, 150) 23-25",HSQ - Exhaust systems
2024-04-20T22:09:35+02:00,8774686015818,hsq-a42005907500,Factory racing expansion chamber 2-stroke TC (125) 23-25,HSQ - Exhaust systems
2024-04-20T22:18:09+02:00,8774694994250,hsq-a42005979000,"Akrapovič Slip-on Line 2-stroke TC (125, 150) 23-25","HSQ - Exhaust systems, stock, synkro-clone-ktm-shop-nederland"
2024-04-20T22:17:30+02:00,8774694371658,hsq-a42005979002,"FMF Powercore 2.1 silencer  2-stroke TC (125, 150) 23-25",HSQ - Exhaust systems
2024-04-20T22:17:50+02:00,8774694732106,hsq-a42005979003,"FMF Titanium Powercore 2.1 silencer  2-stroke TC (125, 150) 23-25",HSQ - Exhaust systems
2024-04-20T23:33:59+02:00,8774805913930,hsq-a42005979010,Damping material kit,"HSQ - Technical Accessories, Partstream"
2024-04-20T23:33:57+02:00,8774805881162,hsq-a42005979020,Repair kit,"HSQ - Technical Accessories, Partstream"
2024-04-20T23:32:03+02:00,8774802407754,hsq-a42005979583,Powercore 2.1 sticker,"HSQ - Technical Accessories, Partstream"
2024-04-20T22:21:17+02:00,8774698631498,hsq-a42005994000,Expansion chamber guard TC (125) 2023-2025,HSQ - Exhaust systems
2024-04-29T15:40:45+02:00,8790118695242,hsq-a42012954044,Factory Racing performance kit TC (125) 23-25,HSQ - Engine
2024-04-29T15:40:51+02:00,8790119088458,hsq-a42012954544,Factory Racing performance kit TC (125) 23-25,HSQ - Engine
2025-01-09T08:55:15+01:00,9637445861706,hsq-a42012954744,Factory performance kit 125 TC 23-25,HSQ - Engine
2024-04-21T01:40:58+02:00,8775199785290,hsq-a42029012000,Spanner wrench,HSQ - Special tools
2024-04-21T01:40:50+02:00,8775198933322,hsq-a42029065000,Retaining bracket,HSQ - Special tools
2024-04-29T15:42:46+02:00,8790125642058,hsq-a42030097000,Cylinder gasket kit MX 125,Partstream
2024-04-29T15:42:49+02:00,8790125871434,hsq-a42030960000,Factory cylinder head combustion chamber insert,Partstream
2024-04-21T10:31:59+02:00,8775887847754,hsq-a4203297504468a,"Clutch slave cylinder protection TC, TE (125, 150) 2023-2025",HSQ - Protection
,15179992990026,hsq-a42037006000,Dichtung Auslasssteuerungsdeckel,Technical Accessories
2024-04-29T15:42:41+02:00,8790125379914,hsq-a42037920000,Exhaust flap,Partstream
,,hsq-a43030105033,Zylinder kpl. mit Flansch,Technical Accessories
,,hsq-a43030160000,Brennraumeinsatz,Technical Accessories
2025-01-09T08:55:31+01:00,9637446091082,hsq-a43030905044,150 Factory kit  125 TC 23-25,HSQ - Engine
2024-04-20T23:02:19+02:00,8774755156298,hsq-a44003090044,"Skid plate TC, TE, TX (250, 300) 2023-2025",HSQ - Protection
2024-04-20T23:02:13+02:00,8774754697546,hsq-a44003090544,"Skid plate with linkage protection TC, TE, TX (250, 300) 2023-2025",HSQ - Protection
2024-04-20T22:58:16+02:00,8774742507850,hsq-a44003994000c1,"Frame protection sticker set FC, FE, FS, FX, TC, TE, TX (125-501) 2022-2025",HSQ - Protection
2024-04-20T22:58:13+02:00,8774742475082,hsq-a44003994000ha,"Frame protection sticker set FC, FE, FS, FX, TC, TE, TX (125-501) 2022-2025",HSQ - Protection
2024-04-20T23:36:17+02:00,8774808830282,hsq-a44003996000,Front sprocket cover,"HSQ - Technical Accessories, Partstream"
2024-04-20T22:17:59+02:00,8774694895946,hsq-a44005907000,"FMF Fatty expansion chamber  2-stroke TC, TE, TX (250, 300) 23-25",HSQ - Exhaust systems
2024-04-20T22:17:53+02:00,8774694764874,hsq-a44005907001,"FMF Factory Fatty expansion chamber 2-stroke TC, TE, TX (250, 300) 23-25",HSQ - Exhaust systems
2024-04-20T22:17:43+02:00,8774694601034,hsq-a44005907002,"FMF Gnarly expansion chamber 2-stroke TC, TE, TX (250, 300) 23-25",HSQ - Exhaust systems
2024-04-20T22:09:32+02:00,8774685983050,hsq-a44005907500,"Factory racing expansion chamber 2-stroke TC, TE, TX (250, 300) 23-25",HSQ - Exhaust systems
2024-04-20T22:18:05+02:00,8774694961482,hsq-a44005979000,"Akrapovič Slip-on Line 2-stroke TC, TX (250, 300) 23-25",HSQ - Exhaust systems
2024-04-20T22:17:27+02:00,8774694306122,hsq-a44005979002,"FMF Powercore 2.1 silencer  2-stroke TC, TE, TX (250, 300) 23-25",HSQ - Exhaust systems
2024-04-20T22:17:47+02:00,8774694699338,hsq-a44005979003,"FMF Titanium Powercore 2.1 silencer  2-stroke TC, TE, TX (250, 300) 23-25","HSQ - Exhaust systems, stock, synkro-clone-ktm-shop-nederland"
2024-04-20T23:33:56+02:00,8774805848394,hsq-a44005979010,Damping material kit,"HSQ - Technical Accessories, Partstream"
2024-04-20T23:33:53+02:00,8774805815626,hsq-a44005979020,Repair kit,"HSQ - Technical Accessories, Partstream"
2024-04-20T23:32:02+02:00,8774802374986,hsq-a44005979583,Turbinecore 2.1 sticker,"HSQ - Technical Accessories, Partstream"
2024-04-20T22:21:14+02:00,8774698565962,hsq-a44005994000,"Expansion chamber guard TC, TE, TX (250, 300) 2023-2025",HSQ - Exhaust systems
2024-04-21T01:41:00+02:00,8775200080202,hsq-a44029006010,SETTING GAUGE,HSQ - Special tools
2024-04-21T01:39:25+02:00,8775191069002,hsq-a44029012000,Spanner wrench,HSQ - Special tools
2024-04-21T01:40:52+02:00,8775198998858,hsq-a44029065000,Retaining bracket,HSQ - Special tools
2024-04-21T10:31:56+02:00,8775887585610,hsq-a4403297504468a,"Clutch slave cylinder protection TC, TE, TX (250, 300) 2023-2025",HSQ - Protection
2024-04-20T22:26:59+02:00,8774704759114,hsq-a44035952044c1,"Water pump cover TC, TE, TX (125, 150, 250, 300) 23-25","anodized, HSQ - CNC-parts"
2024-04-20T23:02:10+02:00,8774754500938,hsq-a44037994044c1,"Exhaust flange guard TC, TE, TX (250, 300) 2023-2025",HSQ - Protection
2024-04-20T22:45:01+02:00,8774723535178,hsq-a44039974044,"Combination switch TC, TE (125, 150, 250, 300) 23-25",HSQ - Handlebars/instruments/electrics
2024-04-20T22:17:40+02:00,8774694568266,hsq-a45005979000,"Akrapovič Slip-on Line 2-stroke TE (250, 300) 24-25",HSQ - Exhaust systems
2025-01-09T08:53:33+01:00,9637444649290,hsq-a45005979002,FMF Powercore 2.1 silencer 250/300 TE/TX 23-25,HSQ - Exhaust systems
2025-01-09T08:53:30+01:00,9637444583754,hsq-a45005979003,FMF Titanium Powercore 2.1 silencer 250/300 TE/TX  23-25,HSQ - Exhaust systems
2024-04-20T23:32:33+02:00,8774803587402,hsq-a45005979010,Damping material kit,"HSQ - Technical Accessories, Partstream"
2024-04-20T23:32:32+02:00,8774803554634,hsq-a45005979020,Repair kit,"HSQ - Technical Accessories, Partstream"
2025-01-09T08:55:19+01:00,9637445894474,hsq-a45012951010,Premix conversion kit 250/300 TE 24-25,HSQ - Engine
2024-04-20T22:50:11+02:00,8774731137354,hsq-a45030905044,300 Factory kit TC (250) 23-24,HSQ - Engine
2024-04-20T22:10:01+02:00,8774686540106,hsq-a45030905544,300 Factory kit TE (250) 24-25,HSQ - Engine
2024-04-20T23:16:22+02:00,8774789824842,hsq-a46001094000ab,"Fork protector kit FC, FE, FX, TC, TE, TX (125-501) 22-25",HSQ - Trim parts/decals
2024-04-20T23:16:16+02:00,8774789759306,hsq-a46001094000bn,"Fork protector kit FC, FE, FX, TC, TE, TX (125-501) 22-25",HSQ - Trim parts/decals
2024-04-20T23:16:19+02:00,8774789792074,hsq-a46001094000c1,"Fork protector kit FC, FE, FX, TC, TE, TX (125-501) 22-25",HSQ - Trim parts/decals
2024-04-20T23:19:30+02:00,8774792249674,hsq-a46001094000db,"Fork protector kit FC, FE, FX, TC, TE, TX (125-501) 22-25",HSQ - Trim parts/decals
2024-04-20T22:47:36+02:00,8774726746442,hsq-a46001939500,"Progressive handlebar damping system (PHDS)FC, FE, FS, FX, TC, TE, TX (125-501) 22-25",HSQ - Handlebars/instruments/electrics
2024-04-20T22:58:25+02:00,8774742671690,hsq-a46001995000,"Fork protector 701, FC, FE, FS, FX, PIONEER, TC, TE, TX (125-660W, ENDURO, SUPERMOTO) 15-25",HSQ - Protection
2024-04-20T22:58:23+02:00,8774742638922,hsq-a46001996000,"Fork protector 701, FC, FE, FS, FX, TC, TE, TX (125-501w, ENDURO, SUPERMOTO) 14-25","HSQ - Protection, stock, synkro-clone-ktm-shop-nederland"
2024-04-20T22:28:32+02:00,8774706102602,hsq-a4600199902168a,"Factory Racing triple clamp FC, FE, FX, TC, TE, TX (125-501) 22-25",HSQ - Chassis/triple clamp
2024-04-20T22:28:35+02:00,8774706135370,hsq-a46001999021c1a,"Factory Racing triple clamp FC, FE, FX, TC, TE, TX (125-501) 22-25",HSQ - Chassis/triple clamp
2024-04-20T22:39:58+02:00,8774716555594,hsq-a46002012000,"Throttle twist grip tube FC, FE, FS, FX, TC, TE, TX (125-501) 22-25",HSQ - Handlebars/instruments/electrics
2026-05-18T21:45:10+02:00,15665018044746,hsq-a46002910044,Throttle twist grip tube,HSQ - Handlebars/instruments/electrics
2024-04-20T22:39:52+02:00,8774716424522,hsq-a46002921000bj,"Lock-on grip set FC, FE, FS, FX, TC, TE, TX (125-501) 22-25",HSQ - Handlebars/instruments/electrics
2024-04-20T22:39:46+02:00,8774716358986,hsq-a46002921000ha,"Lock-on grip set FC, FE, FS, FX, TC, TE, TX (125-501) 22-25",HSQ - Handlebars/instruments/electrics
2024-04-20T22:39:49+02:00,8774716391754,hsq-a46002921500bj,"Lock-on grip set FC, FS, FX, TC, TX (125-450) 22-25",HSQ - Handlebars/instruments/electrics
2024-04-20T22:39:35+02:00,8774716260682,hsq-a46002921500c1,"Lock-on grip set FC, FE, FS, FX, TC, TE, TX (125-501) 22-25","HSQ - Handlebars/instruments/electrics, stock, synkro-clone-ktm-shop-nederland"
2024-04-20T22:39:42+02:00,8774716326218,hsq-a46002921500ha,"Lock-on grip set FC, FE, FS, FX, TC, TE, TX (125-501) 22-25",HSQ - Handlebars/instruments/electrics
2024-04-20T23:34:37+02:00,8774806602058,hsq-a46002940010,Factory Racing master cylinder protection,"HSQ - Technical Accessories, stock, synkro-clone-ktm-shop-nederland"
2024-04-20T23:34:42+02:00,8774806634826,hsq-a46002941010,Factory Racing clutch master cylinder protection,"HSQ - Technical Accessories, stock, synkro-clone-ktm-shop-nederland"
2024-04-20T22:52:55+02:00,8774735200586,hsq-a46003012044c1,"Engine brace set FC, FE, FS, FX (250, 350, 350s, 350w, 450) 23-25",HSQ - Engine
2024-04-20T22:36:25+02:00,8774713377098,hsq-a46003053000ha,"Chain slider FC, FE, FS, FX, TC, TE, TX (125-501)  22-25",HSQ - Chains/Sprockets
2024-04-20T23:35:56+02:00,8774808305994,hsq-a46003090020,Linkage protection,"HSQ - Technical Accessories, Partstream"
,7149523992757,hsq-a46003090030,Bushing,Technical Accessories
2024-04-20T23:03:43+02:00,8774761185610,hsq-a46003090044,"Skid plate FC, FE, FS, FX (250, 350, 450, 501s) 2022-2025",HSQ - Protection
2024-04-20T23:03:40+02:00,8774760989002,hsq-a46003090544,"Skid plate with linkage protection FC, FE, FS, FX (250, 350, 450, 501s) 2022-2025",HSQ - Protection
2024-04-20T22:52:49+02:00,8774735069514,hsq-a46003912044c1,"Engine brace set FC, FE, FS, FX (250, 350, 350s, 350w, 450) 22-25",HSQ - Engine
2024-04-20T23:32:20+02:00,8774803063114,hsq-a46003923044,Side stand,"HSQ - Technical Accessories, Partstream"
2024-04-20T23:03:36+02:00,8774760759626,hsq-a46003990044,Factory skid plate,"HSQ - Protection, nada-hidden"
2024-04-20T23:03:29+02:00,8774760268106,hsq-a46003990144,"Factory skid plate FC, FE, FS, FX (250, 350, 350s, 350w, 450, 501, 501s, 501w) 2022-2025",HSQ - Protection
2024-04-20T23:03:34+02:00,8774760628554,hsq-a46003990544,Factory skid plate with linkage protection,"HSQ - Protection, nada-hidden"
2024-04-20T23:36:18+02:00,8774808863050,hsq-a46003996000,Front sprocket cover,"HSQ - Technical Accessories, Partstream"
2024-04-20T22:36:28+02:00,8774713409866,hsq-a46004066000ha,"Chain sliding protection FC, FE, FX, TC, TE, TX (125-501)  22-25",HSQ - Chains/Sprockets
2024-04-20T22:36:30+02:00,8774713442634,hsq-a46004070000ha,"Chain guide FC, FE, FX, TC, TE, TX (125-501)  22-25",HSQ - Chains/Sprockets
2024-04-29T15:39:35+02:00,8790114402634,hsq-a46004925033,"Adjuster rebound FC, FX, TC, TX (125-450) 22-25",HSQ - Chassis/triple clamp
2024-04-29T15:39:31+02:00,8790114206026,hsq-a46004925066,"Dual compression control adjuster FC, FE, FX, TC, TE, TX (125-501) 22-25",HSQ - Chassis/triple clamp
2024-04-21T10:27:52+02:00,8775872643402,hsq-a46004946044,"Swingarm protection FC, FE, FX, TC, TE, TX (125-501) 22-25",HSQ - Protection
2024-04-20T22:10:36+02:00,8774687195466,hsq-a46004970044,"Factory Racing chain guide FC, FE, FX, TC, TE, TX (125-501)  22-25",HSQ - Chains/Sprockets
2024-04-20T23:34:03+02:00,8774806045002,hsq-a46005900020,Repair kit,"HSQ - Technical Accessories, Partstream"
2024-04-20T22:14:40+02:00,8774691389770,hsq-a46005900044,"Akrapovič  Evolution Line  4-stroke FC, FX (250, 350) 22-25",HSQ - Exhaust systems
2024-04-20T23:34:04+02:00,8774806110538,hsq-a46005901000,Repair kit,"HSQ - Technical Accessories, Partstream"
2024-04-20T22:14:51+02:00,8774691520842,hsq-a46005901044,"Akrapovič  Racing Line  4-stroke FC, FX (250, 350) 22-25",HSQ - Exhaust systems
2024-04-20T23:35:53+02:00,8774808273226,hsq-a46005905000,Factory header,"HSQ - Technical Accessories, Partstream"
2024-04-20T23:35:51+02:00,8774808240458,hsq-a46005907000,Factory header,"HSQ - Technical Accessories, Partstream"
2024-04-20T22:14:26+02:00,8774691127626,hsq-a46005907500,"FMF Megabomb header  4-stroke FC, FE (250) 22-25",HSQ - Exhaust systems
2024-04-20T22:14:20+02:00,8774691062090,hsq-a46005907501,FMF Megabomb header  4-stroke FC (250) 22-24,HSQ - Exhaust systems
2024-04-20T22:14:58+02:00,8774691651914,hsq-a46005979000,Akrapovič  Slip-on Line  4-stroke FC (250) 22-25,HSQ - Exhaust systems
2024-04-20T22:15:07+02:00,8774691782986,hsq-a46005979002,"FMF Powercore 4 silencer  4-stroke FC, FE, FS, FX (250, 350, 450, 501) 22-25",HSQ - Exhaust systems
2024-04-20T22:15:10+02:00,8774691848522,hsq-a46005979003,"FMF Factory 4.1 RCT silencer  4-stroke FC, FE, FX (250, 350) 22-25",HSQ - Exhaust systems
2024-04-20T23:34:11+02:00,8774806208842,hsq-a46005979010,Damping material kit,"HSQ - Technical Accessories, Partstream"
2024-04-20T23:34:05+02:00,8774806143306,hsq-a46005979020,Repair kit,"HSQ - Technical Accessories, Partstream"
2024-04-20T23:34:16+02:00,8774806372682,hsq-a46005979050,Silencer cap,"HSQ - Technical Accessories, Partstream"
2024-04-20T23:32:06+02:00,8774802506058,hsq-a46005979523,FMF Factory 4.1 RCT Silencer housing,"HSQ - Technical Accessories, Partstream"
2024-04-20T23:32:07+02:00,8774802604362,hsq-a46005979533,FMF quiet core spark arrestor insert,"HSQ - Technical Accessories, Partstream"
2026-05-18T21:45:22+02:00,15665018175818,hsq-a46005979603,FMF Factory 4.1 RCT silencer,HSQ - Exhaust systems
2025-01-09T08:53:18+01:00,9637444419914,hsq-a46005981000,REMUS slip-on silencer 250/350 FE 24-25,HSQ - Exhaust systems
2024-04-20T22:14:02+02:00,8774690767178,hsq-a46005981003,"FMF Factory 4.1 RCT silencer  4-stroke FC, FE (250, 350) 22-25",HSQ - Exhaust systems
2024-04-20T23:32:05+02:00,8774802473290,hsq-a46005981523,FMF Factory 4.1 RCT Silencer housing,"HSQ - Technical Accessories, Partstream"
2024-04-20T23:35:48+02:00,8774808142154,hsq-a46005987000,Factory silencer,"HSQ - Technical Accessories, Partstream"
2024-04-20T23:35:46+02:00,8774808109386,hsq-a46005989000,Factory silencer,"HSQ - Technical Accessories, Partstream"
2024-04-20T23:35:43+02:00,8774808011082,hsq-a46005989030,Noise reduction insert,"HSQ - Technical Accessories, Partstream"
2024-04-21T01:19:53+02:00,8775038697802,hsq-a46006015000a,Pre-oiled air filter TE/FE/TC/FC/FX/TX (125-501) 23-26,HSQ - Original Spare Part Kits
2024-04-20T22:49:21+02:00,8774729924938,hsq-a46006920000,"Air filter dust protection FC, FE, FS, FX, TC, TE, TX (125-501) 22-25",HSQ - Technical Accessories
2024-04-20T22:49:24+02:00,8774730056010,hsq-a46006921000,"Air filter water protection FC, FE, FS, FX, TC, TE, TX (125-501) 22-25",HSQ - Technical Accessories
2024-04-20T22:49:27+02:00,8774730121546,hsq-a46006922000,"Air filter sand protection FC, FE, FS, FX, TC, TE, TX (125-501) 22-25",HSQ - Technical Accessories
2024-04-20T23:25:11+02:00,8774796738890,hsq-a46006998000,Air filter cover,HSQ - Tool/transport
2024-04-20T21:55:53+02:00,8774668550474,hsq-a4600990104468,"Factory front wheel 1.6x21""  FC, FE, FX, TC, TE, TX (125-501) 15-25",HSQ - Wheels
2024-04-20T22:55:33+02:00,8774738706762,hsq-a46009901044c1,"Factory front wheel 1.6x21""  FC, FE, FX, TC, TE, TX (125-501)  15-25","HSQ - Wheels, Out of stock"
2024-04-20T22:55:49+02:00,8774739067210,hsq-a46009901544c1a,"Factory Racing front wheel 1.6x21""  FC, FE, FS, FX, TC, TE, TX (125-501)  23-25",HSQ - Wheels
2024-04-20T23:36:02+02:00,8774808437066,hsq-a4600991004468,Front wheel hub,"HSQ - Technical Accessories, Partstream"
2024-04-20T23:36:04+02:00,8774808469834,hsq-a46009910044c1,Front wheel hub,"HSQ - Technical Accessories, Partstream"
2024-04-20T23:35:15+02:00,8774807388490,hsq-a46009910044c1a,Front wheel hub,"HSQ - Technical Accessories, Partstream"
2024-04-20T22:58:28+02:00,8774742737226,hsq-a46009945000,"Crash bung kit FC, FE, FS, FX, TC, TE, TX (125-501) 15-25",HSQ - Protection
2024-04-20T22:09:46+02:00,8774686277962,hsq-a46009960000,"Flame brake disc FC, FE, FX, TC, TE, TX (125-501)  14-25",HSQ - Brakes
2024-04-20T22:55:38+02:00,8774738805066,hsq-a4601090104468,"Factory rear wheel 2.15x19""  FC, FE, FX, TC, TE, TX (125-501)  22-25",HSQ - Wheels
2024-04-20T22:55:41+02:00,8774738870602,hsq-a46010901044c1,"Factory rear wheel 2.15x19""","HSQ - Wheels, nada-hidden"
2024-04-20T22:55:47+02:00,8774739001674,hsq-a46010901544c1a,"Factory Racing rear wheel 2.15x19""  FC, FE, FS, FX, TC, TE, TX (125-501)  22-25",HSQ - Wheels
2024-04-20T23:36:06+02:00,8774808535370,hsq-a4601091004468,Rear wheel hub,"HSQ - Technical Accessories, Partstream"
2024-04-20T23:36:09+02:00,8774808633674,hsq-a46010910044c1,Rear wheel hub,"HSQ - Technical Accessories, Partstream"
2024-04-20T23:35:11+02:00,8774807290186,hsq-a46010910044c1a,Rear wheel hub,"HSQ - Technical Accessories, Partstream"
2024-04-20T22:56:35+02:00,8774740115786,hsq-a46010916044,"Spacer set  FC, FE, FX, TC, TE, TX (125-501)  22-25",HSQ - Wheels
2024-04-20T22:56:29+02:00,8774739951946,hsq-a46010917000c1,"Factory wheel bearing protection cap set  FC, FE, FX, TC, TE, TX (125-450)  22-25",HSQ - Wheels
2024-07-04T20:35:14+02:00,9369815548234,hsq-a46010917100c1,"Factory wheel bearing repair kit  FE, TE (125-501) 24-25",HSQ - Wheels
2024-04-20T22:56:26+02:00,8774739886410,hsq-a46010919000c1,Factory wheel bearing repair kit 125/150/250/300/350/450 TC/FC/FE/FX/TX/TE,HSQ - Wheels
2024-07-04T20:35:17+02:00,9369815679306,hsq-a46010919100c1,"Factory wheel bearing repair kit 701, EE, FC, FE, FS, FX, SVARTPILEN, TC, TE, TX, VITPILEN (125-501, ENDURO, SUPERMOTO) 21-25",HSQ - Wheels
2024-04-20T22:58:30+02:00,8774742802762,hsq-a46010945000,"Crash bung kit FC, FE, FS, FX, TC, TE, TX (125-501) 22-25",HSQ - Protection
2024-04-20T22:35:49+02:00,8774712721738,hsq-a460109510xx68,"Renthal GP sprocket 701 FC, FE, FR, FS, FX, TC, TE, TX (125-650e, ENDURO) 44 t/m 53T 04-25",HSQ - Chains/Sprockets
2024-04-20T22:35:45+02:00,8774712426826,hsq-a460109510xxc1,"Renthal GP sprocket 701 FC, FE, FR, FS, FX, TC, TE, TX (125-650e, ENDURO) 44 t/m 53T 04-25",HSQ - Chains/Sprockets
2025-01-09T08:56:42+01:00,9637446779210,hsq-a46012904000c1a,Transport cover,HSQ - Tool/transport
2024-04-20T22:39:39+02:00,8774716293450,hsq-a46012917044,"Grip handle FC, FE, FS, FX, TC, TE, TX (125-501) 22-25",HSQ - Handlebars/instruments/electrics
2024-04-20T23:25:08+02:00,8774796706122,hsq-a46012950000,Plug,"HSQ - Tool/transport, Out of stock"
2024-04-20T23:35:01+02:00,8774807126346,hsq-a46013975010c1,Brake caliper support,"HSQ - Technical Accessories, Partstream"
2024-04-20T22:23:52+02:00,8774701941066,hsq-a46013975044,"Brake caliper support FC, FE, FX, TC, TE, TX (125-501) 22-25",HSQ - Brakes
2024-04-20T23:07:48+02:00,8774774980938,hsq-a46014986033,Connectivity Unit Kit 250/350/450 FC/FX 23-26,HSQ - Technical Accessories
2024-04-20T23:07:52+02:00,8774775177546,hsq-a46014986044,Connectivity Unit GPS Kit 250/350/450 FC/FX 23-26,HSQ - Technical Accessories
2025-08-01T09:35:09+02:00,10316824412490,hsq-a46014987033,GPS antenna kit,HSQ - Technical Accessories
2024-04-20T23:24:30+02:00,8774796312906,hsq-a46019909000,Spoke torque wrench,HSQ - Tool/transport
2024-04-21T01:39:03+02:00,8775190708554,hsq-a46029002000,Holder for motor work stand cmpl.,HSQ - Special tools
2024-04-21T01:48:32+02:00,8775257719114,hsq-a46029008000,Crankshaft pressing device cmpl.,HSQ - Special tools
2024-04-21T01:42:08+02:00,8775206404426,hsq-a46029030000,Camshaft gauge,HSQ - Special tools
2024-04-21T01:48:35+02:00,8775258177866,hsq-a46029092000,Pressing tool,HSQ - Special tools
2024-04-20T23:22:11+02:00,8774794543434,hsq-a46029094000,Multi plug-in stand,"HSQ - Tool/transport, Out of stock"
2024-04-21T01:44:49+02:00,8775226753354,hsq-a46029508001,Insert for crankshaft pressing tool,HSQ - Special tools
2024-04-20T22:53:02+02:00,8774735298890,hsq-a46032902000,"HINSON-Inner clutch hub FC, FE, FX (250, 350, 450, 570) 09-25",HSQ - Engine
2024-04-21T10:33:15+02:00,8775893451082,hsq-a4603297504468a,"Clutch slave cylinder protection FC, FE, FX (250, 350, 350s, 450, 501, 501s) 2022-2025",HSQ - Protection
2024-04-20T22:38:12+02:00,8774715212106,hsq-a46035036044ab,Radiator protection 125-501 FC/FE/FS/FX/TC/TE/TX  22-25,HSQ - Cooling
2024-04-20T22:38:14+02:00,8774715244874,hsq-a46035036044c1,Radiator protection 125-501 FC/FE/FS/FX/TC/TE/TX  22-25,HSQ - Cooling
2024-04-20T22:37:16+02:00,8774714032458,hsq-a46035909000,Radiator cap 125-501 FC/FE/FX/TC/TE/TX  22-25,HSQ - Cooling
2024-04-20T22:38:09+02:00,8774715179338,hsq-a46035935000,Radiator Protection Sleeve  3-501 EE/FC/FE/FX/TC/TE/TX 22-25,HSQ - Cooling
2024-04-20T22:37:31+02:00,8774714360138,hsq-a46035941044,Radiator fan 125-450 FC/TC  22-25,HSQ - Cooling
2024-04-20T22:26:57+02:00,8774704726346,hsq-a46035952044c1,"Water pump cover FC, FE, FX (250, 350, 350s, 350w) 22-25","anodized, HSQ - CNC-parts"
2024-04-20T22:34:52+02:00,8774711574858,hsq-a46039940000,Stator cable protection   250/350 FC/FX  22-25,HSQ - Carbon
2024-04-20T22:45:05+02:00,8774723633482,hsq-a46039974044,"Combination switch FC, FE, FX (250, 350, 450, 501) 22-25",HSQ - Handlebars/instruments/electrics
2024-04-20T22:14:24+02:00,8774691094858,hsq-a47005907500,"FMF Megabomb header  4-stroke FC, FE, FX (350) 23-25",HSQ - Exhaust systems
2024-04-20T22:14:17+02:00,8774691029322,hsq-a47005907501,"FMF Megabomb header  4-stroke FC, FE, FX (350) 23-25",HSQ - Exhaust systems
2025-08-01T09:35:12+02:00,10316824609098,hsq-a47005979000,"Akrapovic ""Slip-on line""",HSQ - Technical Accessories
,,hsq-a47005979010,Damping material kit,Technical Accessories
2026-05-18T21:45:37+02:00,15665018470730,hsq-a47005979020,Silencer housing,HSQ - Technical Accessories
,,hsq-a47005979030,Noise reduction insert,Technical Accessories
,,hsq-a47005979050,End cap,Technical Accessories
2025-01-09T08:55:39+01:00,9637446156618,hsq-a47032900000,Rekluse RadiusX 4.0 centrifugal force clutch kit 250/300/350 FE/TE 24-25,HSQ - Engine
2026-05-18T21:45:45+02:00,15665018700106,hsq-a480010390xx,Handlebar mount,HSQ - Handlebars/instruments/electrics
2024-04-20T22:36:39+02:00,8774713573706,hsq-a48004970044,"Factory chain guide FC, FE, FS, FX, TC, TE, TX (85-570)  11-25","HSQ - Chains/Sprockets, Out of stock, stock, synkro-clone-ktm-shop-nederland"
2024-04-20T23:34:00+02:00,8774805946698,hsq-a48005900020,Repair kit,"HSQ - Technical Accessories, Partstream"
2024-04-20T22:14:31+02:00,8774691291466,hsq-a48005900044,"Akrapovič  Evolution Line  4-stroke FC, FS, FX (450) 22-25",HSQ - Exhaust systems
2024-04-20T23:34:01+02:00,8774805979466,hsq-a48005901020,Repair kit,"HSQ - Technical Accessories, Partstream"
2024-04-20T22:14:45+02:00,8774691455306,hsq-a48005901044,"Akrapovič  Racing Line  4-stroke FC, FS, FX (450) 22-25",HSQ - Exhaust systems
2024-04-20T23:35:50+02:00,8774808207690,hsq-a48005905000,Factory header,"HSQ - Technical Accessories, Partstream"
2024-04-20T23:35:49+02:00,8774808174922,hsq-a48005907000,Factory header,"HSQ - Technical Accessories, Partstream"
2024-04-20T23:32:51+02:00,8774804013386,hsq-a48005907050,Heat shield,"HSQ - Technical Accessories, Partstream"
2024-04-20T23:35:36+02:00,8774807847242,hsq-a48005907060,Manifold assembly kit,"HSQ - Technical Accessories, Partstream"
2024-04-20T22:15:01+02:00,8774691684682,hsq-a48005907500,"FMF Megabomb header  4-stroke FC, FE, FS, FX (450) 22-25",HSQ - Exhaust systems
2024-04-20T22:15:04+02:00,8774691717450,hsq-a48005907501,"FMF Megabomb header  4-stroke FC, FE, FS, FX (450) 23-25",HSQ - Exhaust systems
2024-04-20T22:14:54+02:00,8774691586378,hsq-a48005979000,"Akrapovič  Slip-on Line  4-stroke FC, FS, FX (350, 450) 22-25",HSQ - Exhaust systems
2024-04-20T21:54:54+02:00,8774667370826,hsq-a48005979003,"FMF Factory 4.1 RCT silencer  4-stroke FC, FE, FS (450, 501) 22-25",HSQ - Exhaust systems
2024-04-20T23:34:08+02:00,8774806176074,hsq-a48005979010,Damping material kit,"HSQ - Technical Accessories, Partstream"
2024-04-20T23:34:02+02:00,8774806012234,hsq-a48005979020,Repair kit,"HSQ - Technical Accessories, Partstream"
2024-04-20T23:35:41+02:00,8774807978314,hsq-a48005979030,Noise reduction insert,"HSQ - Technical Accessories, Partstream"
2024-04-20T23:35:38+02:00,8774807880010,hsq-a48005979050,Silencer cap,"HSQ - Technical Accessories, Partstream"
2024-04-20T23:35:35+02:00,8774807814474,hsq-a48005979060,Main silencer assembly kit,"HSQ - Technical Accessories, Partstream"
2025-01-09T08:53:22+01:00,9637444452682,hsq-a48005981000,REMUS slip-on silencer 450/501 FE 24-25,HSQ - Exhaust systems
2024-04-20T22:13:59+02:00,8774690668874,hsq-a48005981003,"FMF Factory 4.1 RCT silencer  4-stroke FC, FE, FS (450, 501) 22-25",HSQ - Exhaust systems
2024-04-20T23:35:45+02:00,8774808076618,hsq-a48005987000,Factory silencer,"HSQ - Technical Accessories, Partstream"
2024-04-20T23:35:44+02:00,8774808043850,hsq-a48005989000,Factory silencer,"HSQ - Technical Accessories, Partstream"
2024-04-20T23:35:40+02:00,8774807945546,hsq-a48005989030,Noise reduction insert,"HSQ - Technical Accessories, Partstream"
2024-04-20T23:35:39+02:00,8774807912778,hsq-a48005989060,Noise reduction insert,"HSQ - Technical Accessories, Partstream"
2025-08-01T09:35:11+02:00,10316824510794,hsq-a48006015000a,Air filter oiled,Partstream
2024-04-20T22:49:12+02:00,8774729466186,hsq-a48006040044,"Intake snorkel FC, FS, FX (450) 22-25",HSQ - Technical Accessories
2024-04-20T23:08:04+02:00,8774775898442,hsq-a48007918000,"Fuel filter FC, FS, FX, TC, TX (125-450) 22-25","HSQ - Technical Accessories, stock, synkro-clone-ktm-shop-nederland"
2025-06-11T07:57:53+02:00,10230406906186,hsq-a48009072000c1s,Speichennippel,Partstream
2024-04-21T10:31:50+02:00,8775887126858,hsq-a48030994144,"Clutch cover protection FC, FX, TC, TX (250, 300, 350, 450) 2022-2025",HSQ - Protection
2024-04-20T22:27:02+02:00,8774704857418,hsq-a4803890404468,"Factory Racing oil pump cover FC, FE, FX (250, 350, 350s, 350w, 450, 501, 501s, 501w) 22-25","anodized, HSQ - CNC-parts"
2024-04-20T23:32:56+02:00,8774804144458,hsq-a49001039010,Handlebar mount kit,"HSQ - Technical Accessories, Partstream"
2024-04-20T22:58:10+02:00,8774742376778,hsq-a49001997000,Dirt scraper 125-570 FC/FE/FX/TC/TE/TX 10-25,"HSQ - Protection, stock, synkro-clone-ktm-shop-nederland"
2024-04-20T22:41:19+02:00,8774718161226,hsq-a49002979000ab,Handguard kit,"HSQ - Handlebars/instruments/electrics, nada-hidden"
2024-04-20T22:41:23+02:00,8774718193994,hsq-a49002979000c1,"Handguard kit FX, TX (300, 350, 450) 23-24",HSQ - Handlebars/instruments/electrics
2024-04-20T22:14:15+02:00,8774690963786,hsq-a49005981000,"Akrapovič  Slip-on Line  4-stroke FE (250, 350, 450, 501) 24-25",HSQ - Exhaust systems
,,hsq-a49005981010,Damping material kit,Technical Accessories
2024-04-20T23:32:04+02:00,8774802440522,hsq-a49005981583,FMF Q4 sticker,"HSQ - Technical Accessories, Partstream"
2024-04-20T22:55:36+02:00,8774738772298,hsq-a4901090104468,"Factory rear wheel 2.15x18""  FC, FE, FX, TC, TE, TX (125-501)  22-25",HSQ - Wheels
2024-04-20T22:55:44+02:00,8774738936138,hsq-a49010901544c1a,"Factory Racing rear wheel 2.15x18"" FC, FE, FS, FX, TC, TE, TX (125-501)  22-25",HSQ - Wheels
2025-01-09T08:52:41+01:00,9637443928394,hsq-a49011974044,Start/stop switch 125-501 TC/FE/TE/FC/FX/TX  23-25,"HSQ - Instruments/electrics, HSQ - Technical Accessories"
2025-01-09T08:56:45+01:00,9637446811978,hsq-a49012906000,Service pit mat,HSQ - Tool/transport
2024-04-20T22:39:32+02:00,8774716227914,hsq-a49012917000,"Supporting strap FE, TE (125-501) 24-25","HSQ - Handlebars/instruments/electrics, stock, synkro-clone-ktm-shop-nederland"
2024-04-20T22:29:05+02:00,8774706561354,hsq-a49012955044,"Lowering kit FE, TE (125-501) 24-25",HSQ - Chassis/triple clamp
2026-05-18T21:45:57+02:00,15665018798410,hsq-a49012955144,Lowering kit,HSQ - Chassis/triple clamp
2024-04-20T22:29:02+02:00,8774706495818,hsq-a49012955544,"Lowering kit FE, TE (125-501) 24-25",HSQ - Chassis/triple clamp
2026-05-18T21:46:00+02:00,15665018896714,hsq-a49012955644,Lowering kit,HSQ - Chassis/triple clamp
2024-04-20T23:35:21+02:00,8774807519562,hsq-a4901397503368,Brake caliper support with brake disc guard,"HSQ - Technical Accessories, Partstream"
2024-04-20T22:10:05+02:00,8774686671178,hsq-a4901397504430,"Brake caliper support with brake disc guard FC, FE, FX, TC, TE, TX (125-501) 22-25",HSQ - Brakes
2024-04-20T22:23:55+02:00,8774701973834,hsq-a4901397504468,"Brake caliper support with brake disc guard FC, FE, FX, TC, TE, TX (125-501) 22-25",HSQ - Brakes
2024-04-29T15:42:51+02:00,8790126068042,hsq-a4901397513068,Brake disc guard,Partstream
2024-04-29T15:42:50+02:00,8790125936970,hsq-a49013975130c1,Brake disc guard,Partstream
2025-01-09T08:55:36+01:00,9637446123850,hsq-a49032900000,Rekluse RadiusX 4.0 centrifugal force clutch kit 450/501 FE 24-25,HSQ - Engine
2024-04-20T22:37:33+02:00,8774714425674,hsq-a49035941044,Radiator fan 125-501 FE/FX/TE/TX  23-25,HSQ - Cooling
2024-04-20T22:30:19+02:00,8774707708234,hsq-a54001996000faa,"Factory start device FC, FE, FS, FX, TC, TE, TX (125-501) 15-25","HSQ - Chassis/triple clamp, stock, synkro-clone-ktm-shop-nederland"
2024-04-20T22:30:22+02:00,8774707741002,hsq-a54001996500faa,"Factory start device FC, FE, FS, FX, TC, TE, TX (125-501) 15-25",HSQ - Chassis/triple clamp
2024-04-20T22:44:01+02:00,8774722289994,hsq-a5400293104468a,"Clutch lever FE, TE (125-501) 22-25",HSQ - Handlebars/instruments/electrics
2024-04-20T22:25:30+02:00,8774703513930,hsq-a5400293300068a,"Brake fluid reservoir and clutch reservoir cover FE, FX, TE, TX (125-501) 22-25","anodized, HSQ - CNC-parts"
2024-04-20T22:41:40+02:00,8774718718282,hsq-a5400297900030,"Handguard kit FE, FX, TE, TX (125-501) 22-25",HSQ - Handlebars/instruments/electrics
2024-04-20T22:41:37+02:00,8774718554442,hsq-a54002979000ab,"Handguard kit FE, FX, TE, TX (125-501) 22-25",HSQ - Handlebars/instruments/electrics
2024-04-20T22:10:44+02:00,8774687457610,hsq-a54003990644,"Skid plate FC, FX (250, 350) 2019-2022",HSQ - Protection
2024-04-20T22:10:41+02:00,8774687359306,hsq-a54003990744,"Skid plate FC, FS, FX (450) 2018-2022",HSQ - Protection
2024-04-20T22:30:25+02:00,8774707806538,hsq-a54004905000faa,"Preload adjuster FC, FE, FS, FX, TC, TE, TX (125-501) 16-23",HSQ - Chassis/triple clamp
2024-04-20T22:25:49+02:00,8774703841610,hsq-a54007930000c1,"Factory fuel cap vent FC, FE, FS, FX, TC, TE, TX (125-570) 10-25","HSQ - Technical Accessories, Out of stock"
2024-04-20T22:24:00+02:00,8774702072138,hsq-a54010961000c1,"Brake disc guard FE, FX, TE, TX (125-501) 22-25",HSQ - Brakes
2024-04-20T22:47:51+02:00,8774727074122,hsq-a54012905000faa,Factory steering damper,"HSQ - Handlebars/instruments/electrics, nada-hidden"
2024-04-20T22:45:19+02:00,8774723928394,hsq-a54012920100,"HOURMETER FC, FE, FR, FS, FX, TC, TE, TX (50-501) 14-25","HSQ - Handlebars/instruments/electrics, Out of stock, stock, synkro-clone-ktm-shop-nederland"
2024-04-20T23:23:39+02:00,8774795788618,hsq-a54012928000,Case,HSQ - Tool/transport
2024-04-20T22:43:53+02:00,8774722093386,hsq-a5401390104468a,"Brake lever FE, TE (125-501) 22-25",HSQ - Handlebars/instruments/electrics
2024-04-20T23:35:17+02:00,8774807421258,hsq-a54013914000,Brake caliper support,"HSQ - Technical Accessories, Partstream"
2024-04-20T22:25:27+02:00,8774703481162,hsq-a5401395900068a,"Brake fluid reservoir cover FE, FX, TE, TX (125-501) 22-25","anodized, HSQ - CNC-parts"
2024-04-20T23:25:00+02:00,8774796607818,hsq-a54029935000c1,Mud removal tool,HSQ - Tool/transport
2024-04-29T15:42:22+02:00,8790124101962,hsq-a54029963000,Measuring cup,HSQ - Tool/transport
2024-04-29T15:42:29+02:00,8790124495178,hsq-a54029974000,Battery charging and testing unit,HSQ - Tool/transport
2024-04-29T15:42:25+02:00,8790124331338,hsq-a54029994000c1,Fork support,HSQ - Tool/transport
2024-04-20T23:25:14+02:00,8774796771658,hsq-a54029994500,Fork seal doctor,"HSQ - Tool/transport, Out of stock, stock, synkro-clone-ktm-shop-nederland"
2024-04-20T22:41:13+02:00,8774717964618,hsq-a54102979000ab,"Handguard kit FE, TE (125-501) 24-25",HSQ - Handlebars/instruments/electrics
2024-04-20T22:41:17+02:00,8774718095690,hsq-a54102979000c1,Handguard kit,HSQ - Handlebars/instruments/electrics
2026-05-18T21:46:08+02:00,15665019126090,hsq-a60103994044c1,Frame protection set,HSQ - Protection
2026-05-18T21:46:13+02:00,15665019289930,hsq-a60112964044,Heated grip kit,HSQ - Handlebars/instruments/electrics
2026-05-18T21:46:17+02:00,15665019322698,hsq-a60500910000,RALLY PACK,HSQ - Technical Accessories
2026-05-18T21:46:20+02:00,15665019388234,hsq-a60500940000,Quickshifter+,HSQ - Technical Accessories
2026-05-18T21:46:23+02:00,15665019421002,hsq-a60500970000,TRACK PACK,HSQ - Technical Accessories
2026-05-18T21:46:25+02:00,15665019453770,hsq-a60505911044,Heat protection,HSQ - Exhaust systems
2026-05-18T21:46:28+02:00,15665019552074,hsq-a60508001000,Headlight shroud,HSQ - Trim parts/decals
2026-05-18T21:46:30+02:00,15665019584842,hsq-a60508001010,Headlight carrier,HSQ - Trim parts/decals
2026-05-18T21:46:35+02:00,15665019617610,hsq-a60508013000,Fender,HSQ - Trim parts/decals
2026-05-18T21:46:37+02:00,15665019683146,hsq-a60508041000,Rear fairing,HSQ - Trim parts/decals
2026-05-18T21:46:40+02:00,15665019748682,hsq-a60508042000,Rear fairing,HSQ - Trim parts/decals
2026-05-18T21:46:42+02:00,15665019781450,hsq-a60508050000,Side fairing,HSQ - Trim parts/decals
2026-05-18T21:46:44+02:00,15665019814218,hsq-a60508051000,Side fairing,HSQ - Trim parts/decals
2026-05-18T21:46:47+02:00,15665019846986,hsq-a60508953044c1,Plastic parts kit,HSQ - Trim parts/decals
2026-05-18T21:46:49+02:00,15665019912522,hsq-a60600915000,TECH PACK,HSQ - Technical Accessories
2026-05-18T21:46:52+02:00,15665019978058,hsq-a60600915010,TECH PACK,HSQ - Technical Accessories
2026-05-18T21:46:54+02:00,15665020076362,hsq-a60603916044c1,Center stand,HSQ - Chassis/triple clamp
2026-05-18T21:46:57+02:00,15665020109130,hsq-a60603990044,Skid plate,HSQ - Protection
2026-05-18T21:46:59+02:00,15665020141898,hsq-a60604946044,Swingarm protection,HSQ - Protection
2026-05-18T21:47:02+02:00,15665020174666,hsq-a60605979000c1,REMUS slip-on silencer,HSQ - Exhaust systems
2026-05-18T21:47:04+02:00,15665020207434,hsq-a60605979001,Akrapovič &quot;Slip-on Line&quot;,HSQ - Exhaust systems
2026-05-18T21:47:06+02:00,15665020272970,hsq-a60611944044,Heated grip kit,HSQ - Handlebars/instruments/electrics
2026-05-18T21:47:09+02:00,15665020305738,hsq-a60612968044c1,Crash bar kit,HSQ - Protection
2025-01-09T09:13:14+01:00,9637456675146,hsq-a60629003000,Support tool,HSQ - Special tools
2025-01-09T09:13:19+01:00,9637456707914,hsq-a60629005000,Protecting sleeve,HSQ - Special tools
2026-05-18T21:47:12+02:00,15665020404042,hsq-a60630968000,Ignition cover protection,HSQ - Protection
2026-05-18T21:47:15+02:00,15665020469578,hsq-a60630969000,Clutch cover protection,HSQ - Protection
2026-05-18T21:47:19+02:00,15665020502346,hsq-a60635940044,Radiator protection grille,HSQ - Cooling
2024-07-20T10:25:11+02:00,9391396585802,hsq-a60711953044,Lithium ion battery kit,HSQ - Handlebars/instruments/electrics
2024-04-29T15:39:17+02:00,8790113452362,hsq-a60712955044,Lowering kit,"HSQ - Chassis/triple clamp, nada-hidden"
2024-04-20T22:10:38+02:00,8774687228234,hsq-a60714986044,Connectivity Unit,HSQ - Technical Accessories
2024-07-05T08:08:41+02:00,9370532839754,hsq-a607c249x100200,"APEX PRO 7117 Steering damper kit SVARTPILEN, VITPILEN (801) 24-25",HSQ - Handlebars/instruments/electrics
2024-04-20T22:45:15+02:00,8774723830090,hsq-a61011953044,"Lithium ion battery NORDEN, SVARTPILEN (801, 901) 22-24",HSQ - Handlebars/instruments/electrics
2024-04-20T23:33:30+02:00,8774805324106,hsq-a61014912044,Windshield mounting kit,"HSQ - Technical Accessories, Partstream"
2024-04-20T23:33:51+02:00,8774805750090,hsq-a61029974000,Battery Charging and testing unit,HSQ - Special tools
2024-04-20T23:24:38+02:00,8774796411210,hsq-a61029974044,Battery charging and testing unit,HSQ - Tool/transport
2024-04-20T23:33:48+02:00,8774805717322,hsq-a61029974080,Charging Cable EU,HSQ - Special tools
2024-04-29T15:42:19+02:00,8790123938122,hsq-a61029974144,Battery charging and testing unit,HSQ - Tool/transport
2024-04-20T23:33:46+02:00,8774805684554,hsq-a61029974180,Charging Cable US,HSQ - Special tools
2024-04-20T23:24:42+02:00,8774796443978,hsq-a61029974244,Battery charging and testing unit,HSQ - Tool/transport
2024-04-20T23:33:43+02:00,8774805651786,hsq-a61029974280,Charging Cable UK,HSQ - Special tools
2024-04-20T23:24:45+02:00,8774796476746,hsq-a61029974344,Battery charging and testing unit,HSQ - Tool/transport
2024-04-20T23:33:40+02:00,8774805619018,hsq-a61029974380,Charging Cable AUS/NZ/CN,HSQ - Special tools
2024-04-20T23:24:49+02:00,8774796509514,hsq-a61029974444,Battery charging and testing unit,HSQ - Tool/transport
2024-04-20T23:33:38+02:00,8774805553482,hsq-a61029974480,Charging Cable JP,HSQ - Special tools
2024-07-05T08:08:38+02:00,9370532806986,hsq-a61302901044,"Handlebar kit SVARTPILEN (125, 250, 401) 2024",HSQ - Handlebars/instruments/electrics
2025-01-09T08:57:37+01:00,9637447467338,hsq-a61302979044,Mounting kit,Partstream
2024-07-05T08:08:24+02:00,9370532610378,hsq-a6130297908830,"Handguard kit VITPILEN (125, 401) 2024",HSQ - Handlebars/instruments/electrics
2024-07-05T08:08:31+02:00,9370532708682,hsq-a61302979088ab,"Handguard kit VITPILEN (125, 401) 2024",HSQ - Handlebars/instruments/electrics
2024-07-05T08:08:06+02:00,9370531987786,hsq-a61303937044,"Footpeg set 125, 250, 401 SVARTPILEN, VITPILEN  2024",HSQ - Technical Accessories
2024-07-05T08:08:09+02:00,9370532086090,hsq-a61303947044,"Footpeg set 125, 250, 401 SVARTPILEN, VITPILEN  2024",HSQ - Technical Accessories
2024-04-21T10:30:09+02:00,8775880442186,hsq-a61303994044,"Crash bung kit SVARTPILEN, VITPILEN (125, 250, 401) 2024",HSQ - Protection
2024-04-20T23:12:32+02:00,8774787039562,hsq-a61305990044,"Exhaust cover SVARTPILEN, VITPILEN (125, 250, 401) 2024",HSQ - Exhaust systems
2025-01-09T08:53:06+01:00,9637444288842,hsq-a61307955044,Pillion seat cover 125/250/401 SVARTPILEN/VITPILEN 24-25,"HSQ - Technical Accessories, Seatcover"
2025-01-09T08:57:34+01:00,9637447401802,hsq-a61307955088,Pillon seat cover,Partstream
2024-04-20T23:09:14+02:00,8774779601226,hsq-a61307960000,"Fuel tank protection sticker kit SVARTPILEN, VITPILEN (125, 401) 2024",HSQ - Trim parts/decals
2024-04-20T23:09:11+02:00,8774779470154,hsq-a61307960100,"Fuel tank protection sticker kit SVARTPILEN, VITPILEN (125, 401) 2024",HSQ - Trim parts/decals
2024-04-20T23:27:58+02:00,8774798737738,hsq-a61308907044c1,Fly screen 125/250/401 Svartpilen/Vitpilen 2024,HSQ - Technical Accessories
2024-07-05T08:08:55+02:00,9370532938058,hsq-a61308915144c1,"License plate carrier support SVARTPILEN, VITPILEN (125, 250, 401) 2024",HSQ - Trim parts/decals
2024-04-20T23:00:29+02:00,8774747881802,hsq-a61309945044,"Crash bung kit SVARTPILEN, VITPILEN (125, 401) 2024",HSQ - Protection
2024-04-20T22:22:31+02:00,8774700499274,hsq-a61309960000,"Wave brake disc SVARTPILEN/VITPILEN (125, 401) 2024",HSQ - Brakes
2024-04-20T22:09:17+02:00,8774685753674,hsq-a61310945044,"Crash bung kit SVARTPILEN, VITPILEN (125, 250, 401) 2024",HSQ - Protection
2025-01-09T08:54:53+01:00,9637445632330,hsq-a6131291004401a,Luggage carrier 125/250/401 VITPILEN/SVARTPILEN 2024,HSQ - Technical Accessories
2024-04-29T15:39:51+02:00,8790115549514,hsq-a61312910088,Tank bag rack 125/401  VITPILEN  2024,HSQ - Technical Accessories
2025-01-09T08:57:35+01:00,9637447434570,hsq-a61312911088,Luggage carrier lower part,Partstream
2024-04-20T22:31:53+02:00,8774709281098,hsq-a61312919044,"Tank bag SVARTPILEN, VITPILEN (125, 250, 401) 2024",HSQ - Technical Accessories
2026-05-18T21:47:29+02:00,15665020567882,hsq-a61312919144,Tank bag,HSQ - Technical Accessories
2025-01-09T08:52:53+01:00,9637444092234,hsq-a61312925044,Side bag set 125/250/401 SVARTPILEN/VITPILEN 24-25,"HSQ - Luggage, HSQ - Technical Accessories"
2025-01-09T08:54:57+01:00,9637445730634,hsq-a61312927000,Luggage bag 125/250/401 VITPILEN/SVARTPILEN  2024,HSQ - Technical Accessories
2024-04-29T15:40:38+02:00,8790118170954,hsq-a61312940044,"Handlebar end mirror SVARTPILEN, VITPILEN (125, 401) 2024",HSQ - Handlebars/instruments/electrics
2025-01-09T08:57:32+01:00,9637447369034,hsq-a61312957044,Luggage carrier upper part,Partstream
2024-04-20T23:00:26+02:00,8774747619658,hsq-a61312979044,"Headlight protection SVARTPILEN, VITPILEN (125, 250, 401) 2024",HSQ - Protection
2024-07-05T08:08:21+02:00,9370532544842,hsq-a6170297908830,"Handguard kit SVARTPILEN (125, 250, 401) 2024",HSQ - Handlebars/instruments/electrics
2024-07-05T08:08:28+02:00,9370532643146,hsq-a61702979088ab,"Handguard kit SVARTPILEN (125, 250, 401) 2024",HSQ - Handlebars/instruments/electrics
2025-01-09T08:53:03+01:00,9637444190538,hsq-a61707940000c1a,Ergo rider's seat 125/250/401 SVARTPILEN/VITPILEN 24-25,"HSQ - Seats Street, HSQ - Technical Accessories"
2025-01-09T08:56:16+01:00,9637446517066,hsq-a61707940001c1a,Ergo rider's seat,HSQ - Seats
2025-01-09T08:53:00+01:00,9637444157770,hsq-a61707947000c1a,Ergo pillion seat 125/250/401 SVARTPILEN/VITPILEN 24-25,"HSQ - Seats Street, HSQ - Technical Accessories"
2025-01-09T08:52:49+01:00,9637444059466,hsq-a61712912044,Side bag carrier 125/250/401 SVARTPILEN/VITPILEN 24-25,"HSQ - Luggage, HSQ - Technical Accessories"
2025-01-09T08:53:14+01:00,9637444354378,hsq-a61714911044,Fog light kit 125/250/401 SVARTPILEN/VITPILEN 24-25,"Handlebars/instruments/electrics, HSQ - Handlebars/instruments/electrics, HSQ - Technical Accessories"
2024-04-21T09:56:43+02:00,8775766114634,hsq-a61730920044c1a,"Oil plug  SVARTPILEN, VITPILEN (125, 250, 401) 2024","anodized, HSQ - CNC-parts"
2024-04-21T09:58:20+02:00,8775771652426,hsq-a61730994044c1a,"Ignition cover plug SVARTPILEN, VITPILEN (125, 250, 401) 2024","anodized, HSQ - CNC-parts"
2024-04-21T09:58:15+02:00,8775771423050,hsq-a61735903044c1a,"Coolant compensating tank cover SVARTPILEN, VITPILEN (125, 250, 401) 2024","anodized, HSQ - CNC-parts"
2024-04-20T23:11:58+02:00,8774786613578,hsq-a61735931044c1a,"Radiator spoiler set SVARTPILEN, VITPILEN (125, 250, 401) 2024",HSQ - Trim parts/decals
2024-04-20T23:32:19+02:00,8774803030346,hsq-a62411941040,USB-A charging cable,"HSQ - Technical Accessories, Partstream"
2024-04-20T23:32:18+02:00,8774802997578,hsq-a62411941050,USB-A charging cable,"HSQ - Technical Accessories, Partstream"
2026-05-18T21:47:35+02:00,15665020666186,hsq-a62412991010,Smartphone universal adapter,HSQ - Technical Accessories
2024-04-20T22:54:07+02:00,8774736904522,hsq-a62412991020,Smartphone universal case,HSQ - Technical Accessories
2024-04-20T22:54:03+02:00,8774736806218,hsq-a62412991030,Smartphone universal case,HSQ - Technical Accessories
,8502065332554,hsq-a62412992010,Smartphone bracket,Technical Accessories
2026-05-18T21:47:38+02:00,15665020797258,hsq-a62412992020,Smartphone adapter,HSQ - Technical Accessories
2025-08-01T09:34:42+02:00,10316823527754,hsq-a62412992110,Smartphone bracket,HSQ - Technical Accessories
2024-04-20T23:32:17+02:00,8774802964810,hsq-a62412993010,Wireless charging module,"HSQ - Technical Accessories, Partstream"
,8502294315338,hsq-a62412993030,Anti vibration module,Technical Accessories
2025-08-01T09:34:39+02:00,10316823363914,hsq-a62412993130,Anti-vibration module,HSQ - Technical Accessories
2025-08-01T09:35:13+02:00,10316824740170,hsq-a62603940044,Footpeg left,HSQ - Technical Accessories
2025-08-01T09:33:56+02:00,10316821037386,hsq-a62603940088,Footpeg set 701 Enduro / 901 Norden 20-25,"Footpegs, HSQ -  Footpegs, HSQ - Technical Accessories"
2025-08-01T09:35:15+02:00,10316824772938,hsq-a62603941044,Footpeg right,HSQ - Technical Accessories
2025-01-09T08:53:54+01:00,9637444878666,hsq-a62609961044,Brake disc guard kit 901 NORDEN 22-25,HSQ - Brakes
2025-08-01T09:34:00+02:00,10316821102922,hsq-a62612903010,Air compressor,"HSQ - Technical Accessories, HSQ - Tool/transport"
2025-08-01T09:33:53+02:00,10316820873546,hsq-a62613928000,Brake reservoir protection 901 NORDEN 22-25,"HSQ - Brakes, HSQ - Technical Accessories"
2026-05-18T21:47:42+02:00,15665020895562,hsq-a62613951044c1,Foot brake lever step plate,HSQ - Technical Accessories
2026-05-18T21:47:44+02:00,15665020961098,hsq-a67600910000,DYNAMIC PACK,HSQ - Technical Accessories
2025-01-09T08:56:23+01:00,9637446549834,hsq-a67600940000,Easy shift,HSQ - Technical Accessories
2026-05-18T21:47:47+02:00,15665021026634,hsq-a67600970000,Motor slip regulation (MSR),HSQ - Technical Accessories
2024-04-29T15:41:52+02:00,8790122299722,hsq-a67600980000,Cruise control,HSQ - Technical Accessories
2024-04-29T15:39:00+02:00,8790112567626,hsq-a67605979000,"Akrapovič ""Slip-on Line"" SVARTPILEN, VITPILEN (801) 24-25",HSQ - Exhaust systems
2025-06-11T07:57:38+02:00,10230406676810,hsq-a67605979010,Damping material kit,Partstream
2025-06-11T07:57:35+02:00,10230406644042,hsq-a67605979020,Repair kit,Partstream
2025-01-09T08:57:40+01:00,9637447565642,hsq-a67605979050,End cap,Partstream
2025-01-09T08:57:38+01:00,9637447500106,hsq-a67605979060,Mounting kit,Partstream
2025-01-09T08:57:42+01:00,9637447598410,hsq-a67605979070,Heat protection,Partstream
2024-04-29T15:38:54+02:00,8790112239946,hsq-a67605979500,"REMUS slip-on silencer SVARTPILEN, VITPILEN (801) 24-25",HSQ - Exhaust systems
2024-07-04T21:16:31+02:00,9369875808586,hsq-a67605979530,Link pipe,Partstream
2024-07-04T21:16:30+02:00,9369875743050,hsq-a67605979550,Exhaust cover grille,Partstream
2024-07-04T21:16:28+02:00,9369875710282,hsq-a67605979570,Heat protection,Partstream
2024-04-29T15:42:45+02:00,8790125576522,hsq-a67605988000c1,Silencer bracket,Partstream
2024-04-29T15:38:48+02:00,8790111781194,hsq-a67605988044c1,"Silencer bracket SVARTPILEN, VITPILEN (801) 24-25",HSQ - Exhaust systems
2024-04-29T15:41:33+02:00,8790121644362,hsq-a67607047000c1c,Ergo pillion seat  801 SVARTPILEN  24,HSQ - Seats
2024-04-29T15:41:42+02:00,8790121840970,hsq-a67607940001c1c,Ergo rider's seat  801 SVARTPILEN  24,HSQ - Seats
2024-04-29T15:41:30+02:00,8790121480522,hsq-a67607940002c1a,Ergo rider's seat 801 SVARTPILEN 24,HSQ - Seats
2024-04-29T15:42:43+02:00,8790125445450,hsq-a67607955000c1,Pillon seat cover,Partstream
2024-04-29T15:41:23+02:00,8790121087306,hsq-a67607955044c1,Pillion seat cover  801 SVARTPILEN 24,HSQ - Seats
2024-04-29T15:41:55+02:00,8790122496330,hsq-a67607960000,Fuel tank protection sticker kit SVARTPILEN (801) 2024,HSQ - Trim parts/decals
2024-04-29T15:39:55+02:00,8790115877194,hsq-a67608908000,Fly screen  801 Svartpilen 2024,HSQ - Carbon
2026-05-18T21:47:53+02:00,15665021092170,hsq-a67608910044bha,Kotflügel,HSQ - Carbon
2024-04-29T15:42:01+02:00,8790122889546,hsq-a67608953000,Fuel tank fairing kit SVARTPILEN (801) 2024,HSQ - Trim parts/decals
2026-05-18T21:47:56+02:00,15665021190474,hsq-a67608960044,Radiator spoiler set,HSQ - Carbon
2024-04-29T15:39:44+02:00,8790115057994,hsq-a67612919144c1a,Tank bag,HSQ - Technical Accessories
2024-04-29T15:42:36+02:00,8790124986698,hsq-a67612919188c1a,Tank bag carrier,Partstream
2024-07-05T08:08:15+02:00,9370532315466,hsq-a67612922088c1,Side bag carrier,HSQ - Technical Accessories
2024-07-05T08:08:12+02:00,9370532217162,hsq-a67612927044c1a,Rear bag,HSQ - Technical Accessories
2024-04-29T15:41:06+02:00,8790119973194,hsq-a6761297900056,Headlight protection SVARTPILEN (801) 2024,HSQ - Protection
2024-04-29T15:42:44+02:00,8790125510986,hsq-a67635936000,Radiator protection grille,Partstream
2024-04-29T15:40:10+02:00,8790116598090,hsq-a67635936044,Radiator protection grille  801 SVARTPILEN/VITPILEN  24-25,HSQ - Cooling
2024-07-05T08:08:34+02:00,9370532774218,hsq-a70602928044c1,"Lever protection SVARTPILEN, VITPILEN (125, 250, 401, 801) 2024",HSQ - Handlebars/instruments/electrics
2025-01-09T08:57:22+01:00,9637447139658,hsq-a70603938010,Heel guard left,Partstream
2025-01-09T08:52:38+01:00,9637443895626,hsq-a70603938044,Heel guard kit 801 SVARTPILEN/VITPILEN 24-25,"HSQ - Technical Accessories, HSQ -Carbon"
2025-01-09T08:57:24+01:00,9637447205194,hsq-a70603939088,Heel guard right,Partstream
2025-01-09T08:55:05+01:00,9637445796170,hsq-a70608910088,Fender set 801 VITPILEN 2025,HSQ - Carbon
2025-01-09T08:57:30+01:00,9637447336266,hsq-a70608925000,Fender carrier left,Partstream
2025-01-09T08:57:29+01:00,9637447303498,hsq-a70608926000,Fender carrier right,Partstream
2025-01-09T08:57:27+01:00,9637447270730,hsq-a70608960000,Radiator spoiler left,Partstream
2025-01-09T08:55:01+01:00,9637445763402,hsq-a70608960044,Radiator spoiler set 801 VITPILEN 2025,HSQ - Carbon
2025-01-09T08:57:26+01:00,9637447237962,hsq-a70608961000,Radiator spoiler right,Partstream
2024-04-21T10:52:46+02:00,8775965376842,hsq-a90012929000,Transport bag,HSQ - Tool/transport
2024-04-20T23:23:32+02:00,8774795723082,hsq-a90012929010,Carrying strap,HSQ - Tool/transport
2024-04-20T22:31:48+02:00,8774709215562,hsq-a90012994000,"Handlebar bag Skutta (20km, 25km) 2024",HSQ - Technical Accessories
2024-04-29T15:40:30+02:00,8790117548362,hsq-a90101943044,Handlebar riser EE (2) 2024,HSQ - Handlebars/instruments/electrics
2025-01-09T08:53:10+01:00,9637444321610,hsq-a90107940000c1,Seat  EE 2  2024,HSQ - Seats
2024-04-21T01:30:37+02:00,8775129235786,hsq-ag180001int,Tent Frame 3 x 3 m,HSQ - Marketing Material
2024-04-21T01:30:34+02:00,8775128645962,hsq-ag180002int,Tent Frame 6 x 3 m,HSQ - Marketing Material
2024-04-21T01:30:30+02:00,8775128023370,hsq-ag180003int,Rainwater Gutter Small,HSQ - Marketing Material
2024-04-21T01:30:26+02:00,8775127269706,hsq-ag180004int,Rainwater Gutter Big,HSQ - Marketing Material
2024-04-21T01:30:21+02:00,8775126417738,hsq-ag180005int,Tent Roof Interior 3 x 3 m,HSQ - Marketing Material
2024-04-21T01:30:16+02:00,8775125860682,hsq-ag180006int,Tent Roof Interior 6 x 3 m,HSQ - Marketing Material
2024-04-21T01:29:47+02:00,8775122518346,hsq-ag180007int,Ground Plate for Beachflag,HSQ - Marketing Material
2024-04-21T01:29:49+02:00,8775122780490,hsq-ag180008int,Ground Spike for Beachflag,HSQ - Marketing Material
2024-04-29T15:47:16+02:00,8790141305162,hsq-ahs220075700,HUSQVARNA REPLICA 16EDRIVE,HSQ - Electric Balance Bikes
2024-04-29T15:47:10+02:00,8790140682570,hsq-ahs220075800,HUSQVARNA REPLICA 12EDRIVE,HSQ - Electric Balance Bikes
2026-05-18T21:48:06+02:00,15665021288778,hsq-ahs240042800,Kids Lil Ripper Helmet,HSQ - Casual and Accessories
2024-04-21T01:27:54+02:00,8775104889162,hsq-ara3421001,WC Icons Set,HSQ - Retail Systems
2024-04-21T01:27:49+02:00,8775104201034,hsq-ara3431001,Glove Presentation Clip,HSQ - Retail Systems
2024-04-21T01:27:45+02:00,8775103807818,hsq-ara3435001,INFO SHEET A4 SET,HSQ - Retail Systems
,,hsq-ee1122023,EE 1.12 2023,HQV DealerNet INT
,,hsq-ee1162023,EE 1.16 2023,HQV DealerNet INT
,,hsq-ee1202023,EE 1.20 2023,HQV DealerNet INT
,,hsq-ee22025,EE 2 2025,HQV DealerNet INT
,,hsq-f1003yx,Svartpilen 125 2025,HQV DealerNet INT
,,hsq-f2001427,TC 50 2027,HQV DealerNet INT
,,hsq-f2001627,TC 65 2027,HQV DealerNet INT
,,hsq-f2001827,TC 85 17/14 2027,HQV DealerNet INT
,,hsq-f2001927,TC 85 19/16 2027,HQV DealerNet INT
,,hsq-f2001n8,TC 85 17/14 2014,HQV DealerNet INT
,,hsq-f2001n9,TC 85 19/16 2014,HQV DealerNet INT
,,hsq-f2001o8,TC 85 17/14 2015,HQV DealerNet INT
,,hsq-f2001o9,TC 85 19/16 2015,HQV DealerNet INT
,,hsq-f2001p8,TC 85 17/14 2016,HQV DealerNet INT
,,hsq-f2001p9,TC 85 19/16 2016,HQV DealerNet INT
,,hsq-f2001q4,TC 50 2017,HQV DealerNet INT
,,hsq-f2001q6,TC 65 2017,HQV DealerNet INT
,,hsq-f2001q8,TC 85 17/14 2017,HQV DealerNet INT
,,hsq-f2001q9,TC 85 19/16 2017,HQV DealerNet INT
,,hsq-f2001r4,TC 50 2018,HQV DealerNet INT
,,hsq-f2001r5,TC 50 Mini 2018,HQV DealerNet INT
,,hsq-f2001r6,TC 65 2018,HQV DealerNet INT
,,hsq-f2001r8,TC 85 17/14 2018,HQV DealerNet INT
,,hsq-f2001r9,TC 85 19/16 2018,HQV DealerNet INT
,,hsq-f2001s4,TC 50 2019,HQV DealerNet INT
,,hsq-f2001s5,TC 50 Mini 2019,HQV DealerNet INT
,,hsq-f2001s6,TC 65 2019,HQV DealerNet INT
,,hsq-f2001s8,TC 85 17/14 2019,HQV DealerNet INT
,,hsq-f2001s9,TC 85 19/16 2019,HQV DealerNet INT
,,hsq-f2001t4,TC 50 2020,HQV DealerNet INT
,,hsq-f2001t5,TC 50 Mini 2020,HQV DealerNet INT
,,hsq-f2001t6,TC 65 2020,HQV DealerNet INT
,,hsq-f2001t8,TC 85 17/14 2020,HQV DealerNet INT
,,hsq-f2001t9,TC 85 19/16 2020,HQV DealerNet INT
,,hsq-f2001u4,TC 50 2021,HQV DealerNet INT
,,hsq-f2001u5,TC 50 Mini 2021,HQV DealerNet INT
,,hsq-f2001u6,TC 65 2021,HQV DealerNet INT
,,hsq-f2001u8,TC 85 17/14 2021,HQV DealerNet INT
,,hsq-f2001u9,TC 85 19/16 2021,HQV DealerNet INT
,,hsq-f2001v4,TC 50 2022,HQV DealerNet INT
,,hsq-f2001v5,TC 50 Mini 2022,HQV DealerNet INT
,,hsq-f2001v6,TC 65 2022,HQV DealerNet INT
,,hsq-f2001v8,TC 85 17/14 2022,HQV DealerNet INT
,,hsq-f2001v9,TC 85 19/16 2022,HQV DealerNet INT
,,hsq-f2001w4,TC 50 2023,HQV DealerNet INT
,,hsq-f2001w5,TC 50 Mini 2023,HQV DealerNet INT
,,hsq-f2001w6,TC 65 2023,HQV DealerNet INT
,,hsq-f2001w8,TC 85 17/14 2023,HQV DealerNet INT
,,hsq-f2001w9,TC 85 19/16 2023,HQV DealerNet INT
,,hsq-f2001x4,TC 50 2024,HQV DealerNet INT
,,hsq-f2001x6,TC 65 2024,HQV DealerNet INT
,,hsq-f2001x8,TC 85 17/14 2024,HQV DealerNet INT
,,hsq-f2001x9,TC 85 19/16 2024,HQV DealerNet INT
,,hsq-f2001y4,TC 50 2025,HQV DealerNet INT
,,hsq-f2001y6,TC 65 2025,HQV DealerNet INT
,,hsq-f2001y8,TC 85 17/14 2025,HQV DealerNet INT
,,hsq-f2001y9,TC 85 19/16 2025,HQV DealerNet INT
,,hsq-f2001z4,TC 50 2026,HQV DealerNet INT
,,hsq-f2001z6,TC 65 2026,HQV DealerNet INT
,,hsq-f2001z8,TC 85 17/14 2026,HQV DealerNet INT
,,hsq-f2001z9,TC 85 19/16 2026,HQV DealerNet INT
,,hsq-f2101027,TC 125 2027,HQV DealerNet INT
,,hsq-f2101n0,TC 125 2014,HQV DealerNet INT
,,hsq-f2101n1,FC 250 2014,HQV DealerNet INT
,,hsq-f2101o0,TC 125 2015,HQV DealerNet INT
,,hsq-f2101p0,TC 125 2016,HQV DealerNet INT
,,hsq-f2101p1,FC 250 2016,HQV DealerNet INT
,,hsq-f2101q0,TC 125 2017,HQV DealerNet INT
,,hsq-f2101q1,FC 250 2017,HQV DealerNet INT
,,hsq-f2101r0,TC 125 2018,HQV DealerNet INT
,,hsq-f2101r1,FC 250 2018,HQV DealerNet INT
,,hsq-f2101s0,TC 125 2019,HQV DealerNet INT
,,hsq-f2101s1,FC 250 2019,HQV DealerNet INT
,,hsq-f2101t0,TC 125 2020,HQV DealerNet INT
,,hsq-f2101t1,FC 250 2020,HQV DealerNet INT
,,hsq-f2101u0,TC 125 2021,HQV DealerNet INT
,,hsq-f2101v0,TC 125 2022,HQV DealerNet INT
,,hsq-f2101w0,TC 125 2023,HQV DealerNet INT
,,hsq-f2101y0,TC 125 2025,HQV DealerNet INT
,,hsq-f2101y2,TC 150 2025,HQV DealerNet INT
,,hsq-f2101y3,TC 150 Heritage 2025,HQV DealerNet INT
,,hsq-f2101y4,TC 125 Heritage 2025,HQV DealerNet INT
,,hsq-f2101z1,FC 250 2026,HQV DealerNet INT
,,hsq-f2103m9,TE 125 2013,HQV DealerNet INT
,,hsq-f2103n9,TE 125 2014,HQV DealerNet INT
,,hsq-f2103q9,TX 125 2017,HQV DealerNet INT
,,hsq-f2103r9,TX 125 2018,HQV DealerNet INT
,,hsq-f2103s9,TX 125 2019,HQV DealerNet INT
,,hsq-f2103t4,FE 250 2020,HQV DealerNet INT
,,hsq-f2103u4,FE 250 2021,HQV DealerNet INT
,,hsq-f2103w5,FE 250 Heritage 2023,HQV DealerNet INT
,,hsq-f2103y4,FE 250 2025,HQV DealerNet INT
,,hsq-f2103y5,FE 250 Heritage 2025,HQV DealerNet INT
,,hsq-f2103y8,TE 125 2025,HQV DealerNet INT
,,hsq-f2103z4,FE 250 2026,HQV DealerNet INT
,,hsq-f2103z8,TE 125 2026,HQV DealerNet INT
,,hsq-f2175q9,TE 150 2017,HQV DealerNet INT
,,hsq-f2175r9,TE 150 2018,HQV DealerNet INT
,,hsq-f2175s9,TE 150 2019,HQV DealerNet INT
,,hsq-f2175v2,FC 250 Rockstar Edition 2022,HQV DealerNet INT
,,hsq-f2175x2,FC 250 Rockstar Edition 2024,HQV DealerNet INT
,,hsq-f2175y6,FC 250 FACTORY EDITION 2025,HQV DealerNet INT
,,hsq-f2175z6,FC 250 Factory Edition 2026,HQV DealerNet INT
,,hsq-f2175z9,TE 150 2026,HQV DealerNet INT
,,hsq-f2201n1,FC 350 2014,HQV DealerNet INT
,,hsq-f2201o1,FC 350 2015,HQV DealerNet INT
,,hsq-f2201p1,FC 350 2016,HQV DealerNet INT
,,hsq-f2201q1,FC 350 2017,HQV DealerNet INT
,,hsq-f2201q6,FX 350 2017,HQV DealerNet INT
,,hsq-f2201r1,FC 350 2018,HQV DealerNet INT
,,hsq-f2201r6,FX 350 2018,HQV DealerNet INT
,,hsq-f2201s1,FC 350 2019,HQV DealerNet INT
,,hsq-f2201s6,FX 350 2019,HQV DealerNet INT
,,hsq-f2201t1,FC 350 2020,HQV DealerNet INT
,,hsq-f2201t6,FX 350 2020,HQV DealerNet INT
,,hsq-f2201u6,FX 350 2021,HQV DealerNet INT
,,hsq-f2201v6,FX 350 2022,HQV DealerNet INT
,,hsq-f2201wx,FX 350 2023,HQV DealerNet INT
,,hsq-f2201x6,FX 350 2024,HQV DealerNet INT
,,hsq-f2203u8,FE 350 Rockstar Edition 2021,HQV DealerNet INT
,,hsq-f2203v8,FE 350 Rockstar Edition 2022,HQV DealerNet INT
,,hsq-f2203y5,FE 350 Pro 2025,HQV DealerNet INT
,,hsq-f2203y7,FE 350 Heritage 2025,HQV DealerNet INT
,,hsq-f2203z5,FE 350 PRO 2026,HQV DealerNet INT
,,hsq-f2275o4,FE 350s 2015,HQV DealerNet INT
,,hsq-f2275p4,FE 350s 2016,HQV DealerNet INT
,,hsq-f2275t4,FE 350s 2020,HQV DealerNet INT
,,hsq-f2275u4,FE 350s 2021,HQV DealerNet INT
,,hsq-f2275v4,FE 350s 2022,HQV DealerNet INT
,,hsq-f2275w4,FE 350s 2023,HQV DealerNet INT
,,hsq-f2275x4,FE 350s 2024,HQV DealerNet INT
,,hsq-f2275x6,FE 350w 2024,HQV DealerNet INT
,,hsq-f2275y2,FX 350 2025,HQV DealerNet INT
,,hsq-f2275y3,FC 350 Heritage 2025,HQV DealerNet INT
,,hsq-f2275y4,FE 350s 2025,HQV DealerNet INT
,,hsq-f2275y8,FE 350s Heritage 2025,HQV DealerNet INT
,,hsq-f2275z2,FX 350 2026,HQV DealerNet INT
,,hsq-f2275z4,FE 350s 2026,HQV DealerNet INT
,,hsq-f2301127,TC 250 2027,HQV DealerNet INT
,,hsq-f2301n1,TC 250 2014,HQV DealerNet INT
,,hsq-f2301o1,TC 250 2015,HQV DealerNet INT
,,hsq-f2301p1,TC 250 2016,HQV DealerNet INT
,,hsq-f2301q1,TC 250 2017,HQV DealerNet INT
,,hsq-f2301q6,FX 450 2017,HQV DealerNet INT
,,hsq-f2301r1,TC 250 2018,HQV DealerNet INT
,,hsq-f2301r6,FX 450 2018,HQV DealerNet INT
,,hsq-f2301s1,TC 250 2019,HQV DealerNet INT
,,hsq-f2301s6,FX 450 2019,HQV DealerNet INT
,,hsq-f2301t1,TC 250 2020,HQV DealerNet INT
,,hsq-f2301t6,FX 450 2020,HQV DealerNet INT
,,hsq-f2301u1,TC 250 2021,HQV DealerNet INT
,,hsq-f2301u6,FX 450 2021,HQV DealerNet INT
,,hsq-f2301v1,TC 250 2022,HQV DealerNet INT
,,hsq-f2301v6,FX 450 2022,HQV DealerNet INT
,,hsq-f2301w1,TC 250 2023,HQV DealerNet INT
,,hsq-f2301wx,FX 450 2023,HQV DealerNet INT
,,hsq-f2301x1,TC 250 2024,HQV DealerNet INT
,,hsq-f2301x6,FX 450 2024,HQV DealerNet INT
,,hsq-f2301y1,TC 250 2025,HQV DealerNet INT
,,hsq-f2301y2,TC 250 Heritage 2025,HQV DealerNet INT
,,hsq-f2301z1,TC 250 2026,HQV DealerNet INT
,,hsq-f2303o0,FS 450 2015,HQV DealerNet INT
,,hsq-f2303p0,FS 450 2016,HQV DealerNet INT
,,hsq-f2303q0,FS 450 2017,HQV DealerNet INT
,,hsq-f2303r0,FS 450 2018,HQV DealerNet INT
,,hsq-f2303s0,FS 450 2019,HQV DealerNet INT
,,hsq-f2303t0,FS 450 2020,HQV DealerNet INT
,,hsq-f2303t4,FE 450 2020,HQV DealerNet INT
,,hsq-f2303u0,FS 450 2021,HQV DealerNet INT
,,hsq-f2303u4,FE 450 2021,HQV DealerNet INT
,,hsq-f2303v0,FS 450 2022,HQV DealerNet INT
,,hsq-f2303v4,FE 450 2022,HQV DealerNet INT
,,hsq-f2303w0,FS 450 2023,HQV DealerNet INT
,,hsq-f2303x0,FS 450 2024,HQV DealerNet INT
,,hsq-f2303y6,TE 250 Heritage 2025,HQV DealerNet INT
,,hsq-f2303z0,FS 450 2026,HQV DealerNet INT
,,hsq-f2399s1,FR 450 Rally 2019,HQV DealerNet INT
,,hsq-f2399t1,FR 450 Rally 2020,HQV DealerNet INT
,,hsq-f2399w1,FR 450 Rally 2023,HQV DealerNet INT
,,hsq-f2399x1,FR 450 Rally 2024,HQV DealerNet INT
,,hsq-f2399y1,FR 450 Rally 2025,HQV DealerNet INT
,,hsq-f2401227,TC 300 2027,HQV DealerNet INT
,,hsq-f2401n1,FC 450 2014,HQV DealerNet INT
,,hsq-f2401p1,FC 450 2016,HQV DealerNet INT
,,hsq-f2401q1,FC 450 2017,HQV DealerNet INT
,,hsq-f2401q5,TX 300 2017,HQV DealerNet INT
,,hsq-f2401r1,FC 450 2018,HQV DealerNet INT
,,hsq-f2401r5,TX 300 2018,HQV DealerNet INT
,,hsq-f2401s1,FC 450 2019,HQV DealerNet INT
,,hsq-f2401s5,TX 300 2019,HQV DealerNet INT
,,hsq-f2401t1,FC 450 2020,HQV DealerNet INT
,,hsq-f2401t5,TX 300i 2020,HQV DealerNet INT
,,hsq-f2401u5,TX 300i 2021,HQV DealerNet INT
,,hsq-f2401v5,TX 300i 2022,HQV DealerNet INT
,,hsq-f2401wx,TX 300 2023,HQV DealerNet INT
,,hsq-f2401x5,TX 300 2024,HQV DealerNet INT
,,hsq-f2401y2,TC 300 2025,HQV DealerNet INT
,,hsq-f2401y3,TC 300 Heritage 2025,HQV DealerNet INT
,,hsq-f2401z1,FC 450 2026,HQV DealerNet INT
,,hsq-f2403r7,TE 300i 2018,HQV DealerNet INT
,,hsq-f2403u8,TE 300i Rockstar Edition 2021,HQV DealerNet INT
,,hsq-f2403x4,FE 501 2024,HQV DealerNet INT
,,hsq-f2403y4,FE 501 2025,HQV DealerNet INT
,,hsq-f2403y5,FE 501 Heritage 2025,HQV DealerNet INT
,,hsq-f2403z4,FE 501 2026,HQV DealerNet INT
,,hsq-f2475o4,FE 501s 2015,HQV DealerNet INT
,,hsq-f2475p4,FE 501s 2016,HQV DealerNet INT
,,hsq-f2475r1,FC 450 Rockstar Edition 2018,HQV DealerNet INT
,,hsq-f2475s1,FC 450 Rockstar Edition 2019,HQV DealerNet INT
,,hsq-f2475t1,FC 450 Rockstar Edition 2020,HQV DealerNet INT
,,hsq-f2475t4,FE 501s 2020,HQV DealerNet INT
,,hsq-f2475u4,FE 501s 2021,HQV DealerNet INT
,,hsq-f2475v1,FC 450 Rockstar Edition 2022,HQV DealerNet INT
,,hsq-f2475v4,FE 501s 2022,HQV DealerNet INT
,,hsq-f2475w1,FC 450 Rockstar Edition 2023,HQV DealerNet INT
,,hsq-f2475w4,FE 501s 2023,HQV DealerNet INT
,,hsq-f2475x1,FC 450 Rockstar Edition 2024,HQV DealerNet INT
,,hsq-f2475x4,FE 501s 2024,HQV DealerNet INT
,,hsq-f2475x6,FE 501w 2024,HQV DealerNet INT
,,hsq-f2475y1,FC 450 FACTORY EDITION 2025,HQV DealerNet INT
,,hsq-f2475y3,TX 300 2025,HQV DealerNet INT
,,hsq-f2475y4,FE 501s 2025,HQV DealerNet INT
,,hsq-f2475yb,FE 501s Heritage 2025,HQV DealerNet INT
,,hsq-f2475yc,TX 300 Heritage 2025,HQV DealerNet INT
,,hsq-f2475yd,FX 350 Heritage 2025,HQV DealerNet INT
,,hsq-f2475z1,FC 450 Factory Edition 2026,HQV DealerNet INT
,,hsq-f2475z3,TX 300 2026,HQV DealerNet INT
,,hsq-f2475z4,FE 501s 2026,HQV DealerNet INT
,,hsq-f2603s7,Svartpilen 701 Style 2019,HQV DealerNet INT
,,hsq-f2675127,701 Enduro 2027,HQV DealerNet INT
,,hsq-f2703y6,Svartpilen 801 L 2025,HQV DealerNet INT
,,hsq-f2703yx,Vitpilen 801 L 2025,HQV DealerNet INT
,,hsq-f2703z2,Svartpilen 801 SE 2026,HQV DealerNet INT
,,hsq-f2775227,Svartpilen 801 SE 2027,HQV DealerNet INT
,,hsq-f2875127,Norden 901 2027,HQV DealerNet INT
,,hsq-f2875227,Norden 901 Expedition 2027,HQV DealerNet INT
,,hsq-f3001t7,EE 5 2020,HQV DealerNet INT
,,hsq-f3001u7,EE 5 2021,HQV DealerNet INT
,,hsq-f3001v7,EE 5 2022,HQV DealerNet INT
,,hsq-f3001w7,EE 5 2023,HQV DealerNet INT
,,hsq-f3001w9,EE 3 2023,HQV DealerNet INT
,,hsq-f3001x7,EE 5 2024,HQV DealerNet INT
,,hsq-f3001x8,EE 2 2024,HQV DealerNet INT
,,hsq-f3001x9,EE 3 2024,HQV DealerNet INT
,,hsq-f3001y7,EE 5 2025,HQV DealerNet INT
,,hsq-fc2502015,FC 250 2015,HQV DealerNet INT
,,hsq-fc2502021,FC 250 2021,HQV DealerNet INT
,,hsq-fc2502022,FC 250 2022,HQV DealerNet INT
,,hsq-fc2502023,FC 250 2023,HQV DealerNet INT
,,hsq-fc2502024,FC 250 2024,HQV DealerNet INT
,,hsq-fc2502025,FC 250 2025,HQV DealerNet INT
,,hsq-fc2502027,FC 250 2027,HQV DealerNet INT
,,hsq-fc3502021,FC 350 2021,HQV DealerNet INT
,,hsq-fc3502022,FC 350 2022,HQV DealerNet INT
,,hsq-fc3502023,FC 350 2023,HQV DealerNet INT
,,hsq-fc3502024,FC 350 2024,HQV DealerNet INT
,,hsq-fc3502025,FC 350 2025,HQV DealerNet INT
,,hsq-fc3502027,FC 350 2027,HQV DealerNet INT
,,hsq-fc4502015,FC 450 2015,HQV DealerNet INT
,,hsq-fc4502021,FC 450 2021,HQV DealerNet INT
,,hsq-fc4502022,FC 450 2022,HQV DealerNet INT
,,hsq-fc4502023,FC 450 2023,HQV DealerNet INT
,,hsq-fc4502024,FC 450 2024,HQV DealerNet INT
,,hsq-fc4502025,FC 450 2025,HQV DealerNet INT
,,hsq-fc4502027,FC 450 2027,HQV DealerNet INT
,,hsq-fc450e2006,FE 450 E 2006,HQV DealerNet INT
,,hsq-fe2502013,FE 250 2013,HQV DealerNet INT
,,hsq-fe2502014,FE 250 2014,HQV DealerNet INT
,,hsq-fe2502015,FE 250 2015,HQV DealerNet INT
,,hsq-fe2502016,FE 250 2016,HQV DealerNet INT
,,hsq-fe2502017,FE 250 2017,HQV DealerNet INT
,,hsq-fe2502018,FE 250 2018,HQV DealerNet INT
,,hsq-fe2502019,FE 250 2019,HQV DealerNet INT
,,hsq-fe2502022,FE 250 2022,HQV DealerNet INT
,,hsq-fe2502023,FE 250 2023,HQV DealerNet INT
,,hsq-fe2502024,FE 250 2024,HQV DealerNet INT
,,hsq-fe3502013,FE 350 2013,HQV DealerNet INT
,,hsq-fe3502014,FE 350 2014,HQV DealerNet INT
,,hsq-fe3502015,FE 350 2015,HQV DealerNet INT
,,hsq-fe3502016,FE 350 2016,HQV DealerNet INT
,,hsq-fe3502017,FE 350 2017,HQV DealerNet INT
,,hsq-fe3502018,FE 350 2018,HQV DealerNet INT
,,hsq-fe3502019,FE 350 2019,HQV DealerNet INT
,,hsq-fe3502020,FE 350 2020,HQV DealerNet INT
,,hsq-fe3502021,FE 350 2021,HQV DealerNet INT
,,hsq-fe3502022,FE 350 2022,HQV DealerNet INT
,,hsq-fe3502023,FE 350 2023,HQV DealerNet INT
,,hsq-fe3502024,FE 350 2024,HQV DealerNet INT
,,hsq-fe3502025,FE 350 2025,HQV DealerNet INT
,,hsq-fe3502026,FE 350 2026,HQV DealerNet INT
,,hsq-fe350pro2024,FE 350 Pro 2024,HQV DealerNet INT
,,hsq-fe3902010,FE 390 2010,HQV DealerNet INT
,,hsq-fe3902011,FE 390 2011,HQV DealerNet INT
,,hsq-fe3902012,FE 390 2012,HQV DealerNet INT
,,hsq-fe4502009,FE 450 2009,HQV DealerNet INT
,,hsq-fe4502010,FE 450 2010,HQV DealerNet INT
,,hsq-fe4502011,FE 450 2011,HQV DealerNet INT
,,hsq-fe4502012,FE 450 2012,HQV DealerNet INT
,,hsq-fe4502013,FE 450 2013,HQV DealerNet INT
,,hsq-fe4502014,FE 450 2014,HQV DealerNet INT
,,hsq-fe4502015,FE 450 2015,HQV DealerNet INT
,,hsq-fe4502016,FE 450 2016,HQV DealerNet INT
,,hsq-fe4502017,FE 450 2017,HQV DealerNet INT
,,hsq-fe4502018,FE 450 2018,HQV DealerNet INT
,,hsq-fe4502019,FE 450 2019,HQV DealerNet INT
,,hsq-fe4502023,FE 450 2023,HQV DealerNet INT
,,hsq-fe4502024,FE 450 2024,HQV DealerNet INT
,,hsq-fe4502025,FE 450 2025,HQV DealerNet INT
,,hsq-fe4502026,FE 450 2026,HQV DealerNet INT
,,hsq-fe450e2005,FE 450E 2005,HQV DealerNet INT
,,hsq-fe450e2007,FE 450 E 2007,HQV DealerNet INT
,,hsq-fe450e2008,FE 450 E 2008,HQV DealerNet INT
,,hsq-fe450h2025,FE 450 Heritage 2025,HQV DealerNet INT
,,hsq-fe5012013,FE 501 2013,HQV DealerNet INT
,,hsq-fe5012014,FE 501 2014,HQV DealerNet INT
,,hsq-fe5012015,FE 501 2015,HQV DealerNet INT
,,hsq-fe5012016,FE 501 2016,HQV DealerNet INT
,,hsq-fe5012017,FE 501 2017,HQV DealerNet INT
,,hsq-fe5012018,FE 501 2018,HQV DealerNet INT
,,hsq-fe5012019,FE 501 2019,HQV DealerNet INT
,,hsq-fe5012020,FE 501 2020,HQV DealerNet INT
,,hsq-fe5012021,FE 501 2021,HQV DealerNet INT
,,hsq-fe5012022,FE 501 2022,HQV DealerNet INT
,,hsq-fe5012023,FE 501 2023,HQV DealerNet INT
,,hsq-fe550e2005,FE 550 E 2005,HQV DealerNet INT
,,hsq-fe550e2006,FE 550 E 2006,HQV DealerNet INT
,,hsq-fe550e2007,FE 550 E 2007,HQV DealerNet INT
,,hsq-fe550e2008,FE 550 E 2008,HQV DealerNet INT
,,hsq-fe5702009,FE 570 2009,HQV DealerNet INT
,,hsq-fe5702010,FE 570 2010,HQV DealerNet INT
,,hsq-fe5702011,FE 570 2011,HQV DealerNet INT
,,hsq-fe5702012,FE 570 2012,HQV DealerNet INT
,,hsq-fe650c2007,FE 650 C 2007,HQV DealerNet INT
,,hsq-fe650e2005,FE 650 E 2005,HQV DealerNet INT
,,hsq-fe650e2006,FE 650 E 2006,HQV DealerNet INT
,,hsq-fe650e2008,FE 650 E 2008,HQV DealerNet INT
,,hsq-fs450e2005,FS 450 E 2005,HQV DealerNet INT
,,hsq-fs450e2006,FS 450 E 2006,HQV DealerNet INT
,,hsq-fs5702010,FS 570 2010,HQV DealerNet INT
,,hsq-fs5702011,FS 570 2011,HQV DealerNet INT
,,hsq-fs650e2005,FS 650 E 2005,HQV DealerNet INT
,,hsq-fs650e2006,FS 650 E 2006,HQV DealerNet INT
,,hsq-fs650e2007,FS 650 E 2007,HQV DealerNet INT
2026-05-18T21:48:09+02:00,15665021354314,hsq-hqv0031xx,Original Spare Parts Poster Kit,HSQ - Marketing Material
2026-05-18T21:48:11+02:00,15665021387082,hsq-hqv0043xx,Dealer Acquisition Kit,HSQ - Marketing Material
2024-04-21T01:33:24+02:00,8775150403914,hsq-hqv0048,Brand Value Poster Kit,HSQ - Marketing Material
2024-04-21T01:30:52+02:00,8775131464010,hsq-hqv0102,Flag,HSQ - Marketing Material
2024-04-21T01:30:48+02:00,8775130677578,hsq-hqv0106,Track Tape,HSQ - Marketing Material
2024-04-21T01:30:45+02:00,8775130382666,hsq-hqv0107,Sticky Tape,HSQ - Marketing Material
2024-04-21T13:08:00+02:00,8776144027978,hsq-hqv0110,Ball Pen,HSQ - Marketing Material
2024-04-21T01:30:50+02:00,8775131005258,hsq-hqv0114,Endless banner,HSQ - Marketing Material
2024-04-21T01:28:49+02:00,8775114293578,hsq-hqv0115,Pencil,HSQ - Marketing Material
2024-04-21T18:18:42+02:00,8776357019978,hsq-hqv0116,Arch,HSQ - Marketing Material
2024-04-21T01:33:18+02:00,8775149486410,hsq-hqv0118,White Poster Frame,HSQ - Marketing Material
2024-04-21T01:28:51+02:00,8775114686794,hsq-hqv0121,Note-Book,HSQ - Marketing Material
2024-04-21T01:28:54+02:00,8775115243850,hsq-hqv0123,Journalist´s Notepad,HSQ - Marketing Material
2024-04-21T01:30:43+02:00,8775129891146,hsq-hqv0124,Beachflag Blue (only Cloth),HSQ - Marketing Material
2024-04-21T01:34:55+02:00,8775160889674,hsq-hqv0125,Paper Shopper small,HSQ - Marketing Material
2024-04-21T01:28:59+02:00,8775116128586,hsq-hqv0126,Paper Shopper Large,HSQ - Marketing Material
2024-04-21T01:29:07+02:00,8775117504842,hsq-hqv0127,Document Folder Small,HSQ - Marketing Material
2024-04-21T01:28:57+02:00,8775115768138,hsq-hqv0128,3D Sticker,HSQ - Marketing Material
2024-04-21T01:29:11+02:00,8775117930826,hsq-hqv0131,Document Folder Large,HSQ - Marketing Material
2024-04-21T01:29:03+02:00,8775116849482,hsq-hqv0132,USB Stick Glass,HSQ - Marketing Material
2024-04-21T01:29:14+02:00,8775118520650,hsq-hqv0133,Post it Pionieer,HSQ - Marketing Material
2024-04-21T01:29:17+02:00,8775119012170,hsq-hqv0134,Post it Pionjär,HSQ - Marketing Material
2024-04-21T01:34:58+02:00,8775161184586,hsq-hqv0200,TENT (3 x 3 m),HSQ - Marketing Material
2024-04-21T01:34:43+02:00,8775159284042,hsq-hqv0201,TENT (6 x 3 m),HSQ - Marketing Material
2024-04-21T01:34:33+02:00,8775158038858,hsq-hqv0202,Roof 3 x 3 m,HSQ - Marketing Material
2024-04-21T01:34:52+02:00,8775160398154,hsq-hqv0203,Roof 6 x 3 m,HSQ - Marketing Material
2024-04-21T01:34:47+02:00,8775159808330,hsq-hqv0204,Side Panels 3 x 3m,HSQ - Marketing Material
2024-04-21T01:34:12+02:00,8775155745098,hsq-hqv170045int,Notepad,HSQ - Marketing Material
2024-04-21T01:33:59+02:00,8775154205002,hsq-hqv170063,Clothing Sale Hangtags POS,HSQ - Marketing Material
2024-04-21T01:30:40+02:00,8775129432394,hsq-hqv170070,Beachflag White (Set),HSQ - Marketing Material
2026-05-18T21:48:18+02:00,15665021550922,hsq-hqv170071,Beachflag White (only Cloth),HSQ - Marketing Material
2024-04-21T01:28:40+02:00,8775113015626,hsq-hqv170072int,Paper Cup,HSQ - Marketing Material
2024-04-21T01:28:46+02:00,8775113998666,hsq-hqv170097int,Drinking Bottle Aluminium,HSQ - Marketing Material
2024-04-21T01:28:38+02:00,8775112491338,hsq-hqv170098int,Lanyard Blue,HSQ - Marketing Material
,,hsq-hqv180002at,Clothing Pricelist Functional 2018,Folder
2026-05-18T21:48:20+02:00,15665021583690,hsq-hqv180003xx,Motocross MY 2018,HSQ - Folder
,,hsq-hqv180004xx,Model Range Poster Offroad MY18,Marketing Material
2026-05-18T21:48:23+02:00,15665021714762,hsq-hqv180005xx,POS Kit Offroad 2018,HSQ - Marketing Material
2026-05-18T21:48:25+02:00,15665021747530,hsq-hqv180006xx,Enduro 2018,HSQ - Folder
2024-04-21T01:32:49+02:00,8775146045770,hsq-hqv180009,Clothing Pricelist Casual 2018,"HSQ - Folder, nada-hidden"
2026-05-18T21:48:27+02:00,15665021780298,hsq-hqv180010xx,Preorder Workbook Real Street 2018,HSQ - Folder
2024-04-21T01:31:50+02:00,8775138771274,hsq-hqv180011xx,Accessories Sales Workbook Motocross,HSQ - Folder
2024-04-21T01:31:46+02:00,8775138378058,hsq-hqv180012,Accessories Sales Workbook Enduro,HSQ - Folder
2024-04-21T01:33:56+02:00,8775154073930,hsq-hqv180015int,Vitpilen/Svartpilen POS KIT Keyrings,HSQ - Marketing Material
2024-04-21T01:33:53+02:00,8775153647946,hsq-hqv180016int,Calendar 2018,HSQ - Marketing Material
2024-04-21T01:31:43+02:00,8775137821002,hsq-hqv180019xx,Mobility Service Leporello Folder,HSQ - Folder
2024-04-21T01:30:09+02:00,8775124910410,hsq-hqv180020int,Tent Roof 3 x 3 m,HSQ - Marketing Material
2024-04-21T01:30:04+02:00,8775124648266,hsq-hqv180021int,Tent Side Wall 3 x 3 m,HSQ - Marketing Material
2024-04-21T01:29:58+02:00,8775123927370,hsq-hqv180022int,Tent Roof 6 x 3 m,HSQ - Marketing Material
2024-04-21T01:29:53+02:00,8775123272010,hsq-hqv180023int,Tent Side Wall 6 x 3 m,HSQ - Marketing Material
2024-04-21T01:28:43+02:00,8775113539914,hsq-hqv180025int,Paper Shopper Small,HSQ - Marketing Material
2024-04-21T01:28:35+02:00,8775111999818,hsq-hqv180026int,Paper Shopper Large,HSQ - Marketing Material
2024-04-21T01:32:44+02:00,8775145324874,hsq-hqv190001xx,Preorder Workbook Functional MY19,"HSQ - Folder, nada-hidden"
2024-04-21T01:33:51+02:00,8775153189194,hsq-hqv190002en,Vitpilen/Svartpilen POS KIT Logbook,HSQ - Marketing Material
2026-05-18T21:48:32+02:00,15665021845834,hsq-hqv190004xx,Apparel Catalogue Functional MY19,HSQ - Folder
2026-05-18T21:48:34+02:00,15665021878602,hsq-hqv190007xx,Apparel Catalogue Casual MY19,HSQ - Folder
2024-04-21T01:33:48+02:00,8775152763210,hsq-hqv190011xx,Model Range Poster Enduro MY19,HSQ - Marketing Material
2024-04-21T01:33:43+02:00,8775152337226,hsq-hqv190012xx,Model Range Poster Motocross MY19,HSQ - Marketing Material
2024-04-21T01:31:40+02:00,8775137395018,hsq-hqv190013en,Pionjär,HSQ - Folder
2024-04-21T01:32:38+02:00,8775144800586,hsq-hqv190014xx,Rockstar Teamwear MY19,"HSQ - Folder, nada-hidden"
2024-04-21T01:31:37+02:00,8775136969034,hsq-hqv190015xx,Vitpilen Folder MY19,HSQ - Folder
2024-04-21T01:31:33+02:00,8775136575818,hsq-hqv190016xx,Svartpilen Folder MY19,HSQ - Folder
2026-05-18T21:48:38+02:00,15665021976906,hsq-hqv190019xx,Rockstar Collection Clothing Catalogue 2019,HSQ - Folder
2026-05-18T21:48:40+02:00,15665022042442,hsq-hqv190020xx,Team Wear Clothing Catalogue 2019,HSQ - Folder
2026-05-18T21:48:42+02:00,15665022075210,hsq-hqv200001xx,Apparel Catalogue Functional Offroad MY20,HSQ - Folder
2026-05-18T21:48:44+02:00,15665022107978,hsq-hqv200002xx,Apparel Catalogue Casual MY20,HSQ - Folder
2024-04-21T01:31:29+02:00,8775135854922,hsq-hqv200005xx,Enduro Catalogue 2020,HSQ - Folder
2024-04-21T01:33:13+02:00,8775148798282,hsq-hqv200006xx,EE 5 Poster 2020,HSQ - Marketing Material
2024-04-21T01:33:06+02:00,8775147913546,hsq-hqv200007xx,Street Modelrange Poster 2020,HSQ - Marketing Material
2024-04-21T01:31:26+02:00,8775135560010,hsq-hqv200008xx,Dual Sport Folder 2020,HSQ - Folder
2024-04-21T01:31:23+02:00,8775135035722,hsq-hqv200009xx,Svartpilen Folder 2020,HSQ - Folder
2024-04-21T01:31:20+02:00,8775134609738,hsq-hqv200010xx,Vitpilen Folder 2020,HSQ - Folder
2026-05-18T21:48:48+02:00,15665022140746,hsq-hqv200011xx,Functional Apparel Offroad Catalogue 2020 (MY21!),HSQ - Folder
2026-05-18T21:48:50+02:00,15665022206282,hsq-hqv200012xx,Casual Apparel Catalogue 2021,HSQ - Folder
2024-04-21T01:29:35+02:00,8775120847178,hsq-hqv200013int,Bar Table Cover,HSQ - Marketing Material
2024-04-21T01:28:32+02:00,8775111541066,hsq-hqv200014int,Document Folder large,HSQ - Marketing Material
2024-04-21T01:31:59+02:00,8775139918154,hsq-hqv210001xx,Enduro Catalogue MY21,HSQ - Folder
2024-04-21T01:32:02+02:00,8775140442442,hsq-hqv210002xx,Motocross Folder MY21,HSQ - Folder
2026-05-18T21:48:53+02:00,15665022271818,hsq-hqv210003xx,Apparel Catalogue Casual 2020,HSQ - Folder
2024-04-21T01:33:09+02:00,8775148273994,hsq-hqv210004xx,Model Range Poster Offroad MY21,HSQ - Marketing Material
2024-04-21T01:29:32+02:00,8775120355658,hsq-hqv210005int,Fan Flag,HSQ - Marketing Material
2024-04-21T01:31:17+02:00,8775134413130,hsq-hqv210006xx,Svartpilen Range Folder 2021,HSQ - Folder
2024-04-21T01:31:14+02:00,8775133954378,hsq-hqv210007xx,Vitpilen Range Folder 2021,HSQ - Folder
2024-04-21T01:31:12+02:00,8775133659466,hsq-hqv210009xx,701 Range Folder 2021 (Enduro/SM),HSQ - Folder
2024-04-21T01:32:05+02:00,8775140770122,hsq-hqv210011xx,Functional Apparel Catalogue 2021,"HSQ - Folder, nada-hidden"
2024-04-21T01:33:38+02:00,8775151878474,hsq-hqv210012int,New Years Calendar 2021,HSQ - Marketing Material
2024-04-21T01:33:33+02:00,8775151583562,hsq-hqv210014int,E-Drive POS Display,HSQ - Marketing Material
2024-04-21T01:28:25+02:00,8775110361418,hsq-hqv210017int,Notepad A4,HSQ - Marketing Material
2024-04-21T01:29:28+02:00,8775120093514,hsq-hqv210018int,Roll-up complete System Logo,HSQ - Marketing Material
2024-04-21T01:29:25+02:00,8775119896906,hsq-hqv210019int,Roll-up complete System Welcome,HSQ - Marketing Material
2024-04-21T01:29:23+02:00,8775119765834,hsq-hqv210020int,Roll-up Inlay Logo,HSQ - Marketing Material
2024-04-21T01:29:20+02:00,8775119634762,hsq-hqv210021int,Roll-up Inlay Welcome,HSQ - Marketing Material
2024-04-21T01:31:09+02:00,8775133364554,hsq-hqv220001xx,Enduro Catalogue MY22,HSQ - Folder
2024-04-21T01:31:06+02:00,8775132840266,hsq-hqv220002xx,Motocross Catalogue MY22,HSQ - Folder
2024-04-21T01:33:02+02:00,8775147553098,hsq-hqv220003xx,Modelrange Offroad Poster MY22,HSQ - Marketing Material
2024-04-21T01:31:04+02:00,8775132643658,hsq-hqv220004xx,Norden Catalogue MY22,HSQ - Folder
2024-04-21T01:32:58+02:00,8775147159882,hsq-hqv220005xx,Norden 901 Poster MY22,HSQ - Marketing Material
2024-04-21T01:32:56+02:00,8775146832202,hsq-hqv220008int,New Years Calendar 2022,HSQ - Marketing Material
2024-04-21T01:30:58+02:00,8775132053834,hsq-hqv220009xx,701 Range Folder 2022 (Enduro/SM),HSQ - Folder
2024-04-21T13:07:31+02:00,8776143831370,hsq-hqv220012int,Post It,HSQ - Marketing Material
2024-04-21T13:07:28+02:00,8776143798602,hsq-hqv220014int,Greeting Card Motorcycles,HSQ - Marketing Material
2024-04-21T01:01:52+02:00,8774962282826,hsq-hqv230001au,HQV MS 3X3 FASTSHADE WALL (1PC),HSQ - Casual and Accessories
2024-04-21T13:12:09+02:00,8776145437002,hsq-hqv230002xx,Modelrange Offroad Poster MY23,HSQ - Marketing Material
2024-04-21T13:07:34+02:00,8776143896906,hsq-hqv230003int,Portable Shower,HSQ - Marketing Material
2024-04-21T01:01:50+02:00,8774962217290,hsq-hqv24010int,HQV Baubles,HSQ - Marketing Material
2024-04-21T01:26:11+02:00,8775092666698,hsq-hra3400001,FINN - Male Mannequin,HSQ - Retail Systems
2024-04-21T01:26:08+02:00,8775092404554,hsq-hra3400004,Mannequin Beauty Box HQV,HSQ - Retail Systems
2024-04-21T01:25:38+02:00,8775086965066,hsq-hra3400005,Hangers Jacket (10 pcs),HSQ - Retail Systems
2024-04-21T01:25:36+02:00,8775086408010,hsq-hra3400006,Hangers Shirt (10 pcs),HSQ - Retail Systems
2024-04-21T01:25:33+02:00,8775086014794,hsq-hra3400007,Hangers Pants (10 pcs),HSQ - Retail Systems
2024-04-21T01:25:30+02:00,8775085490506,hsq-hra3400008,Hangers Kids (10 pcs),HSQ - Retail Systems
2024-04-21T01:25:26+02:00,8775084736842,hsq-hra3400009,Hangers Baby (10 pcs),HSQ - Retail Systems
2024-04-21T01:26:00+02:00,8775091028298,hsq-hra3400010,OLIVIA - Woman Mannequin,HSQ - Retail Systems
2024-04-21T01:25:57+02:00,8775090438474,hsq-hra3400011,ADAM - Child Mannequin,HSQ - Retail Systems
2024-04-21T01:25:54+02:00,8775089848650,hsq-hra3400012,ELIAS - Baby Mannequin,HSQ - Retail Systems
2024-04-21T01:27:57+02:00,8775105446218,hsq-hra3400013,Bar Stool,HSQ - Retail Systems
2024-07-04T23:16:35+02:00,9370013532490,hsq-hra3510001,"Picture for wall 1250x510, motif 01_2019",HSQ - Retail Systems
2024-07-04T23:16:38+02:00,9370013630794,hsq-hra3510002,"Picture for wall 1250x510, motif 02_2019",HSQ - Retail Systems
2024-07-04T23:16:42+02:00,9370013696330,hsq-hra3510003,"Picture for wall 1250x510, motif 03_2019",HSQ - Retail Systems
2024-07-04T23:16:45+02:00,9370013761866,hsq-hra3510004,"Picture for wall 1250x510, motif 04_2019",HSQ - Retail Systems
2024-07-04T23:16:49+02:00,9370013827402,hsq-hra3510005,"Picture for wall 1250x510, motif 05_2019",HSQ - Retail Systems
2024-07-04T23:16:52+02:00,9370013925706,hsq-hra3510006,"Picture for wall 1250x510, motif 06_2019",HSQ - Retail Systems
2024-07-04T23:16:56+02:00,9370013991242,hsq-hra3510007,"Picture for wall 1250x510, motif 07_2019",HSQ - Retail Systems
2024-07-04T23:17:00+02:00,9370014024010,hsq-hra3510008,"Picture for wall 1250x510, motif 08_2019",HSQ - Retail Systems
2024-07-04T23:17:03+02:00,9370014056778,hsq-hra3510009,"Picture for wall 1250x510, motif 09_2019",HSQ - Retail Systems
2024-07-04T23:17:07+02:00,9370014122314,hsq-hra3510010,"Picture for wall 1250x510, motif 10_2019",HSQ - Retail Systems
2024-07-04T23:17:10+02:00,9370014286154,hsq-hra3510011,"Picture 2000x1930, motif 01_2019",HSQ - Retail Systems
2024-07-04T23:17:14+02:00,9370014384458,hsq-hra3510012,"Picture 1000x1930, motif 01_2019",HSQ - Retail Systems
2024-07-04T23:17:17+02:00,9370014482762,hsq-hra3510013,"Picture 1000x1930, motif 02_2019",HSQ - Retail Systems
2024-07-04T23:17:20+02:00,9370014581066,hsq-hra3510014,"Picture 1000x1930, motif 03_2019",HSQ - Retail Systems
2024-07-04T23:17:26+02:00,9370014777674,hsq-hra3510015,"Picture 1000x1930, motif 04_2019",HSQ - Retail Systems
2024-07-04T23:17:29+02:00,9370014875978,hsq-hra3510016,"Picture 1000x1930, motif 05_2019",HSQ - Retail Systems
2024-07-04T23:17:33+02:00,9370014908746,hsq-hra3510017,"Picture 1000x1930, motif 06_2019",HSQ - Retail Systems
2024-07-04T23:17:36+02:00,9370014974282,hsq-hra3510018,"Picture 1000x1930, motif 07_2019",HSQ - Retail Systems
2024-07-04T23:17:39+02:00,9370015039818,hsq-hra3510019,"Picture 1000x1930, motif 08_2019",HSQ - Retail Systems
2024-07-04T23:17:43+02:00,9370015105354,hsq-hra3510020,"Picture 1000x1930, motif 09_2019",HSQ - Retail Systems
2024-07-04T23:17:46+02:00,9370015203658,hsq-hra3510021,"Picture 1000x1930, motif 10_2019",HSQ - Retail Systems
2024-07-04T23:16:32+02:00,9370013434186,hsq-hra3510023,"VP/SP Picture 2000x1930, Motiv 01_2020",HSQ - Retail Systems
2024-07-04T23:16:28+02:00,9370013368650,hsq-hra3510024,"Picture for wall 1250x510, motif 04_2020",HSQ - Retail Systems
2024-07-04T23:16:24+02:00,9370013335882,hsq-hra3510025,"Picture for wall 1250x510, motif 07_2020",HSQ - Retail Systems
2024-07-04T23:16:20+02:00,9370013270346,hsq-hra3510026,"Picture for wall 1250x510, motif 08_2020",HSQ - Retail Systems
,,hsq-hsfunct,Husky Style Functional new,Functional
2024-04-21T01:01:59+02:00,8774962577738,hsq-hvp3x3qskt1,HQV 3X3 QUICKSHADE MS COMPLETE,HSQ - Casual and Accessories
2024-04-21T01:01:55+02:00,8774962413898,hsq-hvp6x3qskt1,HQV 6X3 QUICKSHADE MS COMPLETE,HSQ - Casual and Accessories
2024-04-20T23:37:32+02:00,8774810829130,hsq-j770013824,O-ring,"HSQ - Technical Accessories, Partstream"
,,hsq-norden9012022,Norden 901 2022,HQV DealerNet INT
,,hsq-norden9012023,Norden 901 2023,HQV DealerNet INT
,,hsq-norden9012024,Norden 901 2024,HQV DealerNet INT
,,hsq-norden9012025,Norden 901 2025,HQV DealerNet INT
,,hsq-norden9012026,Norden 901 2026,HQV DealerNet INT
,,hsq-norden901exp2023,Norden 901 Expedition 2023,HQV DealerNet INT
,,hsq-norden901exp2024,Norden 901 Expedition 2024,HQV DealerNet INT
,,hsq-norden901exp2025,Norden 901 Expedition 2025,HQV DealerNet INT
,,hsq-norden901exp2026,Norden 901 Expedition 2026,HQV DealerNet INT
,,hsq-pioneer2025,PIONEER 2025,HQV DealerNet INT
2026-05-18T21:49:07+02:00,15665022501194,hsq-r14054t,Spacer kit,HSQ - Technical Accessories
2024-04-20T22:29:15+02:00,8774706692426,hsq-s03852000300000,"Preload adjuster FC, FE, FX, TC, TE, TX (125-501) 22-25",HSQ - Chassis/triple clamp
2026-05-18T21:49:09+02:00,15665022566730,hsq-s8098200170002x,SHOCK ABSORBER SPRING,HSQ - Technical Accessories
2026-05-18T21:49:11+02:00,15665022599498,hsq-s80992001x,FORK SPRING SET,HSQ - Technical Accessories
2024-04-20T23:35:30+02:00,8774807748938,hsq-s92082000100000,Loss protection,"HSQ - Technical Accessories, Partstream"
2024-04-21T01:25:44+02:00,8775088111946,hsq-sh159801,Shirt Hanger,HSQ - Retail Systems
2024-04-21T01:25:41+02:00,8775087554890,hsq-sh159802,Jacket Hanger,HSQ - Retail Systems
2024-04-21T01:25:51+02:00,8775089291594,hsq-sh159803,Pants Hanger,HSQ - Retail Systems
2024-04-21T01:25:48+02:00,8775088800074,hsq-sh159804,Kids Shirt Hanger,HSQ - Retail Systems
,,hsq-skutta2024,Skutta - Electric Scooter 2024,HQV DealerNet INT
2024-04-21T01:12:08+02:00,8774991151434,hsq-spaa13u50cm1186,Drivetrain kit 125/250 TC  250/350/450 FC  13/50T 15-17,HSQ - Original Spare Part Kits
2024-04-21T01:12:05+02:00,8774990922058,hsq-spaa13u50cm118a,"Drivetrain kit  125/150/250/300/350/501 FE, FX, TE, TX  13/50T 15-18",HSQ - Original Spare Part Kits
2024-04-21T01:12:03+02:00,8774990659914,hsq-spaa13u52cm118a,Drivetrain kit 250/350/450 FE  13/52T 2015,HSQ - Original Spare Part Kits
2024-04-21T01:12:00+02:00,8774989971786,hsq-spaa14u50cm118a,Drivetrain kit 250 FE  14/50T 2017,HSQ - Original Spare Part Kits
2024-04-21T01:11:57+02:00,8774989709642,hsq-spaa14u52am118a,Drivetrain kit  250 FE  14/52T 2017,HSQ - Original Spare Part Kits
2024-04-21T01:12:01+02:00,8774990233930,hsq-spab16g423m118b,Drivetrain kit 701 Supermoto  16/42T 16-18,HSQ - Original Spare Part Kits
2024-04-21T01:11:55+02:00,8774989480266,hsq-spab16g453m118e,Drivetrain kit  901 Norden  16/45T 2022,HSQ - Original Spare Part Kits
2026-05-18T21:49:16+02:00,15665022632266,hsq-spmv8000b9255,Drivetrain kit 14/48,HSQ - Original Spare Part Kits
2024-04-21T01:02:39+02:00,8774964478282,hsq-spstacyc220005,"REPLACEMENT CHAIN GUARD, BLACK - 20EDRIVE",HSQ - Electric Balance Bikes
2024-04-21T01:02:31+02:00,8774964085066,hsq-spstacyc220008,REPLACEMENT FRONT WHEEL - 20EDRIVE,"HSQ - Electric Balance Bikes, MTX-clone-not-published"
2024-04-21T01:02:34+02:00,8774964216138,hsq-spstacyc220009,REPLACEMENT REAR WHEEL - 20EDRIVE,"HSQ - Electric Balance Bikes, MTX-clone-not-published"
2024-04-21T01:02:24+02:00,8774963691850,hsq-spstacyc220011,REPLACEMENT DRIVE CHAIN - 20EDRIVE,"HSQ - Electric Balance Bikes, MTX-clone-not-published"
2024-04-21T01:02:42+02:00,8774964576586,hsq-spstacyc220012,REPLACEMENT HANDLEBAR - 20EDRIVE,"HSQ - Electric Balance Bikes, MTX-clone-not-published"
2024-04-21T01:02:37+02:00,8774964347210,hsq-spstacyc220013,REPLACEMENT TUBE - 20EDRIVE,HSQ - Electric Balance Bikes
2024-04-21T01:02:21+02:00,8774963528010,hsq-spstacyc220015,REPLACEMENT MOTOR/ESC COMBO - 20EDRIVE,"HSQ - Electric Balance Bikes, MTX-clone-not-published"
2024-04-21T01:02:28+02:00,8774963888458,hsq-spstacyc220035,INNOVA TIRE - 20EDRIVE,HSQ - Electric Balance Bikes
2024-04-21T01:03:12+02:00,8774965789002,hsq-spstacyc410009,REPLACEMENT FREEWHEEL - 16 TOOTH,HSQ - Electric Balance Bikes
2024-04-21T01:02:48+02:00,8774964805962,hsq-spstacyc410021,REPLACEMENT FOOTREST,HSQ - Electric Balance Bikes
2024-04-21T01:02:51+02:00,8774964904266,hsq-spstacyc410024,REPLACEMENT REAR FREEWHEEL - 18T,HSQ - Electric Balance Bikes
2024-04-21T01:02:54+02:00,8774965002570,hsq-spstacyc410027,SEAT COLLAR,HSQ - Electric Balance Bikes
2024-04-21T01:02:55+02:00,8774965068106,hsq-spstacyc410028,SADDLE - BLACK/BLACK CHEVRON,"HSQ - Electric Balance Bikes, MTX-clone-not-published"
2024-04-21T01:03:13+02:00,8774965854538,hsq-spstacyc420005,SPROCKET,"HSQ - Electric Balance Bikes, MTX-clone-not-published"
2024-04-21T01:02:57+02:00,8774965199178,hsq-spstacyc420023,FRONT CUSH DRIVE SPROCKET (OE) - 13T,HSQ - Electric Balance Bikes
2024-04-21T01:03:03+02:00,8774965395786,hsq-spstacyc420028,REPLACEMENT PLANETARY GEARBOX,HSQ - Electric Balance Bikes
2024-04-21T01:03:05+02:00,8774965526858,hsq-spstacyc420029,REPLACEMENT 90 GEARBOX,HSQ - Electric Balance Bikes
2024-04-21T01:03:08+02:00,8774965625162,hsq-spstacyc420030,REPLACEMENT THROTTLE ASSEMBLY,"HSQ - Electric Balance Bikes, MTX-clone-not-published, Out of stock"
2024-04-21T01:02:18+02:00,8774963396938,hsq-spstacyc420032,36V FAST BATTERY CHARGER - 3AH/6AH,"HSQ - Electric Balance Bikes, MTX-clone-not-published"
2024-04-21T01:03:11+02:00,8774965723466,hsq-spstacyc420048,EBC BRAKE PADS (CFA327) - TEKTRO 2 PISTON CALIPERS,"HSQ - Electric Balance Bikes, MTX-clone-not-published"
2024-04-21T01:02:45+02:00,8774964707658,hsq-spstacyc420064,REPLACEMENT BRAKE LEVER - TEKTRO (RH/LH),"HSQ - Electric Balance Bikes, MTX-clone-not-published"
2024-04-21T01:03:00+02:00,8774965297482,hsq-spstacyc420065,CUSH DRIVE 2.0 ASSEMBLY,HSQ - Electric Balance Bikes
2024-04-21T01:02:15+02:00,8774963265866,hsq-spstacyc500014,6AH BATTERY (18/20EDRIVE),HSQ - Electric Balance Bikes
,,hsq-svartpilen1252021,Svartpilen 125 2021,HQV DealerNet INT
,,hsq-svartpilen1252022,Svartpilen 125 2022,HQV DealerNet INT
,,hsq-svartpilen1252023,Svartpilen 125 2023,HQV DealerNet INT
,,hsq-svartpilen1252024,Svartpilen 125 2024,HQV DealerNet INT
,,hsq-svartpilen2002021,Svartpilen 200 2021,HQV DealerNet INT
,,hsq-svartpilen2002022,Svartpilen 200 2022,HQV DealerNet INT
,,hsq-svartpilen2002023,Svartpilen 200 2023,HQV DealerNet INT
,,hsq-svartpilen2502021,Svartpilen 250 2021,HQV DealerNet INT
,,hsq-svartpilen2502022,Svartpilen 250 2022,HQV DealerNet INT
,,hsq-svartpilen2502023,Svartpilen 250 2023,HQV DealerNet INT
,,hsq-svartpilen2502024,Svartpilen 250 2024,HQV DealerNet INT
,,hsq-svartpilen2502025,Svartpilen 250 2025,HQV DealerNet INT
,,hsq-svartpilen4012019,Svartpilen 401 2019,HQV DealerNet INT
,,hsq-svartpilen4012021,Svartpilen 401 2021,HQV DealerNet INT
,,hsq-svartpilen4012022,Svartpilen 401 2022,HQV DealerNet INT
,,hsq-svartpilen4012023,Svartpilen 401 2023,HQV DealerNet INT
,,hsq-svartpilen4012024,Svartpilen 401 2024,HQV DealerNet INT
,,hsq-svartpilen4012025,Svartpilen 401 2025,HQV DealerNet INT
,,hsq-svartpilen4012026,Svartpilen 401 2026,HQV DealerNet INT
,,hsq-svartpilen7012019,Svartpilen 701 2019,HQV DealerNet INT
,,hsq-svartpilen8012025,Svartpilen 801 2025,HQV DealerNet INT
2024-04-20T22:52:15+02:00,8774734184778,hsq-sxs02125071,Factory spark plug TC (65) 17-23,HSQ - Engine
2024-04-20T22:22:14+02:00,8774700204362,hsq-sxs02540509,Akrapovič sticker,HSQ - Exhaust systems
2024-04-20T22:56:45+02:00,8774740345162,hsq-sxs03540400,Axle reduction kit,HSQ - Wheels
2024-04-21T00:06:46+02:00,8774839599434,hsq-sxs04250505,Damping material kit,Partstream
2024-04-21T00:06:49+02:00,8774839664970,hsq-sxs04250507,Repair kit,Partstream
2024-04-21T00:07:06+02:00,8774840025418,hsq-sxs04250518,Spark arrestor insert,Partstream
2024-04-21T00:07:09+02:00,8774840090954,hsq-sxs04540504,Holding clamp,Partstream
2024-04-20T22:19:53+02:00,8774696993098,hsq-sxs05085390,Factory CDI control unit 2-stroke,"HSQ - Exhaust systems, nada-hidden"
2024-04-21T00:05:18+02:00,8774837862730,hsq-sxs05125203,Elastomer kit green/soft,Partstream
2024-04-21T00:05:15+02:00,8774837797194,hsq-sxs05125204,Elastomer kit yellow/medium,Partstream
2024-04-21T00:05:12+02:00,8774837764426,hsq-sxs05125205,Elastomer kit red/hard,Partstream
2024-04-21T00:07:02+02:00,8774839959882,hsq-sxs06250509,Insert for 96DB main silencer,Partstream
2024-04-21T00:02:03+02:00,8774833766730,hsq-sxs06450404,M20 spacer,"HSQ - Technical Accessories, Partstream"
2025-08-01T09:34:30+02:00,10316822741322,hsq-sxs07125200,Progressive handlebar damping system (PHDS) 85-650 TE/FE/FX/FS 06-19,HSQ - Handlebars/instruments/electrics
2024-04-21T00:05:09+02:00,8774837698890,hsq-sxs07125205,Clamping bar set,Partstream
2024-04-21T00:05:06+02:00,8774837633354,hsq-sxs07125206,Base support,Partstream
2024-04-21T00:05:03+02:00,8774837567818,hsq-sxs07125208,Upper shell PHDS,Partstream
2024-04-20T22:23:46+02:00,8774701809994,hsq-sxs07125712,"Factory Racing brake caliper FC, FE, FX, TC, TE, TX (125-450) 14-25",HSQ - Brakes
2024-04-21T00:03:27+02:00,8774835241290,hsq-sxs07250514,Silencer cap,Partstream
2024-04-21T00:03:16+02:00,8774834880842,hsq-sxs07250518,Spark arrestor insert,Partstream
2024-04-20T22:21:36+02:00,8774699155786,hsq-sxs07250535,"Heat protection FE (250, 350, 350s, 450, 501, 501S) 2013-2023",HSQ - Exhaust systems
2024-04-20T22:22:12+02:00,8774700171594,hsq-sxs07540509,Akrapovič sticker,HSQ - Exhaust systems
2024-04-20T22:07:27+02:00,8774683623754,hsq-sxs08125610,Bleeder valve set,HSQ - Technical Accessories
2024-04-20T22:08:18+02:00,8774684606794,hsq-sxs08530512,"Akrapovič ""Slip-on Line""",HSQ - Technical Accessories
2024-04-21T00:03:24+02:00,8774835110218,hsq-sxs08530517,Damping material kit,Partstream
2024-04-20T22:23:43+02:00,8774701777226,hsq-sxs09125512,"Factory Racing brake caliper FC, FE, FX, TC, TE, TX (125-570) 09-25",HSQ - Brakes
2024-04-21T00:03:38+02:00,8774835568970,hsq-sxs09300567,Damping material kit,Partstream
2024-04-21T00:03:41+02:00,8774835634506,hsq-sxs10250554,Silencer cap,Partstream
2024-04-20T22:16:52+02:00,8774693781834,hsq-sxs10450512,"Akrapovič  Slip-on Line  4-stroke FE, FX (250, 350, 390, 450, 501, 570) 09-16",HSQ - Exhaust systems
2024-04-21T00:03:14+02:00,8774834815306,hsq-sxs10450514,Silencer cap,Partstream
2024-04-21T00:03:11+02:00,8774834749770,hsq-sxs10450517,Damping material kit,Partstream
2024-04-20T22:21:39+02:00,8774699221322,hsq-sxs10450535,"Heat protection FE (250, 350, 350S) 2013-2016",HSQ - Exhaust systems
2024-04-20T22:04:53+02:00,8774679855434,hsq-sxs11125007,Factory cylinder kit,HSQ - Technical Accessories
2024-04-20T22:05:56+02:00,8774681231690,hsq-sxs11150560,"Akrapovič ""Slip-on Line""",HSQ - Technical Accessories
2024-04-20T22:04:59+02:00,8774679986506,hsq-sxs11300510,Expansion chamber guard,HSQ - Technical Accessories
2024-04-20T22:08:16+02:00,8774684574026,hsq-sxs11530512,"Akrapovič ""Slip-on Line""",HSQ - Technical Accessories
2024-04-20T22:06:48+02:00,8774682706250,hsq-sxs12150560,"Akrapovič ""Slip-on Line""",HSQ - Technical Accessories
2024-04-21T00:03:35+02:00,8774835470666,hsq-sxs12250547,Outer shell repair kit,Partstream
2024-04-20T22:06:51+02:00,8774682771786,hsq-sxs12250560,"Akrapovič ""Slip-on Line""",HSQ - Technical Accessories
2024-04-21T00:03:18+02:00,8774834946378,hsq-sxs12300005,300 Factory kit,Partstream
2024-04-20T22:52:08+02:00,8774734053706,hsq-sxs12300100,300 Factory kit,"HSQ - Engine, nada-hidden"
2024-04-20T22:22:17+02:00,8774700269898,hsq-sxs12350509,Akrapovič sticker,"HSQ - Technical Accessories, stock, synkro-clone-ktm-shop-nederland"
2024-04-20T22:06:09+02:00,8774681592138,hsq-sxs12350550,"Akrapovič header ""Evolution Line""",HSQ - Technical Accessories
2024-04-20T22:06:23+02:00,8774681919818,hsq-sxs12450550,"Akrapovič header ""Evolution Line""",HSQ - Technical Accessories
2024-04-20T22:06:34+02:00,8774682280266,hsq-sxs12500512,"Akrapovič ""Slip-on Line""",HSQ - Technical Accessories
2024-04-21T00:03:21+02:00,8774835044682,hsq-sxs12500537,Outer shell repair kit,Partstream
2024-04-20T22:51:12+02:00,8774732611914,hsq-sxs13065007,Factory cylinder kit,"HSQ - Engine, nada-hidden"
2024-04-20T22:05:08+02:00,8774680183114,hsq-sxs13085044,Factory cylinder head,HSQ - Technical Accessories
2024-04-20T22:05:17+02:00,8774680346954,hsq-sxs13085050,Factory cylinder head,HSQ - Technical Accessories
2024-04-20T22:52:28+02:00,8774734512458,hsq-sxs13085061,Factory cylinder head combustion chamber insert,"HSQ - Engine, nada-hidden"
2024-04-20T22:52:30+02:00,8774734545226,hsq-sxs13085081,Factory cylinder head combustion chamber insert,"HSQ - Engine, nada-hidden"
2024-04-20T22:02:44+02:00,8774676873546,hsq-sxs13105000,105 Factory kit,"HSQ - Technical Accessories, nada-hidden"
2024-04-20T23:59:32+02:00,8774831636810,hsq-sxs13105044,Performance cylinder head,"HSQ - Technical Accessories, Partstream"
2024-04-20T23:59:29+02:00,8774831604042,hsq-sxs13105061,Combustion chamber insert,"HSQ - Technical Accessories, Partstream"
2024-04-20T22:51:30+02:00,8774733136202,hsq-sxs13125044,Factory cylinder head,"HSQ - Engine, nada-hidden"
2024-04-20T22:05:41+02:00,8774680936778,hsq-sxs13125050,Factory cylinder head,HSQ - Technical Accessories
2024-04-20T22:51:59+02:00,8774733824330,hsq-sxs13125061,Factory cylinder head combustion chamber insert,"HSQ - Engine, nada-hidden"
2024-04-20T22:52:01+02:00,8774733889866,hsq-sxs13125081,Factory cylinder head combustion chamber insert,"HSQ - Engine, nada-hidden"
2024-04-20T22:51:33+02:00,8774733201738,hsq-sxs13250044,Factory cylinder head,"HSQ - Engine, nada-hidden"
2024-04-20T22:05:49+02:00,8774681067850,hsq-sxs13250050,Factory cylinder head,HSQ - Technical Accessories
2024-04-20T22:51:45+02:00,8774733496650,hsq-sxs13250061,Factory cylinder head combustion chamber insert,"HSQ - Engine, nada-hidden"
2024-04-20T22:51:36+02:00,8774733300042,hsq-sxs13250071,Factory cylinder head combustion chamber insert,"HSQ - Engine, nada-hidden"
2024-04-20T22:51:42+02:00,8774733431114,hsq-sxs13250081,Factory cylinder head combustion chamber insert,"HSQ - Engine, nada-hidden"
2024-04-20T22:51:39+02:00,8774733365578,hsq-sxs13250091,Factory cylinder head combustion chamber insert,"HSQ - Engine, nada-hidden"
2024-04-20T22:51:48+02:00,8774733594954,hsq-sxs13300044,Factory cylinder head,"HSQ - Engine, nada-hidden"
2024-04-20T22:06:01+02:00,8774681493834,hsq-sxs13300050,Factory cylinder head,HSQ - Technical Accessories
2024-04-20T22:51:53+02:00,8774733726026,hsq-sxs13300061,Factory cylinder head combustion chamber insert,"HSQ - Engine, nada-hidden"
2024-04-20T22:51:51+02:00,8774733660490,hsq-sxs13300071,Factory cylinder head combustion chamber insert,"HSQ - Engine, nada-hidden"
2024-04-20T22:51:56+02:00,8774733758794,hsq-sxs13300081,Factory cylinder head combustion chamber insert,"HSQ - Engine, nada-hidden"
2024-04-21T00:08:28+02:00,8774841696586,hsq-sxs13450404,Aluminum ring,"HSQ - Technical Accessories, Partstream"
2024-04-21T00:03:51+02:00,8774835929418,hsq-sxs13450505,Spark arrestor insert,Partstream
2024-04-20T22:47:39+02:00,8774726811978,hsq-sxs14125200,"Progressive handlebar damping system (PHDS) EE, FC, FE, FS, FX, NORDEN, TC, TE, TX (3-901) 14-25",HSQ - Handlebars/instruments/electrics
2024-04-20T22:52:04+02:00,8774733955402,hsq-sxs14300000,300 Factory kit,"HSQ - Engine, nada-hidden"
2024-04-21T00:02:58+02:00,8774834422090,hsq-sxs14300005,300 Factory kit,Partstream
2024-04-20T23:50:08+02:00,8774823182666,hsq-sxs14300051,Cylinder head,"HSQ - Technical Accessories, Partstream"
2024-04-20T23:50:12+02:00,8774823379274,hsq-sxs14300390,300 SXS Electronics box,"HSQ - Technical Accessories, Partstream"
2024-04-20T22:52:25+02:00,8774734381386,hsq-sxs15085044,Factory cylinder head,"HSQ - Engine, nada-hidden"
2024-04-20T22:52:18+02:00,8774734250314,hsq-sxs15125390,Factory CDI control unit,"HSQ - Engine, nada-hidden"
2024-04-20T21:58:23+02:00,8774671401290,hsq-sxs16125007,Factory cylinder kit,HSQ - Technical Accessories
2024-04-20T22:51:19+02:00,8774732874058,hsq-sxs16125081,Factory cylinder head combustion chamber insert,"HSQ - Engine, nada-hidden"
,7113267708085,hsq-sxs16125907 i,Factory piston,Engine
2024-04-20T22:11:39+02:00,8774688276810,hsq-sxs16150000,"150 Factory kit TC, TX (125) 16-21",HSQ - Engine
2024-04-20T22:51:21+02:00,8774732972362,hsq-sxs16150081,Factory cylinder head combustion chamber insert,"HSQ - Engine, nada-hidden"
2024-04-20T22:50:21+02:00,8774731399498,hsq-sxs16150100,150 Factory kit TC (125) 22,HSQ - Engine
,7113267740853,hsq-sxs16150907 i,Factory piston,Engine
2024-04-20T22:52:33+02:00,8774734676298,hsq-sxs17300000,300 Factory kit,"HSQ - Engine, nada-hidden"
2024-04-21T00:07:59+02:00,8774841008458,hsq-sxs17300005,SX kit 300,Partstream
2024-04-20T22:02:26+02:00,8774676447562,hsq-sxs17300090,CDI control unit,HSQ - Technical Accessories
2024-04-20T22:52:39+02:00,8774734840138,hsq-sxs17300500,300 Factory kit,"HSQ - Engine, nada-hidden"
2024-04-21T01:49:02+02:00,8775261913418,hsq-t07030,Socket,HSQ - Special tools
2024-04-21T01:22:35+02:00,8775052853578,hsq-t101s,Spring removal/fitting,HSQ - Original Spare Part Kits
2024-04-21T01:49:05+02:00,8775262110026,hsq-t103,Pin wrench,HSQ - Special tools
2024-04-21T01:51:17+02:00,8775279804746,hsq-t106s,Hook wrench,HSQ - Special tools
2024-04-21T01:22:38+02:00,8775053410634,hsq-t107s,Depth micrometer,HSQ - Special tools
2024-04-21T01:49:07+02:00,8775262503242,hsq-t120,Drift,HSQ - Special tools
2024-04-21T01:24:35+02:00,8775075660106,hsq-t1202s,Clamping stand,HSQ - Special tools
2024-04-21T01:24:39+02:00,8775076151626,hsq-t1204,Mounting sleeve,HSQ - Special tools
2024-04-21T01:24:42+02:00,8775076774218,hsq-t1205,Calibrating unit,HSQ - Special tools
2024-04-21T01:24:45+02:00,8775077364042,hsq-t1206,Pressing tool,HSQ - Special tools
2024-04-21T01:24:48+02:00,8775077986634,hsq-t1207s,Pressing tool,HSQ - Special tools
2026-05-18T21:49:38+02:00,15665022927178,hsq-t12141,Nutmutternschlüssel,HSQ - Special tools
2024-04-21T01:51:20+02:00,8775280066890,hsq-t1215,Mounting sleeve,HSQ - Special tools
2024-04-21T01:25:06+02:00,8775081230666,hsq-t1216,Pressing tool,HSQ - Special tools
2024-04-21T01:51:23+02:00,8775280361802,hsq-t1218,Pin wrench,HSQ - Special tools
2024-04-21T01:51:12+02:00,8775278887242,hsq-t1240s,Vacuum pump,HSQ - Special tools
2024-04-21T01:51:43+02:00,8775283343690,hsq-t1245s,Filling adapter,HSQ - Special tools
2024-04-21T01:22:46+02:00,8775054852426,hsq-t125s,Pin wrench,HSQ - Original Spare Part Kits
2024-04-21T01:22:49+02:00,8775055245642,hsq-t129,Pressing tool,HSQ - Special tools
2024-04-21T01:51:27+02:00,8775280918858,hsq-t1296,Filling adapter,HSQ - Special tools
2024-04-21T01:49:17+02:00,8775263813962,hsq-t1401,Protecting sleeve,HSQ - Special tools
2024-04-21T01:49:19+02:00,8775264207178,hsq-t14015s,Clamping stand,HSQ - Special tools
2024-04-21T01:49:24+02:00,8775264567626,hsq-t14016s,Clamping stand,HSQ - Special tools
2024-04-21T01:49:27+02:00,8775265157450,hsq-t14017,Ring wrench,HSQ - Special tools
2024-04-21T01:49:30+02:00,8775265485130,hsq-t14019,Filling tool,HSQ - Special tools
2024-04-21T01:49:33+02:00,8775265845578,hsq-t14020,Support tool,HSQ - Special tools
2024-04-21T01:49:36+02:00,8775266369866,hsq-t14021,Calibrating unit,HSQ - Special tools
2024-04-21T01:49:39+02:00,8775266632010,hsq-t14022b,Pressing tool,HSQ - Special tools
2024-04-21T01:49:46+02:00,8775267647818,hsq-t14023,Thread protection sleeve,HSQ - Special tools
2024-04-21T01:49:49+02:00,8775268041034,hsq-t14026s,Support tool,HSQ - Special tools
2024-04-21T01:49:42+02:00,8775267057994,hsq-t14026s1,Support tool,HSQ - Special tools
2024-07-20T10:36:55+02:00,9391407137098,hsq-t14028,Ring wrench,HSQ - Special tools
2024-04-21T01:49:55+02:00,8775268827466,hsq-t14029,Mounting sleeve,HSQ - Special tools
2024-04-21T01:50:01+02:00,8775269548362,hsq-t14030,Filling adapter,HSQ - Special tools
2024-04-21T01:50:57+02:00,8775276921162,hsq-t14031,Pressing tool,HSQ - Special tools
2024-04-21T01:50:07+02:00,8775270465866,hsq-t14032,Open end wrench,HSQ - Special tools
2024-04-21T01:50:13+02:00,8775271088458,hsq-t14033,Tweezers,HSQ - Special tools
2024-04-21T01:22:02+02:00,8775049871690,hsq-t14034,Seal Grease,HSQ - Original Spare Part Kits
2024-04-21T01:25:20+02:00,8775083721034,hsq-t1403s,Clamping stand,HSQ - Special tools
2024-04-21T01:49:52+02:00,8775268467018,hsq-t14040s,Mounting tool,HSQ - Special tools
2024-04-20T23:26:06+02:00,8774797427018,hsq-t14047,Groove nut wrench,HSQ - Special tools
2024-04-21T01:50:29+02:00,8775273120074,hsq-t14049s,Clamping stand,HSQ - Special tools
2024-04-21T01:25:23+02:00,8775084179786,hsq-t1404s,Mounting tool,HSQ - Original Spare Part Kits
2024-04-21T01:51:15+02:00,8775279280458,hsq-t14050s,Spring tensioner,HSQ - Special tools
2024-04-21T01:50:35+02:00,8775273873738,hsq-t14051,Pressing tool,HSQ - Special tools
2024-04-21T01:49:58+02:00,8775269187914,hsq-t14072,Clamping stand,HSQ - Special tools
2024-04-21T01:50:04+02:00,8775269908810,hsq-t14073,Protecting sleeve,HSQ - Special tools
2024-07-20T10:36:51+02:00,9391407104330,hsq-t14076,Pressing tool,HSQ - Special tools
2024-04-21T01:49:00+02:00,8775261585738,hsq-t14083,Special tool,HSQ - Special tools
2024-04-21T01:50:10+02:00,8775270826314,hsq-t14084,Special socket,HSQ - Special tools
2024-04-20T23:25:49+02:00,8774797230410,hsq-t14086e,Fork pump adapter,HSQ - Tool/transport
2024-04-21T01:50:51+02:00,8775276036426,hsq-t14087,Special socket,HSQ - Special tools
2024-04-21T01:50:16+02:00,8775271481674,hsq-t14091,Ring wrench,HSQ - Special tools
2024-04-21T01:50:20+02:00,8775272005962,hsq-t14092,Mounting sleeve,HSQ - Special tools
2024-07-20T10:36:48+02:00,9391407071562,hsq-t14099,Mounting tool,HSQ - Special tools
,9400595546442,hsq-t14105,Adapter,Special tools
2024-04-21T01:22:57+02:00,8775056621898,hsq-t146,Mounting tool,HSQ - Original Spare Part Kits
2024-04-21T01:23:00+02:00,8775057146186,hsq-t147,Clamping bush,HSQ - Original Spare Part Kits
2024-04-21T01:23:03+02:00,8775057703242,hsq-t149,Calibrating central carrier bush,HSQ - Original Spare Part Kits
2024-04-21T01:51:29+02:00,8775281410378,hsq-t1504,Pressing tool,HSQ - Special tools
2024-04-21T01:51:07+02:00,8775278002506,hsq-t15085,Vacuum pump,HSQ - Special tools
2024-04-21T01:23:05+02:00,8775058227530,hsq-t150s,Mounting tool,HSQ - Special tools
2024-04-21T01:51:32+02:00,8775281803594,hsq-t1515,Mounting sleeve,HSQ - Special tools
2024-04-21T01:51:34+02:00,8775282065738,hsq-t1533,Hook wrench,HSQ - Special tools
2024-04-21T01:51:38+02:00,8775282557258,hsq-t1554,Mounting sleeve,HSQ - Special tools
2024-04-21T01:51:41+02:00,8775283081546,hsq-t1565,Filling adapter,HSQ - Special tools
2024-04-21T01:23:08+02:00,8775058751818,hsq-t158,PP300 grease reservoir 100 g,HSQ - Original Spare Part Kits
2024-04-21T01:23:18+02:00,8775060816202,hsq-t170s1,Filling tool,HSQ - Special tools
2024-04-21T01:51:03+02:00,8775277543754,hsq-t18001,Filling adapter,HSQ - Special tools
2024-04-21T01:51:00+02:00,8775277183306,hsq-t18003,Socket,HSQ - Special tools
2024-04-21T01:51:09+02:00,8775278494026,hsq-t18004,Socket,HSQ - Special tools
2024-04-21T01:42:03+02:00,8775205847370,hsq-t206,Measuring cylinder 500 ml,HSQ - Special tools
2024-04-21T01:42:06+02:00,8775206109514,hsq-t207,Measuring cylinder 1000 ml,HSQ - Special tools
2024-04-21T01:23:21+02:00,8775061340490,hsq-t304,Hook wrench,HSQ - Special tools
2024-04-21T01:23:29+02:00,8775062946122,hsq-t313,Mounting sleeve,HSQ - Special tools
2024-04-21T01:23:36+02:00,8775064355146,hsq-t501s,Tube clamp inner/outer pipe,HSQ - Original Spare Part Kits
2024-04-21T01:23:39+02:00,8775065010506,hsq-t502s,Impact sleeve for sealing rings,HSQ - Original Spare Part Kits
2024-04-21T01:23:42+02:00,8775065698634,hsq-t503s,Inner pipe fitting tool,HSQ - Original Spare Part Kits
2024-04-21T01:08:55+02:00,8774978240842,hsq-t506,Clamping stand,HSQ - Original Spare Part Kits
2024-04-21T01:08:51+02:00,8774978109770,hsq-t511,Silicone grease for dust seal,HSQ - Original Spare Part Kits
2024-04-21T01:50:23+02:00,8775272399178,hsq-t512,Protecting sleeve,HSQ - Special tools
2024-04-21T01:50:26+02:00,8775272759626,hsq-t528s,Mounting tool,HSQ - Special tools
2024-04-21T01:50:32+02:00,8775273480522,hsq-t531s,Clamping stand,HSQ - Special tools
2024-04-21T01:50:54+02:00,8775276364106,hsq-t605,Pin,HSQ - Special tools
2024-04-21T01:24:06+02:00,8775069729098,hsq-t612s,Clamping stand,HSQ - Special tools
2024-04-21T01:24:21+02:00,8775072678218,hsq-t625,Grease,HSQ - Original Spare Part Kits
2024-04-21T01:50:39+02:00,8775274463562,hsq-t724s,Mounting tool,HSQ - Special tools
2024-04-21T01:50:46+02:00,8775275315530,hsq-t726,Protecting sleeve,HSQ - Special tools
2024-04-21T01:50:49+02:00,8775275675978,hsq-t727s,Socket,HSQ - Special tools
,,hsq-tc1252026,TC 125 2026,HQV DealerNet INT
,,hsq-te1252015,TE 125 2015,HQV DealerNet INT
,,hsq-te1252016,TE 125 2016,HQV DealerNet INT
,,hsq-te1502023,TE 150 2023,HQV DealerNet INT
,,hsq-te1502024,TE 150 2024,HQV DealerNet INT
,,hsq-te1502025,TE 150 2025,HQV DealerNet INT
,,hsq-te150i2020,TE 150i 2020,HQV DealerNet INT
,,hsq-te150i2021,TE 150i 2021,HQV DealerNet INT
,,hsq-te150i2022,TE 150i 2022,HQV DealerNet INT
,,hsq-te2502011,TE 250 2011,HQV DealerNet INT
,,hsq-te2502012,TE 250 2012,HQV DealerNet INT
,,hsq-te2502013,TE 250 2013,HQV DealerNet INT
,,hsq-te2502014,TE 250 2014,HQV DealerNet INT
,,hsq-te2502015,TE 250 2015,HQV DealerNet INT
,,hsq-te2502016,TE 250 2016,HQV DealerNet INT
,,hsq-te2502017,TE 250 2017,HQV DealerNet INT
,,hsq-te2502018,TE 250 2018,HQV DealerNet INT
,,hsq-te2502023,TE 250 2023,HQV DealerNet INT
,,hsq-te2502024,TE 250 2024,HQV DealerNet INT
,,hsq-te2502025,TE 250 2025,HQV DealerNet INT
,,hsq-te2502026,TE 250 2026,HQV DealerNet INT
,,hsq-te250i2018,TE 250i 2018,HQV DealerNet INT
,,hsq-te250i2019,TE 250i 2019,HQV DealerNet INT
,,hsq-te250i2020,TE 250i 2020,HQV DealerNet INT
,,hsq-te250i2021,TE 250i 2021,HQV DealerNet INT
,,hsq-te250i2022,TE 250i 2022,HQV DealerNet INT
,,hsq-te3002011,TE 300 2011,HQV DealerNet INT
,,hsq-te3002012,TE 300 2012,HQV DealerNet INT
,,hsq-te3002013,TE 300 2013,HQV DealerNet INT
,,hsq-te3002014,TE 300 2014,HQV DealerNet INT
,,hsq-te3002015,TE 300 2015,HQV DealerNet INT
,,hsq-te3002016,TE 300 2016,HQV DealerNet INT
,,hsq-te3002017,TE 300 2017,HQV DealerNet INT
,,hsq-te3002018,TE 300 2018,HQV DealerNet INT
,,hsq-te3002023,TE 300 2023,HQV DealerNet INT
,,hsq-te3002024,TE 300 2024,HQV DealerNet INT
,,hsq-te3002025,TE 300 2025,HQV DealerNet INT
,,hsq-te3002026,TE 300 2026,HQV DealerNet INT
,,hsq-te300h2025,TE 300 Heritage 2025,HQV DealerNet INT
,,hsq-te300i2019,TE 300i 2019,HQV DealerNet INT
,,hsq-te300i2020,TE 300i 2020,HQV DealerNet INT
,,hsq-te300i2021,TE 300i 2021,HQV DealerNet INT
,,hsq-te300i2022,TE 300i 2022,HQV DealerNet INT
,,hsq-te300ijarvisedition2020,TE 300i Jarvis Edition 2020,HQV DealerNet INT
,,hsq-te300ire2022,TE 300i Rockstar Edition 2022,HQV DealerNet INT
,,hsq-te300pro2024,TE 300 Pro 2024,HQV DealerNet INT
,,hsq-te300pro2025,TE 300 Pro 2025,HQV DealerNet INT
,,hsq-te300pro2026,TE 300 PRO 2026,HQV DealerNet INT
2024-04-20T22:54:48+02:00,8774737854794,hsq-touratechibracket,Touratech-iBracket,"HSQ - Technical Accessories, stock, synkro-clone-ktm-shop-nederland"
2024-04-20T22:04:56+02:00,8774679953738,hsq-u6907834,Fork protector kit,HSQ - Technical Accessories
2024-04-20T22:05:53+02:00,8774681133386,hsq-u6907846,Footbrake cylinder cover,HSQ - Technical Accessories
2024-04-21T00:04:26+02:00,8774836846922,hsq-u6908899,Filling hose for 20L plastic drum,Partstream
2024-04-20T22:06:04+02:00,8774681526602,hsq-u6910016,Throttle twist grip,HSQ - Technical Accessories
2024-04-21T00:04:35+02:00,8774837010762,hsq-u6910033,Screw cap for 20L plastic drum,Partstream
2024-04-21T00:04:31+02:00,8774836912458,hsq-u6910034,Screw cap breather valve for 20L plastic drum,Partstream
2024-04-20T23:44:26+02:00,8774817775946,hsq-u6910069,FMF exhaust spring,"HSQ - Technical Accessories, Partstream"
2024-04-20T23:24:12+02:00,8774796149066,hsq-u6951277,Bike ramp,HSQ - Tool/transport
2024-04-20T22:06:27+02:00,8774682050890,hsq-u6951345,Grip heater,HSQ - Technical Accessories
2024-04-20T23:22:19+02:00,8774794674506,hsq-u7022500,MATRIX A2 bike stand,HSQ - Tool/transport
2024-04-20T23:22:15+02:00,8774794608970,hsq-u7022510,MATRIX A2M bike stand,HSQ - Tool/transport
2024-04-20T22:16:27+02:00,8774693290314,hsq-uhp1505031,FMF Factory 4.1 RCT silencer  4-stroke,"HSQ - Exhaust systems, nada-hidden"
2024-04-20T23:59:34+02:00,8774831669578,hsq-uhp15050601,FMF Powercore 2.1 sticker,"HSQ - Technical Accessories, Partstream"
2024-04-20T23:06:02+02:00,8774769770826,hsq-uhp1507020,Factory seat cover,"HSQ - Seats, nada-hidden"
2024-04-20T23:05:59+02:00,8774769639754,hsq-uhp1607020,Factory seat cover,"HSQ - Seats, nada-hidden"
2024-04-21T00:14:09+02:00,8774850871626,hsq-uhs21005280x,Striped Tee,"HSQ - Casual and Accessories, nada-hidden"
2024-04-21T00:14:04+02:00,8774850675018,hsq-uhs21005290x,Rotary Tee,"HSQ - Casual and Accessories, nada-hidden"
2026-05-18T21:49:51+02:00,15665023123786,hsq-uhs24004220x,MX-9 ADV Mips Helmet,HSQ - Functional
2024-04-20T22:09:07+02:00,8774685557066,hsq-upp1505013,FMF Megabomb header,HSQ - Technical Accessories
2024-04-20T22:16:31+02:00,8774693355850,hsq-upp1505014,FMF Megabomb header  4-stroke,"HSQ - Exhaust systems, nada-hidden"
2024-04-20T22:08:45+02:00,8774685131082,hsq-upp1505015,FMF Megabomb header,HSQ - Technical Accessories
,,hsq-vitpilen1252024,Vitpilen 125 2024,HQV DealerNet INT
,,hsq-vitpilen1252025,Vitpilen 125 2025,HQV DealerNet INT
,,hsq-vitpilen250dummy2024,Vitpilen 250 2024,HQV DealerNet INT
,,hsq-vitpilen4012019,Vitpilen 401 2019,HQV DealerNet INT
,,hsq-vitpilen4012021,Vitpilen 401 2021,HQV DealerNet INT
,,hsq-vitpilen4012022,Vitpilen 401 2022,HQV DealerNet INT
,,hsq-vitpilen4012023,Vitpilen 401 2023,HQV DealerNet INT
,,hsq-vitpilen4012024,Vitpilen 401 2024,HQV DealerNet INT
,,hsq-vitpilen4012025,Vitpilen 401 2025,HQV DealerNet INT
,,hsq-vitpilen4012026,Vitpilen 401 2026,HQV DealerNet INT
,,hsq-vitpilen7012019,Vitpilen 701 2019,HQV DealerNet INT
,,hsq-vitpilen8012025,Vitpilen 801 2025,HQV DealerNet INT
,,hsq-vitpilen8012026,Vitpilen 801 2026,HQV DealerNet INT
2024-04-29T15:42:37+02:00,8790125085002,hsq-z10007,Low chassis kit,Partstream
2024-04-20T23:25:21+02:00,8774796804426,hsq-zg10018,Quick lock kit,"HSQ - Tool/transport, nada-hidden"
2024-04-20T23:25:26+02:00,8774796837194,hsq-zg10021,Quick-lock coupling,HSQ - Tool/transport
