Handle,Reden,SKU
wp-00010000358,status 80,00010000358
wp-00029016100,status 80,00029016100
wp-00029090100,status 80,00029090100
wp-00029920000c1,status 80,00029920000C1
wp-00029920100c1,geen prijs,00029920100C1
wp-00062010051,status 80,00062010051
wp-0025080456,geen prijs,0025080456
wp-03180m01set,geen prijs,03180M01SET
wp-03180n02set,geen prijs,03180N02SET
wp-05060l01set,geen prijs,05060L01SET
wp-05140l01set,geen prijs,05140L01SET
wp-05140l02set,geen prijs,05140L02SET
wp-05170l01set,geen prijs,05170L01SET
wp-05170l02set,geen prijs,05170L02SET
wp-05180l01set,status 80,05180L01SET
wp-05182n02set,geen prijs,05182N02SET
wp-05182o03set,type uitgesloten (Archiv); status 80,05182O03SET
wp-05182r10set,status 80,05182R10SET
wp-05230l01set,geen prijs,05230L01SET
wp-05230l02set,geen prijs,05230L02SET
wp-05270l01set,geen prijs,05270L01SET
wp-05992p01set,type uitgesloten (Archiv); geen verkoopbare variant in productgroep (prijs/type/status),05992P01SET
wp-05992p02set,geen prijs,05992P02SET
wp-05992p03set,geen prijs,05992P03SET
wp-05992p04set,geen prijs,05992P04SET
wp-06992m01,type uitgesloten (Archiv); geen prijs,06992M01
wp-06992m02,geen prijs,06992M02
wp-07182n02set,status 80,07182N02SET
wp-0791l101u400220,status 80,0791L101U400220
wp-0900001601200,geen afbeeldingen (geen bestand onder input/ of geen geldige CDN-URL na upload),0900001601200
wp-10150u07set,status 80,10150U07SET
wp-10180t07set,status 80,10180T07SET
wp-10180t67set,status 80,10180T67SET
wp-1050adv2015,type uitgesloten (Bikes); geen prijs,F9903OC
wp-1050adv2015,type uitgesloten (Bikes); geen prijs,F9923OC
wp-1050adv2015,type uitgesloten (Bikes); geen prijs,F9960OC
wp-1050adv2016,type uitgesloten (Bikes); geen prijs,F9903PC
wp-1050adv2016,type uitgesloten (Bikes); geen prijs,F9960PC
wp-1050adv2016,type uitgesloten (Bikes); geen prijs,F9989PC
wp-1050adv2016,type uitgesloten (Bikes); geen prijs,F9989PCC
wp-1090adventure2017,type uitgesloten (Bikes); geen prijs,F9903QB
wp-1090adventure2017,type uitgesloten (Bikes); geen prijs,F9903QC
wp-1090adventure2017,type uitgesloten (Bikes); geen prijs,F9960QC
wp-1090adventure2017,type uitgesloten (Bikes); geen prijs,F9975QC
wp-1090adventure2017,type uitgesloten (Bikes); geen prijs,F9989QC
wp-1090adventurer2017,type uitgesloten (Bikes); geen prijs,F9903QD
wp-1090adventurer2017,type uitgesloten (Bikes); geen prijs,F9923QD
wp-1090adventurer2017,type uitgesloten (Bikes); geen prijs,F9960QD
wp-1090adventurer2017,type uitgesloten (Bikes); geen prijs,F9975QD
wp-1090adventurer2017,type uitgesloten (Bikes); geen prijs,F9987QD
wp-1090adventurer2017,type uitgesloten (Bikes); geen prijs,F9989QD
wp-1190rc82010,type uitgesloten (Bikes); geen prijs,9903J0
wp-1190rc82010,type uitgesloten (Bikes); geen prijs,9903J4
wp-1190rc82010,type uitgesloten (Bikes); geen prijs,9903J7
wp-1190rc82010,type uitgesloten (Bikes); geen prijs,9923J0
wp-1190rc82010,type uitgesloten (Bikes); geen prijs,9923J4
wp-1190rc82010,type uitgesloten (Bikes); geen prijs,9923J7
wp-1190rc82010,type uitgesloten (Bikes); geen prijs,9960J0
wp-1190rc82010,type uitgesloten (Bikes); geen prijs,9960J4
wp-1190rc82010,type uitgesloten (Bikes); geen prijs,9960J7
wp-1190rc82010,type uitgesloten (Bikes); geen prijs,9975J0
wp-1190rc82010,type uitgesloten (Bikes); geen prijs,9975J4
wp-1190rc82010,type uitgesloten (Bikes); geen prijs,9975J7
wp-1190rc82010,type uitgesloten (Bikes); geen prijs,9986J0
wp-1190rc82010,type uitgesloten (Bikes); geen prijs,9986J4
wp-1190rc82010,type uitgesloten (Bikes); geen prijs,9986J7
wp-1190rc82011,type uitgesloten (Bikes); geen prijs,9903K0
wp-1190rc82011,type uitgesloten (Bikes); geen prijs,9923K0
wp-1190rc82011,type uitgesloten (Bikes); geen prijs,9960K0
wp-1190rc82011,type uitgesloten (Bikes); geen prijs,9975K0
wp-1190rc82011,type uitgesloten (Bikes); geen prijs,9986K0
wp-1190rc8r2010,type uitgesloten (Bikes); geen prijs,9903J2
wp-1190rc8r2010,type uitgesloten (Bikes); geen prijs,9923J2
wp-1190rc8r2010,type uitgesloten (Bikes); geen prijs,9960J2
wp-1190rc8r2010,type uitgesloten (Bikes); geen prijs,9975J2
wp-1190rc8r2010,type uitgesloten (Bikes); geen prijs,9986J2
wp-1190rc8r2011,type uitgesloten (Bikes); geen prijs,9903K1
wp-1190rc8r2011,type uitgesloten (Bikes); geen prijs,9903K3
wp-1190rc8r2011,type uitgesloten (Bikes); geen prijs,9923K1
wp-1190rc8r2011,type uitgesloten (Bikes); geen prijs,9923K3
wp-1190rc8r2011,type uitgesloten (Bikes); geen prijs,9960K1
wp-1190rc8r2011,type uitgesloten (Bikes); geen prijs,9960K3
wp-1190rc8r2011,type uitgesloten (Bikes); geen prijs,9975K1
wp-1190rc8r2011,type uitgesloten (Bikes); geen prijs,9975K3
wp-1190rc8r2011,type uitgesloten (Bikes); geen prijs,9986K3
wp-1190rc8r2012,type uitgesloten (Bikes); geen prijs,9903L1
wp-1190rc8r2012,type uitgesloten (Bikes); geen prijs,9903L3
wp-1190rc8r2012,type uitgesloten (Bikes); geen prijs,9923L1
wp-1190rc8r2012,type uitgesloten (Bikes); geen prijs,9923L3
wp-1190rc8r2012,type uitgesloten (Bikes); geen prijs,9960L1
wp-1190rc8r2012,type uitgesloten (Bikes); geen prijs,9960L3
wp-1190rc8r2012,type uitgesloten (Bikes); geen prijs,9975L1
wp-1190rc8r2012,type uitgesloten (Bikes); geen prijs,9975L3
wp-1190rc8r2012,type uitgesloten (Bikes); geen prijs,9975LT
wp-1190rc8r2012,type uitgesloten (Bikes); geen prijs,9986L1
wp-1190rc8r2012,type uitgesloten (Bikes); geen prijs,9986L3
wp-1190rc8r2013,type uitgesloten (Bikes); geen prijs,F9903M1
wp-1190rc8r2013,type uitgesloten (Bikes); geen prijs,F9903M3
wp-1190rc8r2013,type uitgesloten (Bikes); geen prijs,F9923M1
wp-1190rc8r2013,type uitgesloten (Bikes); geen prijs,F9923M3
wp-1190rc8r2013,type uitgesloten (Bikes); geen prijs,F9975M1
wp-1190rc8r2013,type uitgesloten (Bikes); geen prijs,F9975M3
wp-1190rc8r2013,type uitgesloten (Bikes); geen prijs,F9986M1
wp-1190rc8r2013,type uitgesloten (Bikes); geen prijs,F9986M3
wp-1190rc8r2014,type uitgesloten (Bikes); geen prijs,F9903N1
wp-1190rc8r2014,type uitgesloten (Bikes); geen prijs,F9923N1
wp-1190rc8r2014,type uitgesloten (Bikes); geen prijs,F9975N1
wp-1190rc8r2014,type uitgesloten (Bikes); geen prijs,F9986N1
wp-1190rc8r2015,type uitgesloten (Bikes); geen prijs,F9903O1
wp-1190rc8r2015,type uitgesloten (Bikes); geen prijs,F9923O1
wp-1190rc8r2015,type uitgesloten (Bikes); geen prijs,F9975O1
wp-1190rc8r2015,type uitgesloten (Bikes); geen prijs,F9986O1
wp-1190rc8r2016,type uitgesloten (Bikes); geen prijs,F9903P1
wp-1190rc8r2016,type uitgesloten (Bikes); geen prijs,F9923P1
wp-1190rc8r2016,type uitgesloten (Bikes); geen prijs,F9986P1
wp-1190rc8rt2011,type uitgesloten (Bikes); geen prijs,9903KT
wp-1190rc8rt2011,type uitgesloten (Bikes); geen prijs,9975KT
wp-1199panigale2011,type uitgesloten (Bikes); geen prijs,1199PANIGALE2011
wp-1199panigale2012,type uitgesloten (Bikes); geen prijs,1199PANIGALE2012
wp-1199panigale2013,type uitgesloten (Bikes); geen prijs,1199PANIGALE2013
wp-1199panigale2014,type uitgesloten (Bikes); geen prijs,1199PANIGALE2014
wp-12000l03,geen prijs,12000L03
wp-12000p01,type uitgesloten (Archiv); geen verkoopbare variant in productgroep (prijs/type/status),12000P01
wp-12000q06e,type uitgesloten (Archiv); geen verkoopbare variant in productgroep (prijs/type/status),12000Q06E
wp-12180o0202set,geen prijs,12180O0202SET
wp-12180p6102set,geen prijs,12180P6102SET
wp-12180p6302set,type uitgesloten (Archiv); geen prijs,12180P6302SET
wp-12180p6702set,geen prijs,12180P6702SET
wp-12180p6902set,geen prijs,12180P6902SET
wp-12180r04set,status 80,12180R04SET
wp-12180r6102set,geen prijs,12180R6102SET
wp-12180r6302set,geen prijs,12180R6302SET
wp-12180r6702set,geen prijs,12180R6702SET
wp-12180r6902set,geen prijs,12180R6902SET
wp-12180u67set,status 80,12180U67SET
wp-125 rc 2 2012,type uitgesloten (Bikes); geen prijs,8003L2
wp-125 rc 2 2012,type uitgesloten (Bikes); geen prijs,8060L2
wp-125duke2019,type uitgesloten (Bikes); geen prijs,F4003S1
wp-125duke2019,type uitgesloten (Bikes); geen prijs,F4003S1B
wp-125duke2019,type uitgesloten (Bikes); geen prijs,F4003S2
wp-125duke2019,type uitgesloten (Bikes); geen prijs,F4003S2B
wp-125duke2019,type uitgesloten (Bikes); geen prijs,F4003S3
wp-125duke2019,type uitgesloten (Bikes); geen prijs,F4003S4
wp-125duke2023,type uitgesloten (Bikes); geen prijs,F4003W1
wp-125duke2023,type uitgesloten (Bikes); geen prijs,F4003W2
wp-125duke2023,type uitgesloten (Bikes); geen prijs,F4022W3
wp-125duke2023,type uitgesloten (Bikes); geen prijs,F4022W4
wp-125duke2023,type uitgesloten (Bikes); geen prijs,F4086W3
wp-125duke2023,type uitgesloten (Bikes); geen prijs,F4086W4
wp-125duke2025,type uitgesloten (Bikes); geen prijs,F4003Y1
wp-125duke2025,type uitgesloten (Bikes); geen prijs,F4003Y2
wp-125duke2025,type uitgesloten (Bikes); geen prijs,F4003Y3
wp-125duke2025,type uitgesloten (Bikes); geen prijs,F4003Y4
wp-125duke2025,type uitgesloten (Bikes); geen prijs,F4022Y3
wp-125duke2025,type uitgesloten (Bikes); geen prijs,F4022Y4
wp-125duke2025,type uitgesloten (Bikes); geen prijs,F4086Y3
wp-125duke2025,type uitgesloten (Bikes); geen prijs,F4086Y4
wp-125duke2026,type uitgesloten (Bikes); geen prijs,F4002Z3
wp-125duke2026,type uitgesloten (Bikes); geen prijs,F4002Z4
wp-125duke2026,type uitgesloten (Bikes); geen prijs,F4003Z1
wp-125duke2026,type uitgesloten (Bikes); geen prijs,F4003Z2
wp-125duke2026,type uitgesloten (Bikes); geen prijs,F4022Z3
wp-125duke2026,type uitgesloten (Bikes); geen prijs,F4022Z4
wp-125duke2026,type uitgesloten (Bikes); geen prijs,F4086Z3
wp-125duke2026,type uitgesloten (Bikes); geen prijs,F4086Z4
wp-125enduror2026,type uitgesloten (Bikes); geen prijs,F5002Z5
wp-125enduror2026,type uitgesloten (Bikes); geen prijs,F5003Z5
wp-125enduror2026,type uitgesloten (Bikes); geen prijs,F5022Z5
wp-125enduror2026,type uitgesloten (Bikes); geen prijs,F5086Z5
wp-125ser2019,type uitgesloten (Bikes); geen prijs,125SER2019
wp-125ser2020,type uitgesloten (Bikes); geen prijs,125SER2020
wp-125smcr2026,type uitgesloten (Bikes); geen prijs,F5002Z6
wp-125smcr2026,type uitgesloten (Bikes); geen prijs,F5003Z6
wp-125smcr2026,type uitgesloten (Bikes); geen prijs,F5022Z6
wp-125smcr2026,type uitgesloten (Bikes); geen prijs,F5086Z6
wp-125sx2015,type uitgesloten (Bikes); geen prijs,F6101O0
wp-125sx2015,type uitgesloten (Bikes); geen prijs,F6175O0
wp-125sx2016,type uitgesloten (Bikes); geen prijs,F6101P0
wp-125sx2016,type uitgesloten (Bikes); geen prijs,F6175P0
wp-125sx2017,type uitgesloten (Bikes); geen prijs,F6101Q0
wp-125sx2017,type uitgesloten (Bikes); geen prijs,F6175Q0
wp-125sx2018,type uitgesloten (Bikes); geen prijs,F6101R0
wp-125sx2018,type uitgesloten (Bikes); geen prijs,F6175R0
wp-125sx2019,type uitgesloten (Bikes); geen prijs,F6101S0
wp-125sx2019,type uitgesloten (Bikes); geen prijs,F6175S0
wp-125sx2020,type uitgesloten (Bikes); geen prijs,F6101T0
wp-125sx2020,type uitgesloten (Bikes); geen prijs,F6175T0
wp-1290sduker2014,type uitgesloten (Bikes); geen prijs,F9903N2
wp-1290sduker2014,type uitgesloten (Bikes); geen prijs,F9903N9
wp-1290sduker2014,type uitgesloten (Bikes); geen prijs,F9923N2
wp-1290sduker2014,type uitgesloten (Bikes); geen prijs,F9923N9
wp-1290sduker2014,type uitgesloten (Bikes); geen prijs,F9960N2
wp-1290sduker2014,type uitgesloten (Bikes); geen prijs,F9960N9
wp-1290sduker2014,type uitgesloten (Bikes); geen prijs,F9975N2
wp-1290sduker2014,type uitgesloten (Bikes); geen prijs,F9975N9
wp-1290sduker2014,type uitgesloten (Bikes); geen prijs,F9986N2
wp-1290sduker2014,type uitgesloten (Bikes); geen prijs,F9986N9
wp-1290sduker2015,type uitgesloten (Bikes); geen prijs,F9903O2
wp-1290sduker2015,type uitgesloten (Bikes); geen prijs,F9903O9
wp-1290sduker2015,type uitgesloten (Bikes); geen prijs,F9923O2
wp-1290sduker2015,type uitgesloten (Bikes); geen prijs,F9923O9
wp-1290sduker2015,type uitgesloten (Bikes); geen prijs,F9960O2
wp-1290sduker2015,type uitgesloten (Bikes); geen prijs,F9960O9
wp-1290sduker2015,type uitgesloten (Bikes); geen prijs,F9975O2
wp-1290sduker2015,type uitgesloten (Bikes); geen prijs,F9975O9
wp-1290sduker2015,type uitgesloten (Bikes); geen prijs,F9986O2
wp-1290sduker2015,type uitgesloten (Bikes); geen prijs,F9986O9
wp-1290sduker2016,type uitgesloten (Bikes); geen prijs,F9903P2
wp-1290sduker2016,type uitgesloten (Bikes); geen prijs,F9903P9
wp-1290sduker2016,type uitgesloten (Bikes); geen prijs,F9923P2
wp-1290sduker2016,type uitgesloten (Bikes); geen prijs,F9923P9
wp-1290sduker2016,type uitgesloten (Bikes); geen prijs,F9960P2
wp-1290sduker2016,type uitgesloten (Bikes); geen prijs,F9960P9
wp-1290sduker2016,type uitgesloten (Bikes); geen prijs,F9975P2
wp-1290sduker2016,type uitgesloten (Bikes); geen prijs,F9975P9
wp-1290sduker2016,type uitgesloten (Bikes); geen prijs,F9986P2
wp-1290sduker2016,type uitgesloten (Bikes); geen prijs,F9986P9
wp-1290superadventurer2017,type uitgesloten (Bikes); geen prijs,F9903Q6
wp-1290superadventurer2017,type uitgesloten (Bikes); geen prijs,F9903Q7
wp-1290superadventurer2017,type uitgesloten (Bikes); geen prijs,F9903QK
wp-1290superadventurer2017,type uitgesloten (Bikes); geen prijs,F9923Q6
wp-1290superadventurer2017,type uitgesloten (Bikes); geen prijs,F9960Q6
wp-1290superadventurer2017,type uitgesloten (Bikes); geen prijs,F9975Q6
wp-1290superadventurer2017,type uitgesloten (Bikes); geen prijs,F9986Q6
wp-1290superadventurer2017,type uitgesloten (Bikes); geen prijs,F9987Q6
wp-1290superadventurer2021,type uitgesloten (Bikes); geen prijs,F9903U6
wp-1290superadventurer2021,type uitgesloten (Bikes); geen prijs,F9903U7
wp-1290superadventurer2021,type uitgesloten (Bikes); geen prijs,F9975U7
wp-1290superadventurer2021,type uitgesloten (Bikes); geen prijs,F9986U7
wp-1290superadventurer2021,type uitgesloten (Bikes); geen prijs,F9987U7
wp-1290superadventurer2022,type uitgesloten (Bikes); geen prijs,F9903V6
wp-1290superadventurer2022,type uitgesloten (Bikes); geen prijs,F9903V7
wp-1290superadventurer2022,type uitgesloten (Bikes); geen prijs,F9975V7
wp-1290superadventurer2022,type uitgesloten (Bikes); geen prijs,F9986V7
wp-1290superadventurer2022,type uitgesloten (Bikes); geen prijs,F9987V6
wp-1290superadventures2017,type uitgesloten (Bikes); geen prijs,F9903Q4
wp-1290superadventures2017,type uitgesloten (Bikes); geen prijs,F9903Q5
wp-1290superadventures2017,type uitgesloten (Bikes); geen prijs,F9903QI
wp-1290superadventures2017,type uitgesloten (Bikes); geen prijs,F9903QJ
wp-1290superadventures2017,type uitgesloten (Bikes); geen prijs,F9923Q4
wp-1290superadventures2017,type uitgesloten (Bikes); geen prijs,F9923Q5
wp-1290superadventures2017,type uitgesloten (Bikes); geen prijs,F9960Q4
wp-1290superadventures2017,type uitgesloten (Bikes); geen prijs,F9960Q5
wp-1290superadventures2017,type uitgesloten (Bikes); geen prijs,F9975Q4
wp-1290superadventures2017,type uitgesloten (Bikes); geen prijs,F9975Q5
wp-1290superadventures2017,type uitgesloten (Bikes); geen prijs,F9986Q4
wp-1290superadventures2017,type uitgesloten (Bikes); geen prijs,F9986Q5
wp-1290superadventures2021,type uitgesloten (Bikes); geen prijs,F9903U4
wp-1290superadventures2021,type uitgesloten (Bikes); geen prijs,F9903U5
wp-1290superadventures2021,type uitgesloten (Bikes); geen prijs,F9975U4
wp-1290superadventures2021,type uitgesloten (Bikes); geen prijs,F9975U5
wp-1290superadventures2021,type uitgesloten (Bikes); geen prijs,F9986U4
wp-1290superadventures2021,type uitgesloten (Bikes); geen prijs,F9987U4
wp-1290superadventures2021,type uitgesloten (Bikes); geen prijs,F9987U5
wp-1290superadventures2022,type uitgesloten (Bikes); geen prijs,F9903V4
wp-1290superadventures2022,type uitgesloten (Bikes); geen prijs,F9903V5
wp-1290superadventures2022,type uitgesloten (Bikes); geen prijs,F9903V8
wp-1290superadventures2022,type uitgesloten (Bikes); geen prijs,F9975V4
wp-1290superadventures2022,type uitgesloten (Bikes); geen prijs,F9975V5
wp-1290superadventures2022,type uitgesloten (Bikes); geen prijs,F9986V4
wp-1290superadventures2022,type uitgesloten (Bikes); geen prijs,F9987V4
wp-1290superadventures2022,type uitgesloten (Bikes); geen prijs,F9987V5
wp-1290superadventuret2017,type uitgesloten (Bikes); geen prijs,F9903QA
wp-1290superadventuret2017,type uitgesloten (Bikes); geen prijs,F9923QA
wp-1290superadventuret2017,type uitgesloten (Bikes); geen prijs,F9960QA
wp-1290superadventuret2017,type uitgesloten (Bikes); geen prijs,F9975QA
wp-1290superadventuret2017,type uitgesloten (Bikes); geen prijs,F9986QA
wp-1290superadventuret2017,type uitgesloten (Bikes); geen prijs,F9987QA
wp-1290superdukegt2017,type uitgesloten (Bikes); geen prijs,F9903QE
wp-1290superdukegt2017,type uitgesloten (Bikes); geen prijs,F9903QF
wp-1290superdukegt2017,type uitgesloten (Bikes); geen prijs,F9903QG
wp-1290superdukegt2017,type uitgesloten (Bikes); geen prijs,F9903QH
wp-1290superdukegt2017,type uitgesloten (Bikes); geen prijs,F9923QE
wp-1290superdukegt2017,type uitgesloten (Bikes); geen prijs,F9923QF
wp-1290superdukegt2017,type uitgesloten (Bikes); geen prijs,F9960QE
wp-1290superdukegt2017,type uitgesloten (Bikes); geen prijs,F9960QF
wp-1290superdukegt2017,type uitgesloten (Bikes); geen prijs,F9975QE
wp-1290superdukegt2017,type uitgesloten (Bikes); geen prijs,F9975QF
wp-1290superdukegt2017,type uitgesloten (Bikes); geen prijs,F9986QE
wp-1290superdukegt2017,type uitgesloten (Bikes); geen prijs,F9986QF
wp-1290superdukegt2021,type uitgesloten (Bikes); geen prijs,F9903UE
wp-1290superdukegt2021,type uitgesloten (Bikes); geen prijs,F9903UF
wp-1290superdukegt2021,type uitgesloten (Bikes); geen prijs,F9975UF
wp-1290superdukegt2021,type uitgesloten (Bikes); geen prijs,F9986UF
wp-1290superdukegt2021,type uitgesloten (Bikes); geen prijs,F9987UF
wp-1290superdukegt2023,type uitgesloten (Bikes); geen prijs,F9903WF
wp-1290superdukegt2023,type uitgesloten (Bikes); geen prijs,F9975WF
wp-1290superdukegt2023,type uitgesloten (Bikes); geen prijs,F9986WF
wp-1290superdukegt2023,type uitgesloten (Bikes); geen prijs,F9987WF
wp-1290superduker2017,type uitgesloten (Bikes); geen prijs,F9903Q2
wp-1290superduker2017,type uitgesloten (Bikes); geen prijs,F9903Q9
wp-1290superduker2017,type uitgesloten (Bikes); geen prijs,F9903QL
wp-1290superduker2017,type uitgesloten (Bikes); geen prijs,F9903QM
wp-1290superduker2017,type uitgesloten (Bikes); geen prijs,F9923Q2
wp-1290superduker2017,type uitgesloten (Bikes); geen prijs,F9923Q9
wp-1290superduker2017,type uitgesloten (Bikes); geen prijs,F9960Q2
wp-1290superduker2017,type uitgesloten (Bikes); geen prijs,F9960Q9
wp-1290superduker2017,type uitgesloten (Bikes); geen prijs,F9975Q2
wp-1290superduker2017,type uitgesloten (Bikes); geen prijs,F9975Q9
wp-1290superduker2017,type uitgesloten (Bikes); geen prijs,F9986Q2
wp-1290superduker2017,type uitgesloten (Bikes); geen prijs,F9986Q9
wp-1290superduker2018,type uitgesloten (Bikes); geen prijs,F9903R2
wp-1290superduker2018,type uitgesloten (Bikes); geen prijs,F9903R9
wp-1290superduker2018,type uitgesloten (Bikes); geen prijs,F9960R2
wp-1290superduker2018,type uitgesloten (Bikes); geen prijs,F9960R9
wp-1290superduker2018,type uitgesloten (Bikes); geen prijs,F9975R2
wp-1290superduker2018,type uitgesloten (Bikes); geen prijs,F9975R9
wp-1290superduker2018,type uitgesloten (Bikes); geen prijs,F9986R2
wp-1290superduker2019,type uitgesloten (Bikes); geen prijs,F9903S2
wp-1290superduker2019,type uitgesloten (Bikes); geen prijs,F9903S9
wp-1290superduker2019,type uitgesloten (Bikes); geen prijs,F9975S2
wp-1290superduker2019,type uitgesloten (Bikes); geen prijs,F9975S9
wp-1290superduker2019,type uitgesloten (Bikes); geen prijs,F9986S2
wp-1290superduker2020,type uitgesloten (Bikes); geen prijs,F9903T2
wp-1290superduker2020,type uitgesloten (Bikes); geen prijs,F9903T3
wp-1290superduker2020,type uitgesloten (Bikes); geen prijs,F9903T8
wp-1290superduker2020,type uitgesloten (Bikes); geen prijs,F9903T9
wp-1290superduker2020,type uitgesloten (Bikes); geen prijs,F9975T2
wp-1290superduker2020,type uitgesloten (Bikes); geen prijs,F9975T9
wp-1290superduker2020,type uitgesloten (Bikes); geen prijs,F9986T2
wp-1290superduker2021,type uitgesloten (Bikes); geen prijs,F9903U2
wp-1290superduker2021,type uitgesloten (Bikes); geen prijs,F9903U9
wp-1290superduker2021,type uitgesloten (Bikes); geen prijs,F9975U2
wp-1290superduker2021,type uitgesloten (Bikes); geen prijs,F9975U9
wp-1290superduker2021,type uitgesloten (Bikes); geen prijs,F9986U2
wp-1290superduker2021,type uitgesloten (Bikes); geen prijs,F9986U9
wp-1290superduker2021,type uitgesloten (Bikes); geen prijs,F9987U9
wp-1290superduker2023,type uitgesloten (Bikes); geen prijs,F9903W2
wp-1290superduker2023,type uitgesloten (Bikes); geen prijs,F9903W9
wp-1290superduker2023,type uitgesloten (Bikes); geen prijs,F9986W2
wp-1290superduker2023,type uitgesloten (Bikes); geen prijs,F9987W9
wp-1290superdukerevo2023,type uitgesloten (Bikes); geen prijs,F9903WS
wp-1290superdukerevo2023,type uitgesloten (Bikes); geen prijs,F9903WT
wp-1290superdukerevo2023,type uitgesloten (Bikes); geen prijs,F9975WS
wp-1290superdukerevo2023,type uitgesloten (Bikes); geen prijs,F9975WT
wp-1290superdukerevo2023,type uitgesloten (Bikes); geen prijs,F9986WS
wp-1290superdukerevo2023,type uitgesloten (Bikes); geen prijs,F9986WT
wp-1290superdukerr2021,type uitgesloten (Bikes); geen prijs,F9903UR
wp-1290superdukerr2021,type uitgesloten (Bikes); geen prijs,F9975UR
wp-1299panigale2015,type uitgesloten (Bikes); geen prijs,1299PANIGALE2015
wp-1299panigale2016,type uitgesloten (Bikes); geen prijs,1299PANIGALE2016
wp-1299panigale2017,type uitgesloten (Bikes); geen prijs,1299PANIGALE2017
wp-1299panigale2018,type uitgesloten (Bikes); geen prijs,1299PANIGALE2018
wp-1390superduker2024,type uitgesloten (Bikes); geen prijs,F9903X2
wp-1390superduker2024,type uitgesloten (Bikes); geen prijs,F9903X9
wp-1390superduker2024,type uitgesloten (Bikes); geen prijs,F9986X2
wp-1390superduker2024,type uitgesloten (Bikes); geen prijs,F9987X9
wp-14142o01set,type uitgesloten (Archiv); geen prijs,14142O01SET
wp-14142o02set,type uitgesloten (Archiv); geen prijs,14142O02SET
wp-14142p02set,type uitgesloten (Archiv); geen prijs,14142P02SET
wp-14142q01set,type uitgesloten (Archiv); geen prijs,14142Q01SET
wp-14142q02set,geen prijs,14142Q02SET
wp-14142r01set,geen prijs,14142R01SET
wp-14152o01set,type uitgesloten (Archiv); geen prijs,14152O01SET
wp-14152o03set,type uitgesloten (Archiv); geen prijs,14152O03SET
wp-14152t6770set,type uitgesloten (Archiv); status 80,14152T6770SET
wp-14152u07set,status 80,14152U07SET
wp-14172o01set,type uitgesloten (Archiv); geen prijs,14172O01SET
wp-14172o02set,type uitgesloten (Archiv); geen prijs,14172O02SET
wp-14172p02set,type uitgesloten (Archiv); geen prijs,14172P02SET
wp-14172q01set,type uitgesloten (Archiv); geen prijs,14172Q01SET
wp-14172q02set,geen prijs,14172Q02SET
wp-14172s02set,status 80,14172S02SET
wp-14182n09set,type uitgesloten (Archiv); geen prijs,14182N09SET
wp-14182o01set,type uitgesloten (Archiv); geen prijs,14182O01SET
wp-14182o03set,type uitgesloten (Archiv); geen prijs,14182O03SET
wp-14182o07set,type uitgesloten (Archiv); geen prijs,14182O07SET
wp-14182p01set,type uitgesloten (Archiv); geen prijs,14182P01SET
wp-14182p03set,type uitgesloten (Archiv); geen prijs,14182P03SET
wp-14182p05set,type uitgesloten (Archiv); geen prijs,14182P05SET
wp-14182p07set,type uitgesloten (Archiv); geen prijs,14182P07SET
wp-14182p09set,type uitgesloten (Archiv); geen prijs,14182P09SET
wp-14182p61set,type uitgesloten (Archiv); geen prijs,14182P61SET
wp-14182p63set,type uitgesloten (Archiv); geen prijs,14182P63SET
wp-14182p69set,type uitgesloten (Archiv); geen prijs,14182P69SET
wp-14182q61set,type uitgesloten (Archiv); geen prijs,14182Q61SET
wp-14182q63set,type uitgesloten (Archiv); geen prijs,14182Q63SET
wp-14182q67set,type uitgesloten (Archiv); geen prijs,14182Q67SET
wp-14182q69set,type uitgesloten (Archiv); geen prijs,14182Q69SET
wp-14182t0170set,type uitgesloten (Archiv); status 80,14182T0170SET
wp-14182t0570set,type uitgesloten (Archiv); status 80,14182T0570SET
wp-14182t0580set,type uitgesloten (Archiv); status 80,14182T0580SET
wp-14182t0590set,type uitgesloten (Archiv); status 80,14182T0590SET
wp-14182t0790set,type uitgesloten (Archiv); status 80,14182T0790SET
wp-14182t07set,status 80,14182T07SET
wp-14182t5780set,type uitgesloten (Archiv); status 80,14182T5780SET
wp-14182t5990set,type uitgesloten (Archiv); status 80,14182T5990SET
wp-14182t6790set,type uitgesloten (Archiv); geen prijs,14182T6790SET
wp-14182t67set,status 80,14182T67SET
wp-14232o01set,type uitgesloten (Archiv); geen prijs,14232O01SET
wp-14232o02set,type uitgesloten (Archiv); geen prijs,14232O02SET
wp-14232p01set,type uitgesloten (Archiv); geen prijs,14232P01SET
wp-14232q01set,type uitgesloten (Archiv); geen prijs,14232Q01SET
wp-14232q02set,type uitgesloten (Archiv); geen prijs,14232Q02SET
wp-14232r02set,status 80,14232R02SET
wp-14272o01set,type uitgesloten (Archiv); geen prijs,14272O01SET
wp-14272o02set,type uitgesloten (Archiv); geen prijs,14272O02SET
wp-14272p02set,type uitgesloten (Archiv); geen prijs,14272P02SET
wp-14272p03set,type uitgesloten (Archiv); geen prijs,14272P03SET
wp-14272p04set,geen prijs,14272P04SET
wp-14272q01set,type uitgesloten (Archiv); geen prijs,14272Q01SET
wp-14272q02set,type uitgesloten (Archiv); status 80,14272Q02SET
wp-14272r02set,geen prijs,14272R02SET
wp-14442o01set,type uitgesloten (Archiv); geen prijs,14442O01SET
wp-14442o02set,type uitgesloten (Archiv); geen prijs,14442O02SET
wp-14460107,geen afbeeldingen (geen bestand onder input/ of geen geldige CDN-URL na upload),14460107
wp-14522o01set,type uitgesloten (Archiv); geen prijs,14522O01SET
wp-15000d07,type uitgesloten (Archiv); status 80,15000D07
wp-15000m02s1,geen prijs,15000M02S1
wp-15004t01,geen prijs,15004T01
wp-15060o0102set,geen prijs,15060O0102SET
wp-15067k0402set,geen prijs,15067K0402SET
wp-15067l0302set,geen prijs,15067L0302SET
wp-15097l0102set,geen prijs,15097L0102SET
wp-150sx2015,type uitgesloten (Bikes); geen prijs,F6101O1
wp-150sx2015,type uitgesloten (Bikes); geen prijs,F6175O1
wp-150sx2016,type uitgesloten (Bikes); geen prijs,F6101P1
wp-150sx2016,type uitgesloten (Bikes); geen prijs,F6175P1
wp-150sx2017,type uitgesloten (Bikes); geen prijs,F6101Q1
wp-150sx2017,type uitgesloten (Bikes); geen prijs,F6175Q1
wp-150sx2018,type uitgesloten (Bikes); geen prijs,F6101R1
wp-150sx2018,type uitgesloten (Bikes); geen prijs,F6175R1
wp-150sx2019,type uitgesloten (Bikes); geen prijs,F6101S1
wp-150sx2019,type uitgesloten (Bikes); geen prijs,F6175S1
wp-150sx2020,type uitgesloten (Bikes); geen prijs,F6101T1
wp-150sx2020,type uitgesloten (Bikes); geen prijs,F6175T1
wp-150xc-w2017,type uitgesloten (Bikes); geen prijs,F7101Q3
wp-150xc-w2017,type uitgesloten (Bikes); geen prijs,F7175Q3
wp-15147k2902set,geen prijs,15147K2902SET
wp-15147l2702set,geen prijs,15147L2702SET
wp-15147l2802set,geen prijs,15147L2802SET
wp-15147m01,geen prijs,15147M01
wp-15170p02set,status 80,15170P02SET
wp-15177l2302set,geen prijs,15177L2302SET
wp-15177l2402set,geen prijs,15177L2402SET
wp-15180n01set,geen prijs,15180N01SET
wp-15180o02set,type uitgesloten (Archiv); geen prijs,15180O02SET
wp-15180o03set,geen prijs,15180O03SET
wp-15180r10set,geen prijs,15180R10SET
wp-15180r8102set,status 80,15180R8102SET
wp-15187l0102set,type uitgesloten (Archiv); geen verkoopbare variant in productgroep (prijs/type/status),15187L0102SET
wp-15187m5002,geen prijs,15187M5002
wp-15230q11set,status 80,15230Q11SET
wp-15237l2302set,geen prijs,15237L2302SET
wp-15237l2402set,geen prijs,15237L2402SET
wp-15237l2502set,geen prijs,15237L2502SET
wp-15270o0202set,geen prijs,15270O0202SET
wp-15270q81set,geen prijs,15270Q81SET
wp-15277l1602set,geen prijs,15277L1602SET
wp-15277l1702set,geen prijs,15277L1702SET
wp-15287l3102set,geen prijs,15287L3102SET
wp-16061t11set,geen prijs,16061T11SET
wp-16141m01s,geen prijs,16141M01S
wp-16181l01s2,geen prijs,16181L01S2
wp-16181m50s,type uitgesloten (Archiv); status 80,16181M50S
wp-16231q11set,type uitgesloten (Archiv); geen prijs,16231Q11SET
wp-16271o11set,geen prijs,16271O11SET
wp-16271q61set,status 80,16271Q61SET
wp-18140o01set,type uitgesloten (Archiv); geen prijs,18140O01SET
wp-18140o02set,type uitgesloten (Archiv); geen prijs,18140O02SET
wp-18140p02set,geen prijs,18140P02SET
wp-18140q01set,geen prijs,18140Q01SET
wp-18140q02set,geen prijs,18140Q02SET
wp-18140r01set,geen prijs,18140R01SET
wp-18150o0102set,geen prijs,18150O0102SET
wp-18150o0202set,geen prijs,18150O0202SET
wp-18150o0302set,geen prijs,18150O0302SET
wp-18150p6102set,geen prijs,18150P6102SET
wp-18150p6302set,geen prijs,18150P6302SET
wp-18150p6702set,geen prijs,18150P6702SET
wp-18150p6902set,geen prijs,18150P6902SET
wp-18150q6102set,type uitgesloten (Archiv); geen prijs,18150Q6102SET
wp-18150q6302set,type uitgesloten (Archiv); geen prijs,18150Q6302SET
wp-18150q6702set,type uitgesloten (Archiv); geen prijs,18150Q6702SET
wp-18150q6902set,type uitgesloten (Archiv); geen prijs,18150Q6902SET
wp-18170o01set,geen prijs,18170O01SET
wp-18170o02set,geen prijs,18170O02SET
wp-18170p02set,geen prijs,18170P02SET
wp-18170q01set,geen prijs,18170Q01SET
wp-18170q02set,geen prijs,18170Q02SET
wp-18170s02set,status 80,18170S02SET
wp-18180o0102set,geen prijs,18180O0102SET
wp-18180o0202set,geen prijs,18180O0202SET
wp-18180o0302set,geen prijs,18180O0302SET
wp-18180o0402set,geen prijs,18180O0402SET
wp-18180p0102set,type uitgesloten (Archiv); geen prijs,18180P0102SET
wp-18180p0302set,geen prijs,18180P0302SET
wp-18180p0502set,type uitgesloten (Archiv); geen prijs,18180P0502SET
wp-18180p0702set,type uitgesloten (Archiv); geen prijs,18180P0702SET
wp-18180p0902set,geen prijs,18180P0902SET
wp-18180q0302set,type uitgesloten (Archiv); geen prijs,18180Q0302SET
wp-18180t07set,status 80,18180T07SET
wp-18180t5370set,type uitgesloten (Archiv); status 80,18180T5370SET
wp-18180t5380set,type uitgesloten (Archiv); status 80,18180T5380SET
wp-18180t5390set,type uitgesloten (Archiv); status 80,18180T5390SET
wp-18230o01set,type uitgesloten (Archiv); status 80,18230O01SET
wp-18230o02set,geen prijs,18230O02SET
wp-18230p01set,type uitgesloten (Archiv); status 80,18230P01SET
wp-18230q01set,geen prijs,18230Q01SET
wp-18230q02set,geen prijs,18230Q02SET
wp-18230r02set,status 80,18230R02SET
wp-18270o01set,type uitgesloten (Archiv); geen prijs,18270O01SET
wp-18270o02set,geen prijs,18270O02SET
wp-18270p02set,geen prijs,18270P02SET
wp-18270p03set,geen prijs,18270P03SET
wp-18270p04set,geen prijs,18270P04SET
wp-18270q01set,geen prijs,18270Q01SET
wp-18270q02set,geen prijs,18270Q02SET
wp-18270r02set,geen prijs,18270R02SET
wp-18440o01set,geen prijs,18440O01SET
wp-18440o02set,geen prijs,18440O02SET
wp-18520o01set,geen prijs,18520O01SET
wp-200duke2018,type uitgesloten (Bikes); geen prijs,F4103R1
wp-200duke2018,type uitgesloten (Bikes); geen prijs,F4103R2
wp-200duke2018,type uitgesloten (Bikes); geen prijs,F4103R3
wp-200duke2018,type uitgesloten (Bikes); geen prijs,F4140R1
wp-200duke2018,type uitgesloten (Bikes); geen prijs,F4140R2
wp-200duke2018,type uitgesloten (Bikes); geen prijs,F4141Q1
wp-200duke2018,type uitgesloten (Bikes); geen prijs,F4141Q2
wp-200duke2018,type uitgesloten (Bikes); geen prijs,F4141R1
wp-200duke2018,type uitgesloten (Bikes); geen prijs,F4141R2
wp-200duke2018,type uitgesloten (Bikes); geen prijs,F4141R3
wp-200duke2018,type uitgesloten (Bikes); geen prijs,F4142R1
wp-200duke2018,type uitgesloten (Bikes); geen prijs,F4142R2
wp-200duke2018,type uitgesloten (Bikes); geen prijs,F4142R3
wp-200duke2018,type uitgesloten (Bikes); geen prijs,F4182R1
wp-200duke2018,type uitgesloten (Bikes); geen prijs,F4182R2
wp-200duke2018,type uitgesloten (Bikes); geen prijs,F4182R3
wp-200duke2018,type uitgesloten (Bikes); geen prijs,F4183R1
wp-200duke2018,type uitgesloten (Bikes); geen prijs,F4183R2
wp-200duke2018,type uitgesloten (Bikes); geen prijs,F4183R2K
wp-200duke2018,type uitgesloten (Bikes); geen prijs,F4183R3
wp-200duke2018,type uitgesloten (Bikes); geen prijs,F4183R3K
wp-200duke2018,type uitgesloten (Bikes); geen prijs,F4183R4
wp-200duke2018,type uitgesloten (Bikes); geen prijs,F4183R5
wp-200duke2018,type uitgesloten (Bikes); geen prijs,F4189R1
wp-200duke2018,type uitgesloten (Bikes); geen prijs,F4189R2
wp-200duke2018,type uitgesloten (Bikes); geen prijs,F4189R3
wp-200duke2019,type uitgesloten (Bikes); geen prijs,F4103S1
wp-200duke2019,type uitgesloten (Bikes); geen prijs,F4103S2
wp-200duke2019,type uitgesloten (Bikes); geen prijs,F4103S3
wp-200duke2019,type uitgesloten (Bikes); geen prijs,F4103S6
wp-200duke2019,type uitgesloten (Bikes); geen prijs,F4103S7
wp-200duke2019,type uitgesloten (Bikes); geen prijs,F4140S3
wp-200duke2019,type uitgesloten (Bikes); geen prijs,F4140S4
wp-200duke2019,type uitgesloten (Bikes); geen prijs,F4140S5
wp-200duke2019,type uitgesloten (Bikes); geen prijs,F4141S1
wp-200duke2019,type uitgesloten (Bikes); geen prijs,F4141S2
wp-200duke2019,type uitgesloten (Bikes); geen prijs,F4141S3
wp-200duke2019,type uitgesloten (Bikes); geen prijs,F4142S1
wp-200duke2019,type uitgesloten (Bikes); geen prijs,F4142S2
wp-200duke2019,type uitgesloten (Bikes); geen prijs,F4142S3
wp-200duke2019,type uitgesloten (Bikes); geen prijs,F4182S1
wp-200duke2019,type uitgesloten (Bikes); geen prijs,F4182S2
wp-200duke2019,type uitgesloten (Bikes); geen prijs,F4182S3
wp-200duke2019,type uitgesloten (Bikes); geen prijs,F4183S1
wp-200duke2019,type uitgesloten (Bikes); geen prijs,F4183S2
wp-200duke2019,type uitgesloten (Bikes); geen prijs,F4183S3
wp-200duke2019,type uitgesloten (Bikes); geen prijs,F4189S1
wp-200duke2019,type uitgesloten (Bikes); geen prijs,F4189S2
wp-200duke2019,type uitgesloten (Bikes); geen prijs,F4189S3
wp-200duke2021,type uitgesloten (Bikes); geen prijs,F4103U2
wp-200duke2021,type uitgesloten (Bikes); geen prijs,F4103U2L
wp-200duke2021,type uitgesloten (Bikes); geen prijs,F4103U3
wp-200duke2021,type uitgesloten (Bikes); geen prijs,F4103U3L
wp-200duke2021,type uitgesloten (Bikes); geen prijs,F4103U8
wp-200duke2021,type uitgesloten (Bikes); geen prijs,F4103U9
wp-200duke2021,type uitgesloten (Bikes); geen prijs,F4141U2
wp-200duke2021,type uitgesloten (Bikes); geen prijs,F4141U3
wp-200duke2021,type uitgesloten (Bikes); geen prijs,F4142U2
wp-200duke2021,type uitgesloten (Bikes); geen prijs,F4142U3
wp-200duke2021,type uitgesloten (Bikes); geen prijs,F4175U2
wp-200duke2021,type uitgesloten (Bikes); geen prijs,F4175U3
wp-200duke2021,type uitgesloten (Bikes); geen prijs,F4182U2
wp-200duke2021,type uitgesloten (Bikes); geen prijs,F4182U3
wp-200duke2021,type uitgesloten (Bikes); geen prijs,F4183U2
wp-200duke2021,type uitgesloten (Bikes); geen prijs,F4183U3
wp-200duke2021,type uitgesloten (Bikes); geen prijs,F4189U2
wp-200duke2021,type uitgesloten (Bikes); geen prijs,F4189U3
wp-200duke2023,type uitgesloten (Bikes); geen prijs,F4103W2
wp-200duke2023,type uitgesloten (Bikes); geen prijs,F4103W2L
wp-200duke2023,type uitgesloten (Bikes); geen prijs,F4103W3
wp-200duke2023,type uitgesloten (Bikes); geen prijs,F4103W3L
wp-200duke2023,type uitgesloten (Bikes); geen prijs,F4141W2
wp-200duke2023,type uitgesloten (Bikes); geen prijs,F4141W3
wp-200duke2023,type uitgesloten (Bikes); geen prijs,F4142W3
wp-200duke2023,type uitgesloten (Bikes); geen prijs,F4182W2
wp-200duke2023,type uitgesloten (Bikes); geen prijs,F4182W3
wp-200duke2023,type uitgesloten (Bikes); geen prijs,F4188W2
wp-200duke2023,type uitgesloten (Bikes); geen prijs,F4188W3
wp-200duke2025,type uitgesloten (Bikes); geen prijs,00JP1J1T
wp-200duke2025,type uitgesloten (Bikes); geen prijs,00JP1J7B
wp-200duke2025,type uitgesloten (Bikes); geen prijs,00JP1JBP
wp-200duke2025,type uitgesloten (Bikes); geen prijs,00JP1JBY
wp-200duke2025,type uitgesloten (Bikes); geen prijs,F4102Y2
wp-200duke2025,type uitgesloten (Bikes); geen prijs,F4102Y2L
wp-200duke2025,type uitgesloten (Bikes); geen prijs,F4102Y3
wp-200duke2025,type uitgesloten (Bikes); geen prijs,F4102Y3L
wp-200duke2025,type uitgesloten (Bikes); geen prijs,F4102Y4L
wp-200duke2025,type uitgesloten (Bikes); geen prijs,F4102Y5L
wp-200duke2025,type uitgesloten (Bikes); geen prijs,F4141Y2
wp-200duke2025,type uitgesloten (Bikes); geen prijs,F4141Y3
wp-200duke2025,type uitgesloten (Bikes); geen prijs,F4141Y8
wp-200duke2025,type uitgesloten (Bikes); geen prijs,F4141Y9
wp-200duke2025,type uitgesloten (Bikes); geen prijs,F4142Y2
wp-200duke2025,type uitgesloten (Bikes); geen prijs,F4142Y3
wp-200duke2025,type uitgesloten (Bikes); geen prijs,F4142Y8
wp-200duke2025,type uitgesloten (Bikes); geen prijs,F4142Y9
wp-200duke2025,type uitgesloten (Bikes); geen prijs,F4143Y4
wp-200duke2025,type uitgesloten (Bikes); geen prijs,F4143Y5
wp-200duke2025,type uitgesloten (Bikes); geen prijs,F4182Y2
wp-200duke2025,type uitgesloten (Bikes); geen prijs,F4182Y3
wp-200duke2026,type uitgesloten (Bikes); geen prijs,F4102Z2
wp-200duke2026,type uitgesloten (Bikes); geen prijs,F4102Z2L
wp-200duke2026,type uitgesloten (Bikes); geen prijs,F4102Z3
wp-200duke2026,type uitgesloten (Bikes); geen prijs,F4102Z3L
wp-200duke2026,type uitgesloten (Bikes); geen prijs,F4102Z4L
wp-200duke2026,type uitgesloten (Bikes); geen prijs,F4102Z5L
wp-200duke2026,type uitgesloten (Bikes); geen prijs,F4141Z2
wp-200duke2026,type uitgesloten (Bikes); geen prijs,F4141Z3
wp-200duke2026,type uitgesloten (Bikes); geen prijs,F4142Z2
wp-200duke2026,type uitgesloten (Bikes); geen prijs,F4142Z3
wp-200duke2026,type uitgesloten (Bikes); geen prijs,F4182Z2
wp-200duke2026,type uitgesloten (Bikes); geen prijs,F4182Z3
wp-200dukewoabs2023,type uitgesloten (Bikes); geen prijs,F4103W4L
wp-200dukewoabs2023,type uitgesloten (Bikes); geen prijs,F4103W5L
wp-200dukewoabs2023,type uitgesloten (Bikes); geen prijs,F4141W1
wp-200dukewoabs2023,type uitgesloten (Bikes); geen prijs,F4141W4
wp-200dukewoabs2023,type uitgesloten (Bikes); geen prijs,F4142W8
wp-200dukewoabs2023,type uitgesloten (Bikes); geen prijs,F4142W9
wp-200exc2012,type uitgesloten (Bikes); geen prijs,7203L6
wp-200exc2012,type uitgesloten (Bikes); geen prijs,7260L6
wp-200exc2015,type uitgesloten (Bikes); geen prijs,F7203O6
wp-200exc2015,type uitgesloten (Bikes); geen prijs,F7260O6
wp-200exc2016,type uitgesloten (Bikes); geen prijs,F7203P6
wp-200exc2016,type uitgesloten (Bikes); geen prijs,F7260P6
wp-20170043int,geen prijs,20170043INT
wp-2020dukewoabs2021,type uitgesloten (Bikes); geen prijs,F4103U5
wp-2020dukewoabs2021,type uitgesloten (Bikes); geen prijs,F4103U5L
wp-2020dukewoabs2021,type uitgesloten (Bikes); geen prijs,F4103U6
wp-2020dukewoabs2021,type uitgesloten (Bikes); geen prijs,F4103U6L
wp-2020dukewoabs2021,type uitgesloten (Bikes); geen prijs,F4103U7
wp-2020dukewoabs2021,type uitgesloten (Bikes); geen prijs,F4103U7L
wp-2020dukewoabs2021,type uitgesloten (Bikes); geen prijs,F4141U5
wp-2020dukewoabs2021,type uitgesloten (Bikes); geen prijs,F4141U6
wp-2020dukewoabs2021,type uitgesloten (Bikes); geen prijs,F4141U7
wp-2020dukewoabs2021,type uitgesloten (Bikes); geen prijs,F4142U5
wp-2020dukewoabs2021,type uitgesloten (Bikes); geen prijs,F4142U6
wp-2020dukewoabs2021,type uitgesloten (Bikes); geen prijs,F4142U7
wp-20210006de,status 80,20210006DE
wp-20220020int,status 80,20220020INT
wp-20230007int,geen prijs,20230007INT
wp-20230008int,geen prijs,20230008INT
wp-20230009int,geen prijs,20230009INT
wp-20230012int,geen prijs,20230012INT
wp-20230013int,geen prijs,20230013INT
wp-25001939500,status 80,25001939500
wp-250adventure2021,type uitgesloten (Bikes); geen prijs,F5203U5
wp-250adventure2021,type uitgesloten (Bikes); geen prijs,F5203U5B
wp-250adventure2021,type uitgesloten (Bikes); geen prijs,F5203U6
wp-250adventure2021,type uitgesloten (Bikes); geen prijs,F5203U6B
wp-250adventure2021,type uitgesloten (Bikes); geen prijs,F5203U7
wp-250adventure2021,type uitgesloten (Bikes); geen prijs,F5203U7L
wp-250adventure2021,type uitgesloten (Bikes); geen prijs,F5203U8
wp-250adventure2021,type uitgesloten (Bikes); geen prijs,F5203U8L
wp-250adventure2021,type uitgesloten (Bikes); geen prijs,F5240U5
wp-250adventure2021,type uitgesloten (Bikes); geen prijs,F5240U6
wp-250adventure2021,type uitgesloten (Bikes); geen prijs,F5241U5
wp-250adventure2021,type uitgesloten (Bikes); geen prijs,F5241U6
wp-250adventure2021,type uitgesloten (Bikes); geen prijs,F5242U5
wp-250adventure2021,type uitgesloten (Bikes); geen prijs,F5242U6
wp-250adventure2021,type uitgesloten (Bikes); geen prijs,F5260U5
wp-250adventure2021,type uitgesloten (Bikes); geen prijs,F5260U6
wp-250adventure2021,type uitgesloten (Bikes); geen prijs,F5275U5
wp-250adventure2021,type uitgesloten (Bikes); geen prijs,F5275U6
wp-250adventure2021,type uitgesloten (Bikes); geen prijs,F5282U5
wp-250adventure2021,type uitgesloten (Bikes); geen prijs,F5282U6
wp-250adventure2021,type uitgesloten (Bikes); geen prijs,F5283U5
wp-250adventure2021,type uitgesloten (Bikes); geen prijs,F5283U5K
wp-250adventure2021,type uitgesloten (Bikes); geen prijs,F5283U6
wp-250adventure2021,type uitgesloten (Bikes); geen prijs,F5283U6K
wp-250adventure2021,type uitgesloten (Bikes); geen prijs,F5286U5
wp-250adventure2021,type uitgesloten (Bikes); geen prijs,F5286U6
wp-250adventure2021,type uitgesloten (Bikes); geen prijs,F5287U5
wp-250adventure2021,type uitgesloten (Bikes); geen prijs,F5287U5K
wp-250adventure2021,type uitgesloten (Bikes); geen prijs,F5287U6
wp-250adventure2021,type uitgesloten (Bikes); geen prijs,F5287U6K
wp-250adventure2021,type uitgesloten (Bikes); geen prijs,F5287U7
wp-250adventure2021,type uitgesloten (Bikes); geen prijs,F5287U8
wp-250adventure2021,type uitgesloten (Bikes); geen prijs,F5288U5
wp-250adventure2021,type uitgesloten (Bikes); geen prijs,F5288U6
wp-250adventure2021,type uitgesloten (Bikes); geen prijs,F5289U5
wp-250adventure2021,type uitgesloten (Bikes); geen prijs,F5289U6
wp-250adventure2022,type uitgesloten (Bikes); geen prijs,F5203V1
wp-250adventure2022,type uitgesloten (Bikes); geen prijs,F5203V2
wp-250adventure2022,type uitgesloten (Bikes); geen prijs,F5203V7
wp-250adventure2022,type uitgesloten (Bikes); geen prijs,F5203V7L
wp-250adventure2022,type uitgesloten (Bikes); geen prijs,F5203V8
wp-250adventure2022,type uitgesloten (Bikes); geen prijs,F5203V8L
wp-250adventure2022,type uitgesloten (Bikes); geen prijs,F5240V5
wp-250adventure2022,type uitgesloten (Bikes); geen prijs,F5240V6
wp-250adventure2022,type uitgesloten (Bikes); geen prijs,F5241V5
wp-250adventure2022,type uitgesloten (Bikes); geen prijs,F5241V6
wp-250adventure2022,type uitgesloten (Bikes); geen prijs,F5242V5
wp-250adventure2022,type uitgesloten (Bikes); geen prijs,F5242V6
wp-250adventure2022,type uitgesloten (Bikes); geen prijs,F5282V5
wp-250adventure2022,type uitgesloten (Bikes); geen prijs,F5282V6
wp-250adventure2022,type uitgesloten (Bikes); geen prijs,F5283V5K
wp-250adventure2022,type uitgesloten (Bikes); geen prijs,F5283V6K
wp-250adventure2022,type uitgesloten (Bikes); geen prijs,F5286V5
wp-250adventure2022,type uitgesloten (Bikes); geen prijs,F5286V6
wp-250adventure2022,type uitgesloten (Bikes); geen prijs,F5287V5K
wp-250adventure2022,type uitgesloten (Bikes); geen prijs,F5287V6K
wp-250adventure2022,type uitgesloten (Bikes); geen prijs,F5287V7
wp-250adventure2022,type uitgesloten (Bikes); geen prijs,F5287V8
wp-250adventure2022,type uitgesloten (Bikes); geen prijs,F5288V5
wp-250adventure2022,type uitgesloten (Bikes); geen prijs,F5288V6
wp-250adventure2022,type uitgesloten (Bikes); geen prijs,F5288V7K
wp-250adventure2022,type uitgesloten (Bikes); geen prijs,F5288V8K
wp-250adventure2022,type uitgesloten (Bikes); geen prijs,F5289V5
wp-250adventure2022,type uitgesloten (Bikes); geen prijs,F5289V6
wp-250duke2018,type uitgesloten (Bikes); geen prijs,F4203R1
wp-250duke2018,type uitgesloten (Bikes); geen prijs,F4203R2
wp-250duke2018,type uitgesloten (Bikes); geen prijs,F4203R3
wp-250duke2018,type uitgesloten (Bikes); geen prijs,F4203R4
wp-250duke2018,type uitgesloten (Bikes); geen prijs,F4240R1
wp-250duke2018,type uitgesloten (Bikes); geen prijs,F4240R2
wp-250duke2018,type uitgesloten (Bikes); geen prijs,F4241R1
wp-250duke2018,type uitgesloten (Bikes); geen prijs,F4241R2
wp-250duke2018,type uitgesloten (Bikes); geen prijs,F4242R1
wp-250duke2018,type uitgesloten (Bikes); geen prijs,F4242R2
wp-250duke2018,type uitgesloten (Bikes); geen prijs,F4282R1
wp-250duke2018,type uitgesloten (Bikes); geen prijs,F4282R2
wp-250duke2018,type uitgesloten (Bikes); geen prijs,F4283R1
wp-250duke2018,type uitgesloten (Bikes); geen prijs,F4283R2
wp-250duke2018,type uitgesloten (Bikes); geen prijs,F4286R1
wp-250duke2018,type uitgesloten (Bikes); geen prijs,F4286R2
wp-250duke2018,type uitgesloten (Bikes); geen prijs,F4289R1
wp-250duke2018,type uitgesloten (Bikes); geen prijs,F4289R2
wp-250duke2019,type uitgesloten (Bikes); geen prijs,F4203S1
wp-250duke2019,type uitgesloten (Bikes); geen prijs,F4203S2
wp-250duke2019,type uitgesloten (Bikes); geen prijs,F4203S3
wp-250duke2019,type uitgesloten (Bikes); geen prijs,F4203S4
wp-250duke2019,type uitgesloten (Bikes); geen prijs,F4203S6
wp-250duke2019,type uitgesloten (Bikes); geen prijs,F4203S7
wp-250duke2019,type uitgesloten (Bikes); geen prijs,F4203S8
wp-250duke2019,type uitgesloten (Bikes); geen prijs,F4203S9
wp-250duke2019,type uitgesloten (Bikes); geen prijs,F4240S1
wp-250duke2019,type uitgesloten (Bikes); geen prijs,F4240S2
wp-250duke2019,type uitgesloten (Bikes); geen prijs,F4241S1
wp-250duke2019,type uitgesloten (Bikes); geen prijs,F4241S2
wp-250duke2019,type uitgesloten (Bikes); geen prijs,F4242S1
wp-250duke2019,type uitgesloten (Bikes); geen prijs,F4242S2
wp-250duke2019,type uitgesloten (Bikes); geen prijs,F4242S3
wp-250duke2019,type uitgesloten (Bikes); geen prijs,F4242S4
wp-250duke2019,type uitgesloten (Bikes); geen prijs,F4282S1
wp-250duke2019,type uitgesloten (Bikes); geen prijs,F4282S2
wp-250duke2019,type uitgesloten (Bikes); geen prijs,F4283S1
wp-250duke2019,type uitgesloten (Bikes); geen prijs,F4283S2
wp-250duke2019,type uitgesloten (Bikes); geen prijs,F4286S1
wp-250duke2019,type uitgesloten (Bikes); geen prijs,F4286S2
wp-250duke2019,type uitgesloten (Bikes); geen prijs,F4289S1
wp-250duke2019,type uitgesloten (Bikes); geen prijs,F4289S2
wp-250duke2021,type uitgesloten (Bikes); geen prijs,F4203U1
wp-250duke2021,type uitgesloten (Bikes); geen prijs,F4203U1L
wp-250duke2021,type uitgesloten (Bikes); geen prijs,F4203U2
wp-250duke2021,type uitgesloten (Bikes); geen prijs,F4203U2L
wp-250duke2021,type uitgesloten (Bikes); geen prijs,F4283U1
wp-250duke2021,type uitgesloten (Bikes); geen prijs,F4283U2
wp-250duke2021,type uitgesloten (Bikes); geen prijs,F4286U1
wp-250duke2021,type uitgesloten (Bikes); geen prijs,F4286U2
wp-250duke2021,type uitgesloten (Bikes); geen prijs,F4287U1
wp-250duke2021,type uitgesloten (Bikes); geen prijs,F4287U2
wp-250duke2021,type uitgesloten (Bikes); geen prijs,F4288U1
wp-250duke2021,type uitgesloten (Bikes); geen prijs,F4288U1L
wp-250duke2021,type uitgesloten (Bikes); geen prijs,F4288U2
wp-250duke2021,type uitgesloten (Bikes); geen prijs,F4288U2L
wp-250duke2021,type uitgesloten (Bikes); geen prijs,F4289U1
wp-250duke2021,type uitgesloten (Bikes); geen prijs,F4289U2
wp-250duke2023,type uitgesloten (Bikes); geen prijs,F4203W1
wp-250duke2023,type uitgesloten (Bikes); geen prijs,F4203W2
wp-250duke2023,type uitgesloten (Bikes); geen prijs,F4203W3
wp-250duke2023,type uitgesloten (Bikes); geen prijs,F4203W3L
wp-250duke2023,type uitgesloten (Bikes); geen prijs,F4203W4L
wp-250duke2023,type uitgesloten (Bikes); geen prijs,F4242W1
wp-250duke2023,type uitgesloten (Bikes); geen prijs,F4282W1
wp-250duke2023,type uitgesloten (Bikes); geen prijs,F4282W2
wp-250duke2023,type uitgesloten (Bikes); geen prijs,F4286W1
wp-250duke2023,type uitgesloten (Bikes); geen prijs,F4286W2
wp-250duke2023,type uitgesloten (Bikes); geen prijs,F4287W1
wp-250duke2023,type uitgesloten (Bikes); geen prijs,F4287W2
wp-250duke2025,type uitgesloten (Bikes); geen prijs,00JP1E09
wp-250duke2025,type uitgesloten (Bikes); geen prijs,00JP1E1T
wp-250duke2025,type uitgesloten (Bikes); geen prijs,00JP1E44
wp-250duke2025,type uitgesloten (Bikes); geen prijs,00JP1EX3
wp-250duke2025,type uitgesloten (Bikes); geen prijs,F4202Y1
wp-250duke2025,type uitgesloten (Bikes); geen prijs,F4202Y1L
wp-250duke2025,type uitgesloten (Bikes); geen prijs,F4202Y2
wp-250duke2025,type uitgesloten (Bikes); geen prijs,F4202Y2L
wp-250duke2025,type uitgesloten (Bikes); geen prijs,F4203Y1
wp-250duke2025,type uitgesloten (Bikes); geen prijs,F4203Y2
wp-250duke2025,type uitgesloten (Bikes); geen prijs,F4241Y1
wp-250duke2025,type uitgesloten (Bikes); geen prijs,F4241Y2
wp-250duke2025,type uitgesloten (Bikes); geen prijs,F4242Y1
wp-250duke2025,type uitgesloten (Bikes); geen prijs,F4242Y2
wp-250duke2025,type uitgesloten (Bikes); geen prijs,F4275Y1
wp-250duke2025,type uitgesloten (Bikes); geen prijs,F4275Y2
wp-250duke2025,type uitgesloten (Bikes); geen prijs,F4282Y1
wp-250duke2025,type uitgesloten (Bikes); geen prijs,F4282Y2
wp-250duke2025,type uitgesloten (Bikes); geen prijs,F4286Y1
wp-250duke2025,type uitgesloten (Bikes); geen prijs,F4286Y2
wp-250duke2026,type uitgesloten (Bikes); geen prijs,F4202Z1
wp-250duke2026,type uitgesloten (Bikes); geen prijs,F4202Z1L
wp-250duke2026,type uitgesloten (Bikes); geen prijs,F4202Z2
wp-250duke2026,type uitgesloten (Bikes); geen prijs,F4202Z2L
wp-250duke2026,type uitgesloten (Bikes); geen prijs,F4241Z1
wp-250duke2026,type uitgesloten (Bikes); geen prijs,F4241Z2
wp-250duke2026,type uitgesloten (Bikes); geen prijs,F4242Z1
wp-250duke2026,type uitgesloten (Bikes); geen prijs,F4242Z2
wp-250duke2026,type uitgesloten (Bikes); geen prijs,F4275Z1
wp-250duke2026,type uitgesloten (Bikes); geen prijs,F4275Z2
wp-250duke2026,type uitgesloten (Bikes); geen prijs,F4286Z1
wp-250duke2026,type uitgesloten (Bikes); geen prijs,F4286Z2
wp-250dukewoabs2021,type uitgesloten (Bikes); geen prijs,F4203U3
wp-250dukewoabs2021,type uitgesloten (Bikes); geen prijs,F4203U3L
wp-250dukewoabs2021,type uitgesloten (Bikes); geen prijs,F4203U4
wp-250dukewoabs2021,type uitgesloten (Bikes); geen prijs,F4203U4L
wp-250dukewoabs2021,type uitgesloten (Bikes); geen prijs,F4242U1
wp-250dukewoabs2021,type uitgesloten (Bikes); geen prijs,F4242U2
wp-250exc-f2017,type uitgesloten (Bikes); geen prijs,F8103Q9
wp-250exc-f2017,type uitgesloten (Bikes); geen prijs,F8140Q9
wp-250exc-f2017,type uitgesloten (Bikes); geen prijs,F8160Q9
wp-250exc-f2017,type uitgesloten (Bikes); geen prijs,F8175Q9
wp-250exc-f2018,type uitgesloten (Bikes); geen prijs,F8103R9
wp-250exc-f2018,type uitgesloten (Bikes); geen prijs,F8140R9
wp-250exc-f2018,type uitgesloten (Bikes); geen prijs,F8142R9
wp-250exc-f2018,type uitgesloten (Bikes); geen prijs,F8160R9
wp-250exc-f2018,type uitgesloten (Bikes); geen prijs,F8175R9
wp-250exc-f2019,type uitgesloten (Bikes); geen prijs,F8103S9
wp-250exc-f2019,type uitgesloten (Bikes); geen prijs,F8140S9
wp-250exc-f2019,type uitgesloten (Bikes); geen prijs,F8142S9
wp-250exc-f2019,type uitgesloten (Bikes); geen prijs,F8160S9
wp-250exc-f2019,type uitgesloten (Bikes); geen prijs,F8175S9
wp-250exc2012,type uitgesloten (Bikes); geen prijs,7303L6
wp-250exc2012,type uitgesloten (Bikes); geen prijs,7360L6
wp-250exc2015,type uitgesloten (Bikes); geen prijs,F7303O6
wp-250exc2015,type uitgesloten (Bikes); geen prijs,F7360O6
wp-250exc2016,type uitgesloten (Bikes); geen prijs,F7303P6
wp-250exc2016,type uitgesloten (Bikes); geen prijs,F7360P6
wp-250exc2017,type uitgesloten (Bikes); geen prijs,F7303Q6
wp-250exc2017,type uitgesloten (Bikes); geen prijs,F7360Q6
wp-250excf2012,type uitgesloten (Bikes); geen prijs,8103L9
wp-250excf2012,type uitgesloten (Bikes); geen prijs,8160L9
wp-250excf2015,type uitgesloten (Bikes); geen prijs,F8103O9
wp-250excf2015,type uitgesloten (Bikes); geen prijs,F8140O9
wp-250excf2015,type uitgesloten (Bikes); geen prijs,F8140O9C
wp-250excf2015,type uitgesloten (Bikes); geen prijs,F8160O9
wp-250excf2016,type uitgesloten (Bikes); geen prijs,F8103P9
wp-250excf2016,type uitgesloten (Bikes); geen prijs,F8140P9
wp-250excf2016,type uitgesloten (Bikes); geen prijs,F8160P9
wp-250excf2020,type uitgesloten (Bikes); geen prijs,F8103T9
wp-250excf2020,type uitgesloten (Bikes); geen prijs,F8140T9
wp-250excf2020,type uitgesloten (Bikes); geen prijs,F8142T9
wp-250excf2021,type uitgesloten (Bikes); geen prijs,F8103U9
wp-250excf2021,type uitgesloten (Bikes); geen prijs,F8140U9
wp-250excf2023,type uitgesloten (Bikes); geen prijs,F8103W9
wp-250excf2023,type uitgesloten (Bikes); geen prijs,F8140W9
wp-250exctpi2018,type uitgesloten (Bikes); geen prijs,F7303R7
wp-250exctpi2018,type uitgesloten (Bikes); geen prijs,F7360R7
wp-250exctpi2018,type uitgesloten (Bikes); geen prijs,F7375R7
wp-250se-rfactory2015,type uitgesloten (Bikes); geen prijs,250SE-RFACTORY2015
wp-250se-rfactory2016,type uitgesloten (Bikes); geen prijs,250SE-RFACTORY2016
wp-250sef-r2015,type uitgesloten (Bikes); geen prijs,250SEF-R2015
wp-250sef-r2016,type uitgesloten (Bikes); geen prijs,250SEF-R2016
wp-250sef2015,type uitgesloten (Bikes); geen prijs,250SEF2015
wp-250sef2016,type uitgesloten (Bikes); geen prijs,250SEF2016
wp-250sefr2017,type uitgesloten (Bikes); geen prijs,250SEFR2017
wp-250sefr2018,type uitgesloten (Bikes); geen prijs,250SEFR2018
wp-250sefr2019,type uitgesloten (Bikes); geen prijs,250SEFR2019
wp-250sefr2020,type uitgesloten (Bikes); geen prijs,250SEFR2020
wp-250ser2017,type uitgesloten (Bikes); geen prijs,250SER2017
wp-250ser2018,type uitgesloten (Bikes); geen prijs,250SER2018
wp-250ser2019,type uitgesloten (Bikes); geen prijs,250SER2019
wp-250ser2020,type uitgesloten (Bikes); geen prijs,250SER2020
wp-250sx-f2017,type uitgesloten (Bikes); geen prijs,F8101Q5
wp-250sx-f2017,type uitgesloten (Bikes); geen prijs,F8175Q5
wp-250sx-f2018,type uitgesloten (Bikes); geen prijs,F8101R5
wp-250sx-f2018,type uitgesloten (Bikes); geen prijs,F8175R5
wp-250sx-f2019,type uitgesloten (Bikes); geen prijs,F8101S5
wp-250sx-f2019,type uitgesloten (Bikes); geen prijs,F8175S5
wp-250sx-f2020,type uitgesloten (Bikes); geen prijs,F8101T5
wp-250sx-f2020,type uitgesloten (Bikes); geen prijs,F8175T5
wp-250sx2013,type uitgesloten (Bikes); geen prijs,F6301M0
wp-250sx2013,type uitgesloten (Bikes); geen prijs,F6375M0
wp-250sx2015,type uitgesloten (Bikes); geen prijs,F6301O0
wp-250sx2015,type uitgesloten (Bikes); geen prijs,F6375O0
wp-250sx2016,type uitgesloten (Bikes); geen prijs,F6301P0
wp-250sx2016,type uitgesloten (Bikes); geen prijs,F6375P0
wp-250sx2017,type uitgesloten (Bikes); geen prijs,F6301Q0
wp-250sx2017,type uitgesloten (Bikes); geen prijs,F6375Q0
wp-250sx2018,type uitgesloten (Bikes); geen prijs,F6301R0
wp-250sx2018,type uitgesloten (Bikes); geen prijs,F6375R0
wp-250sx2019,type uitgesloten (Bikes); geen prijs,F6301S0
wp-250sx2019,type uitgesloten (Bikes); geen prijs,F6375S0
wp-250sx2020,type uitgesloten (Bikes); geen prijs,F6301T0
wp-250sx2020,type uitgesloten (Bikes); geen prijs,F6375T0
wp-250sxf2015,type uitgesloten (Bikes); geen prijs,F8101O5
wp-250sxf2015,type uitgesloten (Bikes); geen prijs,F8175O5
wp-250sxf2016,type uitgesloten (Bikes); geen prijs,F8101P5
wp-250sxf2016,type uitgesloten (Bikes); geen prijs,F8140P5
wp-250sxf2016,type uitgesloten (Bikes); geen prijs,F8175P5
wp-250sxf2021,type uitgesloten (Bikes); geen prijs,F8101U5
wp-250sxf2021,type uitgesloten (Bikes); geen prijs,F8175U5
wp-250sxf2023,type uitgesloten (Bikes); geen prijs,F8101W5
wp-250sxf2023,type uitgesloten (Bikes); geen prijs,F8140W5
wp-250sxf2023,type uitgesloten (Bikes); geen prijs,F8175W5
wp-250sxf2023,type uitgesloten (Bikes); geen prijs,F8187W5
wp-250sxf2027,type uitgesloten (Bikes); geen prijs,F8101527
wp-250sxf2027,type uitgesloten (Bikes); geen prijs,F8140527
wp-250sxf2027,type uitgesloten (Bikes); geen prijs,F8175527
wp-250xc-f2017,type uitgesloten (Bikes); geen prijs,F8101Q0
wp-250xc-f2017,type uitgesloten (Bikes); geen prijs,F8175Q0
wp-250xc-w2017,type uitgesloten (Bikes); geen prijs,F7301Q3
wp-250xc-w2017,type uitgesloten (Bikes); geen prijs,F7375Q3
wp-250xc-w2018,type uitgesloten (Bikes); geen prijs,F7175R4
wp-250xc-w2018,type uitgesloten (Bikes); geen prijs,F7375R3
wp-250xc2017,type uitgesloten (Bikes); geen prijs,F6301Q5
wp-250xc2017,type uitgesloten (Bikes); geen prijs,F6375Q5
wp-300exc2012,type uitgesloten (Bikes); geen prijs,7403L6
wp-300exc2012,type uitgesloten (Bikes); geen prijs,7460L6
wp-300exc2015,type uitgesloten (Bikes); geen prijs,F7403O6
wp-300exc2015,type uitgesloten (Bikes); geen prijs,F7440O6
wp-300exc2015,type uitgesloten (Bikes); geen prijs,F7440O6C
wp-300exc2015,type uitgesloten (Bikes); geen prijs,F7460O6
wp-300exc2016,type uitgesloten (Bikes); geen prijs,F7403P6
wp-300exc2016,type uitgesloten (Bikes); geen prijs,F7440P6
wp-300exc2016,type uitgesloten (Bikes); geen prijs,F7460P6
wp-300exc2017,type uitgesloten (Bikes); geen prijs,F7403Q6
wp-300exc2017,type uitgesloten (Bikes); geen prijs,F7440Q6
wp-300exc2017,type uitgesloten (Bikes); geen prijs,F7460Q6
wp-300exc2023,type uitgesloten (Bikes); geen prijs,F7403W7
wp-300exc2023,type uitgesloten (Bikes); geen prijs,F7440W6
wp-300excsd2023,type uitgesloten (Bikes); geen prijs,7487W2_CFMOTO
wp-300excsd2023,type uitgesloten (Bikes); geen prijs,7488W2_FTI
wp-300excsd2023,type uitgesloten (Bikes); geen prijs,7488W2_KAMMI
wp-300excsd2023,type uitgesloten (Bikes); geen prijs,F7403W2
wp-300excsd2023,type uitgesloten (Bikes); geen prijs,F7487W2
wp-300excsd2023,type uitgesloten (Bikes); geen prijs,F7488W2
wp-300exctpi2018,type uitgesloten (Bikes); geen prijs,F7403R7
wp-300exctpi2018,type uitgesloten (Bikes); geen prijs,F7460R7
wp-300exctpi2018,type uitgesloten (Bikes); geen prijs,F7475R7
wp-300se-rfactory2015,type uitgesloten (Bikes); geen prijs,300SE-RFACTORY2015
wp-300se-rfactory2016,type uitgesloten (Bikes); geen prijs,300SE-RFACTORY2016
wp-300sef-r2015,type uitgesloten (Bikes); geen prijs,300SEF-R2015
wp-300sef-r2016,type uitgesloten (Bikes); geen prijs,300SEF-R2016
wp-300sef-rfactory15,type uitgesloten (Bikes); geen prijs,300SEF-RFACTORY15
wp-300sef-rfactory16,type uitgesloten (Bikes); geen prijs,300SEF-RFACTORY16
wp-300sef2015,type uitgesloten (Bikes); geen prijs,300SEF2015
wp-300sef2016,type uitgesloten (Bikes); geen prijs,300SEF2016
wp-300sefr2017,type uitgesloten (Bikes); geen prijs,300SEFR2017
wp-300sefr2018,type uitgesloten (Bikes); geen prijs,300SEFR2018
wp-300sefr2019,type uitgesloten (Bikes); geen prijs,300SEFR2019
wp-300sefr2020,type uitgesloten (Bikes); geen prijs,300SEFR2020
wp-300ser2017,type uitgesloten (Bikes); geen prijs,300SER2017
wp-300ser2018,type uitgesloten (Bikes); geen prijs,300SER2018
wp-300ser2019,type uitgesloten (Bikes); geen prijs,300SER2019
wp-300ser2020,type uitgesloten (Bikes); geen prijs,300SER2020
wp-300xc-w2017,type uitgesloten (Bikes); geen prijs,F7401Q3
wp-300xc-w2017,type uitgesloten (Bikes); geen prijs,F7475Q3
wp-300xc2017,type uitgesloten (Bikes); geen prijs,F6401Q5
wp-300xc2017,type uitgesloten (Bikes); geen prijs,F6475Q5
wp-300xcwsixdays2017,type uitgesloten (Bikes); geen prijs,F7401Q2
wp-300xcwsixdays2017,type uitgesloten (Bikes); geen prijs,F7475Q2
wp-318216,type uitgesloten (Archiv); geen verkoopbare variant in productgroep (prijs/type/status),318216
wp-3210589,type uitgesloten (Archiv); geen verkoopbare variant in productgroep (prijs/type/status),3210589
wp-3287001,status 80,3287001
wp-3287002,geen prijs,3287002
wp-3287003,status 80,3287003
wp-3287004,status 80,3287004
wp-3287005,status 80,3287005
wp-3287007,status 80,3287007
wp-3287008,status 80,3287008
wp-3287009,status 80,3287009
wp-3287010,status 80,3287010
wp-3287011,status 80,3287011
wp-3287012,status 80,3287012
wp-3287013,status 80,3287013
wp-3287014,status 80,3287014
wp-3287015,status 80,3287015
wp-3287016,status 80,3287016
wp-3287017,status 80,3287017
wp-3287018,status 80,3287018
wp-34182q01set,type uitgesloten (Archiv); geen prijs,34182Q01SET
wp-34182q03set,type uitgesloten (Archiv); geen prijs,34182Q03SET
wp-34182q05set,type uitgesloten (Archiv); geen prijs,34182Q05SET
wp-34182q07set,type uitgesloten (Archiv); geen prijs,34182Q07SET
wp-34182q09set,type uitgesloten (Archiv); geen prijs,34182Q09SET
wp-34182t07set,status 80,34182T07SET
wp-34182u67set,status 80,34182U67SET
wp-350exc-f2017,type uitgesloten (Bikes); geen prijs,F8203Q9
wp-350exc-f2017,type uitgesloten (Bikes); geen prijs,F8240Q9
wp-350exc-f2017,type uitgesloten (Bikes); geen prijs,F8260Q9
wp-350exc-f2017,type uitgesloten (Bikes); geen prijs,F8275Q9
wp-350exc-f2018,type uitgesloten (Bikes); geen prijs,F8203R9
wp-350exc-f2018,type uitgesloten (Bikes); geen prijs,F8240R9
wp-350exc-f2018,type uitgesloten (Bikes); geen prijs,F8260R9
wp-350exc-f2018,type uitgesloten (Bikes); geen prijs,F8275R9
wp-350exc-f2019,type uitgesloten (Bikes); geen prijs,F8203S9
wp-350exc-f2019,type uitgesloten (Bikes); geen prijs,F8240S9
wp-350exc-f2019,type uitgesloten (Bikes); geen prijs,F8260S9
wp-350exc-f2019,type uitgesloten (Bikes); geen prijs,F8275S9
wp-350exc-fsd2017,type uitgesloten (Bikes); geen prijs,F8203Q2
wp-350exc-fsd2017,type uitgesloten (Bikes); geen prijs,F8275Q2
wp-350exc-fsd2019,type uitgesloten (Bikes); geen prijs,F8203S2
wp-350exc-fsd2019,type uitgesloten (Bikes); geen prijs,F8240S2
wp-350exc-fsixdays2018,type uitgesloten (Bikes); geen prijs,F8203R2
wp-350exc-fsixdays2018,type uitgesloten (Bikes); geen prijs,F8240R2
wp-350excf2012,type uitgesloten (Bikes); geen prijs,8203L9
wp-350excf2012,type uitgesloten (Bikes); geen prijs,8260L9
wp-350excf2012,type uitgesloten (Bikes); geen prijs,8275L9
wp-350excf2015,type uitgesloten (Bikes); geen prijs,F8203O9
wp-350excf2015,type uitgesloten (Bikes); geen prijs,F8240O9
wp-350excf2015,type uitgesloten (Bikes); geen prijs,F8240O9C
wp-350excf2015,type uitgesloten (Bikes); geen prijs,F8260O9
wp-350excf2015,type uitgesloten (Bikes); geen prijs,F8275O9
wp-350excf2016,type uitgesloten (Bikes); geen prijs,F8203P9
wp-350excf2016,type uitgesloten (Bikes); geen prijs,F8240P9
wp-350excf2016,type uitgesloten (Bikes); geen prijs,F8260P9
wp-350excf2016,type uitgesloten (Bikes); geen prijs,F8275P9
wp-350excf2020,type uitgesloten (Bikes); geen prijs,F8203T9
wp-350excf2020,type uitgesloten (Bikes); geen prijs,F8240T9
wp-350excf2020,type uitgesloten (Bikes); geen prijs,F8275T9
wp-350excf2021,type uitgesloten (Bikes); geen prijs,F8203U9
wp-350excf2021,type uitgesloten (Bikes); geen prijs,F8240U9
wp-350excf2021,type uitgesloten (Bikes); geen prijs,F8275U9
wp-350excf2023,type uitgesloten (Bikes); geen prijs,F8203W9
wp-350excf2023,type uitgesloten (Bikes); geen prijs,F8240W9
wp-350excf2023,type uitgesloten (Bikes); geen prijs,F8242W9
wp-350excf2023,type uitgesloten (Bikes); geen prijs,F8275W9
wp-350excfsd2020,type uitgesloten (Bikes); geen prijs,F8203T2
wp-350excfsd2020,type uitgesloten (Bikes); geen prijs,F8240T2
wp-350excfsd2021,type uitgesloten (Bikes); geen prijs,F8203U2
wp-350excfsd2021,type uitgesloten (Bikes); geen prijs,F8240U2
wp-350excfsd2023,type uitgesloten (Bikes); geen prijs,8287W2_CFMOTO
wp-350excfsd2023,type uitgesloten (Bikes); geen prijs,8288W2_FTI
wp-350excfsd2023,type uitgesloten (Bikes); geen prijs,8288W2_KAMMI
wp-350excfsd2023,type uitgesloten (Bikes); geen prijs,F8203W2
wp-350excfsd2023,type uitgesloten (Bikes); geen prijs,F8240W2
wp-350excfsd2023,type uitgesloten (Bikes); geen prijs,F8287W2
wp-350excfsd2023,type uitgesloten (Bikes); geen prijs,F8288W2
wp-350sx-f2017,type uitgesloten (Bikes); geen prijs,F8201Q5
wp-350sx-f2017,type uitgesloten (Bikes); geen prijs,F8275Q5
wp-350sx-f2018,type uitgesloten (Bikes); geen prijs,F8201R5
wp-350sx-f2018,type uitgesloten (Bikes); geen prijs,F8275R5
wp-350sx-f2019,type uitgesloten (Bikes); geen prijs,F8201S5
wp-350sx-f2019,type uitgesloten (Bikes); geen prijs,F8275S5
wp-350sx-f2020,type uitgesloten (Bikes); geen prijs,F8201T5
wp-350sx-f2020,type uitgesloten (Bikes); geen prijs,F8275T5
wp-350sxf2015,type uitgesloten (Bikes); geen prijs,F8201O5
wp-350sxf2015,type uitgesloten (Bikes); geen prijs,F8275O5
wp-350sxf2016,type uitgesloten (Bikes); geen prijs,F8201P5
wp-350sxf2016,type uitgesloten (Bikes); geen prijs,F8240P5
wp-350sxf2016,type uitgesloten (Bikes); geen prijs,F8275P5
wp-350sxf2021,type uitgesloten (Bikes); geen prijs,F8201U5
wp-350sxf2021,type uitgesloten (Bikes); geen prijs,F8275U5
wp-350sxf2023,type uitgesloten (Bikes); geen prijs,F8201W5
wp-350sxf2023,type uitgesloten (Bikes); geen prijs,F8242W5
wp-350sxf2023,type uitgesloten (Bikes); geen prijs,F8275W5
wp-350sxf2027,type uitgesloten (Bikes); geen prijs,F8201527
wp-350sxf2027,type uitgesloten (Bikes); geen prijs,F8275527
wp-350xc-f2017,type uitgesloten (Bikes); geen prijs,F8201Q0
wp-350xc-f2017,type uitgesloten (Bikes); geen prijs,F8275Q0
wp-390adventure2020,type uitgesloten (Bikes); geen prijs,F5303T5
wp-390adventure2020,type uitgesloten (Bikes); geen prijs,F5303T5B
wp-390adventure2020,type uitgesloten (Bikes); geen prijs,F5303T6
wp-390adventure2020,type uitgesloten (Bikes); geen prijs,F5303T6B
wp-390adventure2020,type uitgesloten (Bikes); geen prijs,F5303T7
wp-390adventure2020,type uitgesloten (Bikes); geen prijs,F5303T7L
wp-390adventure2020,type uitgesloten (Bikes); geen prijs,F5303T8
wp-390adventure2020,type uitgesloten (Bikes); geen prijs,F5303T8L
wp-390adventure2020,type uitgesloten (Bikes); geen prijs,F5341T5
wp-390adventure2020,type uitgesloten (Bikes); geen prijs,F5341T6
wp-390adventure2020,type uitgesloten (Bikes); geen prijs,F5342T5
wp-390adventure2020,type uitgesloten (Bikes); geen prijs,F5342T6
wp-390adventure2020,type uitgesloten (Bikes); geen prijs,F5360T5
wp-390adventure2020,type uitgesloten (Bikes); geen prijs,F5360T6
wp-390adventure2020,type uitgesloten (Bikes); geen prijs,F5375T5
wp-390adventure2020,type uitgesloten (Bikes); geen prijs,F5375T6
wp-390adventure2020,type uitgesloten (Bikes); geen prijs,F5382T5
wp-390adventure2020,type uitgesloten (Bikes); geen prijs,F5382T6
wp-390adventure2020,type uitgesloten (Bikes); geen prijs,F5383T5
wp-390adventure2020,type uitgesloten (Bikes); geen prijs,F5383T5K
wp-390adventure2020,type uitgesloten (Bikes); geen prijs,F5383T6
wp-390adventure2020,type uitgesloten (Bikes); geen prijs,F5383T6K
wp-390adventure2020,type uitgesloten (Bikes); geen prijs,F5386T5
wp-390adventure2020,type uitgesloten (Bikes); geen prijs,F5386T6
wp-390adventure2020,type uitgesloten (Bikes); geen prijs,F5389T5
wp-390adventure2020,type uitgesloten (Bikes); geen prijs,F5389T6
wp-390adventure2021,type uitgesloten (Bikes); geen prijs,F5303U5
wp-390adventure2021,type uitgesloten (Bikes); geen prijs,F5303U5B
wp-390adventure2021,type uitgesloten (Bikes); geen prijs,F5303U6
wp-390adventure2021,type uitgesloten (Bikes); geen prijs,F5303U6B
wp-390adventure2021,type uitgesloten (Bikes); geen prijs,F5303U7
wp-390adventure2021,type uitgesloten (Bikes); geen prijs,F5303U7L
wp-390adventure2021,type uitgesloten (Bikes); geen prijs,F5303U8
wp-390adventure2021,type uitgesloten (Bikes); geen prijs,F5303U8L
wp-390adventure2021,type uitgesloten (Bikes); geen prijs,F5340U5
wp-390adventure2021,type uitgesloten (Bikes); geen prijs,F5340U6
wp-390adventure2021,type uitgesloten (Bikes); geen prijs,F5341U5
wp-390adventure2021,type uitgesloten (Bikes); geen prijs,F5341U6
wp-390adventure2021,type uitgesloten (Bikes); geen prijs,F5342U5
wp-390adventure2021,type uitgesloten (Bikes); geen prijs,F5342U6
wp-390adventure2021,type uitgesloten (Bikes); geen prijs,F5360U5
wp-390adventure2021,type uitgesloten (Bikes); geen prijs,F5360U6
wp-390adventure2021,type uitgesloten (Bikes); geen prijs,F5375U5
wp-390adventure2021,type uitgesloten (Bikes); geen prijs,F5375U6
wp-390adventure2021,type uitgesloten (Bikes); geen prijs,F5382U5
wp-390adventure2021,type uitgesloten (Bikes); geen prijs,F5382U6
wp-390adventure2021,type uitgesloten (Bikes); geen prijs,F5383U5
wp-390adventure2021,type uitgesloten (Bikes); geen prijs,F5383U5K
wp-390adventure2021,type uitgesloten (Bikes); geen prijs,F5383U6
wp-390adventure2021,type uitgesloten (Bikes); geen prijs,F5383U6K
wp-390adventure2021,type uitgesloten (Bikes); geen prijs,F5386U5
wp-390adventure2021,type uitgesloten (Bikes); geen prijs,F5386U6
wp-390adventure2021,type uitgesloten (Bikes); geen prijs,F5387U5K
wp-390adventure2021,type uitgesloten (Bikes); geen prijs,F5387U6K
wp-390adventure2021,type uitgesloten (Bikes); geen prijs,F5387U7
wp-390adventure2021,type uitgesloten (Bikes); geen prijs,F5387U8
wp-390adventure2021,type uitgesloten (Bikes); geen prijs,F5389U5
wp-390adventure2021,type uitgesloten (Bikes); geen prijs,F5389U6
wp-390adventure2022,type uitgesloten (Bikes); geen prijs,F5303V5
wp-390adventure2022,type uitgesloten (Bikes); geen prijs,F5303V5B
wp-390adventure2022,type uitgesloten (Bikes); geen prijs,F5303V6
wp-390adventure2022,type uitgesloten (Bikes); geen prijs,F5303V6B
wp-390adventure2022,type uitgesloten (Bikes); geen prijs,F5303V7
wp-390adventure2022,type uitgesloten (Bikes); geen prijs,F5303V7L
wp-390adventure2022,type uitgesloten (Bikes); geen prijs,F5303V8
wp-390adventure2022,type uitgesloten (Bikes); geen prijs,F5303V8L
wp-390adventure2022,type uitgesloten (Bikes); geen prijs,F5322V5
wp-390adventure2022,type uitgesloten (Bikes); geen prijs,F5322V6
wp-390adventure2022,type uitgesloten (Bikes); geen prijs,F5341V5
wp-390adventure2022,type uitgesloten (Bikes); geen prijs,F5341V6
wp-390adventure2022,type uitgesloten (Bikes); geen prijs,F5342V5
wp-390adventure2022,type uitgesloten (Bikes); geen prijs,F5342V6
wp-390adventure2022,type uitgesloten (Bikes); geen prijs,F5360V5
wp-390adventure2022,type uitgesloten (Bikes); geen prijs,F5360V6
wp-390adventure2022,type uitgesloten (Bikes); geen prijs,F5375V5
wp-390adventure2022,type uitgesloten (Bikes); geen prijs,F5375V5L
wp-390adventure2022,type uitgesloten (Bikes); geen prijs,F5375V6
wp-390adventure2022,type uitgesloten (Bikes); geen prijs,F5375V6L
wp-390adventure2022,type uitgesloten (Bikes); geen prijs,F5382V5
wp-390adventure2022,type uitgesloten (Bikes); geen prijs,F5382V6
wp-390adventure2022,type uitgesloten (Bikes); geen prijs,F5383V5K
wp-390adventure2022,type uitgesloten (Bikes); geen prijs,F5383V6K
wp-390adventure2022,type uitgesloten (Bikes); geen prijs,F5386V5
wp-390adventure2022,type uitgesloten (Bikes); geen prijs,F5386V6
wp-390adventure2022,type uitgesloten (Bikes); geen prijs,F5387V5
wp-390adventure2022,type uitgesloten (Bikes); geen prijs,F5387V6
wp-390adventure2022,type uitgesloten (Bikes); geen prijs,F5387V6K
wp-390adventure2022,type uitgesloten (Bikes); geen prijs,F5387V8
wp-390adventure2022,type uitgesloten (Bikes); geen prijs,F5388V5
wp-390adventure2022,type uitgesloten (Bikes); geen prijs,F5388V5K
wp-390adventure2022,type uitgesloten (Bikes); geen prijs,F5388V6
wp-390adventure2022,type uitgesloten (Bikes); geen prijs,F5388V6K
wp-390adventure2022,type uitgesloten (Bikes); geen prijs,F5389V5
wp-390adventurer2026,type uitgesloten (Bikes); geen prijs,F5302ZG
wp-390adventurer2026,type uitgesloten (Bikes); geen prijs,F5302ZGL
wp-390adventurer2026,type uitgesloten (Bikes); geen prijs,F5303ZG
wp-390adventurer2026,type uitgesloten (Bikes); geen prijs,F5322ZG
wp-390adventurer2026,type uitgesloten (Bikes); geen prijs,F5340ZG
wp-390adventurer2026,type uitgesloten (Bikes); geen prijs,F5341ZG
wp-390adventurer2026,type uitgesloten (Bikes); geen prijs,F5342ZG
wp-390adventurer2026,type uitgesloten (Bikes); geen prijs,F5375ZG
wp-390adventurer2026,type uitgesloten (Bikes); geen prijs,F5381ZG
wp-390adventurer2026,type uitgesloten (Bikes); geen prijs,F5382ZG
wp-390adventurer2026,type uitgesloten (Bikes); geen prijs,F5386ZG
wp-390adventurex2026,type uitgesloten (Bikes); geen prijs,F5302ZJ
wp-390adventurex2026,type uitgesloten (Bikes); geen prijs,F5302ZJL
wp-390adventurex2026,type uitgesloten (Bikes); geen prijs,F5302ZK
wp-390adventurex2026,type uitgesloten (Bikes); geen prijs,F5302ZKL
wp-390adventurex2026,type uitgesloten (Bikes); geen prijs,F5303ZM
wp-390adventurex2026,type uitgesloten (Bikes); geen prijs,F5303ZN
wp-390adventurex2026,type uitgesloten (Bikes); geen prijs,F5322ZJ
wp-390adventurex2026,type uitgesloten (Bikes); geen prijs,F5322ZK
wp-390adventurex2026,type uitgesloten (Bikes); geen prijs,F5340ZJ
wp-390adventurex2026,type uitgesloten (Bikes); geen prijs,F5340ZK
wp-390adventurex2026,type uitgesloten (Bikes); geen prijs,F5341ZJ
wp-390adventurex2026,type uitgesloten (Bikes); geen prijs,F5341ZK
wp-390adventurex2026,type uitgesloten (Bikes); geen prijs,F5342ZJ
wp-390adventurex2026,type uitgesloten (Bikes); geen prijs,F5342ZK
wp-390adventurex2026,type uitgesloten (Bikes); geen prijs,F5375ZJ
wp-390adventurex2026,type uitgesloten (Bikes); geen prijs,F5375ZK
wp-390adventurex2026,type uitgesloten (Bikes); geen prijs,F5381ZJ
wp-390adventurex2026,type uitgesloten (Bikes); geen prijs,F5381ZK
wp-390adventurex2026,type uitgesloten (Bikes); geen prijs,F5386ZJ
wp-390adventurex2026,type uitgesloten (Bikes); geen prijs,F5386ZK
wp-390duke2017,type uitgesloten (Bikes); geen prijs,F4303Q1
wp-390duke2017,type uitgesloten (Bikes); geen prijs,F4303Q2
wp-390duke2017,type uitgesloten (Bikes); geen prijs,F4340Q1
wp-390duke2017,type uitgesloten (Bikes); geen prijs,F4340Q2
wp-390duke2017,type uitgesloten (Bikes); geen prijs,F4341Q1
wp-390duke2017,type uitgesloten (Bikes); geen prijs,F4341Q2
wp-390duke2017,type uitgesloten (Bikes); geen prijs,F4342Q1
wp-390duke2017,type uitgesloten (Bikes); geen prijs,F4342Q2
wp-390duke2017,type uitgesloten (Bikes); geen prijs,F4389Q1
wp-390duke2017,type uitgesloten (Bikes); geen prijs,F4389Q2
wp-390duke2018,type uitgesloten (Bikes); geen prijs,F4303R1
wp-390duke2018,type uitgesloten (Bikes); geen prijs,F4303R2
wp-390duke2018,type uitgesloten (Bikes); geen prijs,F4303R3
wp-390duke2018,type uitgesloten (Bikes); geen prijs,F4303R4
wp-390duke2018,type uitgesloten (Bikes); geen prijs,F4340R1
wp-390duke2018,type uitgesloten (Bikes); geen prijs,F4340R2
wp-390duke2018,type uitgesloten (Bikes); geen prijs,F4341R1
wp-390duke2018,type uitgesloten (Bikes); geen prijs,F4341R2
wp-390duke2018,type uitgesloten (Bikes); geen prijs,F4342R1
wp-390duke2018,type uitgesloten (Bikes); geen prijs,F4342R2
wp-390duke2018,type uitgesloten (Bikes); geen prijs,F4360R1
wp-390duke2018,type uitgesloten (Bikes); geen prijs,F4360R2
wp-390duke2018,type uitgesloten (Bikes); geen prijs,F4375R1
wp-390duke2018,type uitgesloten (Bikes); geen prijs,F4375R2
wp-390duke2018,type uitgesloten (Bikes); geen prijs,F4382R1
wp-390duke2018,type uitgesloten (Bikes); geen prijs,F4382R2
wp-390duke2018,type uitgesloten (Bikes); geen prijs,F4383R4
wp-390duke2018,type uitgesloten (Bikes); geen prijs,F4383R5
wp-390duke2018,type uitgesloten (Bikes); geen prijs,F4386R1
wp-390duke2018,type uitgesloten (Bikes); geen prijs,F4386R2
wp-390duke2018,type uitgesloten (Bikes); geen prijs,F4389R1
wp-390duke2018,type uitgesloten (Bikes); geen prijs,F4389R2
wp-390duke2019,type uitgesloten (Bikes); geen prijs,F4303S1
wp-390duke2019,type uitgesloten (Bikes); geen prijs,F4303S1B
wp-390duke2019,type uitgesloten (Bikes); geen prijs,F4303S2
wp-390duke2019,type uitgesloten (Bikes); geen prijs,F4303S2B
wp-390duke2019,type uitgesloten (Bikes); geen prijs,F4303S3
wp-390duke2019,type uitgesloten (Bikes); geen prijs,F4303S4
wp-390duke2019,type uitgesloten (Bikes); geen prijs,F4303S4L
wp-390duke2019,type uitgesloten (Bikes); geen prijs,F4340S1
wp-390duke2019,type uitgesloten (Bikes); geen prijs,F4340S2
wp-390duke2019,type uitgesloten (Bikes); geen prijs,F4341S1
wp-390duke2019,type uitgesloten (Bikes); geen prijs,F4341S2
wp-390duke2019,type uitgesloten (Bikes); geen prijs,F4342S1
wp-390duke2019,type uitgesloten (Bikes); geen prijs,F4342S2
wp-390duke2019,type uitgesloten (Bikes); geen prijs,F4360S1
wp-390duke2019,type uitgesloten (Bikes); geen prijs,F4360S2
wp-390duke2019,type uitgesloten (Bikes); geen prijs,F4375S1
wp-390duke2019,type uitgesloten (Bikes); geen prijs,F4375S2
wp-390duke2019,type uitgesloten (Bikes); geen prijs,F4382S1
wp-390duke2019,type uitgesloten (Bikes); geen prijs,F4382S2
wp-390duke2019,type uitgesloten (Bikes); geen prijs,F4383S1
wp-390duke2019,type uitgesloten (Bikes); geen prijs,F4383S2
wp-390duke2019,type uitgesloten (Bikes); geen prijs,F4386S1
wp-390duke2019,type uitgesloten (Bikes); geen prijs,F4386S2
wp-390duke2019,type uitgesloten (Bikes); geen prijs,F4389S1
wp-390duke2019,type uitgesloten (Bikes); geen prijs,F4389S2
wp-390duke2021,type uitgesloten (Bikes); geen prijs,F4303U1
wp-390duke2021,type uitgesloten (Bikes); geen prijs,F4303U2
wp-390duke2021,type uitgesloten (Bikes); geen prijs,F4303U3
wp-390duke2021,type uitgesloten (Bikes); geen prijs,F4303U3L
wp-390duke2021,type uitgesloten (Bikes); geen prijs,F4303U4
wp-390duke2021,type uitgesloten (Bikes); geen prijs,F4303U4L
wp-390duke2021,type uitgesloten (Bikes); geen prijs,F4303U5
wp-390duke2021,type uitgesloten (Bikes); geen prijs,F4303U6
wp-390duke2021,type uitgesloten (Bikes); geen prijs,F4340U1
wp-390duke2021,type uitgesloten (Bikes); geen prijs,F4340U2
wp-390duke2021,type uitgesloten (Bikes); geen prijs,F4341U1
wp-390duke2021,type uitgesloten (Bikes); geen prijs,F4341U2
wp-390duke2021,type uitgesloten (Bikes); geen prijs,F4342U1
wp-390duke2021,type uitgesloten (Bikes); geen prijs,F4342U2
wp-390duke2021,type uitgesloten (Bikes); geen prijs,F4360U1
wp-390duke2021,type uitgesloten (Bikes); geen prijs,F4360U2
wp-390duke2021,type uitgesloten (Bikes); geen prijs,F4375U1
wp-390duke2021,type uitgesloten (Bikes); geen prijs,F4375U2
wp-390duke2021,type uitgesloten (Bikes); geen prijs,F4382U1
wp-390duke2021,type uitgesloten (Bikes); geen prijs,F4382U2
wp-390duke2021,type uitgesloten (Bikes); geen prijs,F4383U1
wp-390duke2021,type uitgesloten (Bikes); geen prijs,F4383U2
wp-390duke2021,type uitgesloten (Bikes); geen prijs,F4383U2K
wp-390duke2021,type uitgesloten (Bikes); geen prijs,F4386U1
wp-390duke2021,type uitgesloten (Bikes); geen prijs,F4386U2
wp-390duke2021,type uitgesloten (Bikes); geen prijs,F4387U1
wp-390duke2021,type uitgesloten (Bikes); geen prijs,F4387U1K
wp-390duke2021,type uitgesloten (Bikes); geen prijs,F4387U2
wp-390duke2021,type uitgesloten (Bikes); geen prijs,F4387U2K
wp-390duke2021,type uitgesloten (Bikes); geen prijs,F4389U1
wp-390duke2021,type uitgesloten (Bikes); geen prijs,F4389U2
wp-390duke2022,type uitgesloten (Bikes); geen prijs,F4303V1
wp-390duke2022,type uitgesloten (Bikes); geen prijs,F4303V1B
wp-390duke2022,type uitgesloten (Bikes); geen prijs,F4303V2
wp-390duke2022,type uitgesloten (Bikes); geen prijs,F4303V2B
wp-390duke2022,type uitgesloten (Bikes); geen prijs,F4303V3
wp-390duke2022,type uitgesloten (Bikes); geen prijs,F4303V3L
wp-390duke2022,type uitgesloten (Bikes); geen prijs,F4303V4
wp-390duke2022,type uitgesloten (Bikes); geen prijs,F4303V4L
wp-390duke2022,type uitgesloten (Bikes); geen prijs,F4303V5
wp-390duke2022,type uitgesloten (Bikes); geen prijs,F4303V6
wp-390duke2022,type uitgesloten (Bikes); geen prijs,F4322V1
wp-390duke2022,type uitgesloten (Bikes); geen prijs,F4322V2
wp-390duke2022,type uitgesloten (Bikes); geen prijs,F4340V1
wp-390duke2022,type uitgesloten (Bikes); geen prijs,F4340V2
wp-390duke2022,type uitgesloten (Bikes); geen prijs,F4341V1
wp-390duke2022,type uitgesloten (Bikes); geen prijs,F4341V2
wp-390duke2022,type uitgesloten (Bikes); geen prijs,F4342V1
wp-390duke2022,type uitgesloten (Bikes); geen prijs,F4342V2
wp-390duke2022,type uitgesloten (Bikes); geen prijs,F4360V1
wp-390duke2022,type uitgesloten (Bikes); geen prijs,F4360V2
wp-390duke2022,type uitgesloten (Bikes); geen prijs,F4375V1
wp-390duke2022,type uitgesloten (Bikes); geen prijs,F4375V1L
wp-390duke2022,type uitgesloten (Bikes); geen prijs,F4375V2
wp-390duke2022,type uitgesloten (Bikes); geen prijs,F4375V2L
wp-390duke2022,type uitgesloten (Bikes); geen prijs,F4382V1
wp-390duke2022,type uitgesloten (Bikes); geen prijs,F4382V2
wp-390duke2022,type uitgesloten (Bikes); geen prijs,F4383V1K
wp-390duke2022,type uitgesloten (Bikes); geen prijs,F4383V2K
wp-390duke2022,type uitgesloten (Bikes); geen prijs,F4386V1
wp-390duke2022,type uitgesloten (Bikes); geen prijs,F4386V2
wp-390duke2022,type uitgesloten (Bikes); geen prijs,F4388V1
wp-390duke2022,type uitgesloten (Bikes); geen prijs,F4388V1K
wp-390duke2022,type uitgesloten (Bikes); geen prijs,F4388V2
wp-390duke2022,type uitgesloten (Bikes); geen prijs,F4388V2K
wp-390duke2022,type uitgesloten (Bikes); geen prijs,F4389V1
wp-390duke2022,type uitgesloten (Bikes); geen prijs,F4389V2
wp-390duke2023,type uitgesloten (Bikes); geen prijs,F4303W1
wp-390duke2023,type uitgesloten (Bikes); geen prijs,F4303W2
wp-390duke2023,type uitgesloten (Bikes); geen prijs,F4303W3
wp-390duke2023,type uitgesloten (Bikes); geen prijs,F4303W3L
wp-390duke2023,type uitgesloten (Bikes); geen prijs,F4303W4
wp-390duke2023,type uitgesloten (Bikes); geen prijs,F4303W4L
wp-390duke2023,type uitgesloten (Bikes); geen prijs,F4303W5
wp-390duke2023,type uitgesloten (Bikes); geen prijs,F4303W6
wp-390duke2023,type uitgesloten (Bikes); geen prijs,F4322W3
wp-390duke2023,type uitgesloten (Bikes); geen prijs,F4322W4
wp-390duke2023,type uitgesloten (Bikes); geen prijs,F4340W1
wp-390duke2023,type uitgesloten (Bikes); geen prijs,F4341W1
wp-390duke2023,type uitgesloten (Bikes); geen prijs,F4341W2
wp-390duke2023,type uitgesloten (Bikes); geen prijs,F4342W1
wp-390duke2023,type uitgesloten (Bikes); geen prijs,F4342W2
wp-390duke2023,type uitgesloten (Bikes); geen prijs,F4382W1
wp-390duke2023,type uitgesloten (Bikes); geen prijs,F4382W2
wp-390duke2023,type uitgesloten (Bikes); geen prijs,F4386W1
wp-390duke2023,type uitgesloten (Bikes); geen prijs,F4386W2
wp-390duke2023,type uitgesloten (Bikes); geen prijs,F4387W1
wp-390duke2023,type uitgesloten (Bikes); geen prijs,F4387W2
wp-390duke2023,type uitgesloten (Bikes); geen prijs,F4388W1
wp-390duke2023,type uitgesloten (Bikes); geen prijs,F4388W2
wp-390duke2025,type uitgesloten (Bikes); geen prijs,00JP1D1T
wp-390duke2025,type uitgesloten (Bikes); geen prijs,00JP1D45
wp-390duke2025,type uitgesloten (Bikes); geen prijs,00JP1DH3
wp-390duke2025,type uitgesloten (Bikes); geen prijs,F4302Y3
wp-390duke2025,type uitgesloten (Bikes); geen prijs,F4302Y3L
wp-390duke2025,type uitgesloten (Bikes); geen prijs,F4302Y4
wp-390duke2025,type uitgesloten (Bikes); geen prijs,F4302Y4L
wp-390duke2025,type uitgesloten (Bikes); geen prijs,F4303Y1
wp-390duke2025,type uitgesloten (Bikes); geen prijs,F4303Y2
wp-390duke2025,type uitgesloten (Bikes); geen prijs,F4303Y5
wp-390duke2025,type uitgesloten (Bikes); geen prijs,F4303Y6
wp-390duke2025,type uitgesloten (Bikes); geen prijs,F4322Y3
wp-390duke2025,type uitgesloten (Bikes); geen prijs,F4322Y4
wp-390duke2025,type uitgesloten (Bikes); geen prijs,F4341Y1
wp-390duke2025,type uitgesloten (Bikes); geen prijs,F4341Y2
wp-390duke2025,type uitgesloten (Bikes); geen prijs,F4342Y1
wp-390duke2025,type uitgesloten (Bikes); geen prijs,F4342Y2
wp-390duke2025,type uitgesloten (Bikes); geen prijs,F4375Y1
wp-390duke2025,type uitgesloten (Bikes); geen prijs,F4375Y1L
wp-390duke2025,type uitgesloten (Bikes); geen prijs,F4375Y2
wp-390duke2025,type uitgesloten (Bikes); geen prijs,F4375Y2L
wp-390duke2025,type uitgesloten (Bikes); geen prijs,F4382Y1
wp-390duke2025,type uitgesloten (Bikes); geen prijs,F4382Y2
wp-390duke2025,type uitgesloten (Bikes); geen prijs,F4386Y1
wp-390duke2025,type uitgesloten (Bikes); geen prijs,F4386Y2
wp-390duke2025,type uitgesloten (Bikes); geen prijs,F4387Y1
wp-390duke2025,type uitgesloten (Bikes); geen prijs,F4387Y2
wp-390duke2025,type uitgesloten (Bikes); geen prijs,F4388Y1
wp-390duke2025,type uitgesloten (Bikes); geen prijs,F4388Y2
wp-390duke2026,type uitgesloten (Bikes); geen prijs,F4302Z3
wp-390duke2026,type uitgesloten (Bikes); geen prijs,F4302Z3L
wp-390duke2026,type uitgesloten (Bikes); geen prijs,F4302Z4
wp-390duke2026,type uitgesloten (Bikes); geen prijs,F4302Z4L
wp-390duke2026,type uitgesloten (Bikes); geen prijs,F4303Z1
wp-390duke2026,type uitgesloten (Bikes); geen prijs,F4303Z2
wp-390duke2026,type uitgesloten (Bikes); geen prijs,F4322Z3
wp-390duke2026,type uitgesloten (Bikes); geen prijs,F4322Z4
wp-390duke2026,type uitgesloten (Bikes); geen prijs,F4341Z1
wp-390duke2026,type uitgesloten (Bikes); geen prijs,F4341Z2
wp-390duke2026,type uitgesloten (Bikes); geen prijs,F4342Z1
wp-390duke2026,type uitgesloten (Bikes); geen prijs,F4375Z1
wp-390duke2026,type uitgesloten (Bikes); geen prijs,F4375Z2
wp-390duke2026,type uitgesloten (Bikes); geen prijs,F4386Z1
wp-390duke2026,type uitgesloten (Bikes); geen prijs,F4386Z2
wp-390enduror2026,type uitgesloten (Bikes); geen prijs,F5302Z5
wp-390enduror2026,type uitgesloten (Bikes); geen prijs,F5302Z5L
wp-390enduror2026,type uitgesloten (Bikes); geen prijs,F5303Z5
wp-390enduror2026,type uitgesloten (Bikes); geen prijs,F5322Z5
wp-390enduror2026,type uitgesloten (Bikes); geen prijs,F5340Z5
wp-390enduror2026,type uitgesloten (Bikes); geen prijs,F5341Z5
wp-390enduror2026,type uitgesloten (Bikes); geen prijs,F5342Z5
wp-390enduror2026,type uitgesloten (Bikes); geen prijs,F5375Z5
wp-390enduror2026,type uitgesloten (Bikes); geen prijs,F5386Z5
wp-390smcr2026,type uitgesloten (Bikes); geen prijs,F5302Z6
wp-390smcr2026,type uitgesloten (Bikes); geen prijs,F5302Z6L
wp-390smcr2026,type uitgesloten (Bikes); geen prijs,F5303Z6
wp-390smcr2026,type uitgesloten (Bikes); geen prijs,F5322Z6
wp-390smcr2026,type uitgesloten (Bikes); geen prijs,F5340Z6
wp-390smcr2026,type uitgesloten (Bikes); geen prijs,F5341Z6
wp-390smcr2026,type uitgesloten (Bikes); geen prijs,F5342Z6
wp-390smcr2026,type uitgesloten (Bikes); geen prijs,F5375Z6
wp-390smcr2026,type uitgesloten (Bikes); geen prijs,F5381Z6
wp-390smcr2026,type uitgesloten (Bikes); geen prijs,F5386Z6
wp-3wp21006230x,status 80,3WP210062301
wp-3wp21006230x,status 80,3WP210062302
wp-3wp21006230x,status 80,3WP210062303
wp-3wp21006230x,status 80,3WP210062304
wp-3wp21006230x,status 80,3WP210062305
wp-3wp21006230x,status 80,3WP210062306
wp-3wp210062400,status 80,3WP210062400
wp-3wp210062500,status 80,3WP210062500
wp-3wp21006290x,status 80,3WP210062900
wp-3wp21006290x,status 80,3WP210062901
wp-3wp21006290x,status 80,3WP210062902
wp-3wp21006290x,status 80,3WP210062903
wp-3wp21006290x,status 80,3WP210062904
wp-3wp21006290x,status 80,3WP210062905
wp-3wp21006290x,status 80,3WP210062906
wp-3wp21006300x,status 80,3WP210063000
wp-3wp21006300x,status 80,3WP210063001
wp-3wp21006300x,status 80,3WP210063002
wp-3wp21006300x,status 80,3WP210063003
wp-3wp21006300x,status 80,3WP210063004
wp-3wp21006300x,status 80,3WP210063005
wp-3wp21006300x,status 80,3WP210063006
wp-3wp21006300x,status 80,3WP210063007
wp-3wp21006310x,status 80,3WP210063100
wp-3wp21006310x,status 80,3WP210063101
wp-3wp21006310x,status 80,3WP210063102
wp-3wp21006310x,status 80,3WP210063103
wp-3wp21006310x,status 80,3WP210063104
wp-3wp21006310x,status 80,3WP210063105
wp-3wp21006310x,status 80,3WP210063106
wp-3wp21006310x,status 80,3WP210063107
wp-3wp21006330x,status 80,3WP210063300
wp-3wp21006330x,status 80,3WP210063301
wp-3wp21006330x,status 80,3WP210063302
wp-3wp21006330x,status 80,3WP210063303
wp-3wp21006330x,status 80,3WP210063304
wp-3wp21006330x,status 80,3WP210063305
wp-3wp21006330x,status 80,3WP210063306
wp-3wp21006330x,status 80,3WP210063307
wp-3wp21006340x,status 80,3WP210063400
wp-3wp21006340x,status 80,3WP210063401
wp-3wp21006340x,status 80,3WP210063402
wp-3wp21006340x,status 80,3WP210063403
wp-3wp21006340x,status 80,3WP210063404
wp-3wp21006340x,status 80,3WP210063405
wp-3wp21006340x,status 80,3WP210063406
wp-3wp21006340x,status 80,3WP210063407
wp-3wp21006350x,status 80,3WP210063500
wp-3wp21006350x,status 80,3WP210063501
wp-3wp21006350x,status 80,3WP210063502
wp-3wp21006350x,status 80,3WP210063503
wp-3wp21006350x,status 80,3WP210063504
wp-3wp21006350x,status 80,3WP210063505
wp-3wp21006350x,status 80,3WP210063506
wp-3wp21006350x,status 80,3WP210063507
wp-3wp210077500,status 80,3WP210077500
wp-3wp210077600,status 80,3WP210077600
wp-3wp21007860x,status 80,3WP210078600
wp-3wp21007860x,status 80,3WP210078601
wp-3wp21007860x,status 80,3WP210078602
wp-3wp21007860x,status 80,3WP210078603
wp-3wp21007860x,status 80,3WP210078604
wp-3wp21007860x,status 80,3WP210078605
wp-3wp21007860x,status 80,3WP210078606
wp-3wp21007860x,status 80,3WP210078607
wp-3wp21007870x,status 80,3WP210078700
wp-3wp21007870x,status 80,3WP210078701
wp-3wp21007870x,status 80,3WP210078702
wp-3wp21007870x,status 80,3WP210078703
wp-3wp21007870x,status 80,3WP210078704
wp-3wp21007870x,status 80,3WP210078705
wp-3wp21007870x,status 80,3WP210078706
wp-3wp21007870x,status 80,3WP210078707
wp-3wp21007880x,status 80,3WP210078800
wp-3wp21007880x,status 80,3WP210078801
wp-3wp21007880x,status 80,3WP210078802
wp-3wp21007880x,status 80,3WP210078803
wp-3wp21007880x,status 80,3WP210078804
wp-3wp21007880x,status 80,3WP210078805
wp-3wp21007880x,status 80,3WP210078806
wp-3wp21007880x,status 80,3WP210078807
wp-3wp21007890x,status 80,3WP210078900
wp-3wp21007890x,status 80,3WP210078901
wp-3wp21007890x,status 80,3WP210078902
wp-3wp21007890x,status 80,3WP210078903
wp-3wp21007890x,status 80,3WP210078904
wp-3wp21007890x,status 80,3WP210078905
wp-3wp21007890x,status 80,3WP210078906
wp-3wp21007890x,status 80,3WP210078907
wp-3wp21007900x,status 80,3WP210079000
wp-3wp21007900x,status 80,3WP210079001
wp-3wp21007900x,status 80,3WP210079002
wp-3wp21007900x,status 80,3WP210079003
wp-3wp21007900x,status 80,3WP210079004
wp-3wp21007900x,status 80,3WP210079005
wp-3wp21007900x,status 80,3WP210079006
wp-3wp21007900x,status 80,3WP210079007
wp-3wp21007910x,status 80,3WP210079100
wp-3wp21007910x,status 80,3WP210079101
wp-3wp21007910x,status 80,3WP210079102
wp-3wp21007910x,status 80,3WP210079103
wp-3wp21007910x,status 80,3WP210079104
wp-3wp21007910x,status 80,3WP210079105
wp-3wp21007910x,status 80,3WP210079106
wp-3wp21007910x,status 80,3WP210079107
wp-3wp21007920x,status 80,3WP210079200
wp-3wp21007920x,status 80,3WP210079201
wp-3wp21007920x,status 80,3WP210079202
wp-3wp21007920x,status 80,3WP210079203
wp-3wp21007920x,status 80,3WP210079204
wp-3wp21007920x,status 80,3WP210079205
wp-3wp21007920x,status 80,3WP210079206
wp-3wp21007920x,status 80,3WP210079207
wp-3wp21007930x,status 80,3WP210079300
wp-3wp21007930x,status 80,3WP210079301
wp-3wp21007930x,status 80,3WP210079302
wp-3wp21007930x,status 80,3WP210079303
wp-3wp21007930x,status 80,3WP210079304
wp-3wp21007930x,status 80,3WP210079305
wp-3wp21007930x,status 80,3WP210079306
wp-3wp21007930x,status 80,3WP210079307
wp-3wp21007940x,status 80,3WP210079400
wp-3wp21007940x,status 80,3WP210079401
wp-3wp21007940x,status 80,3WP210079402
wp-3wp21007940x,status 80,3WP210079403
wp-3wp21007940x,status 80,3WP210079404
wp-3wp21007940x,status 80,3WP210079405
wp-3wp21007940x,status 80,3WP210079406
wp-3wp21007940x,status 80,3WP210079407
wp-3wp21007950x,status 80,3WP210079500
wp-3wp21007950x,status 80,3WP210079501
wp-3wp21007950x,status 80,3WP210079502
wp-3wp21007950x,status 80,3WP210079503
wp-3wp21007950x,status 80,3WP210079504
wp-3wp21007950x,status 80,3WP210079505
wp-3wp21007950x,status 80,3WP210079506
wp-3wp21007950x,status 80,3WP210079507
wp-3wp220067100,status 80,3WP220067100
wp-3wp240040400,status 80,3WP240040400
wp-3wp24004110x,status 80,3WP240041105
wp-3wp24004110x,status 80,3WP240041107
wp-3wp24004120x,status 80,3WP240041201
wp-3wp24004120x,status 80,3WP240041202
wp-3wp24004120x,status 80,3WP240041203
wp-3wp24004120x,status 80,3WP240041204
wp-3wp24004120x,status 80,3WP240041205
wp-43182r04set,geen prijs,43182R04SET
wp-43570397,geen afbeeldingen (geen bestand onder input/ of geen geldige CDN-URL na upload),43570397
wp-450exc-f2017,type uitgesloten (Bikes); geen prijs,F8403Q9
wp-450exc-f2017,type uitgesloten (Bikes); geen prijs,F8460Q9
wp-450exc-f2017,type uitgesloten (Bikes); geen prijs,F8475Q9
wp-450exc-f2018,type uitgesloten (Bikes); geen prijs,F8403R9
wp-450exc-f2018,type uitgesloten (Bikes); geen prijs,F8460R9
wp-450exc-f2019,type uitgesloten (Bikes); geen prijs,F8403S9
wp-450exc-f2019,type uitgesloten (Bikes); geen prijs,F8460S9
wp-450exc-fsd2017,type uitgesloten (Bikes); geen prijs,F8403Q2
wp-450exc-fsd2017,type uitgesloten (Bikes); geen prijs,F8475Q2
wp-450exc-fsd2019,type uitgesloten (Bikes); geen prijs,F8403S2
wp-450exc-fsd2019,type uitgesloten (Bikes); geen prijs,F8475S2
wp-450exc-fsixdays2018,type uitgesloten (Bikes); geen prijs,F8403R2
wp-450exc-fsixdays2018,type uitgesloten (Bikes); geen prijs,F8475R2
wp-450exc2012,type uitgesloten (Bikes); geen prijs,8403L9
wp-450exc2012,type uitgesloten (Bikes); geen prijs,8460L9
wp-450exc2015,type uitgesloten (Bikes); geen prijs,F8403O9
wp-450exc2015,type uitgesloten (Bikes); geen prijs,F8460O9
wp-450exc2016,type uitgesloten (Bikes); geen prijs,F8403P9
wp-450exc2016,type uitgesloten (Bikes); geen prijs,F8460P9
wp-450se2015,type uitgesloten (Bikes); geen prijs,450SE2015
wp-450se2016,type uitgesloten (Bikes); geen prijs,450SE2016
wp-450sefr2017,type uitgesloten (Bikes); geen prijs,450SEFR2017
wp-450sefr2018,type uitgesloten (Bikes); geen prijs,450SEFR2018
wp-450sefr2019,type uitgesloten (Bikes); geen prijs,450SEFR2019
wp-450sefr2020,type uitgesloten (Bikes); geen prijs,450SEFR2020
wp-450sx-f2017,type uitgesloten (Bikes); geen prijs,F8401Q5
wp-450sx-f2017,type uitgesloten (Bikes); geen prijs,F8475Q5
wp-450sx-f2018,type uitgesloten (Bikes); geen prijs,F8401R5
wp-450sx-f2018,type uitgesloten (Bikes); geen prijs,F8475R5
wp-450sx-f2019,type uitgesloten (Bikes); geen prijs,F8401S5
wp-450sx-f2019,type uitgesloten (Bikes); geen prijs,F8475S5
wp-450sx-f2020,type uitgesloten (Bikes); geen prijs,F8401T5
wp-450sx-f2020,type uitgesloten (Bikes); geen prijs,F8475T5
wp-450sxf2015,type uitgesloten (Bikes); geen prijs,F8401O5
wp-450sxf2015,type uitgesloten (Bikes); geen prijs,F8475O5
wp-450sxf2016,type uitgesloten (Bikes); geen prijs,F8401P5
wp-450sxf2016,type uitgesloten (Bikes); geen prijs,F8475P5
wp-450sxf2021,type uitgesloten (Bikes); geen prijs,F8401U5
wp-450sxf2021,type uitgesloten (Bikes); geen prijs,F8475U5
wp-450sxf2023,type uitgesloten (Bikes); geen prijs,F8401W5
wp-450sxf2023,type uitgesloten (Bikes); geen prijs,F8475W5
wp-450sxf2027,type uitgesloten (Bikes); geen prijs,F8401527
wp-450sxf2027,type uitgesloten (Bikes); geen prijs,F8440527
wp-450sxf2027,type uitgesloten (Bikes); geen prijs,F8475527
wp-450xcf2017,type uitgesloten (Bikes); geen prijs,F8401Q0
wp-450xcf2017,type uitgesloten (Bikes); geen prijs,F8475Q0
wp-46001086000,geen afbeeldingen (geen bestand onder input/ of geen geldige CDN-URL na upload),46001086000
wp-46304905000,status 80,46304905000
wp-48600044,geen afbeeldingen (geen bestand onder input/ of geen geldige CDN-URL na upload),48600044
wp-48600074s9,type uitgesloten (Archiv); status 80,48600074S9
wp-48600494s,status 80,48600494S
wp-48600496s,status 80,48600496S
wp-48600498s,status 80,48600498S
wp-48601166s2,type uitgesloten (Archiv); geen verkoopbare variant in productgroep (prijs/type/status),48601166S2
wp-48601167,type uitgesloten (Archiv); geen prijs,48601167
wp-48601172,type uitgesloten (Archiv); status 80,48601172
wp-48601175,type uitgesloten (Archiv); geen verkoopbare variant in productgroep (prijs/type/status),48601175
wp-48601193,geen prijs,48601193
wp-48601441s,type uitgesloten (Archiv); geen prijs,48601441S
wp-48601494,geen afbeeldingen (geen bestand onder input/ of geen geldige CDN-URL na upload),48601494
wp-500exc-f2017,type uitgesloten (Bikes); geen prijs,F8503Q9
wp-500exc-f2017,type uitgesloten (Bikes); geen prijs,F8560Q9
wp-500exc-f2017,type uitgesloten (Bikes); geen prijs,F8575Q9
wp-500exc-f2018,type uitgesloten (Bikes); geen prijs,F8503R9
wp-500exc-f2018,type uitgesloten (Bikes); geen prijs,F8560R9
wp-500exc-f2018,type uitgesloten (Bikes); geen prijs,F8575R9
wp-500exc-f2019,type uitgesloten (Bikes); geen prijs,F8503S9
wp-500exc-f2019,type uitgesloten (Bikes); geen prijs,F8560S9
wp-500exc-f2019,type uitgesloten (Bikes); geen prijs,F8575S9
wp-500exc-fsd2017,type uitgesloten (Bikes); geen prijs,F8503Q2
wp-500exc-fsd2017,type uitgesloten (Bikes); geen prijs,F8575Q2
wp-500exc2012,type uitgesloten (Bikes); geen prijs,8503L9
wp-500exc2012,type uitgesloten (Bikes); geen prijs,8560L9
wp-500exc2012,type uitgesloten (Bikes); geen prijs,8575L9
wp-500exc2015,type uitgesloten (Bikes); geen prijs,F8503O9
wp-500exc2015,type uitgesloten (Bikes); geen prijs,F8560O9
wp-500exc2015,type uitgesloten (Bikes); geen prijs,F8575O9
wp-500exc2016,type uitgesloten (Bikes); geen prijs,F8503P9
wp-500exc2016,type uitgesloten (Bikes); geen prijs,F8560P9
wp-500exc2016,type uitgesloten (Bikes); geen prijs,F8575P9
wp-500excf2020,type uitgesloten (Bikes); geen prijs,F8503T9
wp-500excf2020,type uitgesloten (Bikes); geen prijs,F8575T9
wp-500excf2021,type uitgesloten (Bikes); geen prijs,F8503U9
wp-500excf2021,type uitgesloten (Bikes); geen prijs,F8575U9
wp-500excf2023,type uitgesloten (Bikes); geen prijs,F8503W9
wp-500excf2023,type uitgesloten (Bikes); geen prijs,F8575W9
wp-500excfsd2020,type uitgesloten (Bikes); geen prijs,F8503T2
wp-500excfsd2020,type uitgesloten (Bikes); geen prijs,F8575T2
wp-500excfsd2021,type uitgesloten (Bikes); geen prijs,F8503U2
wp-500excfsd2021,type uitgesloten (Bikes); geen prijs,F8575U2
wp-500excfsd2023,type uitgesloten (Bikes); geen prijs,F8503W2
wp-500excfsd2023,type uitgesloten (Bikes); geen prijs,F8575W2
wp-500excsd2016,type uitgesloten (Bikes); geen prijs,F8503P2
wp-500excsd2016,type uitgesloten (Bikes); geen prijs,F8575P2
wp-50180751s2,type uitgesloten (Archiv); geen verkoopbare variant in productgroep (prijs/type/status),50180751S2
wp-50181126,geen afbeeldingen (geen bestand onder input/ of geen geldige CDN-URL na upload),50181126
wp-50181170,geen afbeeldingen (geen bestand onder input/ of geen geldige CDN-URL na upload),50181170
wp-50181177,geen afbeeldingen (geen bestand onder input/ of geen geldige CDN-URL na upload),50181177
wp-50181234,geen afbeeldingen (geen bestand onder input/ of geen geldige CDN-URL na upload),50181234
wp-50181235,geen afbeeldingen (geen bestand onder input/ of geen geldige CDN-URL na upload),50181235
wp-50312955044,status 80,50312955044
wp-52000117,geen prijs,52000117
wp-52000146,geen afbeeldingen (geen bestand onder input/ of geen geldige CDN-URL na upload),52000146
wp-52000182,geen prijs,52000182
wp-52000185,status 80,52000185
wp-52000312e,geen afbeeldingen (geen bestand onder input/ of geen geldige CDN-URL na upload),52000312E
wp-54000235,geen prijs,54000235
wp-54000237,geen prijs,54000237
wp-54000238,geen prijs,54000238
wp-54000240,geen prijs,54000240
wp-55062o01set,geen prijs,55062O01SET
wp-55182n01set,geen prijs,55182N01SET
wp-55182p01,geen prijs,55182P01
wp-55182p05,status 80,55182P05
wp-55182p09,status 80,55182P09
wp-55232q11set,geen prijs,55232Q11SET
wp-55272o02set,geen prijs,55272O02SET
wp-55272o03set,geen prijs,55272O03SET
wp-58310025000,status 80,58310025000
wp-58310025100,status 80,58310025100
wp-60812905044,status 80,60812905044
wp-63601042000,geen afbeeldingen (geen bestand onder input/ of geen geldige CDN-URL na upload),63601042000
wp-690duker2013,type uitgesloten (Bikes); geen prijs,F9703M1
wp-690duker2013,type uitgesloten (Bikes); geen prijs,F9760M1
wp-690duker2013,type uitgesloten (Bikes); geen prijs,F9760M1C
wp-690duker2014,type uitgesloten (Bikes); geen prijs,F9703N1
wp-690duker2014,type uitgesloten (Bikes); geen prijs,F9760N1
wp-690duker2014,type uitgesloten (Bikes); geen prijs,F9760N1C
wp-690duker2015,type uitgesloten (Bikes); geen prijs,F9703O1
wp-690duker2015,type uitgesloten (Bikes); geen prijs,F9760O1
wp-690duker2015,type uitgesloten (Bikes); geen prijs,F9760O1C
wp-690duker2016,type uitgesloten (Bikes); geen prijs,F9703P1
wp-690duker2016,type uitgesloten (Bikes); geen prijs,F9760P1
wp-690duker2016,type uitgesloten (Bikes); geen prijs,F9789P1
wp-690enduror2012,type uitgesloten (Bikes); geen prijs,9703L8
wp-690enduror2012,type uitgesloten (Bikes); geen prijs,9760L8
wp-690enduror2012,type uitgesloten (Bikes); geen prijs,9775L8
wp-690enduror2013,type uitgesloten (Bikes); geen prijs,F9703M8
wp-690enduror2013,type uitgesloten (Bikes); geen prijs,F9760M8
wp-690enduror2013,type uitgesloten (Bikes); geen prijs,F9775M8
wp-690enduror2014,type uitgesloten (Bikes); geen prijs,F9703N8
wp-690enduror2014,type uitgesloten (Bikes); geen prijs,F9760N8
wp-690enduror2014,type uitgesloten (Bikes); geen prijs,F9775N8
wp-690enduror2015,type uitgesloten (Bikes); geen prijs,F9703O8
wp-690enduror2015,type uitgesloten (Bikes); geen prijs,F9760O8
wp-690enduror2015,type uitgesloten (Bikes); geen prijs,F9775O8
wp-690enduror2016,type uitgesloten (Bikes); geen prijs,F9703P8
wp-690enduror2016,type uitgesloten (Bikes); geen prijs,F9760P8
wp-690enduror2016,type uitgesloten (Bikes); geen prijs,F9775P8
wp-690enduror2019,type uitgesloten (Bikes); geen prijs,F9703S8
wp-690enduror2019,type uitgesloten (Bikes); geen prijs,F9775S8
wp-690enduror2020,type uitgesloten (Bikes); geen prijs,F9703T8
wp-690enduror2020,type uitgesloten (Bikes); geen prijs,F9775T8
wp-690enduror2023,type uitgesloten (Bikes); geen prijs,F9703W8
wp-690enduror2023,type uitgesloten (Bikes); geen prijs,F9775W8
wp-690enduror2025,type uitgesloten (Bikes); geen prijs,F9703Y8
wp-690enduror2025,type uitgesloten (Bikes); geen prijs,F9775Y8
wp-690smcr2012,type uitgesloten (Bikes); geen prijs,9703L9
wp-690smcr2012,type uitgesloten (Bikes); geen prijs,9760L9
wp-690smcr2013,type uitgesloten (Bikes); geen prijs,F9703M9
wp-690smcr2013,type uitgesloten (Bikes); geen prijs,F9760M9
wp-690smcr2014,type uitgesloten (Bikes); geen prijs,F9703N9
wp-690smcr2014,type uitgesloten (Bikes); geen prijs,F9760N9
wp-690smcr2015,type uitgesloten (Bikes); geen prijs,F9703O9
wp-690smcr2015,type uitgesloten (Bikes); geen prijs,F9760O9
wp-690smcr2019,type uitgesloten (Bikes); geen prijs,F9703S9
wp-690smcr2019,type uitgesloten (Bikes); geen prijs,F9775S9
wp-690smcr2023,type uitgesloten (Bikes); geen prijs,F9703W9
wp-690smcr2023,type uitgesloten (Bikes); geen prijs,F9775W9
wp-701enduro2019,type uitgesloten (Bikes); geen prijs,F2603S1
wp-701enduro2019,type uitgesloten (Bikes); geen prijs,F2675S1
wp-701enduro2020,type uitgesloten (Bikes); geen prijs,F2603T1
wp-701enduro2020,type uitgesloten (Bikes); geen prijs,F2675T1
wp-701enduro2021,type uitgesloten (Bikes); geen prijs,F2603U1
wp-701enduro2021,type uitgesloten (Bikes); geen prijs,F2675U1
wp-701enduro2023,type uitgesloten (Bikes); geen prijs,F2603W1
wp-701enduro2023,type uitgesloten (Bikes); geen prijs,F2675W1
wp-701enduro2025,type uitgesloten (Bikes); geen prijs,F2603Y1
wp-701enduro2025,type uitgesloten (Bikes); geen prijs,F2675Y1
wp-701endurolr2020,type uitgesloten (Bikes); geen prijs,F2603T2
wp-701endurolr2020,type uitgesloten (Bikes); geen prijs,F2675T2
wp-701supermoto2016,type uitgesloten (Bikes); geen prijs,F2603P3
wp-701supermoto2016,type uitgesloten (Bikes); geen prijs,F2660P3
wp-701supermoto2016,type uitgesloten (Bikes); geen prijs,F2675P3
wp-701supermoto2017,type uitgesloten (Bikes); geen prijs,F2603Q3
wp-701supermoto2017,type uitgesloten (Bikes); geen prijs,F2660Q3
wp-701supermoto2017,type uitgesloten (Bikes); geen prijs,F2675Q3
wp-701supermoto2023,type uitgesloten (Bikes); geen prijs,F2603W3
wp-701supermoto2023,type uitgesloten (Bikes); geen prijs,F2675W3
wp-7103l2,type uitgesloten (Bikes); geen prijs,7103L2
wp-7103l6,type uitgesloten (Bikes); geen prijs,7103L6
wp-72112955044,status 80,72112955044
wp-72512955044,status 80,72512955044
wp-7303l2,type uitgesloten (Bikes); geen prijs,7303L2
wp-7403l2,type uitgesloten (Bikes); geen prijs,7403L2
wp-76012955033,status 80,76012955033
wp-76409071240c1,geen afbeeldingen (geen bestand onder input/ of geen geldige CDN-URL na upload),76409071240C1
wp-76512905000,status 80,76512905000
wp-77109072000c1s,geen afbeeldingen (geen bestand onder input/ of geen geldige CDN-URL na upload),77109072000C1S
wp-77110071193,geen afbeeldingen (geen bestand onder input/ of geen geldige CDN-URL na upload),77110071193
wp-7711007120530,geen afbeeldingen (geen bestand onder input/ of geen geldige CDN-URL na upload),7711007120530
wp-78010070000c1,geen afbeeldingen (geen bestand onder input/ of geen geldige CDN-URL na upload),78010070000C1
wp-790adventure2021,type uitgesloten (Bikes); geen prijs,F9603U1
wp-790adventure2021,type uitgesloten (Bikes); geen prijs,F9603U2
wp-790adventure2021,type uitgesloten (Bikes); geen prijs,F9642U1
wp-790adventure2021,type uitgesloten (Bikes); geen prijs,F9675U1
wp-790adventure2021,type uitgesloten (Bikes); geen prijs,F9675U2
wp-790adventure2021,type uitgesloten (Bikes); geen prijs,F9682U1
wp-790adventure2021,type uitgesloten (Bikes); geen prijs,F9682U2
wp-790adventure2021,type uitgesloten (Bikes); geen prijs,F9687U1
wp-790adventure2021,type uitgesloten (Bikes); geen prijs,F9687U2
wp-790adventure2021,type uitgesloten (Bikes); geen prijs,F9688U1
wp-790adventure2021,type uitgesloten (Bikes); geen prijs,F9691U1
wp-790adventure2023,type uitgesloten (Bikes); geen prijs,F9603W1
wp-790adventure2023,type uitgesloten (Bikes); geen prijs,F9603W2
wp-790adventure2023,type uitgesloten (Bikes); geen prijs,F9642W2
wp-790adventure2023,type uitgesloten (Bikes); geen prijs,F9687W1
wp-790adventure2026,type uitgesloten (Bikes); geen prijs,F9603Z1
wp-790adventure2026,type uitgesloten (Bikes); geen prijs,F9603Z2
wp-790adventure2026,type uitgesloten (Bikes); geen prijs,F9603Z3
wp-790adventure2026,type uitgesloten (Bikes); geen prijs,F9603Z4
wp-790adventure2026,type uitgesloten (Bikes); geen prijs,F9622Z3
wp-790adventure2026,type uitgesloten (Bikes); geen prijs,F9622Z4
wp-790adventure2026,type uitgesloten (Bikes); geen prijs,F9642Z2
wp-790adventure2026,type uitgesloten (Bikes); geen prijs,F9642Z4
wp-790adventure2026,type uitgesloten (Bikes); geen prijs,F9675Z5
wp-790adventure2026,type uitgesloten (Bikes); geen prijs,F9675Z6
wp-790adventure2026,type uitgesloten (Bikes); geen prijs,F9687Z6
wp-790adventure2026,type uitgesloten (Bikes); geen prijs,F9687Z7
wp-790adventurer2019,type uitgesloten (Bikes); geen prijs,F9603S3
wp-790adventurer2019,type uitgesloten (Bikes); geen prijs,F9642SC
wp-790adventurer2019,type uitgesloten (Bikes); geen prijs,F9660S3
wp-790adventurer2019,type uitgesloten (Bikes); geen prijs,F9675S3
wp-790adventurer2019,type uitgesloten (Bikes); geen prijs,F9682SC
wp-790adventurer2019,type uitgesloten (Bikes); geen prijs,F9686S3
wp-790adventurer2020,type uitgesloten (Bikes); geen prijs,F9603T3
wp-790adventurer2020,type uitgesloten (Bikes); geen prijs,F9642TC
wp-790adventurer2020,type uitgesloten (Bikes); geen prijs,F9675T3
wp-790adventurer2020,type uitgesloten (Bikes); geen prijs,F9682TC
wp-790adventurer2020,type uitgesloten (Bikes); geen prijs,F9688T3
wp-790adventurer2021,type uitgesloten (Bikes); geen prijs,F9642U3
wp-790adventurer2021,type uitgesloten (Bikes); geen prijs,F9642U3C
wp-790adventurer2021,type uitgesloten (Bikes); geen prijs,F9682U3
wp-790adventurer2021,type uitgesloten (Bikes); geen prijs,F9687U3
wp-790adventurer2021,type uitgesloten (Bikes); geen prijs,F9688U3
wp-790adventurerrally2020,type uitgesloten (Bikes); geen prijs,F9603T4
wp-790adventurerrally2020,type uitgesloten (Bikes); geen prijs,F9675T4
wp-790adventures2019,type uitgesloten (Bikes); geen prijs,F9603S1
wp-790adventures2019,type uitgesloten (Bikes); geen prijs,F9603S2
wp-790adventures2019,type uitgesloten (Bikes); geen prijs,F9675S1
wp-790adventures2019,type uitgesloten (Bikes); geen prijs,F9675S2
wp-790duke2018,type uitgesloten (Bikes); geen prijs,F9603R5
wp-790duke2018,type uitgesloten (Bikes); geen prijs,F9603R6
wp-790duke2018,type uitgesloten (Bikes); geen prijs,F9675R5
wp-790duke2018,type uitgesloten (Bikes); geen prijs,F9675R6
wp-790duke2019,type uitgesloten (Bikes); geen prijs,F9603S5
wp-790duke2019,type uitgesloten (Bikes); geen prijs,F9603S6
wp-790duke2019,type uitgesloten (Bikes); geen prijs,F9675S5
wp-790duke2019,type uitgesloten (Bikes); geen prijs,F9675S6
wp-790duke2019,type uitgesloten (Bikes); geen prijs,F9683SD
wp-790duke2019,type uitgesloten (Bikes); geen prijs,F9691S4
wp-790duke2019,type uitgesloten (Bikes); geen prijs,F9691S5
wp-790duke2019,type uitgesloten (Bikes); geen prijs,F9691S6
wp-790duke2020,type uitgesloten (Bikes); geen prijs,F9603T5
wp-790duke2020,type uitgesloten (Bikes); geen prijs,F9603T6
wp-790duke2020,type uitgesloten (Bikes); geen prijs,F9675T5
wp-790duke2020,type uitgesloten (Bikes); geen prijs,F9675T6
wp-790duke2020,type uitgesloten (Bikes); geen prijs,F9682T5
wp-790duke2020,type uitgesloten (Bikes); geen prijs,F9682T6
wp-790duke2020,type uitgesloten (Bikes); geen prijs,F9683TD
wp-790duke2020,type uitgesloten (Bikes); geen prijs,F9688T6
wp-790duke2020,type uitgesloten (Bikes); geen prijs,F9688T8
wp-790duke2020,type uitgesloten (Bikes); geen prijs,F9688TA
wp-790duke2020,type uitgesloten (Bikes); geen prijs,F9688TB
wp-790duke2020,type uitgesloten (Bikes); geen prijs,F9690TD
wp-790duke2020,type uitgesloten (Bikes); geen prijs,F9691TE
wp-790duke2026,type uitgesloten (Bikes); geen prijs,F9603ZO
wp-790duke2026,type uitgesloten (Bikes); geen prijs,F9603ZP
wp-790duke2026,type uitgesloten (Bikes); geen prijs,F9603ZQ
wp-790duke2026,type uitgesloten (Bikes); geen prijs,F9603ZR
wp-790duke2026,type uitgesloten (Bikes); geen prijs,F9622ZO
wp-790duke2026,type uitgesloten (Bikes); geen prijs,F9622ZP
wp-790duke2026,type uitgesloten (Bikes); geen prijs,F9640ZO
wp-790duke2026,type uitgesloten (Bikes); geen prijs,F9640ZP
wp-790duke2026,type uitgesloten (Bikes); geen prijs,F9675ZM
wp-790duke2026,type uitgesloten (Bikes); geen prijs,F9675ZN
wp-790duke2026,type uitgesloten (Bikes); geen prijs,F9687ZM
wp-790duke2026,type uitgesloten (Bikes); geen prijs,F9687ZN
wp-79101900000,type uitgesloten (Archiv); geen verkoopbare variant in productgroep (prijs/type/status),79101900000
wp-7910907000030,geen afbeeldingen (geen bestand onder input/ of geen geldige CDN-URL na upload),7910907000030
wp-7911007000030,geen afbeeldingen (geen bestand onder input/ of geen geldige CDN-URL na upload),7911007000030
wp-79129955020c1,status 80,79129955020C1
wp-79129955030bj,status 80,79129955030BJ
wp-7912995504001,status 80,7912995504001
wp-79401905000,status 80,79401905000
wp-79701999021c1a,status 80,79701999021C1A
wp-8103l2,type uitgesloten (Bikes); geen prijs,8103L2
wp-8203l2,type uitgesloten (Bikes); geen prijs,8203L2
wp-8403l2,type uitgesloten (Bikes); geen prijs,8403L2
wp-8503l2,type uitgesloten (Bikes); geen prijs,8503L2
wp-85sx17142014,type uitgesloten (Bikes); geen prijs,F6001N8
wp-85sx17142014,type uitgesloten (Bikes); geen prijs,F6075N8
wp-890adventure2021,type uitgesloten (Bikes); geen prijs,F9703U5
wp-890adventure2021,type uitgesloten (Bikes); geen prijs,F9703U6
wp-890adventure2021,type uitgesloten (Bikes); geen prijs,F9775U5
wp-890adventure2021,type uitgesloten (Bikes); geen prijs,F9775U6
wp-890adventure2022,type uitgesloten (Bikes); geen prijs,F9703V5
wp-890adventure2022,type uitgesloten (Bikes); geen prijs,F9703V6
wp-890adventure2022,type uitgesloten (Bikes); geen prijs,F9775V5
wp-890adventure2022,type uitgesloten (Bikes); geen prijs,F9775V6
wp-890adventure2023,type uitgesloten (Bikes); geen prijs,F9703W5
wp-890adventure2023,type uitgesloten (Bikes); geen prijs,F9703W6
wp-890adventure2023,type uitgesloten (Bikes); geen prijs,F9775W5
wp-890adventure2023,type uitgesloten (Bikes); geen prijs,F9775W6
wp-890adventurer2021,type uitgesloten (Bikes); geen prijs,F9703U7
wp-890adventurer2021,type uitgesloten (Bikes); geen prijs,F9775U7
wp-890adventurer2022,type uitgesloten (Bikes); geen prijs,F9703V7
wp-890adventurer2022,type uitgesloten (Bikes); geen prijs,F9775V7
wp-890adventurer2023,type uitgesloten (Bikes); geen prijs,F9703W7
wp-890adventurer2023,type uitgesloten (Bikes); geen prijs,F9742W7
wp-890adventurer2023,type uitgesloten (Bikes); geen prijs,F9775W7
wp-890adventurer2023,type uitgesloten (Bikes); geen prijs,F9787W7
wp-890adventurer2023,type uitgesloten (Bikes); geen prijs,F9788W7
wp-890adventurer2024,type uitgesloten (Bikes); geen prijs,F9703X7
wp-890adventurer2024,type uitgesloten (Bikes); geen prijs,F9775X7
wp-890adventurer2024,type uitgesloten (Bikes); geen prijs,F9787X7SW
wp-890adventurer2024,type uitgesloten (Bikes); geen prijs,F9788X7
wp-890adventurer2026,type uitgesloten (Bikes); geen prijs,F9703Z7
wp-890adventurer2026,type uitgesloten (Bikes); geen prijs,F9775Z7
wp-890adventurerrally2021,type uitgesloten (Bikes); geen prijs,F9703UD
wp-890adventurerrally2021,type uitgesloten (Bikes); geen prijs,F9775UD
wp-890duke2021,type uitgesloten (Bikes); geen prijs,F9703U1
wp-890duke2021,type uitgesloten (Bikes); geen prijs,F9703U2
wp-890duke2021,type uitgesloten (Bikes); geen prijs,F9775U1
wp-890duke2021,type uitgesloten (Bikes); geen prijs,F9775U2
wp-890duker2020,type uitgesloten (Bikes); geen prijs,F9703T3
wp-890duker2020,type uitgesloten (Bikes); geen prijs,F9775T3
wp-890duker2021,type uitgesloten (Bikes); geen prijs,F9703U3
wp-890duker2021,type uitgesloten (Bikes); geen prijs,F9775U3
wp-890duker2023,type uitgesloten (Bikes); geen prijs,F9703W3
wp-890duker2023,type uitgesloten (Bikes); geen prijs,F9775W3
wp-890duker2023,type uitgesloten (Bikes); geen prijs,F9787W4
wp-890duker2023,type uitgesloten (Bikes); geen prijs,F9788W4
wp-90212955044,geen prijs,90212955044
wp-9141012x,status 80,91410126
wp-91410133,status 80,91410133
wp-93012955044,status 80,93012955044
wp-93312955044,status 80,93312955044
wp-9903j2_idm,type uitgesloten (Bikes); geen prijs,9903J2_IDM
wp-9903lt,type uitgesloten (Bikes); geen prijs,9903LT
wp-990duke2026,type uitgesloten (Bikes); geen prijs,F9803ZC
wp-990duke2026,type uitgesloten (Bikes); geen prijs,F9875ZC
wp-990duker2026,type uitgesloten (Bikes); geen prijs,F9803ZE
wp-990duker2026,type uitgesloten (Bikes); geen prijs,F9875ZE
wp-990duker2026,type uitgesloten (Bikes); geen prijs,F9886ZE
wp-a360c109w403220,geen prijs,A360C109W403220
wp-a360c409w411220,geen prijs,A360C409W411220
wp-a40012955144,geen prijs,A40012955144
wp-a46009910044c1a,geen afbeeldingen (geen bestand onder input/ of geen geldige CDN-URL na upload),A46009910044C1A
wp-a46010910044c1a,geen afbeeldingen (geen bestand onder input/ of geen geldige CDN-URL na upload),A46010910044C1A
wp-a460c109w403220,geen prijs,A460C109W403220
wp-a460c199x400220,status 80,A460C199X400220
wp-a460c409w411220,geen prijs,A460C409W411220
wp-a48009072000c1s,geen afbeeldingen (geen bestand onder input/ of geen geldige CDN-URL na upload),A48009072000C1S
wp-a480c108w002220,status 80,A480C108W002220
wp-a54012905000faa,status 80,A54012905000FAA
wp-a54012928000,status 80,A54012928000
wp-a606c141y401102,geen prijs,A606C141Y401102
wp-a606c410y313000,geen prijs,A606C410Y313000
wp-a681c422y413200,geen prijs,A681C422Y413200
wp-a719c122y402200,geen prijs,A719C122Y402200
wp-ag180008int,geen prijs,AG180008INT
wp-ap09c103v001220,status 80,AP09C103V001220
wp-betarr2t1252019,type uitgesloten (Bikes); geen prijs,BETARR2T1252019
wp-betarr2t1252020,type uitgesloten (Bikes); geen prijs,BETARR2T1252020
wp-cbr10002009,type uitgesloten (Bikes); geen prijs,CBR10002009
wp-cbr10002010,type uitgesloten (Bikes); geen prijs,CBR10002010
wp-cbr10002011,type uitgesloten (Bikes); geen prijs,CBR10002011
wp-cbr10002012,type uitgesloten (Bikes); geen prijs,CBR10002012
wp-cbr10002013,type uitgesloten (Bikes); geen prijs,CBR10002013
wp-cbr10002014,type uitgesloten (Bikes); geen prijs,CBR10002014
wp-cbr10002015,type uitgesloten (Bikes); geen prijs,CBR10002015
wp-cbr10002016,type uitgesloten (Bikes); geen prijs,CBR10002016
wp-cbr10002017,type uitgesloten (Bikes); geen prijs,CBR10002017
wp-cbr6002012,type uitgesloten (Bikes); geen prijs,CBR6002012
wp-cbr6002013,type uitgesloten (Bikes); geen prijs,CBR6002013
wp-cbr6002014,type uitgesloten (Bikes); geen prijs,CBR6002014
wp-cbr6002015,type uitgesloten (Bikes); geen prijs,CBR6002015
wp-cbr6002016,type uitgesloten (Bikes); geen prijs,CBR6002016
wp-cbr6002017,type uitgesloten (Bikes); geen prijs,CBR6002017
wp-cbr6002018,type uitgesloten (Bikes); geen prijs,CBR6002018
wp-crf2502015,type uitgesloten (Bikes); geen prijs,CRF2502015
wp-crf2502016,type uitgesloten (Bikes); geen prijs,CRF2502016
wp-crf2502017,type uitgesloten (Bikes); geen prijs,CRF2502017
wp-crf250r2018,type uitgesloten (Bikes); geen prijs,CRF250R2018
wp-crf250r2019,type uitgesloten (Bikes); geen prijs,CRF250R2019
wp-crf250r2020,type uitgesloten (Bikes); geen prijs,CRF250R2020
wp-crf250r2021,type uitgesloten (Bikes); geen prijs,CRF250R2021
wp-crf250r2022,type uitgesloten (Bikes); geen prijs,CRF250R2022
wp-crf250r2024,type uitgesloten (Bikes); geen prijs,CRF250R2024
wp-crf250r2025,type uitgesloten (Bikes); geen prijs,CRF250R2025
wp-crf4502015,type uitgesloten (Bikes); geen prijs,CRF4502015
wp-crf4502016,type uitgesloten (Bikes); geen prijs,CRF4502016
wp-crf4502017,type uitgesloten (Bikes); geen prijs,CRF4502017
wp-crf450r2018,type uitgesloten (Bikes); geen prijs,CRF450R2018
wp-crf450r2019,type uitgesloten (Bikes); geen prijs,CRF450R2019
wp-crf450r2020,type uitgesloten (Bikes); geen prijs,CRF450R2020
wp-crf450r2021,type uitgesloten (Bikes); geen prijs,CRF450R2021
wp-crf450r2022,type uitgesloten (Bikes); geen prijs,CRF450R2022
wp-crf450r2024,type uitgesloten (Bikes); geen prijs,CRF450R2024
wp-crf450r2025,type uitgesloten (Bikes); geen prijs,CRF450R2025
wp-daytona6752012,type uitgesloten (Bikes); geen prijs,DAYTONA6752012
wp-daytona6752013,type uitgesloten (Bikes); geen prijs,DAYTONA6752013
wp-daytona6752014,type uitgesloten (Bikes); geen prijs,DAYTONA6752014
wp-daytona6752015,type uitgesloten (Bikes); geen prijs,DAYTONA6752015
wp-daytona6752016,type uitgesloten (Bikes); geen prijs,DAYTONA6752016
wp-daytona6752017,type uitgesloten (Bikes); geen prijs,DAYTONA6752017
wp-ec2502023,type uitgesloten (Bikes); geen prijs,F0303W7
wp-ec2502023,type uitgesloten (Bikes); geen prijs,F0375W7
wp-ec250f2023,type uitgesloten (Bikes); geen prijs,F0203W9
wp-ec250f2023,type uitgesloten (Bikes); geen prijs,F0242W9
wp-ec3002021,type uitgesloten (Bikes); geen prijs,F0403U7
wp-ec3002021,type uitgesloten (Bikes); geen prijs,F0475U7
wp-ec3002023,type uitgesloten (Bikes); geen prijs,F0403W7
wp-ec3002023,type uitgesloten (Bikes); geen prijs,F0475W7
wp-es7002022,type uitgesloten (Bikes); geen prijs,F0503V1
wp-es7002022,type uitgesloten (Bikes); geen prijs,F0575V1
wp-es7002023,type uitgesloten (Bikes); geen prijs,F0503W1
wp-es7002023,type uitgesloten (Bikes); geen prijs,F0575W1
wp-es7002024,type uitgesloten (Bikes); geen prijs,F0503X1
wp-es7002024,type uitgesloten (Bikes); geen prijs,F0575X1
wp-f0001u1,type uitgesloten (Bikes); geen prijs,F0001U1
wp-f0001u4,type uitgesloten (Bikes); geen prijs,F0001U4
wp-f0001u6,type uitgesloten (Bikes); geen prijs,F0001U6
wp-f0001u9,type uitgesloten (Bikes); geen prijs,F0001U9
wp-f0001w1,type uitgesloten (Bikes); geen prijs,F0001W1
wp-f0001w4,type uitgesloten (Bikes); geen prijs,F0001W4
wp-f0001w6,type uitgesloten (Bikes); geen prijs,F0001W6
wp-f0001w8,type uitgesloten (Bikes); geen prijs,F0001W8
wp-f0001w9,type uitgesloten (Bikes); geen prijs,F0001W9
wp-f0003to,type uitgesloten (Bikes); geen prijs,F0003TO
wp-f0003uo,type uitgesloten (Bikes); geen prijs,F0003UO
wp-f0101u0,type uitgesloten (Bikes); geen prijs,F0101U0
wp-f0101wx,type uitgesloten (Bikes); geen prijs,F0101W0
wp-f0101wx,type uitgesloten (Bikes); geen prijs,F0101W1
wp-f0103tk,type uitgesloten (Bikes); geen prijs,F0103TK
wp-f0201u5,type uitgesloten (Bikes); geen prijs,F0201U5
wp-f0203u9,type uitgesloten (Bikes); geen prijs,F0203U9
wp-f0203v9,type uitgesloten (Bikes); geen prijs,F0203V9
wp-f0275u1,type uitgesloten (Bikes); geen prijs,F0275U1
wp-f0275w5,type uitgesloten (Bikes); geen prijs,F0275W5
wp-f0275wx,type uitgesloten (Bikes); geen prijs,F0275W1
wp-f0275wx,type uitgesloten (Bikes); geen prijs,F0275W2
wp-f0301u5,type uitgesloten (Bikes); geen prijs,F0301U5
wp-f0301wx,type uitgesloten (Bikes); geen prijs,F0301W0
wp-f0301wx,type uitgesloten (Bikes); geen prijs,F0301W1
wp-f0301wx,type uitgesloten (Bikes); geen prijs,F0301W5
wp-f0301wx,type uitgesloten (Bikes); geen prijs,F0301W6
wp-f0301wx,type uitgesloten (Bikes); geen prijs,F0301W8
wp-f0301wx,type uitgesloten (Bikes); geen prijs,F0301W9
wp-f0303tl,type uitgesloten (Bikes); geen prijs,F0303TL
wp-f0303tm,type uitgesloten (Bikes); geen prijs,F0303TM
wp-f0303u7,type uitgesloten (Bikes); geen prijs,F0303U7
wp-f0303u9,type uitgesloten (Bikes); geen prijs,F0303U9
wp-f0303v9,type uitgesloten (Bikes); geen prijs,F0303V9
wp-f0303w9,type uitgesloten (Bikes); geen prijs,F0303W9
wp-f0303x9,type uitgesloten (Bikes); geen prijs,F0303X9
wp-f0375u1,type uitgesloten (Bikes); geen prijs,F0375U1
wp-f0375u2,type uitgesloten (Bikes); geen prijs,F0375U2
wp-f0375w5,type uitgesloten (Bikes); geen prijs,F0375W5
wp-f0375wx,type uitgesloten (Bikes); geen prijs,F0375W1
wp-f0375wx,type uitgesloten (Bikes); geen prijs,F0375W2
wp-f0375wx,type uitgesloten (Bikes); geen prijs,F0375W3
wp-f0375wx,type uitgesloten (Bikes); geen prijs,F0375W4
wp-f0375wx,type uitgesloten (Bikes); geen prijs,F0375W6
wp-f0375wx,type uitgesloten (Bikes); geen prijs,F0375W8
wp-f0403tn,type uitgesloten (Bikes); geen prijs,F0403TN
wp-f0475127,type uitgesloten (Bikes); geen prijs,F0475127
wp-f0475u1,type uitgesloten (Bikes); geen prijs,F0475U1
wp-f0475wx,type uitgesloten (Bikes); geen prijs,F0475W1
wp-f0475wx,type uitgesloten (Bikes); geen prijs,F0475W2
wp-f2001427,type uitgesloten (Bikes); geen prijs,F2001427
wp-f2001627,type uitgesloten (Bikes); geen prijs,F2001627
wp-f2001827,type uitgesloten (Bikes); geen prijs,F2001827
wp-f2001927,type uitgesloten (Bikes); geen prijs,F2001927
wp-f2001o8,type uitgesloten (Bikes); geen prijs,F2001O8
wp-f2001o9,type uitgesloten (Bikes); geen prijs,F2001O9
wp-f2001p8,type uitgesloten (Bikes); geen prijs,F2001P8
wp-f2001p9,type uitgesloten (Bikes); geen prijs,F2001P9
wp-f2001q4,type uitgesloten (Bikes); geen prijs,F2001Q4
wp-f2001q6,type uitgesloten (Bikes); geen prijs,F2001Q6
wp-f2001q8,type uitgesloten (Bikes); geen prijs,F2001Q8
wp-f2001q9,type uitgesloten (Bikes); geen prijs,F2001Q9
wp-f2001r4,type uitgesloten (Bikes); geen prijs,F2001R4
wp-f2001r6,type uitgesloten (Bikes); geen prijs,F2001R6
wp-f2001r8,type uitgesloten (Bikes); geen prijs,F2001R8
wp-f2001r9,type uitgesloten (Bikes); geen prijs,F2001R9
wp-f2001s4,type uitgesloten (Bikes); geen prijs,F2001S4
wp-f2001s6,type uitgesloten (Bikes); geen prijs,F2001S6
wp-f2001s8,type uitgesloten (Bikes); geen prijs,F2001S8
wp-f2001s9,type uitgesloten (Bikes); geen prijs,F2001S9
wp-f2001t4,type uitgesloten (Bikes); geen prijs,F2001T4
wp-f2001t5,type uitgesloten (Bikes); geen prijs,F2001T5
wp-f2001t6,type uitgesloten (Bikes); geen prijs,F2001T6
wp-f2001t8,type uitgesloten (Bikes); geen prijs,F2001T8
wp-f2001t9,type uitgesloten (Bikes); geen prijs,F2001T9
wp-f2001u4,type uitgesloten (Bikes); geen prijs,F2001U4
wp-f2001u6,type uitgesloten (Bikes); geen prijs,F2001U6
wp-f2001u8,type uitgesloten (Bikes); geen prijs,F2001U8
wp-f2001u9,type uitgesloten (Bikes); geen prijs,F2001U9
wp-f2001v4,type uitgesloten (Bikes); geen prijs,F2001V4
wp-f2001v5,type uitgesloten (Bikes); geen prijs,F2001V5
wp-f2001v6,type uitgesloten (Bikes); geen prijs,F2001V6
wp-f2001v8,type uitgesloten (Bikes); geen prijs,F2001V8
wp-f2001v9,type uitgesloten (Bikes); geen prijs,F2001V9
wp-f2001w4,type uitgesloten (Bikes); geen prijs,F2001W4
wp-f2001w5,type uitgesloten (Bikes); geen prijs,F2001W5
wp-f2001w6,type uitgesloten (Bikes); geen prijs,F2001W6
wp-f2001w8,type uitgesloten (Bikes); geen prijs,F2001W8
wp-f2001w9,type uitgesloten (Bikes); geen prijs,F2001W9
wp-f2001z8,type uitgesloten (Bikes); geen prijs,F2001Z8
wp-f2001z9,type uitgesloten (Bikes); geen prijs,F2001Z9
wp-f2101027,type uitgesloten (Bikes); geen prijs,F2101027
wp-f2101n1,type uitgesloten (Bikes); geen prijs,F2101N1
wp-f2101o0,type uitgesloten (Bikes); geen prijs,F2101O0
wp-f2101p0,type uitgesloten (Bikes); geen prijs,F2101P0
wp-f2101p1,type uitgesloten (Bikes); geen prijs,F2101P1
wp-f2101q0,type uitgesloten (Bikes); geen prijs,F2101Q0
wp-f2101q1,type uitgesloten (Bikes); geen prijs,F2101Q1
wp-f2101q6,type uitgesloten (Bikes); geen prijs,F2101Q6
wp-f2101r0,type uitgesloten (Bikes); geen prijs,F2101R0
wp-f2101r1,type uitgesloten (Bikes); geen prijs,F2101R1
wp-f2101s0,type uitgesloten (Bikes); geen prijs,F2101S0
wp-f2101s1,type uitgesloten (Bikes); geen prijs,F2101S1
wp-f2101t0,type uitgesloten (Bikes); geen prijs,F2101T0
wp-f2101t1,type uitgesloten (Bikes); geen prijs,F2101T1
wp-f2101u0,type uitgesloten (Bikes); geen prijs,F2101U0
wp-f2101v0,type uitgesloten (Bikes); geen prijs,F2101V0
wp-f2101w0,type uitgesloten (Bikes); geen prijs,F2101W0
wp-f2101w2,type uitgesloten (Bikes); geen prijs,F2101W2
wp-f2103q9,type uitgesloten (Bikes); geen prijs,F2103Q9
wp-f2103r9,type uitgesloten (Bikes); geen prijs,F2103R9
wp-f2103s9,type uitgesloten (Bikes); geen prijs,F2103S9
wp-f2103t4,type uitgesloten (Bikes); geen prijs,F2103T4
wp-f2103u4,type uitgesloten (Bikes); geen prijs,F2103U4
wp-f2175q9,type uitgesloten (Bikes); geen prijs,F2175Q9
wp-f2175r9,type uitgesloten (Bikes); geen prijs,F2175R9
wp-f2175s9,type uitgesloten (Bikes); geen prijs,F2175S9
wp-f2175z6,type uitgesloten (Bikes); geen prijs,F2175Z6
wp-f2201n1,type uitgesloten (Bikes); geen prijs,F2201N1
wp-f2201o1,type uitgesloten (Bikes); geen prijs,F2201O1
wp-f2201p1,type uitgesloten (Bikes); geen prijs,F2201P1
wp-f2201q1,type uitgesloten (Bikes); geen prijs,F2201Q1
wp-f2201q6,type uitgesloten (Bikes); geen prijs,F2201Q6
wp-f2201r1,type uitgesloten (Bikes); geen prijs,F2201R1
wp-f2201r6,type uitgesloten (Bikes); geen prijs,F2201R6
wp-f2201s1,type uitgesloten (Bikes); geen prijs,F2201S1
wp-f2201s6,type uitgesloten (Bikes); geen prijs,F2201S6
wp-f2201t1,type uitgesloten (Bikes); geen prijs,F2201T1
wp-f2201t6,type uitgesloten (Bikes); geen prijs,F2201T6
wp-f2201u6,type uitgesloten (Bikes); geen prijs,F2201U6
wp-f2201v6,type uitgesloten (Bikes); geen prijs,F2201V6
wp-f2201wx,type uitgesloten (Bikes); geen prijs,F2201W5
wp-f2201wx,type uitgesloten (Bikes); geen prijs,F2201W6
wp-f2201wx,type uitgesloten (Bikes); geen prijs,F2201W8
wp-f2201wx,type uitgesloten (Bikes); geen prijs,F2201W9
wp-f2275o4,type uitgesloten (Bikes); geen prijs,F2275O4
wp-f2275p4,type uitgesloten (Bikes); geen prijs,F2275P4
wp-f2275t4,type uitgesloten (Bikes); geen prijs,F2275T4
wp-f2275u4,type uitgesloten (Bikes); geen prijs,F2275U4
wp-f2275w4,type uitgesloten (Bikes); geen prijs,F2275W4
wp-f2301127,type uitgesloten (Bikes); geen prijs,F2301127
wp-f2301n1,type uitgesloten (Bikes); geen prijs,F2301N1
wp-f2301o1,type uitgesloten (Bikes); geen prijs,F2301O1
wp-f2301p1,type uitgesloten (Bikes); geen prijs,F2301P1
wp-f2301q1,type uitgesloten (Bikes); geen prijs,F2301Q1
wp-f2301q6,type uitgesloten (Bikes); geen prijs,F2301Q6
wp-f2301r1,type uitgesloten (Bikes); geen prijs,F2301R1
wp-f2301r6,type uitgesloten (Bikes); geen prijs,F2301R6
wp-f2301s1,type uitgesloten (Bikes); geen prijs,F2301S1
wp-f2301s6,type uitgesloten (Bikes); geen prijs,F2301S6
wp-f2301t1,type uitgesloten (Bikes); geen prijs,F2301T1
wp-f2301t6,type uitgesloten (Bikes); geen prijs,F2301T6
wp-f2301u1,type uitgesloten (Bikes); geen prijs,F2301U1
wp-f2301u6,type uitgesloten (Bikes); geen prijs,F2301U6
wp-f2301v1,type uitgesloten (Bikes); geen prijs,F2301V1
wp-f2301v6,type uitgesloten (Bikes); geen prijs,F2301V6
wp-f2301w1,type uitgesloten (Bikes); geen prijs,F2301W1
wp-f2301w2,type uitgesloten (Bikes); geen prijs,F2301W2
wp-f2301w7,type uitgesloten (Bikes); geen prijs,F2301W7
wp-f2301wx,type uitgesloten (Bikes); geen prijs,F2301W6
wp-f2301wx,type uitgesloten (Bikes); geen prijs,F2301W8
wp-f2303o0,type uitgesloten (Bikes); geen prijs,F2303O0
wp-f2303p0,type uitgesloten (Bikes); geen prijs,F2303P0
wp-f2303q0,type uitgesloten (Bikes); geen prijs,F2303Q0
wp-f2303q7,type uitgesloten (Bikes); geen prijs,F2303Q7
wp-f2303r0,type uitgesloten (Bikes); geen prijs,F2303R0
wp-f2303s0,type uitgesloten (Bikes); geen prijs,F2303S0
wp-f2303t4,type uitgesloten (Bikes); geen prijs,F2303T4
wp-f2303u0,type uitgesloten (Bikes); geen prijs,F2303U0
wp-f2303u4,type uitgesloten (Bikes); geen prijs,F2303U4
wp-f2303w0,type uitgesloten (Bikes); geen prijs,F2303W0
wp-f2401227,type uitgesloten (Bikes); geen prijs,F2401227
wp-f2401n1,type uitgesloten (Bikes); geen prijs,F2401N1
wp-f2401p1,type uitgesloten (Bikes); geen prijs,F2401P1
wp-f2401q1,type uitgesloten (Bikes); geen prijs,F2401Q1
wp-f2401q5,type uitgesloten (Bikes); geen prijs,F2401Q5
wp-f2401r1,type uitgesloten (Bikes); geen prijs,F2401R1
wp-f2401r5,type uitgesloten (Bikes); geen prijs,F2401R5
wp-f2401s1,type uitgesloten (Bikes); geen prijs,F2401S1
wp-f2401s5,type uitgesloten (Bikes); geen prijs,F2401S5
wp-f2401t1,type uitgesloten (Bikes); geen prijs,F2401T1
wp-f2401t5,type uitgesloten (Bikes); geen prijs,F2401T5
wp-f2401u5,type uitgesloten (Bikes); geen prijs,F2401U5
wp-f2401v5,type uitgesloten (Bikes); geen prijs,F2401V5
wp-f2401wx,type uitgesloten (Bikes); geen prijs,F2401W5
wp-f2401wx,type uitgesloten (Bikes); geen prijs,F2401W7
wp-f2401wx,type uitgesloten (Bikes); geen prijs,F2401W8
wp-f2401wx,type uitgesloten (Bikes); geen prijs,F2401W9
wp-f2403q7,type uitgesloten (Bikes); geen prijs,F2403Q7
wp-f2403r7,type uitgesloten (Bikes); geen prijs,F2403R7
wp-f2403w6,type uitgesloten (Bikes); geen prijs,F2403W6
wp-f2475o4,type uitgesloten (Bikes); geen prijs,F2475O4
wp-f2475p4,type uitgesloten (Bikes); geen prijs,F2475P4
wp-f2475r1,type uitgesloten (Bikes); geen prijs,F2475R1
wp-f2475s1,type uitgesloten (Bikes); geen prijs,F2475S1
wp-f2475t1,type uitgesloten (Bikes); geen prijs,F2475T1
wp-f2475t4,type uitgesloten (Bikes); geen prijs,F2475T4
wp-f2475u4,type uitgesloten (Bikes); geen prijs,F2475U4
wp-f2475w1,type uitgesloten (Bikes); geen prijs,F2475W1
wp-f2475w4,type uitgesloten (Bikes); geen prijs,F2475W4
wp-f2475z1,type uitgesloten (Bikes); geen prijs,F2475Z1
wp-f2675127,type uitgesloten (Bikes); geen prijs,F2675127
wp-f2703z2,type uitgesloten (Bikes); geen prijs,F2703Z2
wp-f2775227,type uitgesloten (Bikes); geen prijs,F2775227
wp-f2875127,type uitgesloten (Bikes); geen prijs,F2875127
wp-f2875227,type uitgesloten (Bikes); geen prijs,F2875227
wp-f3001s1,type uitgesloten (Bikes); geen prijs,F3001S1
wp-f3001t1,type uitgesloten (Bikes); geen prijs,F3001T1
wp-f3001t6,type uitgesloten (Bikes); geen prijs,F3001T6
wp-f3001t7,type uitgesloten (Bikes); geen prijs,F3001T7
wp-f3001u6,type uitgesloten (Bikes); geen prijs,F3001U6
wp-f3001u7,type uitgesloten (Bikes); geen prijs,F3001U7
wp-f3001v1,type uitgesloten (Bikes); geen prijs,F3001V1
wp-f3001v7,type uitgesloten (Bikes); geen prijs,F3001V7
wp-f3001w6,type uitgesloten (Bikes); geen prijs,F3001W6
wp-f3001w7,type uitgesloten (Bikes); geen prijs,F3001W7
wp-f3001w8,type uitgesloten (Bikes); geen prijs,F3001W8
wp-f3001w9,type uitgesloten (Bikes); geen prijs,F3001W9
wp-f4003qx,type uitgesloten (Bikes); geen prijs,F4003Q1
wp-f4003qx,type uitgesloten (Bikes); geen prijs,F4003Q2
wp-f4003qx,type uitgesloten (Bikes); geen prijs,F4003Q3
wp-f4003qx,type uitgesloten (Bikes); geen prijs,F4003Q4
wp-f4003rx,type uitgesloten (Bikes); geen prijs,F4003R1
wp-f4003rx,type uitgesloten (Bikes); geen prijs,F4003R2
wp-f4003rx,type uitgesloten (Bikes); geen prijs,F4003R3
wp-f4003rx,type uitgesloten (Bikes); geen prijs,F4003R4
wp-f5003ox,type uitgesloten (Bikes); geen prijs,F5003O1
wp-f5003ox,type uitgesloten (Bikes); geen prijs,F5003O2
wp-f5003px,type uitgesloten (Bikes); geen prijs,F5003P1
wp-f5003px,type uitgesloten (Bikes); geen prijs,F5003P2
wp-f5003qx,type uitgesloten (Bikes); geen prijs,F5003Q1
wp-f5003qx,type uitgesloten (Bikes); geen prijs,F5003Q2
wp-f5303p1,type uitgesloten (Bikes); geen prijs,F5303P1
wp-f5303q1,type uitgesloten (Bikes); geen prijs,F5303Q1
wp-f5387ux,type uitgesloten (Bikes); geen prijs,F5387U5
wp-f5387ux,type uitgesloten (Bikes); geen prijs,F5387U6
wp-f5399ox,type uitgesloten (Bikes); geen prijs,F5399O1
wp-f5399ox,type uitgesloten (Bikes); geen prijs,F5399O3
wp-f5399p2,type uitgesloten (Bikes); geen prijs,F5399P2
wp-f5399px,type uitgesloten (Bikes); geen prijs,F5399P1
wp-f5399px,type uitgesloten (Bikes); geen prijs,F5399P3
wp-f6001427,type uitgesloten (Bikes); geen prijs,F6001427
wp-f6001627,type uitgesloten (Bikes); geen prijs,F6001627
wp-f6001827,type uitgesloten (Bikes); geen prijs,F6001827
wp-f6001927,type uitgesloten (Bikes); geen prijs,F6001927
wp-f6001m4,type uitgesloten (Bikes); geen prijs,F6001M4
wp-f6001m8,type uitgesloten (Bikes); geen prijs,F6001M8
wp-f6001m9,type uitgesloten (Bikes); geen prijs,F6001M9
wp-f6001n4,type uitgesloten (Bikes); geen prijs,F6001N4
wp-f6001n9,type uitgesloten (Bikes); geen prijs,F6001N9
wp-f6001o4,type uitgesloten (Bikes); geen prijs,F6001O4
wp-f6001o5,type uitgesloten (Bikes); geen prijs,F6001O5
wp-f6001o6,type uitgesloten (Bikes); geen prijs,F6001O6
wp-f6001o8,type uitgesloten (Bikes); geen prijs,F6001O8
wp-f6001o9,type uitgesloten (Bikes); geen prijs,F6001O9
wp-f6001p4,type uitgesloten (Bikes); geen prijs,F6001P4
wp-f6001p5,type uitgesloten (Bikes); geen prijs,F6001P5
wp-f6001p6,type uitgesloten (Bikes); geen prijs,F6001P6
wp-f6001p8,type uitgesloten (Bikes); geen prijs,F6001P8
wp-f6001p9,type uitgesloten (Bikes); geen prijs,F6001P9
wp-f6001q4,type uitgesloten (Bikes); geen prijs,F6001Q4
wp-f6001q5,type uitgesloten (Bikes); geen prijs,F6001Q5
wp-f6001q6,type uitgesloten (Bikes); geen prijs,F6001Q6
wp-f6001q8,type uitgesloten (Bikes); geen prijs,F6001Q8
wp-f6001q9,type uitgesloten (Bikes); geen prijs,F6001Q9
wp-f6001r4,type uitgesloten (Bikes); geen prijs,F6001R4
wp-f6001r6,type uitgesloten (Bikes); geen prijs,F6001R6
wp-f6001r8,type uitgesloten (Bikes); geen prijs,F6001R8
wp-f6001r9,type uitgesloten (Bikes); geen prijs,F6001R9
wp-f6001s4,type uitgesloten (Bikes); geen prijs,F6001S4
wp-f6001s5,type uitgesloten (Bikes); geen prijs,F6001S5
wp-f6001s6,type uitgesloten (Bikes); geen prijs,F6001S6
wp-f6001s8,type uitgesloten (Bikes); geen prijs,F6001S8
wp-f6001s9,type uitgesloten (Bikes); geen prijs,F6001S9
wp-f6001t4,type uitgesloten (Bikes); geen prijs,F6001T4
wp-f6001t5,type uitgesloten (Bikes); geen prijs,F6001T5
wp-f6001t6,type uitgesloten (Bikes); geen prijs,F6001T6
wp-f6001t8,type uitgesloten (Bikes); geen prijs,F6001T8
wp-f6001t9,type uitgesloten (Bikes); geen prijs,F6001T9
wp-f6001u4,type uitgesloten (Bikes); geen prijs,F6001U4
wp-f6001u6,type uitgesloten (Bikes); geen prijs,F6001U6
wp-f6001u8,type uitgesloten (Bikes); geen prijs,F6001U8
wp-f6001u9,type uitgesloten (Bikes); geen prijs,F6001U9
wp-f6001w4,type uitgesloten (Bikes); geen prijs,F6001W4
wp-f6001w5,type uitgesloten (Bikes); geen prijs,F6001W5
wp-f6001w6,type uitgesloten (Bikes); geen prijs,F6001W6
wp-f6001w8,type uitgesloten (Bikes); geen prijs,F6001W8
wp-f6001w9,type uitgesloten (Bikes); geen prijs,F6001W9
wp-f6075m4,type uitgesloten (Bikes); geen prijs,F6075M4
wp-f6075m8,type uitgesloten (Bikes); geen prijs,F6075M8
wp-f6075n4,type uitgesloten (Bikes); geen prijs,F6075N4
wp-f6075n9,type uitgesloten (Bikes); geen prijs,F6075N9
wp-f6075o4,type uitgesloten (Bikes); geen prijs,F6075O4
wp-f6075o6,type uitgesloten (Bikes); geen prijs,F6075O6
wp-f6075o8,type uitgesloten (Bikes); geen prijs,F6075O8
wp-f6075o9,type uitgesloten (Bikes); geen prijs,F6075O9
wp-f6075p4,type uitgesloten (Bikes); geen prijs,F6075P4
wp-f6075p5,type uitgesloten (Bikes); geen prijs,F6075P5
wp-f6101027,type uitgesloten (Bikes); geen prijs,F6101027
wp-f6101u0,type uitgesloten (Bikes); geen prijs,F6101U0
wp-f6101u1,type uitgesloten (Bikes); geen prijs,F6101U1
wp-f6101w0,type uitgesloten (Bikes); geen prijs,F6101W0
wp-f6175327,type uitgesloten (Bikes); geen prijs,F6175327
wp-f6175o5,type uitgesloten (Bikes); geen prijs,F6175O5
wp-f6175u3,type uitgesloten (Bikes); geen prijs,F6175U3
wp-f6175w3,type uitgesloten (Bikes); geen prijs,F6175W3
wp-f6301027,type uitgesloten (Bikes); geen prijs,F6301027
wp-f6301u0,type uitgesloten (Bikes); geen prijs,F6301U0
wp-f6301w0,type uitgesloten (Bikes); geen prijs,F6301W0
wp-f6375527,type uitgesloten (Bikes); geen prijs,F6375527
wp-f6375o5,type uitgesloten (Bikes); geen prijs,F6375O5
wp-f6375p5,type uitgesloten (Bikes); geen prijs,F6375P5
wp-f6375r5,type uitgesloten (Bikes); geen prijs,F6375R5
wp-f6375s5,type uitgesloten (Bikes); geen prijs,F6375S5
wp-f6375t5,type uitgesloten (Bikes); geen prijs,F6375T5
wp-f6375u5,type uitgesloten (Bikes); geen prijs,F6375U5
wp-f6375w5,type uitgesloten (Bikes); geen prijs,F6375W5
wp-f6401127,type uitgesloten (Bikes); geen prijs,F6401127
wp-f6401w1,type uitgesloten (Bikes); geen prijs,F6401W1
wp-f6475527,type uitgesloten (Bikes); geen prijs,F6475527
wp-f6475o5,type uitgesloten (Bikes); geen prijs,F6475O5
wp-f6475p5,type uitgesloten (Bikes); geen prijs,F6475P5
wp-f6475r5,type uitgesloten (Bikes); geen prijs,F6475R5
wp-f6475s5,type uitgesloten (Bikes); geen prijs,F6475S5
wp-f6475t5,type uitgesloten (Bikes); geen prijs,F6475T5
wp-f6475u5,type uitgesloten (Bikes); geen prijs,F6475U5
wp-f6475w5,type uitgesloten (Bikes); geen prijs,F6475W5
wp-f7103o2,type uitgesloten (Bikes); geen prijs,F7103O2
wp-f7103o6,type uitgesloten (Bikes); geen prijs,F7103O6
wp-f7103o7,type uitgesloten (Bikes); geen prijs,F7103O7
wp-f7103p2,type uitgesloten (Bikes); geen prijs,F7103P2
wp-f7103p6,type uitgesloten (Bikes); geen prijs,F7103P6
wp-f7103q2,type uitgesloten (Bikes); geen prijs,F7103Q2
wp-f7103q3,type uitgesloten (Bikes); geen prijs,F7103Q3
wp-f7103q6,type uitgesloten (Bikes); geen prijs,F7103Q6
wp-f7103r3,type uitgesloten (Bikes); geen prijs,F7103R3
wp-f7103s3,type uitgesloten (Bikes); geen prijs,F7103S3
wp-f7103t6,type uitgesloten (Bikes); geen prijs,F7103T6
wp-f7103u6,type uitgesloten (Bikes); geen prijs,F7103U6
wp-f7103w6,type uitgesloten (Bikes); geen prijs,F7103W6
wp-f7175r3,type uitgesloten (Bikes); geen prijs,F7175R3
wp-f7175s3,type uitgesloten (Bikes); geen prijs,F7175S3
wp-f7175t3,type uitgesloten (Bikes); geen prijs,F7175T3
wp-f7175u3,type uitgesloten (Bikes); geen prijs,F7175U3
wp-f7175w3,type uitgesloten (Bikes); geen prijs,F7175W3
wp-f7275o3,type uitgesloten (Bikes); geen prijs,F7275O3
wp-f7275p3,type uitgesloten (Bikes); geen prijs,F7275P3
wp-f7303o2,type uitgesloten (Bikes); geen prijs,F7303O2
wp-f7303o7,type uitgesloten (Bikes); geen prijs,F7303O7
wp-f7303p2,type uitgesloten (Bikes); geen prijs,F7303P2
wp-f7303q2,type uitgesloten (Bikes); geen prijs,F7303Q2
wp-f7303s2,type uitgesloten (Bikes); geen prijs,F7303S2
wp-f7303s7,type uitgesloten (Bikes); geen prijs,F7303S7
wp-f7303t2,type uitgesloten (Bikes); geen prijs,F7303T2
wp-f7303t7,type uitgesloten (Bikes); geen prijs,F7303T7
wp-f7303u2,type uitgesloten (Bikes); geen prijs,F7303U2
wp-f7303u7,type uitgesloten (Bikes); geen prijs,F7303U7
wp-f7303w2,type uitgesloten (Bikes); geen prijs,F7303W2
wp-f7303w7,type uitgesloten (Bikes); geen prijs,F7303W7
wp-f7375o3,type uitgesloten (Bikes); geen prijs,F7375O3
wp-f7375p3,type uitgesloten (Bikes); geen prijs,F7375P3
wp-f7375r4,type uitgesloten (Bikes); geen prijs,F7375R4
wp-f7375s3,type uitgesloten (Bikes); geen prijs,F7375S3
wp-f7375s4,type uitgesloten (Bikes); geen prijs,F7375S4
wp-f7375t4,type uitgesloten (Bikes); geen prijs,F7375T4
wp-f7375u4,type uitgesloten (Bikes); geen prijs,F7375U4
wp-f7375w4,type uitgesloten (Bikes); geen prijs,F7375W4
wp-f7403o2,type uitgesloten (Bikes); geen prijs,F7403O2
wp-f7403o7,type uitgesloten (Bikes); geen prijs,F7403O7
wp-f7403p2,type uitgesloten (Bikes); geen prijs,F7403P2
wp-f7403q2,type uitgesloten (Bikes); geen prijs,F7403Q2
wp-f7403r2,type uitgesloten (Bikes); geen prijs,F7403R2
wp-f7403s2,type uitgesloten (Bikes); geen prijs,F7403S2
wp-f7403s7,type uitgesloten (Bikes); geen prijs,F7403S7
wp-f7403t2,type uitgesloten (Bikes); geen prijs,F7403T2
wp-f7403t3,type uitgesloten (Bikes); geen prijs,F7403T3
wp-f7403t7,type uitgesloten (Bikes); geen prijs,F7403T7
wp-f7403u2,type uitgesloten (Bikes); geen prijs,F7403U2
wp-f7403u3,type uitgesloten (Bikes); geen prijs,F7403U3
wp-f7403u7,type uitgesloten (Bikes); geen prijs,F7403U7
wp-f7403w3,type uitgesloten (Bikes); geen prijs,F7403W3
wp-f7440s2,type uitgesloten (Bikes); geen prijs,F7440S2
wp-f7440s6,type uitgesloten (Bikes); geen prijs,F7440S6
wp-f7440t6,type uitgesloten (Bikes); geen prijs,F7440T6
wp-f7440u6,type uitgesloten (Bikes); geen prijs,F7440U6
wp-f7475o2,type uitgesloten (Bikes); geen prijs,F7475O2
wp-f7475o3,type uitgesloten (Bikes); geen prijs,F7475O3
wp-f7475p2,type uitgesloten (Bikes); geen prijs,F7475P2
wp-f7475p3,type uitgesloten (Bikes); geen prijs,F7475P3
wp-f7475r2,type uitgesloten (Bikes); geen prijs,F7475R2
wp-f7475r3,type uitgesloten (Bikes); geen prijs,F7475R3
wp-f7475s2,type uitgesloten (Bikes); geen prijs,F7475S2
wp-f7475s3,type uitgesloten (Bikes); geen prijs,F7475S3
wp-f7475t2,type uitgesloten (Bikes); geen prijs,F7475T2
wp-f7475t3,type uitgesloten (Bikes); geen prijs,F7475T3
wp-f7475u3,type uitgesloten (Bikes); geen prijs,F7475U3
wp-f7475w3,type uitgesloten (Bikes); geen prijs,F7475W3
wp-f7475w6,type uitgesloten (Bikes); geen prijs,F7475W6
wp-f8103o2,type uitgesloten (Bikes); geen prijs,F8103O2
wp-f8103o7,type uitgesloten (Bikes); geen prijs,F8103O7
wp-f8103p2,type uitgesloten (Bikes); geen prijs,F8103P2
wp-f8103q2,type uitgesloten (Bikes); geen prijs,F8103Q2
wp-f8103r2,type uitgesloten (Bikes); geen prijs,F8103R2
wp-f8103s2,type uitgesloten (Bikes); geen prijs,F8103S2
wp-f8103s4,type uitgesloten (Bikes); geen prijs,F8103S4
wp-f8103t2,type uitgesloten (Bikes); geen prijs,F8103T2
wp-f8103t4,type uitgesloten (Bikes); geen prijs,F8103T4
wp-f8103u2,type uitgesloten (Bikes); geen prijs,F8103U2
wp-f8103w2,type uitgesloten (Bikes); geen prijs,F8103W2
wp-f8175027,type uitgesloten (Bikes); geen prijs,F8175027
wp-f8175o0,type uitgesloten (Bikes); geen prijs,F8175O0
wp-f8175o1,type uitgesloten (Bikes); geen prijs,F8175O1
wp-f8175o3,type uitgesloten (Bikes); geen prijs,F8175O3
wp-f8175p0,type uitgesloten (Bikes); geen prijs,F8175P0
wp-f8175p1,type uitgesloten (Bikes); geen prijs,F8175P1
wp-f8175p3,type uitgesloten (Bikes); geen prijs,F8175P3
wp-f8175q1,type uitgesloten (Bikes); geen prijs,F8175Q1
wp-f8175r0,type uitgesloten (Bikes); geen prijs,F8175R0
wp-f8175s0,type uitgesloten (Bikes); geen prijs,F8175S0
wp-f8175t0,type uitgesloten (Bikes); geen prijs,F8175T0
wp-f8175u0,type uitgesloten (Bikes); geen prijs,F8175U0
wp-f8175v0,type uitgesloten (Bikes); geen prijs,F8175V0
wp-f8175w0,type uitgesloten (Bikes); geen prijs,F8175W0
wp-f8199mx,type uitgesloten (Bikes); geen prijs,F8199M0
wp-f8199mx,type uitgesloten (Bikes); geen prijs,F8199M1
wp-f8199n0,type uitgesloten (Bikes); geen prijs,F8199N0
wp-f8199o0,type uitgesloten (Bikes); geen prijs,F8199O0
wp-f8199p0,type uitgesloten (Bikes); geen prijs,F8199P0
wp-f8199q0,type uitgesloten (Bikes); geen prijs,F8199Q0
wp-f8203o2,type uitgesloten (Bikes); geen prijs,F8203O2
wp-f8203o7,type uitgesloten (Bikes); geen prijs,F8203O7
wp-f8203p2,type uitgesloten (Bikes); geen prijs,F8203P2
wp-f8203u3,type uitgesloten (Bikes); geen prijs,F8203U3
wp-f8275027,type uitgesloten (Bikes); geen prijs,F8275027
wp-f8275o0,type uitgesloten (Bikes); geen prijs,F8275O0
wp-f8275o2,type uitgesloten (Bikes); geen prijs,F8275O2
wp-f8275o3,type uitgesloten (Bikes); geen prijs,F8275O3
wp-f8275p0,type uitgesloten (Bikes); geen prijs,F8275P0
wp-f8275p2,type uitgesloten (Bikes); geen prijs,F8275P2
wp-f8275p3,type uitgesloten (Bikes); geen prijs,F8275P3
wp-f8275r0,type uitgesloten (Bikes); geen prijs,F8275R0
wp-f8275s0,type uitgesloten (Bikes); geen prijs,F8275S0
wp-f8275t0,type uitgesloten (Bikes); geen prijs,F8275T0
wp-f8275t1,type uitgesloten (Bikes); geen prijs,F8275T1
wp-f8275u0,type uitgesloten (Bikes); geen prijs,F8275U0
wp-f8275u1,type uitgesloten (Bikes); geen prijs,F8275U1
wp-f8275w0,type uitgesloten (Bikes); geen prijs,F8275W0
wp-f8403o2,type uitgesloten (Bikes); geen prijs,F8403O2
wp-f8403o7,type uitgesloten (Bikes); geen prijs,F8403O7
wp-f8403p2,type uitgesloten (Bikes); geen prijs,F8403P2
wp-f8403t2,type uitgesloten (Bikes); geen prijs,F8403T2
wp-f8403t9,type uitgesloten (Bikes); geen prijs,F8403T9
wp-f8403u2,type uitgesloten (Bikes); geen prijs,F8403U2
wp-f8403u9,type uitgesloten (Bikes); geen prijs,F8403U9
wp-f8403w2,type uitgesloten (Bikes); geen prijs,F8403W2
wp-f8403w9,type uitgesloten (Bikes); geen prijs,F8403W9
wp-f8475027,type uitgesloten (Bikes); geen prijs,F8475027
wp-f8475o0,type uitgesloten (Bikes); geen prijs,F8475O0
wp-f8475o1,type uitgesloten (Bikes); geen prijs,F8475O1
wp-f8475o3,type uitgesloten (Bikes); geen prijs,F8475O3
wp-f8475p0,type uitgesloten (Bikes); geen prijs,F8475P0
wp-f8475p1,type uitgesloten (Bikes); geen prijs,F8475P1
wp-f8475p3,type uitgesloten (Bikes); geen prijs,F8475P3
wp-f8475q1,type uitgesloten (Bikes); geen prijs,F8475Q1
wp-f8475r0,type uitgesloten (Bikes); geen prijs,F8475R0
wp-f8475r1,type uitgesloten (Bikes); geen prijs,F8475R1
wp-f8475s0,type uitgesloten (Bikes); geen prijs,F8475S0
wp-f8475s1,type uitgesloten (Bikes); geen prijs,F8475S1
wp-f8475t0,type uitgesloten (Bikes); geen prijs,F8475T0
wp-f8475t1,type uitgesloten (Bikes); geen prijs,F8475T1
wp-f8475u0,type uitgesloten (Bikes); geen prijs,F8475U0
wp-f8475w0,type uitgesloten (Bikes); geen prijs,F8475W0
wp-f8475w2,type uitgesloten (Bikes); geen prijs,F8475W2
wp-f8503o2,type uitgesloten (Bikes); geen prijs,F8503O2
wp-f8503r2,type uitgesloten (Bikes); geen prijs,F8503R2
wp-f8503s2,type uitgesloten (Bikes); geen prijs,F8503S2
wp-f8575o3,type uitgesloten (Bikes); geen prijs,F8575O3
wp-f8575p3,type uitgesloten (Bikes); geen prijs,F8575P3
wp-f8575t1,type uitgesloten (Bikes); geen prijs,F8575T1
wp-f8575u1,type uitgesloten (Bikes); geen prijs,F8575U1
wp-f9299s9,type uitgesloten (Bikes); geen prijs,F9299S9
wp-f9399827,type uitgesloten (Bikes); geen prijs,F9399827
wp-f9599q1,type uitgesloten (Bikes); geen prijs,F9599Q1
wp-f9603r8,type uitgesloten (Bikes); geen prijs,F9603R8
wp-f9603sx,type uitgesloten (Bikes); geen prijs,F9603S8
wp-f9603sx,type uitgesloten (Bikes); geen prijs,F9603S9
wp-f9703vx,type uitgesloten (Bikes); geen prijs,F9703VE
wp-f9703vx,type uitgesloten (Bikes); geen prijs,F9703VF
wp-f9703wx,type uitgesloten (Bikes); geen prijs,F9703WC
wp-f9703wx,type uitgesloten (Bikes); geen prijs,F9703WD
wp-f9703xx,type uitgesloten (Bikes); geen prijs,F9703X5
wp-f9703xx,type uitgesloten (Bikes); geen prijs,F9703X6
wp-f9703zd,type uitgesloten (Bikes); geen prijs,F9703ZD
wp-f9703zg,type uitgesloten (Bikes); geen prijs,F9703ZG
wp-f9775627,type uitgesloten (Bikes); geen prijs,F9775627
wp-f9799w9,type uitgesloten (Bikes); geen prijs,F9799W9
wp-f9801827,type uitgesloten (Bikes); geen prijs,F9801827
wp-f9801z8,type uitgesloten (Bikes); geen prijs,F9801Z8
wp-f9875c27,type uitgesloten (Bikes); geen prijs,F9875C27
wp-f9875m7,type uitgesloten (Bikes); geen prijs,F9875M7
wp-f9901zu,type uitgesloten (Bikes); geen prijs,F9901ZU
wp-f9903yx,type uitgesloten (Bikes); geen prijs,F9903Y2
wp-f9903yx,type uitgesloten (Bikes); geen prijs,F9903Y9
wp-f9903yx,type uitgesloten (Bikes); geen prijs,F9903YA
wp-f9903zr,type uitgesloten (Bikes); geen prijs,F9903ZR
wp-f9903zx,type uitgesloten (Bikes); geen prijs,F9903Z2
wp-f9903zx,type uitgesloten (Bikes); geen prijs,F9903Z9
wp-f9975127,type uitgesloten (Bikes); geen prijs,F9975127
wp-f9975w7,type uitgesloten (Bikes); geen prijs,F9975W7
wp-f9975wx,type uitgesloten (Bikes); geen prijs,F9975W4
wp-f9975wx,type uitgesloten (Bikes); geen prijs,F9975W5
wp-f9999q1,type uitgesloten (Bikes); geen prijs,F9999Q1
wp-f9999r1,type uitgesloten (Bikes); geen prijs,F9999R1
wp-f9999sx,type uitgesloten (Bikes); geen prijs,F9999S1
wp-f9999sx,type uitgesloten (Bikes); geen prijs,F9999S2
wp-fc2502015,type uitgesloten (Bikes); geen prijs,F2101O1
wp-fc2502015,type uitgesloten (Bikes); geen prijs,F2175O1
wp-fc2502021,type uitgesloten (Bikes); geen prijs,F2101U1
wp-fc2502021,type uitgesloten (Bikes); geen prijs,F2175U1
wp-fc2502022,type uitgesloten (Bikes); geen prijs,F2101V1
wp-fc2502022,type uitgesloten (Bikes); geen prijs,F2175V1
wp-fc2502023,type uitgesloten (Bikes); geen prijs,F2101W1
wp-fc2502023,type uitgesloten (Bikes); geen prijs,F2175W1
wp-fc2502027,type uitgesloten (Bikes); geen prijs,F2201127
wp-fc2502027,type uitgesloten (Bikes); geen prijs,F2275127
wp-fc250heritage2023,type uitgesloten (Bikes); geen prijs,F2101W3
wp-fc250heritage2023,type uitgesloten (Bikes); geen prijs,F2175W3
wp-fc3502021,type uitgesloten (Bikes); geen prijs,F2201U1
wp-fc3502021,type uitgesloten (Bikes); geen prijs,F2275U1
wp-fc3502022,type uitgesloten (Bikes); geen prijs,F2201V1
wp-fc3502022,type uitgesloten (Bikes); geen prijs,F2275V1
wp-fc3502023,type uitgesloten (Bikes); geen prijs,F2201W1
wp-fc3502023,type uitgesloten (Bikes); geen prijs,F2275W1
wp-fc3502027,type uitgesloten (Bikes); geen prijs,F2301427
wp-fc3502027,type uitgesloten (Bikes); geen prijs,F2375427
wp-fc350heritage2023,type uitgesloten (Bikes); geen prijs,F2201W2
wp-fc350heritage2023,type uitgesloten (Bikes); geen prijs,F2275W2
wp-fc4502015,type uitgesloten (Bikes); geen prijs,F2401O1
wp-fc4502015,type uitgesloten (Bikes); geen prijs,F2475O1
wp-fc4502021,type uitgesloten (Bikes); geen prijs,F2401U1
wp-fc4502021,type uitgesloten (Bikes); geen prijs,F2475U2
wp-fc4502022,type uitgesloten (Bikes); geen prijs,F2401V1
wp-fc4502022,type uitgesloten (Bikes); geen prijs,F2475V2
wp-fc4502023,type uitgesloten (Bikes); geen prijs,F2401W1
wp-fc4502023,type uitgesloten (Bikes); geen prijs,F2475W2
wp-fc4502027,type uitgesloten (Bikes); geen prijs,F2401527
wp-fc4502027,type uitgesloten (Bikes); geen prijs,F2475227
wp-fc450heritage2023,type uitgesloten (Bikes); geen prijs,F2401W2
wp-fc450heritage2023,type uitgesloten (Bikes); geen prijs,F2475W3
wp-fe2502015,type uitgesloten (Bikes); geen prijs,F2103O4
wp-fe2502015,type uitgesloten (Bikes); geen prijs,F2160O4
wp-fe2502015,type uitgesloten (Bikes); geen prijs,F2175O4
wp-fe2502016,type uitgesloten (Bikes); geen prijs,F2103P4
wp-fe2502016,type uitgesloten (Bikes); geen prijs,F2160P4
wp-fe2502016,type uitgesloten (Bikes); geen prijs,F2175P4
wp-fe2502017,type uitgesloten (Bikes); geen prijs,F2103Q4
wp-fe2502017,type uitgesloten (Bikes); geen prijs,F2160Q4
wp-fe2502017,type uitgesloten (Bikes); geen prijs,F2175Q4
wp-fe2502018,type uitgesloten (Bikes); geen prijs,F2103R4
wp-fe2502018,type uitgesloten (Bikes); geen prijs,F2160R4
wp-fe2502018,type uitgesloten (Bikes); geen prijs,F2175R4
wp-fe2502019,type uitgesloten (Bikes); geen prijs,F2103S4
wp-fe2502019,type uitgesloten (Bikes); geen prijs,F2160S4
wp-fe2502019,type uitgesloten (Bikes); geen prijs,F2175S4
wp-fe2502023,type uitgesloten (Bikes); geen prijs,F2103W4
wp-fe2502023,type uitgesloten (Bikes); geen prijs,F2187W4
wp-fe3502015,type uitgesloten (Bikes); geen prijs,F2203O4
wp-fe3502015,type uitgesloten (Bikes); geen prijs,F2260O4
wp-fe3502015,type uitgesloten (Bikes); geen prijs,F2275O5
wp-fe3502016,type uitgesloten (Bikes); geen prijs,F2203P4
wp-fe3502016,type uitgesloten (Bikes); geen prijs,F2260P4
wp-fe3502016,type uitgesloten (Bikes); geen prijs,F2275P5
wp-fe3502017,type uitgesloten (Bikes); geen prijs,F2203Q4
wp-fe3502017,type uitgesloten (Bikes); geen prijs,F2260Q4
wp-fe3502017,type uitgesloten (Bikes); geen prijs,F2275Q4
wp-fe3502018,type uitgesloten (Bikes); geen prijs,F2203R4
wp-fe3502018,type uitgesloten (Bikes); geen prijs,F2260R4
wp-fe3502018,type uitgesloten (Bikes); geen prijs,F2275R4
wp-fe3502019,type uitgesloten (Bikes); geen prijs,F2203S4
wp-fe3502019,type uitgesloten (Bikes); geen prijs,F2260S4
wp-fe3502019,type uitgesloten (Bikes); geen prijs,F2275S4
wp-fe3502020,type uitgesloten (Bikes); geen prijs,F2203T4
wp-fe3502020,type uitgesloten (Bikes); geen prijs,F2275T5
wp-fe3502021,type uitgesloten (Bikes); geen prijs,F2203U4
wp-fe3502021,type uitgesloten (Bikes); geen prijs,F2275U5
wp-fe3502023,type uitgesloten (Bikes); geen prijs,F2203W4
wp-fe3502023,type uitgesloten (Bikes); geen prijs,F2275W5
wp-fe3502023,type uitgesloten (Bikes); geen prijs,F2288W4
wp-fe4502015,type uitgesloten (Bikes); geen prijs,F2303O4
wp-fe4502015,type uitgesloten (Bikes); geen prijs,F2360O4
wp-fe4502015,type uitgesloten (Bikes); geen prijs,F2375O4
wp-fe4502016,type uitgesloten (Bikes); geen prijs,F2303P4
wp-fe4502016,type uitgesloten (Bikes); geen prijs,F2360P4
wp-fe4502016,type uitgesloten (Bikes); geen prijs,F2375P4
wp-fe4502017,type uitgesloten (Bikes); geen prijs,F2303Q4
wp-fe4502017,type uitgesloten (Bikes); geen prijs,F2360Q4
wp-fe4502017,type uitgesloten (Bikes); geen prijs,F2375Q4
wp-fe4502018,type uitgesloten (Bikes); geen prijs,F2303R4
wp-fe4502018,type uitgesloten (Bikes); geen prijs,F2360R4
wp-fe4502018,type uitgesloten (Bikes); geen prijs,F2375R4
wp-fe4502019,type uitgesloten (Bikes); geen prijs,F2303S4
wp-fe4502019,type uitgesloten (Bikes); geen prijs,F2360S4
wp-fe4502019,type uitgesloten (Bikes); geen prijs,F2375S4
wp-fe4502023,type uitgesloten (Bikes); geen prijs,F2303W4
wp-fe4502023,type uitgesloten (Bikes); geen prijs,F2375W8
wp-fe5012015,type uitgesloten (Bikes); geen prijs,F2403O4
wp-fe5012015,type uitgesloten (Bikes); geen prijs,F2460O4
wp-fe5012015,type uitgesloten (Bikes); geen prijs,F2475O5
wp-fe5012016,type uitgesloten (Bikes); geen prijs,F2403P4
wp-fe5012016,type uitgesloten (Bikes); geen prijs,F2460P4
wp-fe5012016,type uitgesloten (Bikes); geen prijs,F2475P5
wp-fe5012017,type uitgesloten (Bikes); geen prijs,F2403Q4
wp-fe5012017,type uitgesloten (Bikes); geen prijs,F2460Q4
wp-fe5012017,type uitgesloten (Bikes); geen prijs,F2475Q4
wp-fe5012018,type uitgesloten (Bikes); geen prijs,F2403R4
wp-fe5012018,type uitgesloten (Bikes); geen prijs,F2460R4
wp-fe5012018,type uitgesloten (Bikes); geen prijs,F2475R4
wp-fe5012019,type uitgesloten (Bikes); geen prijs,F2403S4
wp-fe5012019,type uitgesloten (Bikes); geen prijs,F2460S4
wp-fe5012019,type uitgesloten (Bikes); geen prijs,F2475S4
wp-fe5012020,type uitgesloten (Bikes); geen prijs,F2403T4
wp-fe5012020,type uitgesloten (Bikes); geen prijs,F2475T5
wp-fe5012021,type uitgesloten (Bikes); geen prijs,F2403U4
wp-fe5012021,type uitgesloten (Bikes); geen prijs,F2475U5
wp-fe5012023,type uitgesloten (Bikes); geen prijs,F2403W4
wp-fe5012023,type uitgesloten (Bikes); geen prijs,F2475W5
wp-freeride250r2014,type uitgesloten (Bikes); geen prijs,F7303N4
wp-freeride250r2014,type uitgesloten (Bikes); geen prijs,F7360N4
wp-freeride250r2014,type uitgesloten (Bikes); geen prijs,F7375N4
wp-freeride250r2015,type uitgesloten (Bikes); geen prijs,F7303O4
wp-freeride250r2015,type uitgesloten (Bikes); geen prijs,F7360O4
wp-freeride250r2015,type uitgesloten (Bikes); geen prijs,F7375O4
wp-freeride250r2016,type uitgesloten (Bikes); geen prijs,F7303P4
wp-freeride250r2016,type uitgesloten (Bikes); geen prijs,F7360P4
wp-freeride250r2016,type uitgesloten (Bikes); geen prijs,F7375P4
wp-freeride250r2017,type uitgesloten (Bikes); geen prijs,F7303Q4
wp-freeride250r2017,type uitgesloten (Bikes); geen prijs,F7360Q4
wp-freeride250r2017,type uitgesloten (Bikes); geen prijs,F7375Q4
wp-freeride3502014,type uitgesloten (Bikes); geen prijs,F8203N4
wp-freeride3502014,type uitgesloten (Bikes); geen prijs,F8260N4
wp-freeride3502014,type uitgesloten (Bikes); geen prijs,F8275N4
wp-freeride3502015,type uitgesloten (Bikes); geen prijs,F8203O4
wp-freeride3502015,type uitgesloten (Bikes); geen prijs,F8260O4
wp-freeride3502016,type uitgesloten (Bikes); geen prijs,F8203P4
wp-freeride3502016,type uitgesloten (Bikes); geen prijs,F8260P4
wp-freeride3502017,type uitgesloten (Bikes); geen prijs,F8203Q4
wp-freeride3502017,type uitgesloten (Bikes); geen prijs,F8260Q4
wp-freeridee660w2027,type uitgesloten (Bikes); geen prijs,F3003127
wp-freeridee660w2027,type uitgesloten (Bikes); geen prijs,F3075127
wp-gsxr10002012,type uitgesloten (Bikes); geen prijs,GSXR10002012
wp-gsxr10002013,type uitgesloten (Bikes); geen prijs,GSXR10002013
wp-gsxr10002014,type uitgesloten (Bikes); geen prijs,GSXR10002014
wp-gsxr10002015,type uitgesloten (Bikes); geen prijs,GSXR10002015
wp-gsxr10002016,type uitgesloten (Bikes); geen prijs,GSXR10002016
wp-gsxr10002017,type uitgesloten (Bikes); geen prijs,GSXR10002017
wp-gsxr10002018,type uitgesloten (Bikes); geen prijs,GSXR10002018
wp-gsxr10002019,type uitgesloten (Bikes); geen prijs,GSXR10002019
wp-gsxr10002020,type uitgesloten (Bikes); geen prijs,GSXR10002020
wp-gsxr10002022,type uitgesloten (Bikes); geen prijs,GSXR10002022
wp-gsxr1000r2017,type uitgesloten (Bikes); geen prijs,GSXR1000R2017
wp-gsxr1000r2018,type uitgesloten (Bikes); geen prijs,GSXR1000R2018
wp-gsxr1000r2019,type uitgesloten (Bikes); geen prijs,GSXR1000R2019
wp-gsxr1000r2022,type uitgesloten (Bikes); geen prijs,GSXR1000R2022
wp-gsxr1000rr2020,type uitgesloten (Bikes); geen prijs,GSXR1000RR2020
wp-gsxr6002012,type uitgesloten (Bikes); geen prijs,GSXR6002012
wp-gsxr6002013,type uitgesloten (Bikes); geen prijs,GSXR6002013
wp-gsxr6002014,type uitgesloten (Bikes); geen prijs,GSXR6002014
wp-gsxr6002015,type uitgesloten (Bikes); geen prijs,GSXR6002015
wp-gsxr6002016,type uitgesloten (Bikes); geen prijs,GSXR6002016
wp-gsxr6002017,type uitgesloten (Bikes); geen prijs,GSXR6002017
wp-gsxr6002018,type uitgesloten (Bikes); geen prijs,GSXR6002018
wp-gsxr7502012,type uitgesloten (Bikes); geen prijs,GSXR7502012
wp-gsxr7502013,type uitgesloten (Bikes); geen prijs,GSXR7502013
wp-gsxr7502014,type uitgesloten (Bikes); geen prijs,GSXR7502014
wp-gsxr7502015,type uitgesloten (Bikes); geen prijs,GSXR7502015
wp-kx10rr2016,type uitgesloten (Bikes); geen prijs,KX10RR2016
wp-kx250f2016,type uitgesloten (Bikes); geen prijs,KX250F2016
wp-kx250f2019,type uitgesloten (Bikes); geen prijs,KX250F2019
wp-kx250f2020,type uitgesloten (Bikes); geen prijs,KX250F2020
wp-kx250f2022,type uitgesloten (Bikes); geen prijs,KX250F2022
wp-kx250f2024,type uitgesloten (Bikes); geen prijs,KX250F2024
wp-kx250f2025,type uitgesloten (Bikes); geen prijs,KX250F2025
wp-kx450f2018,type uitgesloten (Bikes); geen prijs,KX450F2018
wp-kx450f2019,type uitgesloten (Bikes); geen prijs,KX450F2019
wp-kx450f2020,type uitgesloten (Bikes); geen prijs,KX450F2020
wp-kx450f2021,type uitgesloten (Bikes); geen prijs,KX450F2021
wp-kx450f2022,type uitgesloten (Bikes); geen prijs,KX450F2022
wp-kx450f2023,type uitgesloten (Bikes); geen prijs,KX450F2023
wp-kxf2502015,type uitgesloten (Bikes); geen prijs,KXF2502015
wp-kxf2502017,type uitgesloten (Bikes); geen prijs,KXF2502017
wp-kxf2502018,type uitgesloten (Bikes); geen prijs,KXF2502018
wp-kxf4502015,type uitgesloten (Bikes); geen prijs,KXF4502015
wp-kxf4502016,type uitgesloten (Bikes); geen prijs,KXF4502016
wp-kxf4502017,type uitgesloten (Bikes); geen prijs,KXF4502017
wp-mc250f2023,type uitgesloten (Bikes); geen prijs,F0201W5
wp-mc250f2023,type uitgesloten (Bikes); geen prijs,F0201W6
wp-mc250f2023,type uitgesloten (Bikes); geen prijs,F0242W5
wp-mt092017,type uitgesloten (Bikes); geen prijs,MT092017
wp-mt092018,type uitgesloten (Bikes); geen prijs,MT092018
wp-mt092019,type uitgesloten (Bikes); geen prijs,MT092019
wp-mt092020,type uitgesloten (Bikes); geen prijs,MT092020
wp-mt092021,type uitgesloten (Bikes); geen prijs,MT092021
wp-mt09sp2018,type uitgesloten (Bikes); geen prijs,MT09SP2018
wp-mt09sp2019,type uitgesloten (Bikes); geen prijs,MT09SP2019
wp-norden9012022,type uitgesloten (Bikes); geen prijs,F2803V1
wp-norden9012022,type uitgesloten (Bikes); geen prijs,F2875V1
wp-norden9012023,type uitgesloten (Bikes); geen prijs,F2803W1
wp-norden9012023,type uitgesloten (Bikes); geen prijs,F2842W1
wp-norden9012023,type uitgesloten (Bikes); geen prijs,F2875W1
wp-norden9012023,type uitgesloten (Bikes); geen prijs,F2887W1
wp-norden9012023,type uitgesloten (Bikes); geen prijs,F2888W1
wp-norden9012024,type uitgesloten (Bikes); geen prijs,F2803X1
wp-norden9012024,type uitgesloten (Bikes); geen prijs,F2875X1
wp-norden9012024,type uitgesloten (Bikes); geen prijs,F2888X1
wp-norden9012026,type uitgesloten (Bikes); geen prijs,F2803Z1
wp-norden9012026,type uitgesloten (Bikes); geen prijs,F2842Z1
wp-norden9012026,type uitgesloten (Bikes); geen prijs,F2875Z1
wp-norden901exp2024,type uitgesloten (Bikes); geen prijs,F2803X2
wp-norden901exp2024,type uitgesloten (Bikes); geen prijs,F2875X2
wp-norden901exp2026,type uitgesloten (Bikes); geen prijs,F2803Z2
wp-norden901exp2026,type uitgesloten (Bikes); geen prijs,F2840Z2
wp-norden901exp2026,type uitgesloten (Bikes); geen prijs,F2875Z2
wp-r14042t,geen afbeeldingen (geen bestand onder input/ of geen geldige CDN-URL na upload),R14042T
wp-r516t,geen afbeeldingen (geen bestand onder input/ of geen geldige CDN-URL na upload),R516T
wp-rc1252014,type uitgesloten (Bikes); geen prijs,F5003N1
wp-rc1252014,type uitgesloten (Bikes); geen prijs,F5003N3
wp-rc1252014,type uitgesloten (Bikes); geen prijs,F8003N1
wp-rc1252018,type uitgesloten (Bikes); geen prijs,F5003R1
wp-rc1252018,type uitgesloten (Bikes); geen prijs,F5003R1B
wp-rc1252018,type uitgesloten (Bikes); geen prijs,F5003R2
wp-rc1252019,type uitgesloten (Bikes); geen prijs,F5003S1
wp-rc1252019,type uitgesloten (Bikes); geen prijs,F5003S1B
wp-rc1252019,type uitgesloten (Bikes); geen prijs,F5003S2
wp-rc1252020,type uitgesloten (Bikes); geen prijs,F5003T1
wp-rc1252020,type uitgesloten (Bikes); geen prijs,F5003T1B
wp-rc1252020,type uitgesloten (Bikes); geen prijs,F5003T2
wp-rc1252023,type uitgesloten (Bikes); geen prijs,F5003W1
wp-rc1252023,type uitgesloten (Bikes); geen prijs,F5003W2
wp-rc1252023,type uitgesloten (Bikes); geen prijs,F5022W3
wp-rc1252023,type uitgesloten (Bikes); geen prijs,F5022W4
wp-rc1252023,type uitgesloten (Bikes); geen prijs,F5086W3
wp-rc1252023,type uitgesloten (Bikes); geen prijs,F5086W4
wp-rc2002014,type uitgesloten (Bikes); geen prijs,F5103N3
wp-rc2002014,type uitgesloten (Bikes); geen prijs,F5103N5BC
wp-rc2002014,type uitgesloten (Bikes); geen prijs,F5103N6
wp-rc2002014,type uitgesloten (Bikes); geen prijs,F5188N6
wp-rc2002015,type uitgesloten (Bikes); geen prijs,F5103O1
wp-rc2002015,type uitgesloten (Bikes); geen prijs,F5141N3BC
wp-rc2002015,type uitgesloten (Bikes); geen prijs,F5141N5BC
wp-rc2002018,type uitgesloten (Bikes); geen prijs,F5103R1
wp-rc2002018,type uitgesloten (Bikes); geen prijs,F5141R1
wp-rc2002018,type uitgesloten (Bikes); geen prijs,F5142R1
wp-rc2002018,type uitgesloten (Bikes); geen prijs,F5182R1
wp-rc2002018,type uitgesloten (Bikes); geen prijs,F5183R4
wp-rc2002018,type uitgesloten (Bikes); geen prijs,F5189R1
wp-rc2002019,type uitgesloten (Bikes); geen prijs,F5103S1
wp-rc2002019,type uitgesloten (Bikes); geen prijs,F5141S1
wp-rc2002019,type uitgesloten (Bikes); geen prijs,F5142S1
wp-rc2002019,type uitgesloten (Bikes); geen prijs,F5182S1
wp-rc2002019,type uitgesloten (Bikes); geen prijs,F5183S1
wp-rc2002019,type uitgesloten (Bikes); geen prijs,F5183S1K
wp-rc2002019,type uitgesloten (Bikes); geen prijs,F5189S1
wp-rc2002020,type uitgesloten (Bikes); geen prijs,F5103T1
wp-rc2002020,type uitgesloten (Bikes); geen prijs,F5103T1L
wp-rc2002020,type uitgesloten (Bikes); geen prijs,F5141T1
wp-rc2002020,type uitgesloten (Bikes); geen prijs,F5142T1
wp-rc2002020,type uitgesloten (Bikes); geen prijs,F5182T1
wp-rc2002020,type uitgesloten (Bikes); geen prijs,F5183R4K
wp-rc2002020,type uitgesloten (Bikes); geen prijs,F5183T1
wp-rc2002020,type uitgesloten (Bikes); geen prijs,F5189T1
wp-rc2002023,type uitgesloten (Bikes); geen prijs,F5103W1
wp-rc2002023,type uitgesloten (Bikes); geen prijs,F5103W1L
wp-rc2002023,type uitgesloten (Bikes); geen prijs,F5103W2
wp-rc2002023,type uitgesloten (Bikes); geen prijs,F5103W2L
wp-rc2002023,type uitgesloten (Bikes); geen prijs,F5141W1
wp-rc2002023,type uitgesloten (Bikes); geen prijs,F5142W1
wp-rc2002023,type uitgesloten (Bikes); geen prijs,F5182W1
wp-rc2002023,type uitgesloten (Bikes); geen prijs,F5182W2
wp-rc2502018,type uitgesloten (Bikes); geen prijs,F5283R1
wp-rc2502018,type uitgesloten (Bikes); geen prijs,F5286R1
wp-rc2502018,type uitgesloten (Bikes); geen prijs,F5289R1
wp-rc2502019,type uitgesloten (Bikes); geen prijs,F5203S1
wp-rc2502019,type uitgesloten (Bikes); geen prijs,F5283S1
wp-rc2502019,type uitgesloten (Bikes); geen prijs,F5283S1K
wp-rc2502019,type uitgesloten (Bikes); geen prijs,F5286S1
wp-rc2502019,type uitgesloten (Bikes); geen prijs,F5289S1
wp-rc2502020,type uitgesloten (Bikes); geen prijs,F5203T1
wp-rc2502020,type uitgesloten (Bikes); geen prijs,F5283R1K
wp-rc2502020,type uitgesloten (Bikes); geen prijs,F5283T1
wp-rc2502020,type uitgesloten (Bikes); geen prijs,F5286T1
wp-rc2502020,type uitgesloten (Bikes); geen prijs,F5289T1
wp-rc250rrookies,type uitgesloten (Bikes); geen prijs,F8199N1
wp-rc250rrookies,type uitgesloten (Bikes); geen prijs,F8199O1
wp-rc3902014,type uitgesloten (Bikes); geen prijs,F5303N1
wp-rc3902014,type uitgesloten (Bikes); geen prijs,F5399N1
wp-rc3902014,type uitgesloten (Bikes); geen prijs,F8303N1
wp-rc3902014,type uitgesloten (Bikes); geen prijs,F8303N1BC
wp-rc3902014,type uitgesloten (Bikes); geen prijs,F8303N3
wp-rc3902014,type uitgesloten (Bikes); geen prijs,F8360N3
wp-rc3902014,type uitgesloten (Bikes); geen prijs,F8375N3
wp-rc3902015,type uitgesloten (Bikes); geen prijs,F5303O1
wp-rc3902015,type uitgesloten (Bikes); geen prijs,F5399O2
wp-rc3902018,type uitgesloten (Bikes); geen prijs,F5303R1
wp-rc3902018,type uitgesloten (Bikes); geen prijs,F5303R2
wp-rc3902018,type uitgesloten (Bikes); geen prijs,F5341R1
wp-rc3902018,type uitgesloten (Bikes); geen prijs,F5342R1
wp-rc3902018,type uitgesloten (Bikes); geen prijs,F5360R1
wp-rc3902018,type uitgesloten (Bikes); geen prijs,F5375R1
wp-rc3902018,type uitgesloten (Bikes); geen prijs,F5382R1
wp-rc3902018,type uitgesloten (Bikes); geen prijs,F5383R1
wp-rc3902018,type uitgesloten (Bikes); geen prijs,F5386R1
wp-rc3902018,type uitgesloten (Bikes); geen prijs,F5389R1
wp-rc3902019,type uitgesloten (Bikes); geen prijs,F5303S1
wp-rc3902019,type uitgesloten (Bikes); geen prijs,F5303S1B
wp-rc3902019,type uitgesloten (Bikes); geen prijs,F5303S2
wp-rc3902019,type uitgesloten (Bikes); geen prijs,F5303S2L
wp-rc3902019,type uitgesloten (Bikes); geen prijs,F5341S1
wp-rc3902019,type uitgesloten (Bikes); geen prijs,F5342S1
wp-rc3902019,type uitgesloten (Bikes); geen prijs,F5360S1
wp-rc3902019,type uitgesloten (Bikes); geen prijs,F5375S1
wp-rc3902019,type uitgesloten (Bikes); geen prijs,F5382S1
wp-rc3902019,type uitgesloten (Bikes); geen prijs,F5383S1
wp-rc3902019,type uitgesloten (Bikes); geen prijs,F5383S1K
wp-rc3902019,type uitgesloten (Bikes); geen prijs,F5386S1
wp-rc3902019,type uitgesloten (Bikes); geen prijs,F5389S1
wp-rc3902020,type uitgesloten (Bikes); geen prijs,F5303T1
wp-rc3902020,type uitgesloten (Bikes); geen prijs,F5303T2
wp-rc3902020,type uitgesloten (Bikes); geen prijs,F5303T2L
wp-rc3902020,type uitgesloten (Bikes); geen prijs,F5341T1
wp-rc3902020,type uitgesloten (Bikes); geen prijs,F5342T1
wp-rc3902020,type uitgesloten (Bikes); geen prijs,F5360T1
wp-rc3902020,type uitgesloten (Bikes); geen prijs,F5375T1
wp-rc3902020,type uitgesloten (Bikes); geen prijs,F5382T1
wp-rc3902020,type uitgesloten (Bikes); geen prijs,F5383T1
wp-rc3902020,type uitgesloten (Bikes); geen prijs,F5386T1
wp-rc3902020,type uitgesloten (Bikes); geen prijs,F5389T1
wp-rc3902021gen1,type uitgesloten (Bikes); geen prijs,F5341U1
wp-rc3902021gen1,type uitgesloten (Bikes); geen prijs,F5386U1
wp-rc3902023,type uitgesloten (Bikes); geen prijs,F5303W1
wp-rc3902023,type uitgesloten (Bikes); geen prijs,F5303W2
wp-rc3902023,type uitgesloten (Bikes); geen prijs,F5303W3
wp-rc3902023,type uitgesloten (Bikes); geen prijs,F5303W3L
wp-rc3902023,type uitgesloten (Bikes); geen prijs,F5303W4
wp-rc3902023,type uitgesloten (Bikes); geen prijs,F5303W4L
wp-rc3902023,type uitgesloten (Bikes); geen prijs,F5322W3
wp-rc3902023,type uitgesloten (Bikes); geen prijs,F5322W4
wp-rc3902023,type uitgesloten (Bikes); geen prijs,F5341W1
wp-rc3902023,type uitgesloten (Bikes); geen prijs,F5342W1
wp-rc3902023,type uitgesloten (Bikes); geen prijs,F5382W1
wp-rc3902023,type uitgesloten (Bikes); geen prijs,F5382W2
wp-rc3902023,type uitgesloten (Bikes); geen prijs,F5386W1
wp-rc3902023,type uitgesloten (Bikes); geen prijs,F5386W2
wp-rc3902023,type uitgesloten (Bikes); geen prijs,F5387W1
wp-rc3902023,type uitgesloten (Bikes); geen prijs,F5387W2
wp-rc3902023,type uitgesloten (Bikes); geen prijs,F5388W1
wp-rc3902023,type uitgesloten (Bikes); geen prijs,F5388W2
wp-rc390r2018,type uitgesloten (Bikes); geen prijs,F5303R9
wp-rc390r2018,type uitgesloten (Bikes); geen prijs,F5375R9
wp-rc390r2019,type uitgesloten (Bikes); geen prijs,F5303S9
wp-rc390r2019,type uitgesloten (Bikes); geen prijs,F5375S9
wp-rc390r2020,type uitgesloten (Bikes); geen prijs,F5303T9
wp-rc390r2020,type uitgesloten (Bikes); geen prijs,F5375T9
wp-rmz2502015,type uitgesloten (Bikes); geen prijs,RMZ2502015
wp-rmz2502016,type uitgesloten (Bikes); geen prijs,RMZ2502016
wp-rmz2502017,type uitgesloten (Bikes); geen prijs,RMZ2502017
wp-rmz2502018,type uitgesloten (Bikes); geen prijs,RMZ2502018
wp-rmz2502019,type uitgesloten (Bikes); geen prijs,RMZ2502019
wp-rmz2502020,type uitgesloten (Bikes); geen prijs,RMZ2502020
wp-rmz2502021,type uitgesloten (Bikes); geen prijs,RMZ2502021
wp-rmz2502022,type uitgesloten (Bikes); geen prijs,RMZ2502022
wp-rmz4502015,type uitgesloten (Bikes); geen prijs,RMZ4502015
wp-rmz4502016,type uitgesloten (Bikes); geen prijs,RMZ4502016
wp-rmz4502017,type uitgesloten (Bikes); geen prijs,RMZ4502017
wp-rmz4502018,type uitgesloten (Bikes); geen prijs,RMZ4502018
wp-rmz4502019,type uitgesloten (Bikes); geen prijs,RMZ4502019
wp-rmz4502020,type uitgesloten (Bikes); geen prijs,RMZ4502020
wp-rmz4502021,type uitgesloten (Bikes); geen prijs,RMZ4502021
wp-rmz4502022,type uitgesloten (Bikes); geen prijs,RMZ4502022
wp-rp10048t,geen afbeeldingen (geen bestand onder input/ of geen geldige CDN-URL na upload),RP10048T
wp-rr2t2502015,type uitgesloten (Bikes); geen prijs,RR2T2502015
wp-rr2t2502016,type uitgesloten (Bikes); geen prijs,RR2T2502016
wp-rr2t2502017,type uitgesloten (Bikes); geen prijs,RR2T2502017
wp-rr2t2502018,type uitgesloten (Bikes); geen prijs,RR2T2502018
wp-rr2t2502019,type uitgesloten (Bikes); geen prijs,RR2T2502019
wp-rr2t2502019-kopie,type uitgesloten (Bikes); geen prijs,RR2T2502019-KOPIE
wp-rr2t2502019-kopie-kopie,type uitgesloten (Bikes); geen prijs,RR2T2502019-KOPIE-KOPIE
wp-rr2t3002015,type uitgesloten (Bikes); geen prijs,RR2T3002015
wp-rr2t3002016,type uitgesloten (Bikes); geen prijs,RR2T3002016
wp-rr2t3002017,type uitgesloten (Bikes); geen prijs,RR2T3002017
wp-rr2t3002018,type uitgesloten (Bikes); geen prijs,RR2T3002018
wp-rr2t3002019,type uitgesloten (Bikes); geen prijs,RR2T3002019
wp-rr4t3502015,type uitgesloten (Bikes); geen prijs,RR4T3502015
wp-rr4t3502016,type uitgesloten (Bikes); geen prijs,RR4T3502016
wp-rr4t3502017,type uitgesloten (Bikes); geen prijs,RR4T3502017
wp-rr4t3502018,type uitgesloten (Bikes); geen prijs,RR4T3502018
wp-rr4t3502019,type uitgesloten (Bikes); geen prijs,RR4T3502019
wp-rr4t3502020,type uitgesloten (Bikes); geen prijs,RR4T3502020
wp-rr4t3902015,type uitgesloten (Bikes); geen prijs,RR4T3902015
wp-rr4t3902016,type uitgesloten (Bikes); geen prijs,RR4T3902016
wp-rr4t3902017,type uitgesloten (Bikes); geen prijs,RR4T3902017
wp-rr4t3902018,type uitgesloten (Bikes); geen prijs,RR4T3902018
wp-rr4t3902019,type uitgesloten (Bikes); geen prijs,RR4T3902019
wp-rr4t3902020,type uitgesloten (Bikes); geen prijs,RR4T3902020
wp-rr4t4302017,type uitgesloten (Bikes); geen prijs,RR4T4302017
wp-rr4t4302018,type uitgesloten (Bikes); geen prijs,RR4T4302018
wp-rr4t4302019,type uitgesloten (Bikes); geen prijs,RR4T4302019
wp-rr4t4302020,type uitgesloten (Bikes); geen prijs,RR4T4302020
wp-rr4t4502015,type uitgesloten (Bikes); geen prijs,RR4T4502015
wp-rr4t4502016,type uitgesloten (Bikes); geen prijs,RR4T4502016
wp-rr4t4802015,type uitgesloten (Bikes); geen prijs,RR4T4802015
wp-rr4t4802016,type uitgesloten (Bikes); geen prijs,RR4T4802016
wp-rr4t4802017,type uitgesloten (Bikes); geen prijs,RR4T4802017
wp-rr4t4802018,type uitgesloten (Bikes); geen prijs,RR4T4802018
wp-rr4t4802019,type uitgesloten (Bikes); geen prijs,RR4T4802019
wp-rr4t4802020,type uitgesloten (Bikes); geen prijs,RR4T4802020
wp-s1000r2021,type uitgesloten (Bikes); geen prijs,S1000R2021
wp-s1000r2022,type uitgesloten (Bikes); geen prijs,S1000R2022
wp-s1000r2024,type uitgesloten (Bikes); geen prijs,S1000R2024
wp-s1000rr2011,type uitgesloten (Bikes); geen prijs,S1000RR2011
wp-s1000rr2012,type uitgesloten (Bikes); geen prijs,S1000RR2012
wp-s1000rr2013,type uitgesloten (Bikes); geen prijs,S1000RR2013
wp-s1000rr2014,type uitgesloten (Bikes); geen prijs,S1000RR2014
wp-s1000rr2015,type uitgesloten (Bikes); geen prijs,S1000RR2015
wp-s1000rr2016,type uitgesloten (Bikes); geen prijs,S1000RR2016
wp-s1000rr2017,type uitgesloten (Bikes); geen prijs,S1000RR2017
wp-s1000rr2018,type uitgesloten (Bikes); geen prijs,S1000RR2018
wp-s1000rr2019,type uitgesloten (Bikes); geen prijs,S1000RR2019
wp-s1000rr2020,type uitgesloten (Bikes); geen prijs,S1000RR2020
wp-s1000rr2021,type uitgesloten (Bikes); geen prijs,S1000RR2021
wp-s1000rr2022,type uitgesloten (Bikes); geen prijs,S1000RR2022
wp-s1000rr2024,type uitgesloten (Bikes); geen prijs,S1000RR2024
wp-s20920000200000,geen afbeeldingen (geen bestand onder input/ of geen geldige CDN-URL na upload),S20920000200000
wp-s23922000000000,geen afbeeldingen (geen bestand onder input/ of geen geldige CDN-URL na upload),S23922000000000
wp-s70872000200001,geen prijs,S70872000200001-00
wp-s809900047s0000,geen afbeeldingen (geen bestand onder input/ of geen geldige CDN-URL na upload),S809900047S0000
wp-s92082000100000,geen afbeeldingen (geen bestand onder input/ of geen geldige CDN-URL na upload),S92082000100000
wp-s92922000000000,geen afbeeldingen (geen bestand onder input/ of geen geldige CDN-URL na upload),S92922000000000
wp-s998020013s0000,geen prijs,S998020013S0000-00
wp-sm7002023,type uitgesloten (Bikes); geen prijs,F0503W3
wp-sm7002023,type uitgesloten (Bikes); geen prijs,F0575W3
wp-svartpilen1252021,type uitgesloten (Bikes); geen prijs,F1003U5
wp-svartpilen1252021,type uitgesloten (Bikes); geen prijs,F1003U5B
wp-svartpilen1252021,type uitgesloten (Bikes); geen prijs,F1003U6
wp-svartpilen1252023,type uitgesloten (Bikes); geen prijs,F1003W5
wp-svartpilen1252023,type uitgesloten (Bikes); geen prijs,F1022W6
wp-svartpilen1252023,type uitgesloten (Bikes); geen prijs,F1086W6
wp-svartpilen2002021,type uitgesloten (Bikes); geen prijs,F1103U5
wp-svartpilen2002021,type uitgesloten (Bikes); geen prijs,F1103U5L
wp-svartpilen2002021,type uitgesloten (Bikes); geen prijs,F1141U5
wp-svartpilen2002021,type uitgesloten (Bikes); geen prijs,F1142U5
wp-svartpilen2002021,type uitgesloten (Bikes); geen prijs,F1182U5
wp-svartpilen2002021,type uitgesloten (Bikes); geen prijs,F1183U5
wp-svartpilen2002021,type uitgesloten (Bikes); geen prijs,F1188U5
wp-svartpilen2002023,type uitgesloten (Bikes); geen prijs,F1103W5
wp-svartpilen2002023,type uitgesloten (Bikes); geen prijs,F1103W5L
wp-svartpilen2002023,type uitgesloten (Bikes); geen prijs,F1141W5
wp-svartpilen2002023,type uitgesloten (Bikes); geen prijs,F1142W5
wp-svartpilen2002023,type uitgesloten (Bikes); geen prijs,F1182W5
wp-svartpilen2502021,type uitgesloten (Bikes); geen prijs,F1203U5
wp-svartpilen2502021,type uitgesloten (Bikes); geen prijs,F1203U5L
wp-svartpilen2502021,type uitgesloten (Bikes); geen prijs,F1283U5
wp-svartpilen2502021,type uitgesloten (Bikes); geen prijs,F1286U5
wp-svartpilen2502021,type uitgesloten (Bikes); geen prijs,F1287U5
wp-svartpilen2502021,type uitgesloten (Bikes); geen prijs,F1288U5
wp-svartpilen2502023,type uitgesloten (Bikes); geen prijs,F1203W5
wp-svartpilen2502023,type uitgesloten (Bikes); geen prijs,F1203W5L
wp-svartpilen2502023,type uitgesloten (Bikes); geen prijs,F1203W6
wp-svartpilen2502023,type uitgesloten (Bikes); geen prijs,F1286W5
wp-svartpilen2502023,type uitgesloten (Bikes); geen prijs,F1288W6
wp-svartpilen4012021,type uitgesloten (Bikes); geen prijs,F1303U5
wp-svartpilen4012021,type uitgesloten (Bikes); geen prijs,F1303U6
wp-svartpilen4012021,type uitgesloten (Bikes); geen prijs,F1303U6L
wp-svartpilen4012021,type uitgesloten (Bikes); geen prijs,F1341U5
wp-svartpilen4012021,type uitgesloten (Bikes); geen prijs,F1342U5
wp-svartpilen4012021,type uitgesloten (Bikes); geen prijs,F1360U5
wp-svartpilen4012021,type uitgesloten (Bikes); geen prijs,F1375U5
wp-svartpilen4012021,type uitgesloten (Bikes); geen prijs,F1382U5
wp-svartpilen4012021,type uitgesloten (Bikes); geen prijs,F1383U5
wp-svartpilen4012021,type uitgesloten (Bikes); geen prijs,F1386U5
wp-svartpilen4012021,type uitgesloten (Bikes); geen prijs,F1387U5
wp-svartpilen4012021,type uitgesloten (Bikes); geen prijs,F1389U5
wp-svartpilen4012023,type uitgesloten (Bikes); geen prijs,F1303W5
wp-svartpilen4012023,type uitgesloten (Bikes); geen prijs,F1303W6
wp-svartpilen4012023,type uitgesloten (Bikes); geen prijs,F1303W6L
wp-svartpilen4012023,type uitgesloten (Bikes); geen prijs,F1322W6
wp-svartpilen4012023,type uitgesloten (Bikes); geen prijs,F1341W5
wp-svartpilen4012023,type uitgesloten (Bikes); geen prijs,F1342W5
wp-svartpilen4012023,type uitgesloten (Bikes); geen prijs,F1375W5
wp-svartpilen4012023,type uitgesloten (Bikes); geen prijs,F1382W5
wp-svartpilen4012023,type uitgesloten (Bikes); geen prijs,F1386W5
wp-svartpilen4012023,type uitgesloten (Bikes); geen prijs,F1387W5
wp-svartpilen4012023,type uitgesloten (Bikes); geen prijs,F1388W6
wp-t03032,geen afbeeldingen (geen bestand onder input/ of geen geldige CDN-URL na upload),T03032
wp-t03033,geen afbeeldingen (geen bestand onder input/ of geen geldige CDN-URL na upload),T03033
wp-t05049-00,geen prijs,T05049-00
wp-t05050-00,geen prijs,T05050-00
wp-t05051,geen afbeeldingen (geen bestand onder input/ of geen geldige CDN-URL na upload),T05051
wp-t05052s,geen afbeeldingen (geen bestand onder input/ of geen geldige CDN-URL na upload),T05052S
wp-t05053,geen afbeeldingen (geen bestand onder input/ of geen geldige CDN-URL na upload),T05053
wp-t05054,geen afbeeldingen (geen bestand onder input/ of geen geldige CDN-URL na upload),T05054
wp-t05055,geen afbeeldingen (geen bestand onder input/ of geen geldige CDN-URL na upload),T05055
wp-t05056,geen afbeeldingen (geen bestand onder input/ of geen geldige CDN-URL na upload),T05056
wp-t1209,geen afbeeldingen (geen bestand onder input/ of geen geldige CDN-URL na upload),T1209
wp-t12140s-00,geen prijs,T12140S-00
wp-t12141,geen afbeeldingen (geen bestand onder input/ of geen geldige CDN-URL na upload),T12141
wp-t1252,status 80,T1252
wp-t1255,status 80,T1255
wp-t1260s,status 80,T1260S
wp-t1286s,status 80,T1286S
wp-t129,status 80,T129
wp-t1297,status 80,T1297
wp-t1300,status 80,T1300
wp-t1301,status 80,T1301
wp-t1306,status 80,T1306
wp-t1308,status 80,T1308
wp-t131,status 80,T131
wp-t1317,type uitgesloten (Archiv); geen verkoopbare variant in productgroep (prijs/type/status),T1317
wp-t132,status 80,T132
wp-t1324,status 80,T1324
wp-t14015,type uitgesloten (Archiv); geen verkoopbare variant in productgroep (prijs/type/status),T14015
wp-t14016,type uitgesloten (Archiv); geen verkoopbare variant in productgroep (prijs/type/status),T14016
wp-t14018,status 80,T14018
wp-t14025,status 80,T14025
wp-t14042s,status 80,T14042S
wp-t14045,status 80,T14045
wp-t14046,status 80,T14046
wp-t14048,status 80,T14048
wp-t14053s,status 80,T14053S
wp-t14058,status 80,T14058
wp-t14061,status 80,T14061
wp-t14063,status 80,T14063
wp-t14064,status 80,T14064
wp-t14065,status 80,T14065
wp-t14067,status 80,T14067
wp-t14074s,status 80,T14074S
wp-t14083,status 80,T14083
wp-t14109s,geen afbeeldingen (geen bestand onder input/ of geen geldige CDN-URL na upload),T14109S
wp-t148,status 80,T148
wp-t15074,status 80,T15074
wp-t1517s,status 80,T1517S
wp-t152,status 80,T152
wp-t1563,status 80,T1563
wp-t1564,status 80,T1564
wp-t159,status 80,T159
wp-t16001,status 80,T16001
wp-t16006,status 80,T16006
wp-t16007,status 80,T16007
wp-t16014s,status 80,T16014S
wp-t163,status 80,T163
wp-t17001,status 80,T17001
wp-t17003s,status 80,T17003S
wp-t17008s,status 80,T17008S
wp-t17009s,status 80,T17009S
wp-t173,status 80,T173
wp-t18006,geen afbeeldingen (geen bestand onder input/ of geen geldige CDN-URL na upload),T18006
wp-t18007,geen afbeeldingen (geen bestand onder input/ of geen geldige CDN-URL na upload),T18007
wp-t18009,geen prijs,T18009
wp-t20012,type uitgesloten (Archiv); geen verkoopbare variant in productgroep (prijs/type/status),T20012
wp-t305,status 80,T305
wp-t315,status 80,T315
wp-t316,status 80,T316
wp-t507,status 80,T507
wp-t508s,status 80,T508S
wp-t511,type uitgesloten (Archiv); geen verkoopbare variant in productgroep (prijs/type/status),T511
wp-t514,geen afbeeldingen (geen bestand onder input/ of geen geldige CDN-URL na upload),T514
wp-t520,status 80,T520
wp-t521,status 80,T521
wp-t529,type uitgesloten (Archiv); geen verkoopbare variant in productgroep (prijs/type/status),T529
wp-t535,geen prijs,T535
wp-t536-00,geen prijs,T536-00
wp-t639s,status 80,T639S
wp-t720s,status 80,T720S
wp-t728,status 80,T728
wp-te1252015,type uitgesloten (Bikes); geen prijs,F2103O8
wp-te1252015,type uitgesloten (Bikes); geen prijs,F2175O8
wp-te1252016,type uitgesloten (Bikes); geen prijs,F2103P8
wp-te1252016,type uitgesloten (Bikes); geen prijs,F2175P8
wp-te1502023,type uitgesloten (Bikes); geen prijs,F2103W9
wp-te1502023,type uitgesloten (Bikes); geen prijs,F2175W9
wp-te150i2020,type uitgesloten (Bikes); geen prijs,F2103T9
wp-te150i2020,type uitgesloten (Bikes); geen prijs,F2175T9
wp-te150i2021,type uitgesloten (Bikes); geen prijs,F2103U9
wp-te150i2021,type uitgesloten (Bikes); geen prijs,F2175U9
wp-te2502015,type uitgesloten (Bikes); geen prijs,F2303O8
wp-te2502015,type uitgesloten (Bikes); geen prijs,F2360O8
wp-te2502015,type uitgesloten (Bikes); geen prijs,F2375O8
wp-te2502016,type uitgesloten (Bikes); geen prijs,F2303P8
wp-te2502016,type uitgesloten (Bikes); geen prijs,F2360P8
wp-te2502016,type uitgesloten (Bikes); geen prijs,F2375P8
wp-te2502017,type uitgesloten (Bikes); geen prijs,F2303Q8
wp-te2502017,type uitgesloten (Bikes); geen prijs,F2360Q8
wp-te2502017,type uitgesloten (Bikes); geen prijs,F2375Q8
wp-te2502018,type uitgesloten (Bikes); geen prijs,F2360R8
wp-te2502018,type uitgesloten (Bikes); geen prijs,F2375R8
wp-te2502019,type uitgesloten (Bikes); geen prijs,F2360S8
wp-te2502019,type uitgesloten (Bikes); geen prijs,F2375S8
wp-te2502023,type uitgesloten (Bikes); geen prijs,2387W7_CFMOTO
wp-te2502023,type uitgesloten (Bikes); geen prijs,F2303W7
wp-te2502023,type uitgesloten (Bikes); geen prijs,F2375W7
wp-te2502023,type uitgesloten (Bikes); geen prijs,F2387W7
wp-te250i2018,type uitgesloten (Bikes); geen prijs,F2303R7
wp-te250i2018,type uitgesloten (Bikes); geen prijs,F2375R7
wp-te250i2019,type uitgesloten (Bikes); geen prijs,F2303S7
wp-te250i2019,type uitgesloten (Bikes); geen prijs,F2375S7
wp-te250i2020,type uitgesloten (Bikes); geen prijs,F2303T7
wp-te250i2020,type uitgesloten (Bikes); geen prijs,F2375T7
wp-te250i2021,type uitgesloten (Bikes); geen prijs,F2303U7
wp-te250i2021,type uitgesloten (Bikes); geen prijs,F2375U7
wp-te3002015,type uitgesloten (Bikes); geen prijs,F2403O8
wp-te3002015,type uitgesloten (Bikes); geen prijs,F2460O8
wp-te3002015,type uitgesloten (Bikes); geen prijs,F2475O8
wp-te3002016,type uitgesloten (Bikes); geen prijs,F2403P8
wp-te3002016,type uitgesloten (Bikes); geen prijs,F2460P8
wp-te3002016,type uitgesloten (Bikes); geen prijs,F2475P8
wp-te3002017,type uitgesloten (Bikes); geen prijs,F2403Q8
wp-te3002017,type uitgesloten (Bikes); geen prijs,F2460Q8
wp-te3002017,type uitgesloten (Bikes); geen prijs,F2475Q8
wp-te3002018,type uitgesloten (Bikes); geen prijs,F2460R8
wp-te3002018,type uitgesloten (Bikes); geen prijs,F2475R8
wp-te3002019,type uitgesloten (Bikes); geen prijs,F2460S8
wp-te3002019,type uitgesloten (Bikes); geen prijs,F2475S8
wp-te3002023,type uitgesloten (Bikes); geen prijs,F2403W7
wp-te3002023,type uitgesloten (Bikes); geen prijs,F2442W7
wp-te3002023,type uitgesloten (Bikes); geen prijs,F2475W7
wp-te300i2019,type uitgesloten (Bikes); geen prijs,F2403S7
wp-te300i2019,type uitgesloten (Bikes); geen prijs,F2475S7
wp-te300i2020,type uitgesloten (Bikes); geen prijs,F2403T7
wp-te300i2020,type uitgesloten (Bikes); geen prijs,F2475T7
wp-te300i2021,type uitgesloten (Bikes); geen prijs,F2403U7
wp-te300i2021,type uitgesloten (Bikes); geen prijs,F2475U7
wp-te300ijarvisedition2021,type uitgesloten (Bikes); geen prijs,F2403U8
wp-te300ijarvisedition2021,type uitgesloten (Bikes); geen prijs,F2475U8
wp-tracer9002017,type uitgesloten (Bikes); geen prijs,TRACER9002017
wp-tracer9002018,type uitgesloten (Bikes); geen prijs,TRACER9002018
wp-tracer9002019,type uitgesloten (Bikes); geen prijs,TRACER9002019
wp-tracer9002020,type uitgesloten (Bikes); geen prijs,TRACER9002020
wp-tracer9002021,type uitgesloten (Bikes); geen prijs,TRACER9002021
wp-txtgp1252021,type uitgesloten (Bikes); geen prijs,F0103UK
wp-txtgp1252021,type uitgesloten (Bikes); geen prijs,F0175UK
wp-txtgp2502021,type uitgesloten (Bikes); geen prijs,F0303UL
wp-txtgp2502021,type uitgesloten (Bikes); geen prijs,F0375UL
wp-txtgp2802021,type uitgesloten (Bikes); geen prijs,F0303UM
wp-txtgp2802021,type uitgesloten (Bikes); geen prijs,F0375UM
wp-txtgp3002021,type uitgesloten (Bikes); geen prijs,F0403UN
wp-txtgp3002021,type uitgesloten (Bikes); geen prijs,F0475UN
wp-txtracing1252021,type uitgesloten (Bikes); geen prijs,F0103UG
wp-txtracing1252021,type uitgesloten (Bikes); geen prijs,F0103UW
wp-txtracing1252021,type uitgesloten (Bikes); geen prijs,F0175UG
wp-txtracing2502021,type uitgesloten (Bikes); geen prijs,F0303UH
wp-txtracing2502021,type uitgesloten (Bikes); geen prijs,F0303UX
wp-txtracing2502021,type uitgesloten (Bikes); geen prijs,F0375UH
wp-txtracing2802021,type uitgesloten (Bikes); geen prijs,F0303UI
wp-txtracing2802021,type uitgesloten (Bikes); geen prijs,F0303UY
wp-txtracing2802021,type uitgesloten (Bikes); geen prijs,F0375UI
wp-txtracing3002021,type uitgesloten (Bikes); geen prijs,F0403UJ
wp-txtracing3002021,type uitgesloten (Bikes); geen prijs,F0403UZ
wp-txtracing3002021,type uitgesloten (Bikes); geen prijs,F0475UJ
wp-vitpilen4012021,type uitgesloten (Bikes); geen prijs,F1303U1
wp-vitpilen4012021,type uitgesloten (Bikes); geen prijs,F1303U1B
wp-vitpilen4012021,type uitgesloten (Bikes); geen prijs,F1303U2
wp-vitpilen4012021,type uitgesloten (Bikes); geen prijs,F1303U2L
wp-vitpilen4012021,type uitgesloten (Bikes); geen prijs,F1341U1
wp-vitpilen4012021,type uitgesloten (Bikes); geen prijs,F1342U1
wp-vitpilen4012021,type uitgesloten (Bikes); geen prijs,F1360U1
wp-vitpilen4012021,type uitgesloten (Bikes); geen prijs,F1375U1
wp-vitpilen4012021,type uitgesloten (Bikes); geen prijs,F1382U1
wp-vitpilen4012021,type uitgesloten (Bikes); geen prijs,F1383U1
wp-vitpilen4012021,type uitgesloten (Bikes); geen prijs,F1383U1K
wp-vitpilen4012021,type uitgesloten (Bikes); geen prijs,F1386U1
wp-vitpilen4012021,type uitgesloten (Bikes); geen prijs,F1387U1
wp-vitpilen4012021,type uitgesloten (Bikes); geen prijs,F1389U1
wp-vitpilen4012023,type uitgesloten (Bikes); geen prijs,F1303W1
wp-vitpilen4012023,type uitgesloten (Bikes); geen prijs,F1303W2
wp-vitpilen4012023,type uitgesloten (Bikes); geen prijs,F1322W1
wp-vitpilen4012023,type uitgesloten (Bikes); geen prijs,F1375W1
wp-vitpilen4012023,type uitgesloten (Bikes); geen prijs,F1382W1
wp-vitpilen4012023,type uitgesloten (Bikes); geen prijs,F1386W1
wp-vitpilen4012023,type uitgesloten (Bikes); geen prijs,F1387W1
wp-vitpilen4012023,type uitgesloten (Bikes); geen prijs,F1388W1
wp-vitpilen4012026,type uitgesloten (Bikes); geen prijs,F1302Z2
wp-vitpilen4012026,type uitgesloten (Bikes); geen prijs,F1302Z2L
wp-vitpilen4012026,type uitgesloten (Bikes); geen prijs,F1386Z1
wp-vitpilen8012026,type uitgesloten (Bikes); geen prijs,F2703Z1
wp-vitpilen8012026,type uitgesloten (Bikes); geen prijs,F2775Z1
wp-wp170072int,status 80,WP170072INT
wp-wp170076int,geen prijs,WP170076INT
wp-wp170096int,geen prijs,WP170096INT
wp-wp180001xx,geen prijs,WP180001EN-DE
wp-wp180001xx,geen prijs,WP180001ES-EN
wp-wp180001xx,geen prijs,WP180001FR-IT
wp-wp180002xx,geen prijs,WP180002EN-DE
wp-wp180002xx,geen prijs,WP180002ES-EN
wp-wp180002xx,geen prijs,WP180002FR-IT
wp-wp180003int,status 80,WP180003INT
wp-wp180004int,geen prijs,WP180004INT
wp-wp180007int,geen prijs,WP180007INT
wp-wp180008en,status 80,WP180008EN
wp-wp180009en,status 80,WP180009EN
wp-wp190001int,status 80,WP190001INT
wp-wp190002xx,status 80,WP190002EN/DE
wp-wp190002xx,status 80,WP190002ES/EN
wp-wp190002xx,status 80,WP190002FR/IT
wp-wp210003xxxx,status 80,WP210003ENDE
wp-wp210003xxxx,status 80,WP210003ENES
wp-wp210003xxxx,status 80,WP210003FRIT
wp-wp210004xxxx,type uitgesloten (Archiv); status 80,WP210004ENDE
wp-wp210004xxxx,type uitgesloten (Archiv); status 80,WP210004ENES
wp-wp210004xxxx,type uitgesloten (Archiv); status 80,WP210004FRIT
wp-wp210005xxxx,type uitgesloten (Archiv); status 80,WP210005ENDE
wp-wp210005xxxx,type uitgesloten (Archiv); status 80,WP210005ENES
wp-wp210005xxxx,type uitgesloten (Archiv); status 80,WP210005FRIT
wp-wp210007int,status 80,WP210007INT
wp-wp210009int,status 80,WP210009INT
wp-wp220004xx,geen prijs,WP220004DE
wp-wp220004xx,status 80,WP220004EN
wp-wp220004xx,status 80,WP220004ES
wp-wp220004xx,status 80,WP220004FR
wp-wp220004xx,status 80,WP220004IT
wp-wp24001int,status 80,WP24001INT
wp-wp24002int,status 80,WP24002INT
wp-xsr9002017,type uitgesloten (Bikes); geen prijs,XSR9002017
wp-xsr9002018,type uitgesloten (Bikes); geen prijs,XSR9002018
wp-xsr9002019,type uitgesloten (Bikes); geen prijs,XSR9002019
wp-xsr9002020,type uitgesloten (Bikes); geen prijs,XSR9002020
wp-xsr9002021,type uitgesloten (Bikes); geen prijs,XSR9002021
wp-yz1252014,type uitgesloten (Bikes); geen prijs,YZ1252014
wp-yz1252015,type uitgesloten (Bikes); geen prijs,YZ1252015
wp-yz1252016,type uitgesloten (Bikes); geen prijs,YZ1252016
wp-yz1252017,type uitgesloten (Bikes); geen prijs,YZ1252017
wp-yz1252018,type uitgesloten (Bikes); geen prijs,YZ1252018
wp-yz1252019,type uitgesloten (Bikes); geen prijs,YZ1252019
wp-yz1252020,type uitgesloten (Bikes); geen prijs,YZ1252020
wp-yz1252021,type uitgesloten (Bikes); geen prijs,YZ1252021
wp-yz2502016,type uitgesloten (Bikes); geen prijs,YZ2502016
wp-yz2502018,type uitgesloten (Bikes); geen prijs,YZ2502018
wp-yz2502019,type uitgesloten (Bikes); geen prijs,YZ2502019
wp-yz2502020,type uitgesloten (Bikes); geen prijs,YZ2502020
wp-yz2502021,type uitgesloten (Bikes); geen prijs,YZ2502021
wp-yz250f2015,type uitgesloten (Bikes); geen prijs,YZ250F2015
wp-yz250f2016,type uitgesloten (Bikes); geen prijs,YZ250F2016
wp-yz250f2018,type uitgesloten (Bikes); geen prijs,YZ250F2018
wp-yz250f2020,type uitgesloten (Bikes); geen prijs,YZ250F2020
wp-yz450f2020,type uitgesloten (Bikes); geen prijs,YZ450F2020
wp-yz450f2022,type uitgesloten (Bikes); geen prijs,YZ450F2022
wp-yzf2502014,type uitgesloten (Bikes); geen prijs,YZF2502014
wp-yzf2502015,type uitgesloten (Bikes); geen prijs,YZF2502015
wp-yzf2502017,type uitgesloten (Bikes); geen prijs,YZF2502017
wp-yzf2502019,type uitgesloten (Bikes); geen prijs,YZF2502019
wp-yzf4502015,type uitgesloten (Bikes); geen prijs,YZF4502015
wp-yzf4502016,type uitgesloten (Bikes); geen prijs,YZF4502016
wp-yzf4502017,type uitgesloten (Bikes); geen prijs,YZF4502017
wp-yzf4502018,type uitgesloten (Bikes); geen prijs,YZF4502018
wp-yzf4502019,type uitgesloten (Bikes); geen prijs,YZF4502019
wp-yzfr12012,type uitgesloten (Bikes); geen prijs,YZFR12012
wp-yzfr12013,type uitgesloten (Bikes); geen prijs,YZFR12013
wp-yzfr12014,type uitgesloten (Bikes); geen prijs,YZFR12014
wp-yzfr12015,type uitgesloten (Bikes); geen prijs,YZFR12015
wp-yzfr12016,type uitgesloten (Bikes); geen prijs,YZFR12016
wp-yzfr12017,type uitgesloten (Bikes); geen prijs,YZFR12017
wp-yzfr12018,type uitgesloten (Bikes); geen prijs,YZFR12018
wp-yzfr12019,type uitgesloten (Bikes); geen prijs,YZFR12019
wp-yzfr12020,type uitgesloten (Bikes); geen prijs,YZFR12020
wp-yzfr12021,type uitgesloten (Bikes); geen prijs,YZFR12021
wp-yzfr1m2015,type uitgesloten (Bikes); geen prijs,YZFR1M2015
wp-yzfr1m2016,type uitgesloten (Bikes); geen prijs,YZFR1M2016
wp-yzfr1m2017,type uitgesloten (Bikes); geen prijs,YZFR1M2017
wp-yzfr1m2019,type uitgesloten (Bikes); geen prijs,YZFR1M2019
wp-yzfr1m2020,type uitgesloten (Bikes); geen prijs,YZFR1M2020
wp-yzfr1m2021,type uitgesloten (Bikes); geen prijs,YZFR1M2021
wp-yzfr62012,type uitgesloten (Bikes); geen prijs,YZFR62012
wp-yzfr62013,type uitgesloten (Bikes); geen prijs,YZFR62013
wp-yzfr62014,type uitgesloten (Bikes); geen prijs,YZFR62014
wp-yzfr62015,type uitgesloten (Bikes); geen prijs,YZFR62015
wp-yzfr62016,type uitgesloten (Bikes); geen prijs,YZFR62016
wp-yzfr62017,type uitgesloten (Bikes); geen prijs,YZFR62017
wp-yzfr62018,type uitgesloten (Bikes); geen prijs,YZFR62018
wp-yzfr62019,type uitgesloten (Bikes); geen prijs,YZFR62019
wp-yzfr62020,type uitgesloten (Bikes); geen prijs,YZFR62020
wp-yzfr62021,type uitgesloten (Bikes); geen prijs,YZFR62021
wp-yzfr62022,type uitgesloten (Bikes); geen prijs,YZFR62022
wp-zf10004,geen prijs,ZF10004
wp-zf10007,status 80,ZF10007
wp-zg10002,status 80,ZG10002
wp-zg10004,type uitgesloten (Archiv); geen verkoopbare variant in productgroep (prijs/type/status),ZG10004
wp-zg10013,type uitgesloten (Archiv); geen prijs,ZG10013
wp-zg10015,status 80,ZG10015
wp-zg10016,status 80,ZG10016
wp-zg10018,status 80,ZG10018
wp-zg10021,status 80,ZG10021
wp-zx10r2012,type uitgesloten (Bikes); geen prijs,ZX10R2012
wp-zx10r2013,type uitgesloten (Bikes); geen prijs,ZX10R2013
wp-zx10r2014,type uitgesloten (Bikes); geen prijs,ZX10R2014
wp-zx10r2015,type uitgesloten (Bikes); geen prijs,ZX10R2015
wp-zx10r2016,type uitgesloten (Bikes); geen prijs,ZX10R2016
wp-zx10r2017,type uitgesloten (Bikes); geen prijs,ZX10R2017
wp-zx10r2018,type uitgesloten (Bikes); geen prijs,ZX10R2018
wp-zx10r2019,type uitgesloten (Bikes); geen prijs,ZX10R2019
wp-zx10r2020,type uitgesloten (Bikes); geen prijs,ZX10R2020
wp-zx10r2021,type uitgesloten (Bikes); geen prijs,ZX10R2021
wp-zx10rr2017,type uitgesloten (Bikes); geen prijs,ZX10RR2017
wp-zx10rr2018,type uitgesloten (Bikes); geen prijs,ZX10RR2018
wp-zx10rr2019,type uitgesloten (Bikes); geen prijs,ZX10RR2019
wp-zx10rr2020,type uitgesloten (Bikes); geen prijs,ZX10RR2020
wp-zx10rr2021,type uitgesloten (Bikes); geen prijs,ZX10RR2021
wp-zx6r2012,type uitgesloten (Bikes); geen prijs,ZX6R2012
wp-zx6r2013,type uitgesloten (Bikes); geen prijs,ZX6R2013
wp-zx6r2014,type uitgesloten (Bikes); geen prijs,ZX6R2014
wp-zx6r2015,type uitgesloten (Bikes); geen prijs,ZX6R2015
wp-zx6r2016,type uitgesloten (Bikes); geen prijs,ZX6R2016
wp-zx6r2017,type uitgesloten (Bikes); geen prijs,ZX6R2017
wp-zx6r2018,type uitgesloten (Bikes); geen prijs,ZX6R2018
wp-zx6r2019,type uitgesloten (Bikes); geen prijs,ZX6R2019
wp-zx6r2020,type uitgesloten (Bikes); geen prijs,ZX6R2020
wp-zx6r2022,type uitgesloten (Bikes); geen prijs,ZX6R2022
