Handle,Title,Body (HTML),Vendor,Product category,Type,Tags,Published,Option1 Name,Option1 Value,Option2 Name,Option2 Value,Option3 Name,Option3 Value,Variant SKU,Variant Grams,Variant Inventory Tracker,Variant Inventory Qty,Variant Inventory Policy,Variant Fulfillment Service,Variant Price,Variant Compare At Price,Variant Requires Shipping,Variant Taxable,Variant Barcode,Image Src,Image Position,Image Alt Text,Gift Card,SEO Title,SEO Description,Google Shopping / Google Product Category,Google Shopping / Gender,Google Shopping / Age Group,Google Shopping / MPN,Google Shopping / AdWords Grouping,Google Shopping / AdWords Labels,Google Shopping / Condition,Google Shopping / Custom Product,Google Shopping / Custom Label 0,Google Shopping / Custom Label 1,Google Shopping / Custom Label 2,Google Shopping / Custom Label 3,Google Shopping / Custom Label 4,Variant Image,Variant Weight Unit,Variant Tax Code,Cost per item
wp-00010000356,Inner fork tube set,"<ul><li>Best possible performance</li><li>The right combination of look, style, and performance</li><li>High-quality look</li></ul><p></p>""DOA"" Deconbond oxyd anthracite coating",WP,Vehicles & Parts > Vehicle Parts & Accessories > Motor Vehicle Parts,WP - Special parts,WP - Technical Accessories,TRUE,Title,Default Title,,,,,00010000356,,shopify,,continue,manual,539.96,,TRUE,TRUE,9010544315271,https://cdn.shopify.com/s/files/1/0511/7820/9461/files/pho_wp_nmon_00010000356_inner_fork_tube_set__sall__awsg__v2.jpg?v=1680287313,1,Inner fork tube set,FALSE,Inner fork tube set,"Best possible performance The right combination of look, style, and performance High-quality look ""DOA"" Deconbond oxyd anthracite coating",Motor Vehicle Parts,,Adult,00010000356,WP - Special parts,WP - Technical Accessories,new,FALSE,,,,,,,kg,,
wp-00010000358,Inner fork tube set,"<ul><li>Best possible performance</li><li>The right combination of look, style, and performance</li><li>High-quality look</li></ul><p></p>""DOA"" Deconbond oxyd anthracite coating",WP,Vehicles & Parts > Vehicle Parts & Accessories > Motor Vehicle Parts,WP - Spare Parts,WP - Pro Components,FALSE,Title,Default Title,,,,,00010000358,,shopify,,continue,manual,399.97,,TRUE,TRUE,9010544314687,https://cdn.shopify.com/s/files/1/0511/7820/9461/files/pho_wp_nmon_00010000358_inner_fork_tube_set__sall__awsg__v1.jpg?v=1680287313,1,Inner fork tube set,FALSE,Inner fork tube set,"Best possible performance The right combination of look, style, and performance High-quality look ""DOA"" Deconbond oxyd anthracite coating",Motor Vehicle Parts,,Adult,00010000358,WP - Spare Parts,WP - Pro Components,new,FALSE,,,,,,,kg,,
wp-00010000362,Front brake conversion kit,Front brake conversion kit,WP,Vehicles & Parts > Vehicle Parts & Accessories > Motor Vehicle Parts,WP - Spare Parts,WP - Pro Components,TRUE,Title,Default Title,,,,,00010000362,,shopify,,continue,manual,399.97,,TRUE,TRUE,9010544329582,https://cdn.shopify.com/s/files/1/0511/7820/9461/files/pho_wp_nmon_00010000362_front_brake_conversion_kit__sall__awsg__v1.jpg?v=1680287313,1,Front brake conversion kit,FALSE,Front brake conversion kit,Front brake conversion kit,Motor Vehicle Parts,,Adult,00010000362,WP - Spare Parts,WP - Pro Components,new,FALSE,,,,,,,kg,,
wp-00010000413,Adjuster kit,"<ul><li>CNC milled from high-strength aluminum</li><li>Elegant anodised surface</li><li>Robust, solid construction</li></ul><p></p>",WP,Vehicles & Parts > Vehicle Parts & Accessories > Motor Vehicle Parts,WP - Special parts,WP - Technical Accessories,TRUE,Title,Default Title,,,,,00010000413,,shopify,,continue,manual,59.96,,TRUE,TRUE,9010544599954,https://cdn.shopify.com/s/files/1/0511/7820/9461/files/pho_nmon_00010000413_rebound_and_compression_adjuster_kit_studio_pictures_offroad__sall__awsg__v1.jpg?v=1713549952,1,Adjuster kit,FALSE,Adjuster kit,"CNC milled from high-strength aluminum Elegant anodised surface Robust, solid construction",Motor Vehicle Parts,,Adult,00010000413,WP - Special parts,WP - Technical Accessories,new,FALSE,,,,,,,kg,,
wp-00010000415,Preload adjuster set,"<ul><li>Made of the highest quality materials</li><li>Toolless adjustment of the spring preload</li></ul><p></p><ul><li class=""li-square"">Toolless adjustment of the reservoir spring prelaod</li><li class=""li-square"">Enables the adjustment of the ""Ride Balance""</li><li class=""li-square"">More preload on the reservoir spring = more oil pressure = more hold-up</li><li class=""li-square"">No loss of comfort with more preload</li></ul><p><br />For removal of Preload adjuster tool T12141 should be used.</p>",WP,Vehicles & Parts > Vehicle Parts & Accessories > Motor Vehicle Parts,WP - Preload adjuster,WP - Technical Accessories,TRUE,Title,Default Title,,,,,00010000415,,shopify,,continue,manual,299.05,,TRUE,TRUE,9010544612363,https://cdn.shopify.com/s/files/1/0511/7820/9461/files/pho_nmon_00010000415_preload_adjuster_set_studio_pictures_offroad_v2__sall__awsg__v1.png?v=1736333841,1,Preload adjuster set,FALSE,Preload adjuster set,"Made of the highest quality materials Toolless adjustment of the spring preload Toolless adjustment of the reservoir spring prelaod Enables the adjustment of the ""Ride Balance"" More preload on the reservoir spring = more oil pressure = more hold-up No loss of comfort with more preload For removal of Preload adjuster t…",Motor Vehicle Parts,,Adult,00010000415,WP - Preload adjuster,WP - Technical Accessories,new,FALSE,,,,,,,kg,,
wp-00010000416,Preload adjuster set,"<ul><li>Made of the highest quality materials</li><li>CNC milled from high-strength aluminum</li><li>High-quality look</li><li>Toolless adjustment of the spring preload</li></ul><p></p><ul><li class=""li-square"">Toolless adjustment of the reservoir spring prelaod</li><li class=""li-square"">Enables the adjustment of the ""Ride Balance""</li><li class=""li-square"">More preload on the reservoir spring = more oil pressure = more hold-up</li><li class=""li-square"">No loss of comfort with more preload</li></ul><p><br />For removal of Preload adjuster tool T12141 should be used.</p>",WP,Vehicles & Parts > Vehicle Parts & Accessories > Motor Vehicle Parts,WP - Preload adjuster,WP - Technical Accessories,TRUE,Title,Default Title,,,,,00010000416,,shopify,,continue,manual,399.00,,TRUE,TRUE,9010544613216,https://cdn.shopify.com/s/files/1/0511/7820/9461/files/pho_nmon_00010000416_preload_adjuster_set_studio_pictures_offroad__sall__awsg__v1.png?v=1736333917,1,Preload adjuster set,FALSE,Preload adjuster set,"Made of the highest quality materials CNC milled from high-strength aluminum High-quality look Toolless adjustment of the spring preload Toolless adjustment of the reservoir spring prelaod Enables the adjustment of the ""Ride Balance"" More preload on the reservoir spring = more oil pressure = more hold-up No loss of co…",Motor Vehicle Parts,,Adult,00010000416,WP - Preload adjuster,WP - Technical Accessories,new,FALSE,,,,,,,kg,,
wp-00010000420,Piston ring set,"<ul><li class=""li-square"">The steel piston ring, which is also installed in the WP Pro components shock absorbers, improves the service life of the piston and reduces the friction.</li><li class=""li-square"">Which effects the response of the shock absorber positive.</li><li class=""li-square"">Can be easily replaced when the shock absorber is serviced.</li><li class=""li-square"">For piston diameter 50mm.</li></ul>",WP,Vehicles & Parts > Vehicle Parts & Accessories > Motor Vehicle Parts,WP - Special parts,WP - Technical Accessories,TRUE,Title,Default Title,,,,,00010000420,,shopify,,continue,manual,18.94,,TRUE,TRUE,9010544451122,https://cdn.shopify.com/s/files/1/0511/7820/9461/files/pho_nmon_00010000420_piston_ring_set__sall__awsg__v1.jpg?v=1694068528,1,Piston ring set,FALSE,Piston ring set,"The steel piston ring, which is also installed in the WP Pro components shock absorbers, improves the service life of the piston and reduces the friction. Which effects the response of the shock absorber positive. Can be easily replaced when the shock absorber is serviced. For piston diameter 50mm.",Motor Vehicle Parts,,Adult,00010000420,WP - Special parts,WP - Technical Accessories,new,FALSE,,,,,,,kg,,
wp-00029016100,Combination tool,"<ul><li class=""li-square"">Recommended tool for removing the screw caps.</li><li class=""li-square"">Fits all closed cartridge forks.</li></ul>",WP,Hardware > Tools,WP - Tools,WP - Tool/transport,FALSE,Title,Default Title,,,,,00029016100,,shopify,,continue,manual,34.97,,TRUE,TRUE,9010544324372,https://cdn.shopify.com/s/files/1/0511/7820/9461/files/pho_wp_nmon_00029016100_combination_tool__sall__awsg__v1.jpg?v=1680287312,1,Combination tool,FALSE,Combination tool,Recommended tool for removing the screw caps. Fits all closed cartridge forks.,Tools,,Adult,00029016100,WP - Tools,WP - Tool/transport,new,FALSE,,,,,,,kg,,
wp-00029016100,,,,,,,,,,,,,,,,,,,,,,,,,https://cdn.shopify.com/s/files/1/0511/7820/9461/files/pho_nmon_00029016100_combination_tool__sall__awsg__v1.jpg?v=1680287312,2,Combination tool,,,,,,,,,,,,,,,,,,,,
wp-00029090100,Sag scale,Makes setting the sag significantly simpler. Folding version for easy stowing in the tool box.,WP,Hardware > Tools,WP - Measuring tool,WP - Special tools,FALSE,Title,Default Title,,,,,00029090100,,shopify,,continue,manual,55.05,,TRUE,TRUE,9010152019394,https://cdn.shopify.com/s/files/1/0511/7820/9461/files/pho_nmon_00029090500_00029090100_sag_gauge_new__sall__awsg__v1.jpg?v=1650461478,1,Sag scale,FALSE,Sag scale,Makes setting the sag significantly simpler. Folding version for easy stowing in the tool box.,Tools,,Adult,00029090100,WP - Measuring tool,WP - Special tools,new,FALSE,,,,,,,kg,,
wp-00029090200,Sag scale,"<ul><li class=""li-square"">Makes setting the sag significantly simpler.</li><li class=""li-square"">Folding version for easy stowing in the tool box.</li></ul>",WP,Hardware > Tools,WP - Tools,WP - Tool/transport,TRUE,Title,Default Title,,,,,00029090200,,shopify,,continue,manual,55.05,,TRUE,TRUE,9010544384703,https://cdn.shopify.com/s/files/1/0511/7820/9461/files/pho_nmon_00029090200_sag_scale__sall__awsg__v1.jpg?v=1665995010,1,Sag scale,FALSE,Sag scale,Makes setting the sag significantly simpler. Folding version for easy stowing in the tool box.,Tools,,Adult,00029090200,WP - Tools,WP - Tool/transport,new,FALSE,,,,,,,kg,,
wp-00029920000c1,Chain gauge,"<ul><li class=""li-square"">Patented gage for two important checks:</li><li class=""li-square"">Check and adjust chain tension</li><li class=""li-square"">Check chain lengthening (wear)</li></ul>",WP,Hardware > Tools,WP - Tools,WP - Tool/transport,FALSE,Title,Default Title,,,,,00029920000C1,,shopify,,continue,manual,19.96,,TRUE,TRUE,9010544409291,https://cdn.shopify.com/s/files/1/0511/7820/9461/files/pho_nmon_00029920000c1_chain_gauge__sall__awsg__v1.jpg?v=1662365318,1,Chain gauge,FALSE,Chain gauge,Patented gage for two important checks: Check and adjust chain tension Check chain lengthening (wear),Tools,,Adult,00029920000C1,WP - Tools,WP - Tool/transport,new,FALSE,,,,,,,kg,,
wp-00029920100c1,Chain gauge,- Patented gage for two important checks:<br />- Check and adjust chain tension<br />- Check chain lengthening (wear),WP,Hardware > Tools,WP - Tools,WP - Tool/transport,FALSE,Title,Default Title,,,,,00029920100C1,,shopify,,continue,manual,,,TRUE,TRUE,,https://cdn.shopify.com/s/files/1/0511/7820/9461/files/pho_nmon_00029920000c1_chain_gauge__sall__awsg__v1.jpg?v=1662365318,1,Chain gauge,FALSE,Chain gauge,- Patented gage for two important checks: - Check and adjust chain tension - Check chain lengthening (wear),Tools,,Adult,00029920100C1,WP - Tools,WP - Tool/transport,new,FALSE,,,,,,,kg,,
wp-00029996100,Torque wrench,"High-quality, adjustable torque wrench 5-25 NM, including the following accessories:<p>- Push-on spoke wrenches in sizes 5.65 and 6.95 mm<br />- Push-on ratchet ¼""<br />- Ratchet attachments: 6, 8, 10 mm socket wrench, 15 Torx</p><p> </p>",WP,Hardware > Tools,WP - Tools,WP - Tool/transport,TRUE,Title,Default Title,,,,,00029996100,,shopify,,continue,manual,279.03,,TRUE,TRUE,9010544518061,https://cdn.shopify.com/s/files/1/0511/7820/9461/files/pho_nmon_00029996100_torque_wrench_studio_pictures_offroad__sall__awsg__v1.jpg?v=1720159088,1,Torque wrench,FALSE,Torque wrench,"High-quality, adjustable torque wrench 5-25 NM, including the following accessories: - Push-on spoke wrenches in sizes 5.65 and 6.95 mm - Push-on ratchet ¼"" - Ratchet attachments: 6, 8, 10 mm socket wrench, 15 Torx",Tools,,Adult,00029996100,WP - Tools,WP - Tool/transport,new,FALSE,,,,,,,kg,,
wp-00050000929,Handlebar mount kit,Handlebar mount kit,WP,Vehicles & Parts > Vehicle Parts & Accessories > Motor Vehicle Parts,WP - Offroad,WP - Steering Damper,TRUE,Title,Default Title,,,,,00050000929,,shopify,,continue,manual,99.70,,TRUE,TRUE,9010152016188,https://cdn.shopify.com/s/files/1/0511/7820/9461/files/pho_nmon_00050000929_handlebar_support_kit__sall__awsg__v1.jpg?v=1650465297,1,Handlebar mount kit,FALSE,Handlebar mount kit,Handlebar mount kit,Motor Vehicle Parts,,Adult,00050000929,WP - Offroad,WP - Steering Damper,new,FALSE,,,,,,,kg,,
wp-00062010051,Special grease AER Fork 50g,Special grease AER Fork 50g,WP,Hardware > Tools,WP - Grease,WP - Special tools,FALSE,Title,Default Title,,,,,00062010051,,shopify,,continue,manual,12.28,,TRUE,TRUE,9010152013262,https://cdn.shopify.com/s/files/1/0511/7820/9461/files/pho_fallback_fallback_no_picture__sall__awsg__v1.jpg?v=1774382207,1,Special grease AER Fork 50g,FALSE,Special grease AER Fork 50g,Special grease AER Fork 50g,Tools,,Adult,00062010051,WP - Grease,WP - Special tools,new,FALSE,,,,,,,kg,,
wp-00062010053,Special grease AER Fork,Special grease AER Fork,WP,Hardware > Tools,WP - Grease,WP - Special tools,TRUE,Title,Default Title,,,,,00062010053,,shopify,,continue,manual,43.20,,TRUE,TRUE,9010152013255,https://cdn.shopify.com/s/files/1/0511/7820/9461/files/pho_nmon_00062010053_spezial_fett_aer_fork_400g__sall__awsg__v1.jpg?v=1662365335,1,Special grease AER Fork,FALSE,Special grease AER Fork,Special grease AER Fork,Tools,,Adult,00062010053,WP - Grease,WP - Special tools,new,FALSE,,,,,,,kg,,
wp-0015080256s,Hexagonal bolt with external hexagon with collar M8x25,Hexagonal bolt with external hexagon with collar M8x25,WP,Vehicles & Parts > Vehicle Parts & Accessories > Motor Vehicle Parts,WP - Spare Parts,WP - Pro Components,TRUE,Title,Default Title,,,,,0015080256S,,shopify,,continue,manual,3.27,,TRUE,TRUE,9010152039934,https://cdn.shopify.com/s/files/1/0511/7820/9461/files/pho_fallback_fallback_no_picture__sall__awsg__v1.jpg?v=1774382207,1,Hexagonal bolt with external hexagon with collar M8x25,FALSE,Hexagonal bolt with external hexagon with collar M8x25,Hexagonal bolt with external hexagon with collar M8x25,Motor Vehicle Parts,,Adult,0015080256S,WP - Spare Parts,WP - Pro Components,new,FALSE,,,,,,,kg,,
wp-0025080256s,Hexagonal bolt with external hexagon with collar M8x25,Hexagonal bolt with external hexagon with collar M8x25,WP,Vehicles & Parts > Vehicle Parts & Accessories > Motor Vehicle Parts,WP - Spare Parts,WP - Pro Components,TRUE,Title,Default Title,,,,,0025080256S,,shopify,,continue,manual,3.75,,TRUE,TRUE,9010152037947,https://cdn.shopify.com/s/files/1/0511/7820/9461/files/pho_fallback_fallback_no_picture__sall__awsg__v1.jpg?v=1774382207,1,Hexagonal bolt with external hexagon with collar M8x25,FALSE,Hexagonal bolt with external hexagon with collar M8x25,Hexagonal bolt with external hexagon with collar M8x25,Motor Vehicle Parts,,Adult,0025080256S,WP - Spare Parts,WP - Pro Components,new,FALSE,,,,,,,kg,,
wp-0025080356,Hexagonal bolt with external hexagon with collar M8X35,Hexagonal bolt with external hexagon with collar M8X35,WP,Vehicles & Parts > Vehicle Parts & Accessories > Motor Vehicle Parts,WP - Spare Parts,WP - Pro Components,TRUE,Title,Default Title,,,,,0025080356,,shopify,,continue,manual,3.27,,TRUE,TRUE,9010152037893,https://cdn.shopify.com/s/files/1/0511/7820/9461/files/pho_fallback_fallback_no_picture__sall__awsg__v1.jpg?v=1774382207,1,Hexagonal bolt with external hexagon with collar M8X35,FALSE,Hexagonal bolt with external hexagon with collar M8X35,Hexagonal bolt with external hexagon with collar M8X35,Motor Vehicle Parts,,Adult,0025080356,WP - Spare Parts,WP - Pro Components,new,FALSE,,,,,,,kg,,
wp-0025080406,Hexagonal bolt with external hexagon with collar M8X40 ISA 40,Hexagonal bolt with external hexagon with collar M8X40 ISA 40,WP,Vehicles & Parts > Vehicle Parts & Accessories > Motor Vehicle Parts,WP - Spare Parts,WP - Pro Components,TRUE,Title,Default Title,,,,,0025080406,,shopify,,continue,manual,3.27,,TRUE,TRUE,9010152037879,https://cdn.shopify.com/s/files/1/0511/7820/9461/files/pho_fallback_fallback_no_picture__sall__awsg__v1.jpg?v=1774382207,1,Hexagonal bolt with external hexagon with collar M8X40 ISA 40,FALSE,Hexagonal bolt with external hexagon with collar M8X40 ISA 40,Hexagonal bolt with external hexagon with collar M8X40 ISA 40,Motor Vehicle Parts,,Adult,0025080406,WP - Spare Parts,WP - Pro Components,new,FALSE,,,,,,,kg,,
wp-0025080456,Hexagonal bolt with external hexagon with collar M8X45 TX40,Hexagonal bolt with external hexagon with collar M8X45 TX40,WP,Vehicles & Parts > Vehicle Parts & Accessories > Motor Vehicle Parts,WP - Spare Parts,WP - Pro Components,FALSE,Title,Default Title,,,,,0025080456,,shopify,,continue,manual,,,TRUE,TRUE,,https://cdn.shopify.com/s/files/1/0511/7820/9461/files/pho_fallback_fallback_no_picture__sall__awsg__v1.jpg?v=1774382207,1,Hexagonal bolt with external hexagon with collar M8X45 TX40,FALSE,Hexagonal bolt with external hexagon with collar M8X45 TX40,Hexagonal bolt with external hexagon with collar M8X45 TX40,Motor Vehicle Parts,,Adult,0025080456,WP - Spare Parts,WP - Pro Components,new,FALSE,,,,,,,kg,,
wp-0025080506,Hexagonal bolt with external hexagon with collar,Hexagonal bolt with external hexagon with collar,WP,Vehicles & Parts > Vehicle Parts & Accessories > Motor Vehicle Parts,WP - Spare Parts,WP - Pro Components,TRUE,Title,Default Title,,,,,0025080506,,shopify,,continue,manual,3.75,,TRUE,TRUE,9010152037831,https://cdn.shopify.com/s/files/1/0511/7820/9461/files/pho_fallback_fallback_no_picture__sall__awsg__v1.jpg?v=1774382207,1,Hexagonal bolt with external hexagon with collar,FALSE,Hexagonal bolt with external hexagon with collar,Hexagonal bolt with external hexagon with collar,Motor Vehicle Parts,,Adult,0025080506,WP - Spare Parts,WP - Pro Components,new,FALSE,,,,,,,kg,,
wp-0251l101u400220,AER Conversion kit,"<ul><li><a href=""https://www.wp-suspension.com/autorisierte-zentren/"">This product is exclusively available through WP authorized centers.</a> </li></ul><p></p><ul><li class=""li-square"">Same performance as the air spring fork, but uses conventional coil spring system</li><li class=""li-square"">Latest technology paired with traditional concept</li><li class=""li-square"">High-quality original WP PRO COMPONENTS product</li><li class=""li-square"">Adjustable preload</li></ul><p><strong>Scope of delivery</strong></p><ul><li class=""li-square"">Cartridge</li><li class=""li-square"">Spacer</li></ul><p><strong>Note</strong></p><p>Fork springs need to be ordered separately. Settings can be found under documents.</p>",WP,Vehicles & Parts > Vehicle Parts & Accessories > Motor Vehicle Parts,WP - Offroad,WP - Cartridge,TRUE,Title,Default Title,,,,,0251L101U400220,,shopify,,continue,manual,499.97,,TRUE,TRUE,9010544261349,https://cdn.shopify.com/s/files/1/0511/7820/9461/files/pho_nmon_0791l101u400220_aer_conversion_kit__sall__awsg__v1.jpg?v=1779133004,1,AER Conversion kit,FALSE,AER Conversion kit,"This product is exclusively available through WP authorized centers. Same performance as the air spring fork, but uses conventional coil spring system Latest technology paired with traditional concept High-quality original WP PRO COMPONENTS product Adjustable preload Scope of delivery Cartridge Spacer Note Fork spring…",Motor Vehicle Parts,,Adult,0251L101U400220,WP - Offroad,WP - Cartridge,new,FALSE,,,,,,,kg,,
wp-03180m01set,XACT PRO 7736 Shock absorber,"<ul><li>Friction optimized components</li><li>Fully adjustable with standard tools</li><li>All adjustments can be made externally</li><li>Adjustable spring preload</li><li>Adjustable high-speed compression damping</li><li>Adjustable low-speed compression damping</li><li>Adjustable rebound damping</li></ul><p></p><strong>Scope of delivery</strong><ul><li class=""li-square"">Shock absorber incl. 35 N/mm shock spring</li><li class=""li-square"">Sticker</li></ul>",WP,Vehicles & Parts > Vehicle Parts & Accessories > Motor Vehicle Parts,WP - Offroad,WP - Shock,FALSE,Title,Default Title,,,,,03180M01SET,,shopify,,continue,manual,,,TRUE,TRUE,,https://cdn.shopify.com/s/files/1/0511/7820/9461/files/pho_wp_nmon_03180m01set_xact_pro_7736_federbein__sall__awsg__v1.png?v=1680287572,1,XACT PRO 7736 Shock absorber,FALSE,XACT PRO 7736 Shock absorber,Friction optimized components Fully adjustable with standard tools All adjustments can be made externally Adjustable spring preload Adjustable high-speed compression damping Adjustable low-speed compression damping Adjustable rebound damping Scope of delivery Shock absorber incl. 35 N/mm shock spring Sticker,Motor Vehicle Parts,,Adult,03180M01SET,WP - Offroad,WP - Shock,new,FALSE,,,,,,,kg,,
wp-03180n02set,XACT PRO 7736 Shock absorber,"<ul><li>Friction optimized components</li><li>Fully adjustable with standard tools</li><li>All adjustments can be made externally</li><li>Adjustable spring preload</li><li>Adjustable high-speed compression damping</li><li>Adjustable low-speed compression damping</li><li>Adjustable rebound damping</li></ul><p></p><strong>Scope of delivery</strong><ul><li class=""li-square"">Shock absorber incl. 40 N/mm shock spring</li><li class=""li-square"">Sticker</li></ul>",WP,Vehicles & Parts > Vehicle Parts & Accessories > Motor Vehicle Parts,WP - Offroad,WP - Shock,FALSE,Title,Default Title,,,,,03180N02SET,,shopify,,continue,manual,,,TRUE,TRUE,,https://cdn.shopify.com/s/files/1/0511/7820/9461/files/pho_wp_nmon_03180n02set_xact_pro_7736_federbein__sall__awsg__v1.png?v=1680287572,1,XACT PRO 7736 Shock absorber,FALSE,XACT PRO 7736 Shock absorber,Friction optimized components Fully adjustable with standard tools All adjustments can be made externally Adjustable spring preload Adjustable high-speed compression damping Adjustable low-speed compression damping Adjustable rebound damping Scope of delivery Shock absorber incl. 40 N/mm shock spring Sticker,Motor Vehicle Parts,,Adult,03180N02SET,WP - Offroad,WP - Shock,new,FALSE,,,,,,,kg,,
wp-0472c104u203220,XACT PRO 7543 Spring fork,"<ul><li>Unique valve system</li><li>Greater comfort</li><li>Higher bottoming resistance</li><li>Better response</li><li>Greater confidence in all situations</li><li>Friction optimized components</li><li>High quality coating</li><li>All adjustments can be made externally</li></ul><p></p><strong>Scope of delivery</strong><ul><li class=""li-square"">Spring fork incl. 3.2 N/mm Fork spring</li><li class=""li-square"">Sticker</li><li class=""li-square"">Tools</li></ul><p><strong>Note</strong><br />00010000362 is required for installation in MY18-20.<br />MY25 setting see ""Documents - Setting list"".<br /></p>",WP,Vehicles & Parts > Vehicle Parts & Accessories > Motor Vehicle Parts,WP - Offroad,WP - Fork,TRUE,Title,Default Title,,,,,0472C104U203220,,shopify,,continue,manual,2499.07,,TRUE,TRUE,9010544284935,https://cdn.shopify.com/s/files/1/0511/7820/9461/files/pho_nmon_0472c104u203220_xact_pro_7543_spring_fork__sall__awsg__v2.png?v=1779132894,1,XACT PRO 7543 Spring fork,FALSE,XACT PRO 7543 Spring fork,Unique valve system Greater comfort Higher bottoming resistance Better response Greater confidence in all situations Friction optimized components High quality coating All adjustments can be made externally Scope of delivery Spring fork incl. 3.2 N/mm Fork spring Sticker Tools Note 00010000362 is required for installa…,Motor Vehicle Parts,,Adult,0472C104U203220,WP - Offroad,WP - Fork,new,FALSE,,,,,,,kg,,
wp-0472c404u311220,XACT PRO 8946 Shock absorber,"<ul><li>Friction optimized components</li><li>Adjustable spring preload</li><li>Adjustable high-speed compression damping</li><li>Adjustable low-speed compression damping</li><li>Greater grip and traction</li><li>Supertrax technology</li><li>Greater confidence in all situations</li><li>Improved and calmer ride</li><li>Greater comfort</li><li>Lower physical strain</li><li>Adjustable high-speed rebound damping</li><li>Adjustable low-speed rebound damping</li></ul><p></p><strong>Scope of delivery</strong><ul><li class=""li-square"">Shock absorber incl. 45 N/mm shock spring</li><li class=""li-square"">Sticker</li></ul>",WP,Vehicles & Parts > Vehicle Parts & Accessories > Motor Vehicle Parts,WP - Offroad,WP - Shock,TRUE,Title,Default Title,,,,,0472C404U311220,,shopify,,continue,manual,1769.93,,TRUE,TRUE,9010544285024,https://cdn.shopify.com/s/files/1/0511/7820/9461/files/pho_wp_nmon_0472c404u311220_xact_pro_8946_shock_absorber__sall__awsg__v2.png?v=1680287572,1,XACT PRO 8946 Shock absorber,FALSE,XACT PRO 8946 Shock absorber,Friction optimized components Adjustable spring preload Adjustable high-speed compression damping Adjustable low-speed compression damping Greater grip and traction Supertrax technology Greater confidence in all situations Improved and calmer ride Greater comfort Lower physical strain Adjustable high-speed rebound dam…,Motor Vehicle Parts,,Adult,0472C404U311220,WP - Offroad,WP - Shock,new,FALSE,,,,,,,kg,,
wp-0472c404u314220,XACT PRO 8946 Shock absorber,"<ul><li><a href=""https://www.wp-suspension.com/autorisierte-zentren/"">This product is exclusively available through WP authorized centers.</a> </li></ul><p></p><ul><li>Friction optimized components</li><li>Adjustable spring preload</li><li>Adjustable high-speed compression damping</li><li>Adjustable low-speed compression damping</li><li>Adjustable rebound damping</li><li>Greater grip and traction</li><li>Supertrax technology</li><li>Greater confidence in all situations</li><li>Improved and calmer ride</li><li>Greater comfort</li><li>Lower physical strain</li></ul><p></p>Scope of delivery<br />Shock absorber incl. 45 N/mm shock spring<br />Sticker<br />Bladder Kit",WP,Vehicles & Parts > Vehicle Parts & Accessories > Motor Vehicle Parts,WP - Offroad,WP - Shock,TRUE,Title,Default Title,,,,,0472C404U314220,,shopify,,continue,manual,1799.94,,TRUE,TRUE,9010544329445,https://cdn.shopify.com/s/files/1/0511/7820/9461/files/pho_nmon_0472c404u314220_xact_pro_8946_shock_absorber__sall__awsg__v1.jpg?v=1779133022,1,XACT PRO 8946 Shock absorber,FALSE,XACT PRO 8946 Shock absorber,This product is exclusively available through WP authorized centers. Friction optimized components Adjustable spring preload Adjustable high-speed compression damping Adjustable low-speed compression damping Adjustable rebound damping Greater grip and traction Supertrax technology Greater confidence in all situations…,Motor Vehicle Parts,,Adult,0472C404U314220,WP - Offroad,WP - Shock,new,FALSE,,,,,,,kg,,
wp-0472c404u314220,,,,,,,,,,,,,,,,,,,,,,,,,https://cdn.shopify.com/s/files/1/0511/7820/9461/files/pho_nmon_0472c404u314220_xact_pro_8946_shock_absorber_mit__sall__awsg__v1.png?v=1779132733,2,XACT PRO 8946 Shock absorber,,,,,,,,,,,,,,,,,,,,
wp-05060l01set,APEX PRO 7500 Cartridge,"<ul><li class=""li-circle"">Advanced closed-cartridge technology suitable for retrofitting</li><li class=""li-circle"">High performance and good response in any situation</li><li class=""li-circle"">All aluminum parts CNC- machined and anodized</li><li class=""li-circle"">Full adjustability with standard tools</li><li class=""li-circle"">Reduces tire abrasion and improves handling</li><li class=""li-circle"">This suspension puts your engine power where you want it - on the road!</li><li class=""li-circle"">Adjustable spring preload</li><li class=""li-circle"">Adjustable compression damping</li><li class=""li-circle"">Adjustable rebound damping</li></ul>",WP,Vehicles & Parts > Vehicle Parts & Accessories > Motor Vehicle Parts,WP - Street,WP - Cartridge,FALSE,Title,Default Title,,,,,05060L01SET,,shopify,,continue,manual,,,TRUE,TRUE,,https://cdn.shopify.com/s/files/1/0511/7820/9461/files/pho_wp_nmon_competitincartridgekit__sall__awsg__v1.jpg?v=1680287450,1,APEX PRO 7500 Cartridge,FALSE,APEX PRO 7500 Cartridge,Advanced closed-cartridge technology suitable for retrofitting High performance and good response in any situation All aluminum parts CNC- machined and anodized Full adjustability with standard tools Reduces tire abrasion and improves handling This suspension puts your engine power where you want it - on the road! Adj…,Motor Vehicle Parts,,Adult,05060L01SET,WP - Street,WP - Cartridge,new,FALSE,,,,,,,kg,,
wp-05140l01set,APEX PRO 7500 Cartridge,"<ul><li>Closed cartridge technology</li><li>Better response</li><li>Reduced tire wear</li><li>Greater confidence in all situations</li><li>Improved damping behavior</li><li>Finer adjustment options</li><li>Technology from the Supersport World Championship</li><li>Motorsport expertise for the street</li><li>All adjustments can be made externally</li><li>Adjustable spring preload</li><li>Adjustable rebound damping</li><li>Adjustable compression damping</li></ul><p></p><strong>Scope of delivery</strong><ul><li class=""li-square"">Cartridge incl. 9.0, 9.5 und 10 N/mm fork spring</li><li class=""li-square"">Sticker</li><li class=""li-square"">Tools</li></ul>",WP,Vehicles & Parts > Vehicle Parts & Accessories > Motor Vehicle Parts,WP - Street,WP - Cartridge,FALSE,Title,Default Title,,,,,05140L01SET,,shopify,,continue,manual,,,TRUE,TRUE,,https://cdn.shopify.com/s/files/1/0511/7820/9461/files/pho_nmon_55182t91set_apex_pro_7500__sall__awsg__v2.png?v=1736367236,1,APEX PRO 7500 Cartridge,FALSE,APEX PRO 7500 Cartridge,Closed cartridge technology Better response Reduced tire wear Greater confidence in all situations Improved damping behavior Finer adjustment options Technology from the Supersport World Championship Motorsport expertise for the street All adjustments can be made externally Adjustable spring preload Adjustable rebound…,Motor Vehicle Parts,,Adult,05140L01SET,WP - Street,WP - Cartridge,new,FALSE,,,,,,,kg,,
wp-05140l02set,APEX PRO 7500 Cartridge,"<ul><li class=""li-circle"">Advanced closed-cartridge technology suitable for retrofitting</li><li class=""li-circle"">High performance and good response in any situation</li><li class=""li-circle"">All aluminum parts CNC- machined and anodized</li><li class=""li-circle"">Full adjustability with standard tools</li><li class=""li-circle"">Reduces tire abrasion and improves handling</li><li class=""li-circle"">This suspension puts your engine power where you want it - on the road!</li><li class=""li-circle"">Adjustable spring preload</li><li class=""li-circle"">Adjustable compression damping</li><li class=""li-circle"">Adjustable rebound damping</li></ul>",WP,Vehicles & Parts > Vehicle Parts & Accessories > Motor Vehicle Parts,WP - Street,WP - Cartridge,FALSE,Title,Default Title,,,,,05140L02SET,,shopify,,continue,manual,,,TRUE,TRUE,,https://cdn.shopify.com/s/files/1/0511/7820/9461/files/pho_wp_nmon_competitincartridgekit__sall__awsg__v1.jpg?v=1680287450,1,APEX PRO 7500 Cartridge,FALSE,APEX PRO 7500 Cartridge,Advanced closed-cartridge technology suitable for retrofitting High performance and good response in any situation All aluminum parts CNC- machined and anodized Full adjustability with standard tools Reduces tire abrasion and improves handling This suspension puts your engine power where you want it - on the road! Adj…,Motor Vehicle Parts,,Adult,05140L02SET,WP - Street,WP - Cartridge,new,FALSE,,,,,,,kg,,
wp-05170l01set,APEX PRO 7500 Cartridge,"<ul><li>Closed cartridge technology</li><li>Better response</li><li>Reduced tire wear</li><li>Greater confidence in all situations</li><li>Improved damping behavior</li><li>Finer adjustment options</li><li>Technology from the Supersport World Championship</li><li>Motorsport expertise for the street</li><li>All adjustments can be made externally</li><li>Adjustable spring preload</li><li>Adjustable rebound damping</li><li>Adjustable compression damping</li></ul><p></p><strong>Scope of delivery</strong><ul><li class=""li-square"">Cartridge incl. 9.0, 9.5 und 10 N/mm fork spring</li><li class=""li-square"">Sticker</li><li class=""li-square"">Tools</li></ul>",WP,Vehicles & Parts > Vehicle Parts & Accessories > Motor Vehicle Parts,WP - Street,WP - Cartridge,FALSE,Title,Default Title,,,,,05170L01SET,,shopify,,continue,manual,,,TRUE,TRUE,,https://cdn.shopify.com/s/files/1/0511/7820/9461/files/pho_wp_nmon_competitincartridgekit__sall__awsg__v1.jpg?v=1680287450,1,APEX PRO 7500 Cartridge,FALSE,APEX PRO 7500 Cartridge,Closed cartridge technology Better response Reduced tire wear Greater confidence in all situations Improved damping behavior Finer adjustment options Technology from the Supersport World Championship Motorsport expertise for the street All adjustments can be made externally Adjustable spring preload Adjustable rebound…,Motor Vehicle Parts,,Adult,05170L01SET,WP - Street,WP - Cartridge,new,FALSE,,,,,,,kg,,
wp-05170l02set,APEX PRO 7500 Cartridge,"<ul><li class=""li-circle"">Advanced closed-cartridge technology suitable for retrofitting</li><li class=""li-circle"">High performance and good response in any situation</li><li class=""li-circle"">All aluminum parts CNC- machined and anodized</li><li class=""li-circle"">Full adjustability with standard tools</li><li class=""li-circle"">Reduces tire abrasion and improves handling</li><li class=""li-circle"">This suspension puts your engine power where you want it - on the road!</li><li class=""li-circle"">Adjustable spring preload</li><li class=""li-circle"">Adjustable compression damping</li><li class=""li-circle"">Adjustable rebound damping</li></ul>",WP,Vehicles & Parts > Vehicle Parts & Accessories > Motor Vehicle Parts,WP - Street,WP - Cartridge,FALSE,Title,Default Title,,,,,05170L02SET,,shopify,,continue,manual,,,TRUE,TRUE,,https://cdn.shopify.com/s/files/1/0511/7820/9461/files/pho_wp_nmon_competitincartridgekit__sall__awsg__v1.jpg?v=1680287450,1,APEX PRO 7500 Cartridge,FALSE,APEX PRO 7500 Cartridge,Advanced closed-cartridge technology suitable for retrofitting High performance and good response in any situation All aluminum parts CNC- machined and anodized Full adjustability with standard tools Reduces tire abrasion and improves handling This suspension puts your engine power where you want it - on the road! Adj…,Motor Vehicle Parts,,Adult,05170L02SET,WP - Street,WP - Cartridge,new,FALSE,,,,,,,kg,,
wp-05180l01set,APEX PRO 7500 Cartridge,"<ul><li class=""li-circle"">Advanced closed-cartridge technology suitable for retrofitting</li><li class=""li-circle"">High performance and good response in any situation</li><li class=""li-circle"">All aluminum parts CNC- machined and anodized</li><li class=""li-circle"">Full adjustability with standard tools</li><li class=""li-circle"">Reduces tire abrasion and improves handling</li><li class=""li-circle"">This suspension puts your engine power where you want it - on the road!</li><li class=""li-circle"">Adjustable spring preload</li><li class=""li-circle"">Adjustable compression damping</li><li class=""li-circle"">Adjustable rebound damping</li></ul>",WP,Vehicles & Parts > Vehicle Parts & Accessories > Motor Vehicle Parts,WP - Street,WP - Cartridge,FALSE,Title,Default Title,,,,,05180L01SET,,shopify,,continue,manual,1982.52,,TRUE,TRUE,9010152052407,https://cdn.shopify.com/s/files/1/0511/7820/9461/files/pho_wp_nmon_competitincartridgekit__sall__awsg__v1.jpg?v=1680287450,1,APEX PRO 7500 Cartridge,FALSE,APEX PRO 7500 Cartridge,Advanced closed-cartridge technology suitable for retrofitting High performance and good response in any situation All aluminum parts CNC- machined and anodized Full adjustability with standard tools Reduces tire abrasion and improves handling This suspension puts your engine power where you want it - on the road! Adj…,Motor Vehicle Parts,,Adult,05180L01SET,WP - Street,WP - Cartridge,new,FALSE,,,,,,,kg,,
wp-05182n02set,APEX PRO 6543 Spring fork,APEX PRO 6543 Spring fork,WP,Vehicles & Parts > Vehicle Parts & Accessories > Motor Vehicle Parts,WP - Street,WP - Fork,FALSE,Title,Default Title,,,,,05182N02SET,,shopify,,continue,manual,,,TRUE,TRUE,,https://cdn.shopify.com/s/files/1/0511/7820/9461/files/pho_wp_nmon_cupgabelktmrc3902014__sall__awsg__v1.jpg?v=1680287473,1,APEX PRO 6543 Spring fork,FALSE,APEX PRO 6543 Spring fork,APEX PRO 6543 Spring fork,Motor Vehicle Parts,,Adult,05182N02SET,WP - Street,WP - Fork,new,FALSE,,,,,,,kg,,
wp-05182r10set,APEX PRO 6543 Spring fork,"<ul><li>Open cartridge technology</li><li>Adjustable spring preload</li><li>Adjustable rebound damping</li><li>Adjustable compression damping</li><li>Greater stability</li><li>Improved damping behavior</li><li>Improved and calmer ride</li><li>Greater comfort</li><li>Friction optimized components</li><li>High quality coating</li><li>Fully adjustable with standard tools</li><li>All adjustments can be made externally</li></ul><p></p><strong>Scope of delivery</strong><ul><li class=""li-square"">Spring fork incl. 7.5 N/mm fork spring</li><li class=""li-square"">Sticker</li></ul>",WP,Vehicles & Parts > Vehicle Parts & Accessories > Motor Vehicle Parts,WP - Street,WP - Fork,FALSE,Title,Default Title,,,,,05182R10SET,,shopify,,continue,manual,1677.54,,TRUE,TRUE,9010152052346,https://cdn.shopify.com/s/files/1/0511/7820/9461/files/pho_wp_nmon_cupgabelktmrc3902014__sall__awsg__v1.jpg?v=1680287473,1,APEX PRO 6543 Spring fork,FALSE,APEX PRO 6543 Spring fork,Open cartridge technology Adjustable spring preload Adjustable rebound damping Adjustable compression damping Greater stability Improved damping behavior Improved and calmer ride Greater comfort Friction optimized components High quality coating Fully adjustable with standard tools All adjustments can be made external…,Motor Vehicle Parts,,Adult,05182R10SET,WP - Street,WP - Fork,new,FALSE,,,,,,,kg,,
wp-05230l01set,APEX PRO 7500 Cartridge,"<ul><li class=""li-circle"">Advanced closed-cartridge technology suitable for retrofitting</li><li class=""li-circle"">High performance and good response in any situation</li><li class=""li-circle"">All aluminum parts CNC- machined and anodized</li><li class=""li-circle"">Full adjustability with standard tools</li><li class=""li-circle"">Reduces tire abrasion and improves handling</li><li class=""li-circle"">This suspension puts your engine power where you want it - on the road!</li><li class=""li-circle"">Adjustable spring preload</li><li class=""li-circle"">Adjustable compression damping</li><li class=""li-circle"">Adjustable rebound damping</li></ul>",WP,Vehicles & Parts > Vehicle Parts & Accessories > Motor Vehicle Parts,WP - Street,WP - Cartridge,FALSE,Title,Default Title,,,,,05230L01SET,,shopify,,continue,manual,,,TRUE,TRUE,,https://cdn.shopify.com/s/files/1/0511/7820/9461/files/pho_wp_nmon_competitincartridgekit__sall__awsg__v1.jpg?v=1680287450,1,APEX PRO 7500 Cartridge,FALSE,APEX PRO 7500 Cartridge,Advanced closed-cartridge technology suitable for retrofitting High performance and good response in any situation All aluminum parts CNC- machined and anodized Full adjustability with standard tools Reduces tire abrasion and improves handling This suspension puts your engine power where you want it - on the road! Adj…,Motor Vehicle Parts,,Adult,05230L01SET,WP - Street,WP - Cartridge,new,FALSE,,,,,,,kg,,
wp-05230l02set,APEX PRO 7500 Cartridge,"<ul><li class=""li-circle"">Advanced closed-cartridge technology suitable for retrofitting</li><li class=""li-circle"">High performance and good response in any situation</li><li class=""li-circle"">All aluminum parts CNC- machined and anodized</li><li class=""li-circle"">Full adjustability with standard tools</li><li class=""li-circle"">Reduces tire abrasion and improves handling</li><li class=""li-circle"">This suspension puts your engine power where you want it - on the road!</li><li class=""li-circle"">Adjustable spring preload</li><li class=""li-circle"">Adjustable compression damping</li><li class=""li-circle"">Adjustable rebound damping</li></ul>",WP,Vehicles & Parts > Vehicle Parts & Accessories > Motor Vehicle Parts,WP - Street,WP - Cartridge,FALSE,Title,Default Title,,,,,05230L02SET,,shopify,,continue,manual,,,TRUE,TRUE,,https://cdn.shopify.com/s/files/1/0511/7820/9461/files/pho_wp_nmon_competitincartridgekit__sall__awsg__v1.jpg?v=1680287450,1,APEX PRO 7500 Cartridge,FALSE,APEX PRO 7500 Cartridge,Advanced closed-cartridge technology suitable for retrofitting High performance and good response in any situation All aluminum parts CNC- machined and anodized Full adjustability with standard tools Reduces tire abrasion and improves handling This suspension puts your engine power where you want it - on the road! Adj…,Motor Vehicle Parts,,Adult,05230L02SET,WP - Street,WP - Cartridge,new,FALSE,,,,,,,kg,,
wp-05270l01set,APEX PRO 7500 Cartridge,"<ul><li>Closed cartridge technology</li><li>Better response</li><li>Reduced tire wear</li><li>Greater confidence in all situations</li><li>Improved damping behavior</li><li>Finer adjustment options</li><li>Technology from the Supersport World Championship</li><li>Motorsport expertise for the street</li><li>All adjustments can be made externally</li><li>Adjustable spring preload</li><li>Adjustable rebound damping</li><li>Adjustable compression damping</li></ul><p></p><strong>Scope of delivery</strong><ul><li class=""li-square"">Cartridge incl. 9.0, 9.5 und 10 N/mm fork spring</li><li class=""li-square"">Sticker</li><li class=""li-square"">Tools</li></ul>",WP,Vehicles & Parts > Vehicle Parts & Accessories > Motor Vehicle Parts,WP - Street,WP - Cartridge,FALSE,Title,Default Title,,,,,05270L01SET,,shopify,,continue,manual,,,TRUE,TRUE,,https://cdn.shopify.com/s/files/1/0511/7820/9461/files/pho_wp_nmon_competitincartridgekit__sall__awsg__v1.jpg?v=1680287450,1,APEX PRO 7500 Cartridge,FALSE,APEX PRO 7500 Cartridge,Closed cartridge technology Better response Reduced tire wear Greater confidence in all situations Improved damping behavior Finer adjustment options Technology from the Supersport World Championship Motorsport expertise for the street All adjustments can be made externally Adjustable spring preload Adjustable rebound…,Motor Vehicle Parts,,Adult,05270L01SET,WP - Street,WP - Cartridge,new,FALSE,,,,,,,kg,,
wp-05992p02set,APEX PRO 7543 Spring fork,APEX PRO 7543 Spring fork,WP,Vehicles & Parts > Vehicle Parts & Accessories > Motor Vehicle Parts,WP - Street,WP - Fork,FALSE,Title,Default Title,,,,,05992P02SET,,shopify,,continue,manual,,,TRUE,TRUE,,https://cdn.shopify.com/s/files/1/0511/7820/9461/files/pho_wp_nmon_fork_street_motorsport__sall__awsg__v1.jpg?v=1680287451,1,APEX PRO 7543 Spring fork,FALSE,APEX PRO 7543 Spring fork,APEX PRO 7543 Spring fork,Motor Vehicle Parts,,Adult,05992P02SET,WP - Street,WP - Fork,new,FALSE,,,,,,,kg,,
wp-05992p03set,APEX PRO 7543 Spring fork,APEX PRO 7543 Spring fork,WP,Vehicles & Parts > Vehicle Parts & Accessories > Motor Vehicle Parts,WP - Street,WP - Fork,FALSE,Title,Default Title,,,,,05992P03SET,,shopify,,continue,manual,,,TRUE,TRUE,,https://cdn.shopify.com/s/files/1/0511/7820/9461/files/pho_wp_nmon_fork_street_motorsport__sall__awsg__v1.jpg?v=1680287451,1,APEX PRO 7543 Spring fork,FALSE,APEX PRO 7543 Spring fork,APEX PRO 7543 Spring fork,Motor Vehicle Parts,,Adult,05992P03SET,WP - Street,WP - Fork,new,FALSE,,,,,,,kg,,
wp-05992p04set,APEX PRO 7543 Spring fork,APEX PRO 7543 Spring fork,WP,Vehicles & Parts > Vehicle Parts & Accessories > Motor Vehicle Parts,WP - Street,WP - Fork,FALSE,Title,Default Title,,,,,05992P04SET,,shopify,,continue,manual,,,TRUE,TRUE,,https://cdn.shopify.com/s/files/1/0511/7820/9461/files/pho_wp_nmon_fork_street_motorsport__sall__awsg__v1.jpg?v=1680287451,1,APEX PRO 7543 Spring fork,FALSE,APEX PRO 7543 Spring fork,APEX PRO 7543 Spring fork,Motor Vehicle Parts,,Adult,05992P04SET,WP - Street,WP - Fork,new,FALSE,,,,,,,kg,,
wp-0617c101u402220,APEX PRO 7548 Spring fork,"<ul><li>Closed cartridge technology</li><li>Better response</li><li>Reduced tire wear</li><li>Greater confidence in all situations</li><li>Improved damping behavior</li><li>Finer adjustment options</li><li>Technology from the Supersport World Championship</li><li>Motorsport expertise for the street</li><li>All adjustments can be made externally</li><li>Adjustable spring preload</li><li>Adjustable rebound damping</li><li>Adjustable compression damping</li></ul><p></p><strong>Scope of delivery</strong><ul><li class=""li-square"">Spring fork incl. 9.0 N/mm fork spring</li><li class=""li-square"">Sticker</li><li class=""li-square"">Tools</li></ul>",WP,Vehicles & Parts > Vehicle Parts & Accessories > Motor Vehicle Parts,WP - Street,WP - Fork,TRUE,Title,Default Title,,,,,0617C101U402220,,shopify,,continue,manual,2599.93,,TRUE,TRUE,9010544285253,https://cdn.shopify.com/s/files/1/0511/7820/9461/files/pho_nmon_0617c101u402220_apex_pro_7548_spring_fork__sall__awsg__v1.jpg?v=1736367231,1,APEX PRO 7548 Spring fork,FALSE,APEX PRO 7548 Spring fork,Closed cartridge technology Better response Reduced tire wear Greater confidence in all situations Improved damping behavior Finer adjustment options Technology from the Supersport World Championship Motorsport expertise for the street All adjustments can be made externally Adjustable spring preload Adjustable rebound…,Motor Vehicle Parts,,Adult,0617C101U402220,WP - Street,WP - Fork,new,FALSE,,,,,,,kg,,
wp-06992m02,Moto 3 Spring fork 2013,Moto 3 Spring fork 2013,WP,Vehicles & Parts > Vehicle Parts & Accessories > Motor Vehicle Parts,WP - Street,WP - Fork,FALSE,Title,Default Title,,,,,06992M02,,shopify,,continue,manual,,,TRUE,TRUE,,https://cdn.shopify.com/s/files/1/0511/7820/9461/files/pho_wp_nmon_moto3gabel2013__sall__awsg__v1.jpg?v=1680287473,1,Moto 3 Spring fork 2013,FALSE,Moto 3 Spring fork 2013,Moto 3 Spring fork 2013,Motor Vehicle Parts,,Adult,06992M02,WP - Street,WP - Fork,new,FALSE,,,,,,,kg,,
wp-07182n02set,XACT PRO 7535 Spring fork,"<ul><li>Finer adjustment options</li><li>Open cartridge technology</li><li>Adjustable rebound damping</li><li>Adjustable compression damping</li><li>Adjustable spring preload</li><li>Greater comfort</li><li>Fully adjustable with standard tools</li><li>Better response</li></ul><p></p><strong>Scope of delivery</strong><ul><li class=""li-square"">Spring fork incl. 2.8 N/mm fork spring</li><li class=""li-square"">Sticker</li><li class=""li-square"">Tool</li></ul><p><strong>Notes</strong></p><p>The OEM or PowerParts triple clamp MY20 is required for use from MY21 bikes.Because the outer tube diameter has changed on the OEM air fork.</p>",WP,Vehicles & Parts > Vehicle Parts & Accessories > Motor Vehicle Parts,WP - Offroad,WP - Fork,FALSE,Title,Default Title,,,,,07182N02SET,,shopify,,continue,manual,1964.19,,TRUE,TRUE,9010152076823,https://cdn.shopify.com/s/files/1/0511/7820/9461/files/pho_wp_nmon_07182n02set_xact_pro_7535_federgabel__sall__awsg__v3.png?v=1680287571,1,XACT PRO 7535 Spring fork,FALSE,XACT PRO 7535 Spring fork,Finer adjustment options Open cartridge technology Adjustable rebound damping Adjustable compression damping Adjustable spring preload Greater comfort Fully adjustable with standard tools Better response Scope of delivery Spring fork incl. 2.8 N/mm fork spring Sticker Tool Notes The OEM or PowerParts triple clamp MY20…,Motor Vehicle Parts,,Adult,07182N02SET,WP - Offroad,WP - Fork,new,FALSE,,,,,,,kg,,
wp-0761c141v002220,XPLOR PRO 6500 Cartridge,"<ul><li>Adjustable spring preload</li><li>Adjustable rebound damping</li><li>Adjustable compression damping</li><li>Closed cartridge technology</li><li>Fully adjustable with standard tools</li><li>All adjustments can be made externally</li><li>Better response</li><li>Improved damping behavior</li><li>Higher bottoming resistance</li><li>Fully adjustable to rider’s requirements and circuit conditions</li><li>Improved handling</li><li>Extreme durability due to use of highest quality materials</li><li>Handcrafted with the greatest of care</li></ul><p></p><strong>Scope of delivery</strong><ul><li class=""li-square"">Cartridge</li><li class=""li-square"">Sticker</li><li class=""li-square"">Tools</li><li class=""li-square"">Spring spacer</li></ul>Front fork springs need to be ordered separately.",WP,Vehicles & Parts > Vehicle Parts & Accessories > Motor Vehicle Parts,WP - Street,WP - Cartridge,TRUE,Title,Default Title,,,,,0761C141V002220,,shopify,,continue,manual,1199.05,,TRUE,TRUE,9010544409567,https://cdn.shopify.com/s/files/1/0511/7820/9461/files/pho_nmon_0761c141v002220_xplor_pro_6500_cartridge__sall__awsg__v1.jpg?v=1736342982,1,XPLOR PRO 6500 Cartridge,FALSE,XPLOR PRO 6500 Cartridge,Adjustable spring preload Adjustable rebound damping Adjustable compression damping Closed cartridge technology Fully adjustable with standard tools All adjustments can be made externally Better response Improved damping behavior Higher bottoming resistance Fully adjustable to rider’s requirements and circuit conditio…,Motor Vehicle Parts,,Adult,0761C141V002220,WP - Street,WP - Cartridge,new,FALSE,,,,,,,kg,,
wp-0791l101u400220,AER Conversion kit,"<ul><li><a href=""https://www.wp-suspension.com/autorisierte-zentren/"">This product is exclusively available through WP authorized centers.</a> </li></ul><p></p><ul><li class=""li-square"">Same performance as the air spring fork, but uses conventional coil spring system</li><li class=""li-square"">Latest technology paired with traditional concept</li><li class=""li-square"">High-quality original WP PRO COMPONENTS product</li><li class=""li-square"">Adjustable preload </li></ul><p><strong>Scope of delivery</strong></p><ul><li class=""li-square"">Cartridge</li><li class=""li-square"">Spacer</li></ul><p><strong>Note</strong></p><ul><li class=""li-square"">Fork springs need to be ordered separately.</li><li class=""li-square"">Settings can be found under documents.</li></ul>",WP,Vehicles & Parts > Vehicle Parts & Accessories > Motor Vehicle Parts,WP - Offroad,WP - Cartridge,FALSE,Title,Default Title,,,,,0791L101U400220,,shopify,,continue,manual,499.97,,TRUE,TRUE,9010544261257,https://cdn.shopify.com/s/files/1/0511/7820/9461/files/pho_nmon_0791l101u400220_aer_conversion_kit__sall__awsg__v1.jpg?v=1779133004,1,AER Conversion kit,FALSE,AER Conversion kit,"This product is exclusively available through WP authorized centers. Same performance as the air spring fork, but uses conventional coil spring system Latest technology paired with traditional concept High-quality original WP PRO COMPONENTS product Adjustable preload Scope of delivery Cartridge Spacer Note Fork spring…",Motor Vehicle Parts,,Adult,0791L101U400220,WP - Offroad,WP - Cartridge,new,FALSE,,,,,,,kg,,
wp-0797c167u002220,XPLOR PRO 6500 Cartridge,"<ul><li><a href=""https://www.wp-suspension.com/autorisierte-zentren/"">This product is exclusively available through WP authorized centers.</a> </li></ul><p></p><ul><li>Improved response and feedback from riding surface in every riding situation</li><li>Pressurized system reduces cavitation risk – no damping loss</li><li>Extreme durability due to use of highest quality materials</li><li>All adjustments can be made externally</li><li>Closed cartridge technology</li><li>Fully adjustable with standard tools</li><li>Handcrafted with the greatest of care</li><li>Adjustable spring preload</li></ul><p></p><strong>Setting</strong><br />Item is delivered with basic setting KTM 250 EXC TPI, 300 EXC TPI, 250 EXC-F, 350 EXC-F, further settings can be found under documents.<p><strong>Scope of delivery</strong></p><ul><li class=""li-square"">Cartridge</li><li class=""li-square"">Sticker</li><li class=""li-square"">Tools</li><li class=""li-square"">Spring spacer</li></ul><p>Front fork springs need to be ordered separately.</p><p><strong>Notes</strong><br />When used with OEM shock, we recommend the following shock settings:</p><ul><li class=""li-square"">12187T61ASL1 for KTM 150 EXC</li><li class=""li-square"">12187T69ASL1 for all other KTM Enduro</li><li class=""li-square"">18157T61ASL1 for Husqvarna TE 150</li><li class=""li-square"">18157T69ASL1 for all other Husqvarna and GasGas Enduro models</li></ul><p>You can find alternative settings in the Download Center.</p>",WP,Vehicles & Parts > Vehicle Parts & Accessories > Motor Vehicle Parts,WP - Offroad,WP - Cartridge,TRUE,Title,Default Title,,,,,0797C167U002220,,shopify,,continue,manual,1199.05,,TRUE,TRUE,9010544634365,https://cdn.shopify.com/s/files/1/0511/7820/9461/files/pho_nmon_0797c167u002220_xplor_pro_6500_cartridge__sall__awsg__v2.png?v=1779132801,1,XPLOR PRO 6500 Cartridge,FALSE,XPLOR PRO 6500 Cartridge,This product is exclusively available through WP authorized centers. Improved response and feedback from riding surface in every riding situation Pressurized system reduces cavitation risk – no damping loss Extreme durability due to use of highest quality materials All adjustments can be made externally Closed cartrid…,Motor Vehicle Parts,,Adult,0797C167U002220,WP - Offroad,WP - Cartridge,new,FALSE,,,,,,,kg,,
wp-0900001601200,"Collar screw M16 x 1,5","Collar screw M16 x 1,5",WP,Vehicles & Parts > Vehicle Parts & Accessories > Motor Vehicle Parts,WP - Spare Parts,WP - Pro Components,TRUE,Title,Default Title,,,,,0900001601200,,shopify,,continue,manual,15.31,,TRUE,TRUE,9010544383997,,,,FALSE,"Collar screw M16 x 1,5","Collar screw M16 x 1,5",Motor Vehicle Parts,,Adult,0900001601200,WP - Spare Parts,WP - Pro Components,new,FALSE,,,,,,,kg,,
wp-0963c104w001220,APEX PRO 6500 Cartridge,"<ul><li>Adjustable spring preload</li><li>Adjustable rebound damping</li><li>Adjustable compression damping</li><li>Open cartridge technology</li><li>Greater stability</li><li>Improved damping behavior</li><li>Improved and calmer ride</li><li>Greater comfort</li></ul><p></p><strong>Scope of delivery</strong><ul><li class=""li-square"">Cartridge</li><li class=""li-square"">Sticker</li></ul><p>Front fork springs need to be ordered separately.</p>",WP,Vehicles & Parts > Vehicle Parts & Accessories > Motor Vehicle Parts,WP - Street,WP - Cartridge,TRUE,Title,Default Title,,,,,0963C104W001220,,shopify,,continue,manual,799.99,,TRUE,TRUE,9010544551945,https://cdn.shopify.com/s/files/1/0511/7820/9461/files/pho_nmon_0963c104w001220_cartridge_150_390_duke_9563__1___sall__awsg__v1.jpg?v=1736341245,1,APEX PRO 6500 Cartridge,FALSE,APEX PRO 6500 Cartridge,Adjustable spring preload Adjustable rebound damping Adjustable compression damping Open cartridge technology Greater stability Improved damping behavior Improved and calmer ride Greater comfort Scope of delivery Cartridge Sticker Front fork springs need to be ordered separately.,Motor Vehicle Parts,,Adult,0963C104W001220,WP - Street,WP - Cartridge,new,FALSE,,,,,,,kg,,
wp-0963c404w313220,APEX PRO 6746 Shock absorber,"<ul><li>Adjustable spring preload</li><li>Adjustable high-speed compression damping</li><li>Adjustable low-speed compression damping</li><li>Excellent cooling properties</li><li>Consistent performance</li><li>Greater comfort</li><li>Adjustable low-speed rebound damping</li></ul><p></p><strong>Scope of delivery</strong><ul><li class=""li-square"">Shock absorber incl. 130 N/mm shock spring</li><li class=""li-square"">Sticker</li></ul>",WP,Vehicles & Parts > Vehicle Parts & Accessories > Motor Vehicle Parts,WP - Street,WP - Shock,TRUE,Title,Default Title,,,,,0963C404W313220,,shopify,,continue,manual,999.94,,TRUE,TRUE,9010544552003,https://cdn.shopify.com/s/files/1/0511/7820/9461/files/pho_nmon_0963c404w315220_shock_150_390_duke_9564__sall__awsg__v1.jpg?v=1736341246,1,APEX PRO 6746 Shock absorber,FALSE,APEX PRO 6746 Shock absorber,Adjustable spring preload Adjustable high-speed compression damping Adjustable low-speed compression damping Excellent cooling properties Consistent performance Greater comfort Adjustable low-speed rebound damping Scope of delivery Shock absorber incl. 130 N/mm shock spring Sticker,Motor Vehicle Parts,,Adult,0963C404W313220,WP - Street,WP - Shock,new,FALSE,,,,,,,kg,,
wp-0963c404w313220,,,,,,,,,,,,,,,,,,,,,,,,,https://cdn.shopify.com/s/files/1/0511/7820/9461/files/pho_nmon_0963c404w315220_shock_150_390_duke_var_9565__sall__awsg__v1.jpg?v=1736341247,2,APEX PRO 6746 Shock absorber,,,,,,,,,,,,,,,,,,,,
wp-10150u07set,XACT PRO HUSQVARNA SUSPENSION SET,XACT PRO HUSQVARNA SUSPENSION SET,WP,Vehicles & Parts > Vehicle Parts & Accessories > Motor Vehicle Parts,WP - Sale,WP - Pro Components,FALSE,Title,Default Title,,,,,10150U07SET,,shopify,,continue,manual,4499.02,,TRUE,TRUE,9010544598056,https://cdn.shopify.com/s/files/1/0511/7820/9461/files/pho_wp_nmon_10150u07set_hqv_motocross_suspension_set__sall__awsg__v2.png?v=1721980997,1,XACT PRO HUSQVARNA SUSPENSION SET,FALSE,XACT PRO HUSQVARNA SUSPENSION SET,XACT PRO HUSQVARNA SUSPENSION SET,Motor Vehicle Parts,,Adult,10150U07SET,WP - Sale,WP - Pro Components,new,FALSE,,,,,,,kg,,
wp-10180t07set,XACT PRO MX SUSPENSION SET,XACT PRO MX SUSPENSION SET,WP,Vehicles & Parts > Vehicle Parts & Accessories > Motor Vehicle Parts,WP - Sale,WP - Pro Components,FALSE,Title,Default Title,,,,,10180T07SET,,shopify,,continue,manual,4499.02,,TRUE,TRUE,9010544578720,https://cdn.shopify.com/s/files/1/0511/7820/9461/files/pho_wp_nmon_10180t07set_motocross_suspension_set__sall__awsg__v3.png?v=1721980997,1,XACT PRO MX SUSPENSION SET,FALSE,XACT PRO MX SUSPENSION SET,XACT PRO MX SUSPENSION SET,Motor Vehicle Parts,,Adult,10180T07SET,WP - Sale,WP - Pro Components,new,FALSE,,,,,,,kg,,
wp-10180t67set,XPLOR PRO ENDURO SUSPENSION SET,XPLOR PRO ENDURO SUSPENSION SET,WP,Vehicles & Parts > Vehicle Parts & Accessories > Motor Vehicle Parts,WP - Sale,WP - Pro Components,FALSE,Title,Default Title,,,,,10180T67SET,,shopify,,continue,manual,3989.01,,TRUE,TRUE,9010544578737,https://cdn.shopify.com/s/files/1/0511/7820/9461/files/pho_wp_nmon_10180t67set_xplor_pro_enduro_suspension_set__sall__awsg__v1.png?v=1721980997,1,XPLOR PRO ENDURO SUSPENSION SET,FALSE,XPLOR PRO ENDURO SUSPENSION SET,XPLOR PRO ENDURO SUSPENSION SET,Motor Vehicle Parts,,Adult,10180T67SET,WP - Sale,WP - Pro Components,new,FALSE,,,,,,,kg,,
wp-1086001,Tool panel,"<ul><li class=""li-square"">Grey perforated panel for hanging tools, the number of tool panels required is determined by size of the tools and the specific local circumstances (one unit included)</li><li class=""li-square"">Wall mounting elements: 9 pieces</li><li class=""li-square"">Width: 1,050 mm (41.34 in)</li><li class=""li-square"">Height: 1,000 mm (39,37 in)</li></ul>",WP,Hardware > Tools,WP - Toolboard,WP - Special tools,TRUE,Title,Default Title,,,,,1086001,,shopify,,continue,manual,163.71,,TRUE,TRUE,9010152098047,https://cdn.shopify.com/s/files/1/0511/7820/9461/files/pho_wp_nmon_1086001__sall__awsg__v1.jpg?v=1680287432,1,Tool panel,FALSE,Tool panel,"Grey perforated panel for hanging tools, the number of tool panels required is determined by size of the tools and the specific local circumstances (one unit included) Wall mounting elements: 9 pieces Width: 1,050 mm (41.34 in) Height: 1,000 mm (39,37 in)",Tools,,Adult,1086001,WP - Toolboard,WP - Special tools,new,FALSE,,,,,,,kg,,
wp-1086002,Tool panel,"<ul><li class=""li-square"">Grey perforated panel for hanging tools, the number of tool panels required is determined by size of the tools and the specific local circumstances (one unit included)</li><li class=""li-square"">Wall mounting elements: 6 pieces</li><li class=""li-square"">Width: 525 mm (20.67 in)</li><li class=""li-square"">Height: 1,000 mm (39,37 in)</li></ul>",WP,Hardware > Tools,WP - Toolboard,WP - Special tools,TRUE,Title,Default Title,,,,,1086002,,shopify,,continue,manual,105.27,,TRUE,TRUE,9010152098030,https://cdn.shopify.com/s/files/1/0511/7820/9461/files/pho_wp_nmon_1086002__sall__awsg__v1.jpg?v=1680287432,1,Tool panel,FALSE,Tool panel,"Grey perforated panel for hanging tools, the number of tool panels required is determined by size of the tools and the specific local circumstances (one unit included) Wall mounting elements: 6 pieces Width: 525 mm (20.67 in) Height: 1,000 mm (39,37 in)",Tools,,Adult,1086002,WP - Toolboard,WP - Special tools,new,FALSE,,,,,,,kg,,
wp-12000l03,Preload Adjuster Trax Link,<ul><li>Fast preload adjustment</li><li>Use of the entire length of the thread on the shock absorber</li><li>Very easy operation</li><li>Extremely low weight</li><li>Dirt-resistance</li><li>Mechanical drive</li></ul><p></p>,WP,Vehicles & Parts > Vehicle Parts & Accessories > Motor Vehicle Parts,WP - Preload adjuster,WP - Technical Accessories,FALSE,Title,Default Title,,,,,12000L03,,shopify,,continue,manual,,,TRUE,TRUE,,https://cdn.shopify.com/s/files/1/0511/7820/9461/files/pho_fallback_fallback_no_picture__sall__awsg__v1.jpg?v=1774382207,1,Preload Adjuster Trax Link,FALSE,Preload Adjuster Trax Link,Fast preload adjustment Use of the entire length of the thread on the shock absorber Very easy operation Extremely low weight Dirt-resistance Mechanical drive,Motor Vehicle Parts,,Adult,12000L03,WP - Preload adjuster,WP - Technical Accessories,new,FALSE,,,,,,,kg,,
wp-12000l04,Preload Adjuster OEM PDS,<ul><li>Fast preload adjustment</li><li>Use of the entire length of the thread on the shock absorber</li><li>Very easy operation</li><li>Extremely low weight</li><li>Dirt-resistance</li><li>Mechanical drive</li></ul><p></p>,WP,Vehicles & Parts > Vehicle Parts & Accessories > Motor Vehicle Parts,WP - Preload adjuster,WP - Technical Accessories,TRUE,Title,Default Title,,,,,12000L04,,shopify,,continue,manual,169.94,,TRUE,TRUE,9010152097439,https://cdn.shopify.com/s/files/1/0511/7820/9461/files/pho_wp_nmon_preload_adjuster__sall__awsg__v1.jpg?v=1680287473,1,Preload Adjuster OEM PDS,FALSE,Preload Adjuster OEM PDS,Fast preload adjustment Use of the entire length of the thread on the shock absorber Very easy operation Extremely low weight Dirt-resistance Mechanical drive,Motor Vehicle Parts,,Adult,12000L04,WP - Preload adjuster,WP - Technical Accessories,new,FALSE,,,,,,,kg,,
wp-12000l06,Preload Adjuster OEM PDS,<ul><li>Fast preload adjustment</li><li>Use of the entire length of the thread on the shock absorber</li><li>Very easy operation</li><li>Extremely low weight</li><li>Dirt-resistance</li><li>Mechanical drive</li></ul><p></p>,WP,Vehicles & Parts > Vehicle Parts & Accessories > Motor Vehicle Parts,WP - Preload adjuster,WP - Technical Accessories,TRUE,Title,Default Title,,,,,12000L06,,shopify,,continue,manual,159.05,,TRUE,TRUE,9010152097415,https://cdn.shopify.com/s/files/1/0511/7820/9461/files/pho_fallback_fallback_no_picture__sall__awsg__v1.jpg?v=1774382207,1,Preload Adjuster OEM PDS,FALSE,Preload Adjuster OEM PDS,Fast preload adjustment Use of the entire length of the thread on the shock absorber Very easy operation Extremely low weight Dirt-resistance Mechanical drive,Motor Vehicle Parts,,Adult,12000L06,WP - Preload adjuster,WP - Technical Accessories,new,FALSE,,,,,,,kg,,
wp-12000l07,Preload Adjuster Trax Link,<ul><li>Fast preload adjustment</li><li>Use of the entire length of the thread on the shock absorber</li><li>Very easy operation</li><li>Extremely low weight</li><li>Dirt-resistance</li><li>Mechanical drive</li></ul><p></p>,WP,Vehicles & Parts > Vehicle Parts & Accessories > Motor Vehicle Parts,WP - Preload adjuster,WP - Technical Accessories,TRUE,Title,Default Title,,,,,12000L07,,shopify,,continue,manual,199.95,,TRUE,TRUE,9010152097408,https://cdn.shopify.com/s/files/1/0511/7820/9461/files/pho_wp_nmon_pre_load_adjuster__sall__awsg__v1.jpg?v=1680287473,1,Preload Adjuster Trax Link,FALSE,Preload Adjuster Trax Link,Fast preload adjustment Use of the entire length of the thread on the shock absorber Very easy operation Extremely low weight Dirt-resistance Mechanical drive,Motor Vehicle Parts,,Adult,12000L07,WP - Preload adjuster,WP - Technical Accessories,new,FALSE,,,,,,,kg,,
wp-12000q04e,Preload Adjuster Trax PDS,<ul><li>Fast preload adjustment</li><li>Use of the entire length of the thread on the shock absorber</li><li>Very easy operation</li><li>Extremely low weight</li><li>Dirt-resistance</li><li>Mechanical drive</li></ul><p></p>,WP,Vehicles & Parts > Vehicle Parts & Accessories > Motor Vehicle Parts,WP - Preload adjuster,WP - Technical Accessories,TRUE,Title,Default Title,,,,,12000Q04E,,shopify,,continue,manual,199.95,,TRUE,TRUE,9010152097385,https://cdn.shopify.com/s/files/1/0511/7820/9461/files/pho_wp_nmon_pre_load_adjuster__sall__awsg__v1.jpg?v=1680287473,1,Preload Adjuster Trax PDS,FALSE,Preload Adjuster Trax PDS,Fast preload adjustment Use of the entire length of the thread on the shock absorber Very easy operation Extremely low weight Dirt-resistance Mechanical drive,Motor Vehicle Parts,,Adult,12000Q04E,WP - Preload adjuster,WP - Technical Accessories,new,FALSE,,,,,,,kg,,
wp-12180o0202set,XPLOR PRO 7746 Shock absorber,"WP TRAX Shock Absorbers are the most innovative shock absorbers<br />on the market. The TRAX unit is a very compact system in the<br />bottom of the shock, which significantly improves the traction of the<br />rear wheel. This system has been successfully implemented by the<br />Factory Racing department and many World Championship titles<br />prove how effective it is.<br />The TRAX system has been developed in order to reduce the time after a bump where acceleration of the motorcycle<br />is not possible because of the slow rebound of the rear wheel.<br />The TRAX system registers when the rear wheel has no ground contact and immediately opens an oil bypass so that<br />the rear wheel can return to the ground faster than is possible with a conventional system, ultimately allowing for<br />improved traction and acceleration.",WP,Vehicles & Parts > Vehicle Parts & Accessories > Motor Vehicle Parts,WP - Offroad,WP - Shock,FALSE,Title,Default Title,,,,,12180O0202SET,,shopify,,continue,manual,,,TRUE,TRUE,,https://cdn.shopify.com/s/files/1/0511/7820/9461/files/pho_wp_nmon_traxpdsd_mpfer2015__sall__awsg__v1.jpg?v=1680287473,1,XPLOR PRO 7746 Shock absorber,FALSE,XPLOR PRO 7746 Shock absorber,"WP TRAX Shock Absorbers are the most innovative shock absorbers on the market. The TRAX unit is a very compact system in the bottom of the shock, which significantly improves the traction of the rear wheel. This system has been successfully implemented by the Factory Racing department and many World Championship title…",Motor Vehicle Parts,,Adult,12180O0202SET,WP - Offroad,WP - Shock,new,FALSE,,,,,,,kg,,
wp-12180p6102set,XPLOR PRO 7746 Shock absorber,"WP TRAX Shock Absorbers are the most innovative shock absorbers<br />on the market. The TRAX unit is a very compact system in the<br />bottom of the shock, which significantly improves the traction of the<br />rear wheel. This system has been successfully implemented by the<br />Factory Racing department and many World Championship titles<br />prove how effective it is.<br />The TRAX system has been developed in order to reduce the time after a bump where acceleration of the motorcycle<br />is not possible because of the slow rebound of the rear wheel.<br />The TRAX system registers when the rear wheel has no ground contact and immediately opens an oil bypass so that<br />the rear wheel can return to the ground faster than is possible with a conventional system, ultimately allowing for<br />improved traction and acceleration.",WP,Vehicles & Parts > Vehicle Parts & Accessories > Motor Vehicle Parts,WP - Offroad,WP - Shock,FALSE,Title,Default Title,,,,,12180P6102SET,,shopify,,continue,manual,,,TRUE,TRUE,,https://cdn.shopify.com/s/files/1/0511/7820/9461/files/pho_wp_nmon_federbeintraxpds_2016__sall__awsg__v1.jpg?v=1680287472,1,XPLOR PRO 7746 Shock absorber,FALSE,XPLOR PRO 7746 Shock absorber,"WP TRAX Shock Absorbers are the most innovative shock absorbers on the market. The TRAX unit is a very compact system in the bottom of the shock, which significantly improves the traction of the rear wheel. This system has been successfully implemented by the Factory Racing department and many World Championship title…",Motor Vehicle Parts,,Adult,12180P6102SET,WP - Offroad,WP - Shock,new,FALSE,,,,,,,kg,,
wp-12180p6702set,XPLOR PRO 7746 Shock absorber,"WP TRAX Shock Absorbers are the most innovative shock absorbers<br />on the market. The TRAX unit is a very compact system in the<br />bottom of the shock, which significantly improves the traction of the<br />rear wheel. This system has been successfully implemented by the<br />Factory Racing department and many World Championship titles<br />prove how effective it is.<br />The TRAX system has been developed in order to reduce the time after a bump where acceleration of the motorcycle<br />is not possible because of the slow rebound of the rear wheel.<br />The TRAX system registers when the rear wheel has no ground contact and immediately opens an oil bypass so that<br />the rear wheel can return to the ground faster than is possible with a conventional system, ultimately allowing for<br />improved traction and acceleration.",WP,Vehicles & Parts > Vehicle Parts & Accessories > Motor Vehicle Parts,WP - Offroad,WP - Shock,FALSE,Title,Default Title,,,,,12180P6702SET,,shopify,,continue,manual,,,TRUE,TRUE,,https://cdn.shopify.com/s/files/1/0511/7820/9461/files/pho_wp_nmon_federbeintraxpds_2016__sall__awsg__v1.jpg?v=1680287472,1,XPLOR PRO 7746 Shock absorber,FALSE,XPLOR PRO 7746 Shock absorber,"WP TRAX Shock Absorbers are the most innovative shock absorbers on the market. The TRAX unit is a very compact system in the bottom of the shock, which significantly improves the traction of the rear wheel. This system has been successfully implemented by the Factory Racing department and many World Championship title…",Motor Vehicle Parts,,Adult,12180P6702SET,WP - Offroad,WP - Shock,new,FALSE,,,,,,,kg,,
wp-12180p6902set,XPLOR PRO 7746 Shock absorber,"WP TRAX Shock Absorbers are the most innovative shock absorbers<br />on the market. The TRAX unit is a very compact system in the<br />bottom of the shock, which significantly improves the traction of the<br />rear wheel. This system has been successfully implemented by the<br />Factory Racing department and many World Championship titles<br />prove how effective it is.<br />The TRAX system has been developed in order to reduce the time after a bump where acceleration of the motorcycle<br />is not possible because of the slow rebound of the rear wheel.<br />The TRAX system registers when the rear wheel has no ground contact and immediately opens an oil bypass so that<br />the rear wheel can return to the ground faster than is possible with a conventional system, ultimately allowing for<br />improved traction and acceleration.",WP,Vehicles & Parts > Vehicle Parts & Accessories > Motor Vehicle Parts,WP - Offroad,WP - Shock,FALSE,Title,Default Title,,,,,12180P6902SET,,shopify,,continue,manual,,,TRUE,TRUE,,https://cdn.shopify.com/s/files/1/0511/7820/9461/files/pho_wp_nmon_federbeintraxpds_2016__sall__awsg__v1.jpg?v=1680287472,1,XPLOR PRO 7746 Shock absorber,FALSE,XPLOR PRO 7746 Shock absorber,"WP TRAX Shock Absorbers are the most innovative shock absorbers on the market. The TRAX unit is a very compact system in the bottom of the shock, which significantly improves the traction of the rear wheel. This system has been successfully implemented by the Factory Racing department and many World Championship title…",Motor Vehicle Parts,,Adult,12180P6902SET,WP - Offroad,WP - Shock,new,FALSE,,,,,,,kg,,
wp-12180r04set,XACT PRO 7746 Shock absorber,"<ul><li>Greater comfort</li><li>Greater grip and traction</li><li>Friction optimized components</li><li>Adjustable spring preload</li><li>Adjustable high-speed compression damping</li><li>Adjustable low-speed compression damping</li><li>Adjustable rebound damping</li></ul><p></p><strong>Scope of delivery</strong><ul><li class=""li-square"">Shock absorber incl. 35, 40 and 45 N/mm shock spring</li><li class=""li-square"">Sticker</li></ul>",WP,Vehicles & Parts > Vehicle Parts & Accessories > Motor Vehicle Parts,WP - Offroad,WP - Shock,FALSE,Title,Default Title,,,,,12180R04SET,,shopify,,continue,manual,1775.13,,TRUE,TRUE,9010152096616,https://cdn.shopify.com/s/files/1/0511/7820/9461/files/pho_wp_nmon_12180r04set_xact_pro_7746_federbein__sall__awsg__v3.png?v=1680287572,1,XACT PRO 7746 Shock absorber,FALSE,XACT PRO 7746 Shock absorber,"Greater comfort Greater grip and traction Friction optimized components Adjustable spring preload Adjustable high-speed compression damping Adjustable low-speed compression damping Adjustable rebound damping Scope of delivery Shock absorber incl. 35, 40 and 45 N/mm shock spring Sticker",Motor Vehicle Parts,,Adult,12180R04SET,WP - Offroad,WP - Shock,new,FALSE,,,,,,,kg,,
wp-12180r6102set,XPLOR PRO 7746 Shock absorber,XPLOR PRO 7746 Shock absorber,WP,Vehicles & Parts > Vehicle Parts & Accessories > Motor Vehicle Parts,WP - Offroad,WP - Shock,FALSE,Title,Default Title,,,,,12180R6102SET,,shopify,,continue,manual,,,TRUE,TRUE,,https://cdn.shopify.com/s/files/1/0511/7820/9461/files/pho_wp_nmon_federbeintraxpds2017__sall__awsg__v1.jpg?v=1680287473,1,XPLOR PRO 7746 Shock absorber,FALSE,XPLOR PRO 7746 Shock absorber,XPLOR PRO 7746 Shock absorber,Motor Vehicle Parts,,Adult,12180R6102SET,WP - Offroad,WP - Shock,new,FALSE,,,,,,,kg,,
wp-12180r6302set,XPLOR PRO 7746 Shock absorber,XPLOR PRO 7746 Shock absorber,WP,Vehicles & Parts > Vehicle Parts & Accessories > Motor Vehicle Parts,WP - Offroad,WP - Shock,FALSE,Title,Default Title,,,,,12180R6302SET,,shopify,,continue,manual,,,TRUE,TRUE,,https://cdn.shopify.com/s/files/1/0511/7820/9461/files/pho_wp_nmon_federbeintraxpds2017__sall__awsg__v1.jpg?v=1680287473,1,XPLOR PRO 7746 Shock absorber,FALSE,XPLOR PRO 7746 Shock absorber,XPLOR PRO 7746 Shock absorber,Motor Vehicle Parts,,Adult,12180R6302SET,WP - Offroad,WP - Shock,new,FALSE,,,,,,,kg,,
wp-12180r6702set,XPLOR PRO 7746 Shock absorber,XPLOR PRO 7746 Shock absorber,WP,Vehicles & Parts > Vehicle Parts & Accessories > Motor Vehicle Parts,WP - Offroad,WP - Shock,FALSE,Title,Default Title,,,,,12180R6702SET,,shopify,,continue,manual,,,TRUE,TRUE,,https://cdn.shopify.com/s/files/1/0511/7820/9461/files/pho_wp_nmon_federbeintraxpds2017__sall__awsg__v1.jpg?v=1680287473,1,XPLOR PRO 7746 Shock absorber,FALSE,XPLOR PRO 7746 Shock absorber,XPLOR PRO 7746 Shock absorber,Motor Vehicle Parts,,Adult,12180R6702SET,WP - Offroad,WP - Shock,new,FALSE,,,,,,,kg,,
wp-12180r6902set,XPLOR PRO 7746 Shock absorber,XPLOR PRO 7746 Shock absorber,WP,Vehicles & Parts > Vehicle Parts & Accessories > Motor Vehicle Parts,WP - Offroad,WP - Shock,FALSE,Title,Default Title,,,,,12180R6902SET,,shopify,,continue,manual,,,TRUE,TRUE,,https://cdn.shopify.com/s/files/1/0511/7820/9461/files/pho_wp_nmon_federbeintraxpds2017__sall__awsg__v1.jpg?v=1680287473,1,XPLOR PRO 7746 Shock absorber,FALSE,XPLOR PRO 7746 Shock absorber,XPLOR PRO 7746 Shock absorber,Motor Vehicle Parts,,Adult,12180R6902SET,WP - Offroad,WP - Shock,new,FALSE,,,,,,,kg,,
wp-12180s08set,XPLOR PRO 6746 Shock absorber,"<ul><li>Friction optimized components</li><li>Optimized WP Pro Components setting</li><li>Separate high and low-speed compression damping</li><li>Optimal oil circulation</li><li>Improved damping behavior</li><li>Adjustable spring preload</li><li>Adjustable high-speed compression damping</li><li>Adjustable low-speed compression damping</li><li>Adjustable rebound damping</li></ul><p></p><strong>Scope of delivery</strong><ul><li class=""li-square"">Shock absorber incl. 95 N/mm shock spring</li><li class=""li-square"">Sticker</li></ul><p><strong>Notes</strong></p><ul><li class=""li-square"">Shock length: 380mm</li><li class=""li-square"">Stroke: 87,5mm</li></ul><p>When mounting on KTM 790/890 Adventure brake hose 63542103000 and side stand 63503423000C1 are also required. When mounting on Husqvarna Norden 901 side stand 63503423000C1 is required.</p>",WP,Vehicles & Parts > Vehicle Parts & Accessories > Motor Vehicle Parts,WP - Street,WP - Shock,TRUE,Title,Default Title,,,,,12180S08SET,,shopify,,continue,manual,1699.99,,TRUE,TRUE,9010152096562,https://cdn.shopify.com/s/files/1/0511/7820/9461/files/pho_nmon_12180s08set_12180s10set_xplor_pro_6746__sall__awsg__v3.png?v=1736355108,1,XPLOR PRO 6746 Shock absorber,FALSE,XPLOR PRO 6746 Shock absorber,Friction optimized components Optimized WP Pro Components setting Separate high and low-speed compression damping Optimal oil circulation Improved damping behavior Adjustable spring preload Adjustable high-speed compression damping Adjustable low-speed compression damping Adjustable rebound damping Scope of delivery S…,Motor Vehicle Parts,,Adult,12180S08SET,WP - Street,WP - Shock,new,FALSE,,,,,,,kg,,
wp-12180s10set,XPLOR PRO 6746 Shock absorber,<ul><li>Friction optimized components</li><li>Optimized WP Pro Components setting</li><li>Separate high and low-speed compression damping</li><li>Optimal oil circulation</li><li>Improved damping behavior</li><li>Adjustable spring preload</li><li>Adjustable high-speed compression damping</li><li>Adjustable low-speed compression damping</li><li>Adjustable rebound damping</li></ul><p></p>,WP,Vehicles & Parts > Vehicle Parts & Accessories > Motor Vehicle Parts,WP - Street,WP - Shock,TRUE,Title,Default Title,,,,,12180S10SET,,shopify,,continue,manual,1699.99,,TRUE,TRUE,9010544193367,https://cdn.shopify.com/s/files/1/0511/7820/9461/files/pho_nmon_12180s08set_12180s10set_xplor_pro_6746__sall__awsg__v3.png?v=1736355108,1,XPLOR PRO 6746 Shock absorber,FALSE,XPLOR PRO 6746 Shock absorber,Friction optimized components Optimized WP Pro Components setting Separate high and low-speed compression damping Optimal oil circulation Improved damping behavior Adjustable spring preload Adjustable high-speed compression damping Adjustable low-speed compression damping Adjustable rebound damping,Motor Vehicle Parts,,Adult,12180S10SET,WP - Street,WP - Shock,new,FALSE,,,,,,,kg,,
wp-12180u67set,XPLOR PRO 8946 Shock absorber,"<ul><li>Adjustable spring preload</li><li>Adjustable high-speed compression damping</li><li>Adjustable low-speed compression damping</li><li>Adjustable rebound damping</li><li>Greater grip and traction</li><li>Supertrax technology</li><li>Greater comfort</li></ul><p></p><strong>Setting</strong><br />Item is delivered with basic setting KTM 250 EXC TPI, 300 EXC TPI, 300 EXC, 250 EXC-F, 350 EXC-F, 250 XC-W, 300 XC-W, 350 XCF-W and 75 N/mm shock spring, further settings can be found under documents.<p><strong>Scope of delivery</strong></p><ul><li class=""li-square"">Shock absorber</li><li class=""li-square"">Sticker</li></ul>",WP,Vehicles & Parts > Vehicle Parts & Accessories > Motor Vehicle Parts,WP - Offroad,WP - Shock,FALSE,Title,Default Title,,,,,12180U67SET,,shopify,,continue,manual,2149.99,,TRUE,TRUE,9010544196313,https://cdn.shopify.com/s/files/1/0511/7820/9461/files/pho_wp_nmon_12180u67set_xplor_pro_8946_shock_ktm_enduro__sall__awsg__v3.png?v=1680287572,1,XPLOR PRO 8946 Shock absorber,FALSE,XPLOR PRO 8946 Shock absorber,"Adjustable spring preload Adjustable high-speed compression damping Adjustable low-speed compression damping Adjustable rebound damping Greater grip and traction Supertrax technology Greater comfort Setting Item is delivered with basic setting KTM 250 EXC TPI, 300 EXC TPI, 300 EXC, 250 EXC-F, 350 EXC-F, 250 XC-W, 300…",Motor Vehicle Parts,,Adult,12180U67SET,WP - Offroad,WP - Shock,new,FALSE,,,,,,,kg,,
wp-14142q02set,XACT PRO 7548 Spring fork,"<ul><li>Unique valve system</li><li>Greater comfort</li><li>Higher bottoming resistance</li><li>Better response</li><li>Greater confidence in all situations</li><li>Friction optimized components</li><li>High quality coating</li><li>All adjustments can be made externally</li></ul><p></p><strong>Scope of delivery</strong><ul><li class=""li-square"">Spring fork incl. 4.4, 4.6 und 4.8 N/mm Fork spirng</li><li class=""li-square"">Sticker</li><li class=""li-square"">Tools</li></ul>",WP,Vehicles & Parts > Vehicle Parts & Accessories > Motor Vehicle Parts,WP - Offroad,WP - Fork,FALSE,Title,Default Title,,,,,14142Q02SET,,shopify,,continue,manual,,,TRUE,TRUE,,https://cdn.shopify.com/s/files/1/0511/7820/9461/files/pho_wp_nmon_14142q02set_federgabel__sall__awsg__v2.png?v=1680287572,1,XACT PRO 7548 Spring fork,FALSE,XACT PRO 7548 Spring fork,"Unique valve system Greater comfort Higher bottoming resistance Better response Greater confidence in all situations Friction optimized components High quality coating All adjustments can be made externally Scope of delivery Spring fork incl. 4.4, 4.6 und 4.8 N/mm Fork spirng Sticker Tools",Motor Vehicle Parts,,Adult,14142Q02SET,WP - Offroad,WP - Fork,new,FALSE,,,,,,,kg,,
wp-14142q02set,,,,,,,,,,,,,,,,,,,,,,,,,https://cdn.shopify.com/s/files/1/0511/7820/9461/files/pho_wp_nmon_14142r01set_federgabel__sall__awsg__v2.png?v=1680287572,2,XACT PRO 7548 Spring fork,,,,,,,,,,,,,,,,,,,,
wp-14142r01set,XACT PRO 7548 Spring fork,"<ul><li>Unique valve system</li><li>Greater comfort</li><li>Higher bottoming resistance</li><li>Better response</li><li>Greater confidence in all situations</li><li>Friction optimized components</li><li>High quality coating</li><li>All adjustments can be made externally</li></ul><p></p><strong>Scope of delivery</strong><ul><li class=""li-square"">Spring fork incl. 4.4, 4.6 und 4.8 N/mm Fork spirng</li><li class=""li-square"">Sticker</li><li class=""li-square"">Tools</li></ul>",WP,Vehicles & Parts > Vehicle Parts & Accessories > Motor Vehicle Parts,WP - Offroad,WP - Fork,FALSE,Title,Default Title,,,,,14142R01SET,,shopify,,continue,manual,,,TRUE,TRUE,,https://cdn.shopify.com/s/files/1/0511/7820/9461/files/pho_wp_nmon_14142r01set_federgabel__sall__awsg__v2.png?v=1680287572,1,XACT PRO 7548 Spring fork,FALSE,XACT PRO 7548 Spring fork,"Unique valve system Greater comfort Higher bottoming resistance Better response Greater confidence in all situations Friction optimized components High quality coating All adjustments can be made externally Scope of delivery Spring fork incl. 4.4, 4.6 und 4.8 N/mm Fork spirng Sticker Tools",Motor Vehicle Parts,,Adult,14142R01SET,WP - Offroad,WP - Fork,new,FALSE,,,,,,,kg,,
wp-14152u07set,XACT PRO 7548 Spring fork,"<ul><li>Unique valve system</li><li>Greater comfort</li><li>Higher bottoming resistance</li><li>Better response</li><li>Greater confidence in all situations</li><li>Friction optimized components</li><li>High quality coating</li><li>All adjustments can be made externally</li></ul><p></p><strong>Setting</strong><br />Item is delivered with basic setting Husqvarna FC 350 and 4.6 N/mm fork spring, further settings can be found under documents.<p><strong>Scope of delivery</strong></p><ul><li class=""li-square"">Spring fork</li><li class=""li-square"">Sticker</li><li class=""li-square"">Tools</li></ul>",WP,Vehicles & Parts > Vehicle Parts & Accessories > Motor Vehicle Parts,WP - Offroad,WP - Fork,FALSE,Title,Default Title,,,,,14152U07SET,,shopify,,continue,manual,3299.91,,TRUE,TRUE,9010544204827,https://cdn.shopify.com/s/files/1/0511/7820/9461/files/pho_wp_nmon_14182t07set_14152u07set_ap01c101u403220_xact_pro_7548__sall__awsg__v2.png?v=1680287573,1,XACT PRO 7548 Spring fork,FALSE,XACT PRO 7548 Spring fork,"Unique valve system Greater comfort Higher bottoming resistance Better response Greater confidence in all situations Friction optimized components High quality coating All adjustments can be made externally Setting Item is delivered with basic setting Husqvarna FC 350 and 4.6 N/mm fork spring, further settings can be…",Motor Vehicle Parts,,Adult,14152U07SET,WP - Offroad,WP - Fork,new,FALSE,,,,,,,kg,,
wp-14172q02set,XACT PRO 7548 Spring fork,"<ul><li>Unique valve system</li><li>Greater comfort</li><li>Higher bottoming resistance</li><li>Better response</li><li>Greater confidence in all situations</li><li>Friction optimized components</li><li>High quality coating</li><li>All adjustments can be made externally</li></ul><p></p><strong>Scope of delivery</strong><ul><li class=""li-square"">Spring fork incl. 4.4, 4.6 und 4.8 N/mm Fork spirng</li><li class=""li-square"">Sticker</li><li class=""li-square"">Tools</li></ul>",WP,Vehicles & Parts > Vehicle Parts & Accessories > Motor Vehicle Parts,WP - Offroad,WP - Fork,FALSE,Title,Default Title,,,,,14172Q02SET,,shopify,,continue,manual,,,TRUE,TRUE,,https://cdn.shopify.com/s/files/1/0511/7820/9461/files/pho_wp_nmon_14142r01set_federgabel__sall__awsg__v2.png?v=1680287572,1,XACT PRO 7548 Spring fork,FALSE,XACT PRO 7548 Spring fork,"Unique valve system Greater comfort Higher bottoming resistance Better response Greater confidence in all situations Friction optimized components High quality coating All adjustments can be made externally Scope of delivery Spring fork incl. 4.4, 4.6 und 4.8 N/mm Fork spirng Sticker Tools",Motor Vehicle Parts,,Adult,14172Q02SET,WP - Offroad,WP - Fork,new,FALSE,,,,,,,kg,,
wp-14172s02set,XACT PRO 7548 Spring fork,"<ul><li>Unique valve system</li><li>Greater comfort</li><li>Higher bottoming resistance</li><li>Better response</li><li>Greater confidence in all situations</li><li>Friction optimized components</li><li>High quality coating</li><li>All adjustments can be made externally</li></ul><p></p><strong>Scope of delivery</strong><ul><li class=""li-square"">Spring fork incl. 4.6, 4.8 und 5.0 N/mm Fork spirng</li><li class=""li-square"">Sticker</li><li class=""li-square"">Tools</li></ul>",WP,Vehicles & Parts > Vehicle Parts & Accessories > Motor Vehicle Parts,WP - Offroad,WP - Fork,FALSE,Title,Default Title,,,,,14172S02SET,,shopify,,continue,manual,2989.00,,TRUE,TRUE,9010152092892,https://cdn.shopify.com/s/files/1/0511/7820/9461/files/pho_wp_nmon_cone_valve_2016__sall__awsg__v1.jpg?v=1680287473,1,XACT PRO 7548 Spring fork,FALSE,XACT PRO 7548 Spring fork,"Unique valve system Greater comfort Higher bottoming resistance Better response Greater confidence in all situations Friction optimized components High quality coating All adjustments can be made externally Scope of delivery Spring fork incl. 4.6, 4.8 und 5.0 N/mm Fork spirng Sticker Tools",Motor Vehicle Parts,,Adult,14172S02SET,WP - Offroad,WP - Fork,new,FALSE,,,,,,,kg,,
wp-14182s08set,XPLOR PRO 7548 Spring fork,"<ul><li>Friction optimized components</li><li>Adjustable spring preload</li><li>Adjustable rebound damping</li><li>Adjustable compression damping</li><li>Closed cartridge technology</li><li>Fully adjustable with standard tools</li><li>Unique valve system</li><li>Better response</li><li>Consistent performance</li><li>Improved damping behavior</li><li>Improved and calmer ride</li><li>Improved handling</li></ul><p></p><strong>Scope of delivery</strong><ul><li class=""li-square"">Spring fork with 7.0 N/mm fork spring</li><li class=""li-square"">Sticker</li><li class=""li-square"">Tools</li></ul><p><strong>Notes</strong></p><ul><li class=""li-square"">Fork length: 912mm</li><li class=""li-square"">Stroke: 240mm</li></ul><p>When mounting on KTM 790/890 Adventure brake hose 63542103000 and side stand 63503423000C1 are also required. When mounting on Husqvarna Norden 901 side stand 63503423000C1 is required.</p>",WP,Vehicles & Parts > Vehicle Parts & Accessories > Motor Vehicle Parts,WP - Street,WP - Fork,TRUE,Title,Default Title,,,,,14182S08SET,,shopify,,continue,manual,3299.91,,TRUE,TRUE,9010152092625,https://cdn.shopify.com/s/files/1/0511/7820/9461/files/pho_nmon_14182s10set_14182s08set_xplor_pro_7548_federgabel__sall__awsg__v1.png?v=1736355106,1,XPLOR PRO 7548 Spring fork,FALSE,XPLOR PRO 7548 Spring fork,Friction optimized components Adjustable spring preload Adjustable rebound damping Adjustable compression damping Closed cartridge technology Fully adjustable with standard tools Unique valve system Better response Consistent performance Improved damping behavior Improved and calmer ride Improved handling Scope of del…,Motor Vehicle Parts,,Adult,14182S08SET,WP - Street,WP - Fork,new,FALSE,,,,,,,kg,,
wp-14182s10set,XPLOR PRO 7548 Spring fork,"<ul><li>Friction optimized components</li><li>Adjustable spring preload</li><li>Adjustable rebound damping</li><li>Adjustable compression damping</li><li>Closed cartridge technology</li><li>Fully adjustable with standard tools</li><li>Unique valve system</li><li>Better response</li><li>Consistent performance</li><li>Improved damping behavior</li><li>Improved and calmer ride</li><li>Improved handling</li></ul><p></p><strong>Scope of delivery</strong><ul><li class=""li-square"">Spring fork with 6.4 N/mm fork spring </li><li class=""li-square"">Sticker</li><li class=""li-square"">Tools</li></ul><p><strong>Notes</strong></p><ul><li class=""li-square"">Fork length: 942mm</li><li class=""li-square"">Stroke: 270mm<br /><br />When mounting on 790/ 890 Adventure, 790/ 890 Adventure R or Husqvarna Norden 901, the brake hose 63542203000 is also required.<br />Can only be used in conjunction with 12180S10SET.</li></ul>",WP,Vehicles & Parts > Vehicle Parts & Accessories > Motor Vehicle Parts,WP - Street,WP - Fork,TRUE,Title,Default Title,,,,,14182S10SET,,shopify,,continue,manual,3299.91,,TRUE,TRUE,9010544193350,https://cdn.shopify.com/s/files/1/0511/7820/9461/files/pho_nmon_14182s10set_14182s08set_xplor_pro_7548_federgabel__sall__awsg__v1.png?v=1736355106,1,XPLOR PRO 7548 Spring fork,FALSE,XPLOR PRO 7548 Spring fork,Friction optimized components Adjustable spring preload Adjustable rebound damping Adjustable compression damping Closed cartridge technology Fully adjustable with standard tools Unique valve system Better response Consistent performance Improved damping behavior Improved and calmer ride Improved handling Scope of del…,Motor Vehicle Parts,,Adult,14182S10SET,WP - Street,WP - Fork,new,FALSE,,,,,,,kg,,
wp-14182t07set,XACT PRO 7548 Spring fork,"<ul><li>Unique valve system</li><li>Greater comfort</li><li>Higher bottoming resistance</li><li>Better response</li><li>Greater confidence in all situations</li><li>Friction optimized components</li><li>High quality coating</li><li>All adjustments can be made externally</li></ul><p></p><strong>Setting</strong><br />Item is delivered with basic setting KTM 350, 450 SX-F, XC-F, Husqvarna FC 350, 450, FX 450 and 4.8 N/mm fork spring, further settings can be found under documents.<p><strong>Scope of delivery</strong></p><ul><li class=""li-square"">Spring fork</li><li class=""li-square"">Sticker</li><li class=""li-square"">Tools</li></ul>",WP,Vehicles & Parts > Vehicle Parts & Accessories > Motor Vehicle Parts,WP - Offroad,WP - Fork,FALSE,Title,Default Title,,,,,14182T07SET,,shopify,,continue,manual,3149.03,,TRUE,TRUE,9010152092458,https://cdn.shopify.com/s/files/1/0511/7820/9461/files/pho_wp_nmon_14182t07set_14152u07set_ap01c101u403220_xact_pro_7548__sall__awsg__v2.png?v=1680287573,1,XACT PRO 7548 Spring fork,FALSE,XACT PRO 7548 Spring fork,"Unique valve system Greater comfort Higher bottoming resistance Better response Greater confidence in all situations Friction optimized components High quality coating All adjustments can be made externally Setting Item is delivered with basic setting KTM 350, 450 SX-F, XC-F, Husqvarna FC 350, 450, FX 450 and 4.8 N/mm…",Motor Vehicle Parts,,Adult,14182T07SET,WP - Offroad,WP - Fork,new,FALSE,,,,,,,kg,,
wp-14182t67set,XPLOR PRO 7548 Spring fork,"<ul><li>Friction optimized components</li><li>Adjustable spring preload</li><li>Adjustable rebound damping</li><li>Adjustable compression damping</li><li>Closed cartridge technology</li><li>Fully adjustable with standard tools</li><li>Unique valve system</li><li>Better response</li><li>Consistent performance</li><li>Improved damping behavior</li><li>Improved and calmer ride</li><li>Improved handling</li></ul><p></p><strong>Setting</strong><br />Item is delivered with basic setting KTM 250 EXC-F, 350 EXC-F und 4.2 N/mm fork spring, further settings can be found under documents.<p><strong>Scope of delivery</strong></p><ul><li class=""li-square"">Spring fork</li><li class=""li-square"">Sticker</li><li class=""li-square"">Tools</li></ul>",WP,Vehicles & Parts > Vehicle Parts & Accessories > Motor Vehicle Parts,WP - Offroad,WP - Fork,FALSE,Title,Default Title,,,,,14182T67SET,,shopify,,continue,manual,3299.91,,TRUE,TRUE,9010152092182,https://cdn.shopify.com/s/files/1/0511/7820/9461/files/pho_wp_nmon_14182t67set_xplor_pro_7548__sall__awsg__v2.png?v=1680287572,1,XPLOR PRO 7548 Spring fork,FALSE,XPLOR PRO 7548 Spring fork,Friction optimized components Adjustable spring preload Adjustable rebound damping Adjustable compression damping Closed cartridge technology Fully adjustable with standard tools Unique valve system Better response Consistent performance Improved damping behavior Improved and calmer ride Improved handling Setting Item…,Motor Vehicle Parts,,Adult,14182T67SET,WP - Offroad,WP - Fork,new,FALSE,,,,,,,kg,,
wp-14232r02set,XACT PRO 7548 Spring fork,"<ul><li>Unique valve system</li><li>Greater comfort</li><li>Higher bottoming resistance</li><li>Better response</li><li>Greater confidence in all situations</li><li>Friction optimized components</li><li>High quality coating</li><li>All adjustments can be made externally</li></ul><p></p><strong>Scope of delivery</strong><ul><li class=""li-square"">Spring fork incl. 4.6, 4.8 und 5.0 N/mm Fork spirng</li><li class=""li-square"">Sticker</li><li class=""li-square"">Tools</li></ul>",WP,Vehicles & Parts > Vehicle Parts & Accessories > Motor Vehicle Parts,WP - Offroad,WP - Fork,FALSE,Title,Default Title,,,,,14232R02SET,,shopify,,continue,manual,2989.00,,TRUE,TRUE,9010152089328,https://cdn.shopify.com/s/files/1/0511/7820/9461/files/pho_wp_nmon_14142r01set_federgabel__sall__awsg__v2.png?v=1680287572,1,XACT PRO 7548 Spring fork,FALSE,XACT PRO 7548 Spring fork,"Unique valve system Greater comfort Higher bottoming resistance Better response Greater confidence in all situations Friction optimized components High quality coating All adjustments can be made externally Scope of delivery Spring fork incl. 4.6, 4.8 und 5.0 N/mm Fork spirng Sticker Tools",Motor Vehicle Parts,,Adult,14232R02SET,WP - Offroad,WP - Fork,new,FALSE,,,,,,,kg,,
wp-14272p04set,XACT PRO 7548 Spring fork,"<ul><li>Unique valve system</li><li>Greater comfort</li><li>Higher bottoming resistance</li><li>Better response</li><li>Greater confidence in all situations</li><li>Friction optimized components</li><li>High quality coating</li><li>All adjustments can be made externally</li></ul><p></p><strong>Scope of delivery</strong><ul><li class=""li-square"">Spring fork incl. 4.0, 4.2 und 4.4 N/mm Fork spirng</li><li class=""li-square"">Sticker</li><li class=""li-square"">Tools</li></ul>",WP,Vehicles & Parts > Vehicle Parts & Accessories > Motor Vehicle Parts,WP - Offroad,WP - Fork,FALSE,Title,Default Title,,,,,14272P04SET,,shopify,,continue,manual,,,TRUE,TRUE,,https://cdn.shopify.com/s/files/1/0511/7820/9461/files/pho_wp_nmon_14142r01set_federgabel__sall__awsg__v2.png?v=1680287572,1,XACT PRO 7548 Spring fork,FALSE,XACT PRO 7548 Spring fork,"Unique valve system Greater comfort Higher bottoming resistance Better response Greater confidence in all situations Friction optimized components High quality coating All adjustments can be made externally Scope of delivery Spring fork incl. 4.0, 4.2 und 4.4 N/mm Fork spirng Sticker Tools",Motor Vehicle Parts,,Adult,14272P04SET,WP - Offroad,WP - Fork,new,FALSE,,,,,,,kg,,
wp-14272p04set,,,,,,,,,,,,,,,,,,,,,,,,,https://cdn.shopify.com/s/files/1/0511/7820/9461/files/pho_wp_nmon_114272p04set_federgabel__sall__awsg__v1.png?v=1680287572,2,XACT PRO 7548 Spring fork,,,,,,,,,,,,,,,,,,,,
wp-14272r02set,XACT PRO 7548 Spring fork,"<ul><li>Unique valve system</li><li>Greater comfort</li><li>Higher bottoming resistance</li><li>Better response</li><li>Greater confidence in all situations</li><li>Friction optimized components</li><li>High quality coating</li><li>All adjustments can be made externally</li></ul><p></p><strong>Scope of delivery</strong><ul><li class=""li-square"">Spring fork incl. 4.6, 4.8 und 5.0 N/mm Fork spirng</li><li class=""li-square"">Sticker</li><li class=""li-square"">Tools</li></ul>",WP,Vehicles & Parts > Vehicle Parts & Accessories > Motor Vehicle Parts,WP - Offroad,WP - Fork,FALSE,Title,Default Title,,,,,14272R02SET,,shopify,,continue,manual,,,TRUE,TRUE,,https://cdn.shopify.com/s/files/1/0511/7820/9461/files/pho_wp_nmon_14142r01set_federgabel__sall__awsg__v2.png?v=1680287572,1,XACT PRO 7548 Spring fork,FALSE,XACT PRO 7548 Spring fork,"Unique valve system Greater comfort Higher bottoming resistance Better response Greater confidence in all situations Friction optimized components High quality coating All adjustments can be made externally Scope of delivery Spring fork incl. 4.6, 4.8 und 5.0 N/mm Fork spirng Sticker Tools",Motor Vehicle Parts,,Adult,14272R02SET,WP - Offroad,WP - Fork,new,FALSE,,,,,,,kg,,
wp-14460107,"O-Ring 10x1,5 NBR70","O-Ring 10x1,5 NBR70",WP,Vehicles & Parts > Vehicle Parts & Accessories > Motor Vehicle Parts,WP - Spare Parts,WP - Pro Components,TRUE,Title,Default Title,,,,,14460107,,shopify,,continue,manual,1.33,,TRUE,TRUE,9010152088765,,,,FALSE,"O-Ring 10x1,5 NBR70","O-Ring 10x1,5 NBR70",Motor Vehicle Parts,,Adult,14460107,WP - Spare Parts,WP - Pro Components,new,FALSE,,,,,,,kg,,
wp-15000m02s1,Preload Adjuster Cup Shock RC390,Preload Adjuster Cup Shock RC390,WP,Vehicles & Parts > Vehicle Parts & Accessories > Motor Vehicle Parts,WP - Preload adjuster,WP - Technical Accessories,FALSE,Title,Default Title,,,,,15000M02S1,,shopify,,continue,manual,,,TRUE,TRUE,,https://cdn.shopify.com/s/files/1/0511/7820/9461/files/pho_wp_nmon_15000m02s1__sall__awsg__v1.png?v=1680287591,1,Preload Adjuster Cup Shock RC390,FALSE,Preload Adjuster Cup Shock RC390,Preload Adjuster Cup Shock RC390,Motor Vehicle Parts,,Adult,15000M02S1,WP - Preload adjuster,WP - Technical Accessories,new,FALSE,,,,,,,kg,,
wp-15004t01,Preload Adjuster,Preload Adjuster,WP,Vehicles & Parts > Vehicle Parts & Accessories > Motor Vehicle Parts,WP - Preload adjuster,WP - Technical Accessories,FALSE,Title,Default Title,,,,,15004T01,,shopify,,continue,manual,,,TRUE,TRUE,,https://cdn.shopify.com/s/files/1/0511/7820/9461/files/pho_wp_nmon_15004t01_preload_adjuster__sall__awsg__v1.jpg?v=1680287432,1,Preload Adjuster,FALSE,Preload Adjuster,Preload Adjuster,Motor Vehicle Parts,,Adult,15004T01,WP - Preload adjuster,WP - Technical Accessories,new,FALSE,,,,,,,kg,,
wp-15060o0102set,APEX PRO 7746 Shock absorber,"<ul><li>Technology from the Supersport World Championship</li><li>Motorsport expertise for the street</li><li>Separate high and low-speed compression damping</li><li>Optimal oil circulation</li><li>Excellent cooling properties</li><li>Better response</li><li>Improved feel for rear tires</li><li>Later braking and earlier acceleration possible</li><li>Reduced tire wear</li><li>Greater confidence in all situations</li></ul><p></p><strong>Scope of delivery</strong><ul><li class=""li-square"">Shock absorber incl. 90 N/mm shock spring</li><li class=""li-square"">Sticker</li><li class=""li-square"">Tools</li></ul>",WP,Vehicles & Parts > Vehicle Parts & Accessories > Motor Vehicle Parts,WP - Street,WP - Shock,FALSE,Title,Default Title,,,,,15060O0102SET,,shopify,,continue,manual,,,TRUE,TRUE,,https://cdn.shopify.com/s/files/1/0511/7820/9461/files/pho_wp_nmon_supercompetitiond_mpfer__sall__awsg__v1.jpg?v=1680287432,1,APEX PRO 7746 Shock absorber,FALSE,APEX PRO 7746 Shock absorber,Technology from the Supersport World Championship Motorsport expertise for the street Separate high and low-speed compression damping Optimal oil circulation Excellent cooling properties Better response Improved feel for rear tires Later braking and earlier acceleration possible Reduced tire wear Greater confidence in…,Motor Vehicle Parts,,Adult,15060O0102SET,WP - Street,WP - Shock,new,FALSE,,,,,,,kg,,
wp-15060t11set,APEX PRO 7746 Shock absorber,"<ul><li>Technology from the Supersport World Championship</li><li>Motorsport expertise for the street</li><li>Separate high and low-speed compression damping</li><li>Optimal oil circulation</li><li>Excellent cooling properties</li><li>Better response</li><li>Improved feel for rear tires</li><li>Later braking and earlier acceleration possible</li><li>Reduced tire wear</li><li>Greater confidence in all situations</li></ul><p></p><strong>Scope of delivery</strong><ul><li class=""li-square"">Shock absorber incl. 55 N/mm shock spring</li><li class=""li-square"">Sticker</li><li class=""li-square"">Tools</li></ul>",WP,Vehicles & Parts > Vehicle Parts & Accessories > Motor Vehicle Parts,WP - Street,WP - Shock,TRUE,Title,Default Title,,,,,15060T11SET,,shopify,,continue,manual,1555.52,,TRUE,TRUE,9010544204803,https://cdn.shopify.com/s/files/1/0511/7820/9461/files/pho_wp_nmon_15060t11set_apex_pro_7746_shock_bmw_s1000rr_my21__sall__awsg__v2.png?v=1680287572,1,APEX PRO 7746 Shock absorber,FALSE,APEX PRO 7746 Shock absorber,Technology from the Supersport World Championship Motorsport expertise for the street Separate high and low-speed compression damping Optimal oil circulation Excellent cooling properties Better response Improved feel for rear tires Later braking and earlier acceleration possible Reduced tire wear Greater confidence in…,Motor Vehicle Parts,,Adult,15060T11SET,WP - Street,WP - Shock,new,FALSE,,,,,,,kg,,
wp-15067k0402set,APEX PRO 7746 Shock absorber,"<ul><li>Supersport Technology</li><li>Adaptable to almost every model</li><li>Fully adjustable with standard tools</li><li>Optimized seals, materials and coatings minimize friction for better response</li><li>Parts made of high quality aluminum are very good heat-conducting and offer a consistent performance</li><li>Improved damping behavior and finer adjustment options</li><li>Better feeling for rear wheel, you could brake later and accelerate earlier</li><li>Reduces tire abrasion and improves the handling</li><li>More confidence at all times due to good ground contact</li></ul>Adjustments: <ul><li>Spring Preload</li><li>High-Speed Compression Damping</li><li>Low-Speed Compression Damping</li><li>Rebound Damping</li><li>Length</li></ul>",WP,Vehicles & Parts > Vehicle Parts & Accessories > Motor Vehicle Parts,WP - Street,WP - Shock,FALSE,Title,Default Title,,,,,15067K0402SET,,shopify,,continue,manual,,,TRUE,TRUE,,https://cdn.shopify.com/s/files/1/0511/7820/9461/files/pho_wp_nmon_supercompetitiond_mpfer__sall__awsg__v1.jpg?v=1680287432,1,APEX PRO 7746 Shock absorber,FALSE,APEX PRO 7746 Shock absorber,"Supersport Technology Adaptable to almost every model Fully adjustable with standard tools Optimized seals, materials and coatings minimize friction for better response Parts made of high quality aluminum are very good heat-conducting and offer a consistent performance Improved damping behavior and finer adjustment op…",Motor Vehicle Parts,,Adult,15067K0402SET,WP - Street,WP - Shock,new,FALSE,,,,,,,kg,,
wp-15067l0302set,APEX PRO 7746 Shock absorber,"<ul><li>Supersport Technology</li><li>Adaptable to almost every model</li><li>Fully adjustable with standard tools</li><li>Optimized seals, materials and coatings minimize friction for better response</li><li>Parts made of high quality aluminum are very good heat-conducting and offer a consistent performance</li><li>Improved damping behavior and finer adjustment options</li><li>Better feeling for rear wheel, you could brake later and accelerate earlier</li><li>Reduces tire abrasion and improves the handling</li><li>More confidence at all times due to good ground contact</li></ul>Adjustments: <ul><li>Spring Preload</li><li>High-Speed Compression Damping</li><li>Low-Speed Compression Damping</li><li>Rebound Damping</li><li>Length</li></ul>",WP,Vehicles & Parts > Vehicle Parts & Accessories > Motor Vehicle Parts,WP - Street,WP - Shock,FALSE,Title,Default Title,,,,,15067L0302SET,,shopify,,continue,manual,,,TRUE,TRUE,,https://cdn.shopify.com/s/files/1/0511/7820/9461/files/pho_wp_nmon_supercompetitiond_mpfer__sall__awsg__v1.jpg?v=1680287432,1,APEX PRO 7746 Shock absorber,FALSE,APEX PRO 7746 Shock absorber,"Supersport Technology Adaptable to almost every model Fully adjustable with standard tools Optimized seals, materials and coatings minimize friction for better response Parts made of high quality aluminum are very good heat-conducting and offer a consistent performance Improved damping behavior and finer adjustment op…",Motor Vehicle Parts,,Adult,15067L0302SET,WP - Street,WP - Shock,new,FALSE,,,,,,,kg,,
wp-15097l0102set,APEX PRO 7746 Shock absorber,"<ul><li>Supersport Technology</li><li>Adaptable to almost every model</li><li>Fully adjustable with standard tools</li><li>Optimized seals, materials and coatings minimize friction for better response</li><li>Parts made of high quality aluminum are very good heat-conducting and offer a consistent performance</li><li>Improved damping behavior and finer adjustment options</li><li>Better feeling for rear wheel, you could brake later and accelerate earlier</li><li>Reduces tire abrasion and improves the handling</li><li>More confidence at all times due to good ground contact</li></ul>Adjustments: <ul><li>Spring Preload</li><li>High-Speed Compression Damping</li><li>Low-Speed Compression Damping</li><li>Rebound Damping</li><li>Length</li></ul>",WP,Vehicles & Parts > Vehicle Parts & Accessories > Motor Vehicle Parts,WP - Street,WP - Shock,FALSE,Title,Default Title,,,,,15097L0102SET,,shopify,,continue,manual,,,TRUE,TRUE,,https://cdn.shopify.com/s/files/1/0511/7820/9461/files/pho_wp_nmon_supercompetitiond_mpfer__sall__awsg__v1.jpg?v=1680287432,1,APEX PRO 7746 Shock absorber,FALSE,APEX PRO 7746 Shock absorber,"Supersport Technology Adaptable to almost every model Fully adjustable with standard tools Optimized seals, materials and coatings minimize friction for better response Parts made of high quality aluminum are very good heat-conducting and offer a consistent performance Improved damping behavior and finer adjustment op…",Motor Vehicle Parts,,Adult,15097L0102SET,WP - Street,WP - Shock,new,FALSE,,,,,,,kg,,
wp-15147k2902set,APEX PRO 7746 Shock absorber,"<ul><li>Supersport Technology</li><li>Adaptable to almost every model</li><li>Fully adjustable with standard tools</li><li>Optimized seals, materials and coatings minimize friction for better response</li><li>Parts made of high quality aluminum are very good heat-conducting and offer a consistent performance</li><li>Improved damping behavior and finer adjustment options</li><li>Better feeling for rear wheel, you could brake later and accelerate earlier</li><li>Reduces tire abrasion and improves the handling</li><li>More confidence at all times due to good ground contact</li></ul>Adjustments: <ul><li>Spring Preload</li><li>High-Speed Compression Damping</li><li>Low-Speed Compression Damping</li><li>Rebound Damping</li><li>Length</li></ul>",WP,Vehicles & Parts > Vehicle Parts & Accessories > Motor Vehicle Parts,WP - Street,WP - Shock,FALSE,Title,Default Title,,,,,15147K2902SET,,shopify,,continue,manual,,,TRUE,TRUE,,https://cdn.shopify.com/s/files/1/0511/7820/9461/files/pho_wp_nmon_supercompetitiond_mpfer__sall__awsg__v1.jpg?v=1680287432,1,APEX PRO 7746 Shock absorber,FALSE,APEX PRO 7746 Shock absorber,"Supersport Technology Adaptable to almost every model Fully adjustable with standard tools Optimized seals, materials and coatings minimize friction for better response Parts made of high quality aluminum are very good heat-conducting and offer a consistent performance Improved damping behavior and finer adjustment op…",Motor Vehicle Parts,,Adult,15147K2902SET,WP - Street,WP - Shock,new,FALSE,,,,,,,kg,,
wp-15147l2702set,APEX PRO 7746 Shock absorber,"<ul><li>Technology from the Supersport World Championship</li><li>Motorsport expertise for the street</li><li>Separate high and low-speed compression damping</li><li>Optimal oil circulation</li><li>Excellent cooling properties</li><li>Better response</li><li>Improved feel for rear tires</li><li>Later braking and earlier acceleration possible</li><li>Reduced tire wear</li><li>Greater confidence in all situations</li></ul><p></p><strong>Scope of delivery</strong><ul><li class=""li-square"">Shock absorber incl. 105 N/mm shock spring</li><li class=""li-square"">Sticker</li><li class=""li-square"">Tools</li></ul>",WP,Vehicles & Parts > Vehicle Parts & Accessories > Motor Vehicle Parts,WP - Street,WP - Shock,FALSE,Title,Default Title,,,,,15147L2702SET,,shopify,,continue,manual,,,TRUE,TRUE,,https://cdn.shopify.com/s/files/1/0511/7820/9461/files/pho_wp_nmon_supercompetitiond_mpfer__sall__awsg__v1.jpg?v=1680287432,1,APEX PRO 7746 Shock absorber,FALSE,APEX PRO 7746 Shock absorber,Technology from the Supersport World Championship Motorsport expertise for the street Separate high and low-speed compression damping Optimal oil circulation Excellent cooling properties Better response Improved feel for rear tires Later braking and earlier acceleration possible Reduced tire wear Greater confidence in…,Motor Vehicle Parts,,Adult,15147L2702SET,WP - Street,WP - Shock,new,FALSE,,,,,,,kg,,
wp-15147l2802set,APEX PRO 7746 Shock absorber,"<ul><li>Supersport Technology</li><li>Adaptable to almost every model</li><li>Fully adjustable with standard tools</li><li>Optimized seals, materials and coatings minimize friction for better response</li><li>Parts made of high quality aluminum are very good heat-conducting and offer a consistent performance</li><li>Improved damping behavior and finer adjustment options</li><li>Better feeling for rear wheel, you could brake later and accelerate earlier</li><li>Reduces tire abrasion and improves the handling</li><li>More confidence at all times due to good ground contact</li></ul>Adjustments: <ul><li>Spring Preload</li><li>High-Speed Compression Damping</li><li>Low-Speed Compression Damping</li><li>Rebound Damping</li><li>Length</li></ul>",WP,Vehicles & Parts > Vehicle Parts & Accessories > Motor Vehicle Parts,WP - Street,WP - Shock,FALSE,Title,Default Title,,,,,15147L2802SET,,shopify,,continue,manual,,,TRUE,TRUE,,https://cdn.shopify.com/s/files/1/0511/7820/9461/files/pho_wp_nmon_supercompetitiond_mpfer__sall__awsg__v1.jpg?v=1680287432,1,APEX PRO 7746 Shock absorber,FALSE,APEX PRO 7746 Shock absorber,"Supersport Technology Adaptable to almost every model Fully adjustable with standard tools Optimized seals, materials and coatings minimize friction for better response Parts made of high quality aluminum are very good heat-conducting and offer a consistent performance Improved damping behavior and finer adjustment op…",Motor Vehicle Parts,,Adult,15147L2802SET,WP - Street,WP - Shock,new,FALSE,,,,,,,kg,,
wp-15147m01,Moto 3 Shock absorber Honda 2013,Moto 3 Shock absorber Honda 2013,WP,Vehicles & Parts > Vehicle Parts & Accessories > Motor Vehicle Parts,WP - Street,WP - Shock,FALSE,Title,Default Title,,,,,15147M01,,shopify,,continue,manual,,,TRUE,TRUE,,https://cdn.shopify.com/s/files/1/0511/7820/9461/files/pho_wp_nmon_moto3d_mpfer2013__sall__awsg__v1.jpg?v=1680287473,1,Moto 3 Shock absorber Honda 2013,FALSE,Moto 3 Shock absorber Honda 2013,Moto 3 Shock absorber Honda 2013,Motor Vehicle Parts,,Adult,15147M01,WP - Street,WP - Shock,new,FALSE,,,,,,,kg,,
wp-15170p02set,APEX PRO 7746 Shock absorber,"<ul><li>Technology from the Supersport World Championship</li><li>Motorsport expertise for the street</li><li>Separate high and low-speed compression damping</li><li>Optimal oil circulation</li><li>Excellent cooling properties</li><li>Better response</li><li>Improved feel for rear tires</li><li>Later braking and earlier acceleration possible</li><li>Reduced tire wear</li><li>Greater confidence in all situations</li></ul><p></p><strong>Scope of delivery</strong><ul><li class=""li-square"">Shock absorber incl. 110 N/mm shock spring</li><li class=""li-square"">Sticker</li><li class=""li-square"">Tools</li></ul>",WP,Vehicles & Parts > Vehicle Parts & Accessories > Motor Vehicle Parts,WP - Street,WP - Shock,FALSE,Title,Default Title,,,,,15170P02SET,,shopify,,continue,manual,1555.52,,TRUE,TRUE,9010152144805,https://cdn.shopify.com/s/files/1/0511/7820/9461/files/pho_wp_nmon_15170p02set_kawasaki_zx_10r_dsc4272_spiegelung_whitebg_6241__sall__awsg__v1.jpg?v=1680287313,1,APEX PRO 7746 Shock absorber,FALSE,APEX PRO 7746 Shock absorber,Technology from the Supersport World Championship Motorsport expertise for the street Separate high and low-speed compression damping Optimal oil circulation Excellent cooling properties Better response Improved feel for rear tires Later braking and earlier acceleration possible Reduced tire wear Greater confidence in…,Motor Vehicle Parts,,Adult,15170P02SET,WP - Street,WP - Shock,new,FALSE,,,,,,,kg,,
wp-15177l2302set,APEX PRO 7746 Shock absorber,"<ul><li>Supersport Technology</li><li>Adaptable to almost every model</li><li>Fully adjustable with standard tools</li><li>Optimized seals, materials and coatings minimize friction for better response</li><li>Parts made of high quality aluminum are very good heat-conducting and offer a consistent performance</li><li>Improved damping behavior and finer adjustment options</li><li>Better feeling for rear wheel, you could brake later and accelerate earlier</li><li>Reduces tire abrasion and improves the handling</li><li>More confidence at all times due to good ground contact</li></ul>Adjustments: <ul><li>Spring Preload</li><li>High-Speed Compression Damping</li><li>Low-Speed Compression Damping</li><li>Rebound Damping</li><li>Length</li></ul>",WP,Vehicles & Parts > Vehicle Parts & Accessories > Motor Vehicle Parts,WP - Street,WP - Shock,FALSE,Title,Default Title,,,,,15177L2302SET,,shopify,,continue,manual,,,TRUE,TRUE,,https://cdn.shopify.com/s/files/1/0511/7820/9461/files/pho_wp_nmon_supercompetitiond_mpfer__sall__awsg__v1.jpg?v=1680287432,1,APEX PRO 7746 Shock absorber,FALSE,APEX PRO 7746 Shock absorber,"Supersport Technology Adaptable to almost every model Fully adjustable with standard tools Optimized seals, materials and coatings minimize friction for better response Parts made of high quality aluminum are very good heat-conducting and offer a consistent performance Improved damping behavior and finer adjustment op…",Motor Vehicle Parts,,Adult,15177L2302SET,WP - Street,WP - Shock,new,FALSE,,,,,,,kg,,
wp-15177l2402set,APEX PRO 7746 Shock absorber,"<ul><li>Technology from the Supersport World Championship</li><li>Motorsport expertise for the street</li><li>Separate high and low-speed compression damping</li><li>Optimal oil circulation</li><li>Excellent cooling properties</li><li>Better response</li><li>Improved feel for rear tires</li><li>Later braking and earlier acceleration possible</li><li>Reduced tire wear</li><li>Greater confidence in all situations</li></ul><p></p><strong>Scope of delivery</strong><ul><li class=""li-square"">Shock absorber incl. 100 N/mm shock spring</li><li class=""li-square"">Sticker</li><li class=""li-square"">Tools</li></ul>",WP,Vehicles & Parts > Vehicle Parts & Accessories > Motor Vehicle Parts,WP - Street,WP - Shock,FALSE,Title,Default Title,,,,,15177L2402SET,,shopify,,continue,manual,,,TRUE,TRUE,,https://cdn.shopify.com/s/files/1/0511/7820/9461/files/pho_wp_nmon_supercompetitiond_mpfer__sall__awsg__v1.jpg?v=1680287432,1,APEX PRO 7746 Shock absorber,FALSE,APEX PRO 7746 Shock absorber,Technology from the Supersport World Championship Motorsport expertise for the street Separate high and low-speed compression damping Optimal oil circulation Excellent cooling properties Better response Improved feel for rear tires Later braking and earlier acceleration possible Reduced tire wear Greater confidence in…,Motor Vehicle Parts,,Adult,15177L2402SET,WP - Street,WP - Shock,new,FALSE,,,,,,,kg,,
wp-15180n01set,APEX PRO 7746 Shock absorber,"<ul><li>Technology from the Supersport World Championship</li><li>Motorsport expertise for the street</li><li>Separate high and low-speed compression damping</li><li>Optimal oil circulation</li><li>Excellent cooling properties</li><li>Better response</li><li>Improved feel for rear tires</li><li>Later braking and earlier acceleration possible</li><li>Reduced tire wear</li><li>Greater confidence in all situations</li></ul><p></p><strong>Scope of delivery</strong><ul><li class=""li-square"">Shock absorber incl. 180 N/mm shock spring</li><li class=""li-square"">Sticker</li><li class=""li-square"">Tools</li></ul>",WP,Vehicles & Parts > Vehicle Parts & Accessories > Motor Vehicle Parts,WP - Street,WP - Shock,FALSE,Title,Default Title,,,,,15180N01SET,,shopify,,continue,manual,,,TRUE,TRUE,,https://cdn.shopify.com/s/files/1/0511/7820/9461/files/pho_wp_nmon_supercompetitiond_mpfer__sall__awsg__v1.jpg?v=1680287432,1,APEX PRO 7746 Shock absorber,FALSE,APEX PRO 7746 Shock absorber,Technology from the Supersport World Championship Motorsport expertise for the street Separate high and low-speed compression damping Optimal oil circulation Excellent cooling properties Better response Improved feel for rear tires Later braking and earlier acceleration possible Reduced tire wear Greater confidence in…,Motor Vehicle Parts,,Adult,15180N01SET,WP - Street,WP - Shock,new,FALSE,,,,,,,kg,,
wp-15180o03set,XACT PRO 7746 Shock absorber,XACT PRO 7746 Shock absorber,WP,Vehicles & Parts > Vehicle Parts & Accessories > Motor Vehicle Parts,WP - Offroad,WP - Shock,FALSE,Title,Default Title,,,,,15180O03SET,,shopify,,continue,manual,,,TRUE,TRUE,,https://cdn.shopify.com/s/files/1/0511/7820/9461/files/pho_wp_nmon_traxd_mpfersx852015__sall__awsg__v1.jpg?v=1680287473,1,XACT PRO 7746 Shock absorber,FALSE,XACT PRO 7746 Shock absorber,XACT PRO 7746 Shock absorber,Motor Vehicle Parts,,Adult,15180O03SET,WP - Offroad,WP - Shock,new,FALSE,,,,,,,kg,,
wp-15180r10set,APEX PRO 6746 Shock absorber,"<ul><li>Excellent cooling properties</li><li>Consistent performance</li><li>Greater comfort</li><li>Adjustable rebound damping</li><li>Adjustable compression damping</li><li>Adjustable spring preload</li></ul><p></p><strong>Scope of delivery</strong><ul><li class=""li-square"">Shock absorber incl. 72 N/mm shock spring</li><li class=""li-square"">Sticker</li></ul>",WP,Vehicles & Parts > Vehicle Parts & Accessories > Motor Vehicle Parts,WP - Street,WP - Shock,FALSE,Title,Default Title,,,,,15180R10SET,,shopify,,continue,manual,,,TRUE,TRUE,,https://cdn.shopify.com/s/files/1/0511/7820/9461/files/pho_wp_nmon_15180r10set_cup_shock_ktm_rc390r__sall__awsg__v1.jpg?v=1680287375,1,APEX PRO 6746 Shock absorber,FALSE,APEX PRO 6746 Shock absorber,Excellent cooling properties Consistent performance Greater comfort Adjustable rebound damping Adjustable compression damping Adjustable spring preload Scope of delivery Shock absorber incl. 72 N/mm shock spring Sticker,Motor Vehicle Parts,,Adult,15180R10SET,WP - Street,WP - Shock,new,FALSE,,,,,,,kg,,
wp-15180r8102set,APEX PRO 6746 Shock absorber,"<ul><li>Excellent cooling properties</li><li>Consistent performance</li><li>Greater comfort</li><li>Adjustable rebound damping</li><li>Adjustable compression damping</li><li>Adjustable spring preload</li></ul><p></p><strong>Scope of delivery</strong><ul><li class=""li-square"">Shock absorber incl. 150 N/mm shock spring</li><li class=""li-square"">Sticker</li><li class=""li-square"">Preload Adjuster</li></ul><p><strong>Notes</strong></p><p>When used with KTM 890 Duke you have to adjust compression and rebound adjuster according to setting list. Settings can be found under documents.</p>",WP,Vehicles & Parts > Vehicle Parts & Accessories > Motor Vehicle Parts,WP - Street,WP - Shock,FALSE,Title,Default Title,,,,,15180R8102SET,,shopify,,continue,manual,1098.01,,TRUE,TRUE,9010152143112,https://cdn.shopify.com/s/files/1/0511/7820/9461/files/pho_nmon_15180r8102set_apex_pro_6746_shock__sall__awsg__v1.jpg?v=1736367264,1,APEX PRO 6746 Shock absorber,FALSE,APEX PRO 6746 Shock absorber,Excellent cooling properties Consistent performance Greater comfort Adjustable rebound damping Adjustable compression damping Adjustable spring preload Scope of delivery Shock absorber incl. 150 N/mm shock spring Sticker Preload Adjuster Notes When used with KTM 890 Duke you have to adjust compression and rebound adju…,Motor Vehicle Parts,,Adult,15180R8102SET,WP - Street,WP - Shock,new,FALSE,,,,,,,kg,,
wp-15180r81set,APEX PRO 6746 Shock absorber,"<ul><li>Excellent cooling properties</li><li>Consistent performance</li><li>Greater comfort</li><li>Adjustable rebound damping</li><li>Adjustable compression damping</li><li>Adjustable spring preload</li></ul><p></p><strong>Scope of delivery</strong><ul><li class=""li-square"">Shock absorber incl. 150 N/mm shock spring</li><li class=""li-square"">Sticker</li></ul><p><strong>Notes</strong></p><p>When used with KTM 890 Duke you have to adjust compression and rebound adjuster according to setting list. Settings can be found under documents.</p>",WP,Vehicles & Parts > Vehicle Parts & Accessories > Motor Vehicle Parts,WP - Street,WP - Shock,TRUE,Title,Default Title,,,,,15180R81SET,,shopify,,continue,manual,999.94,,TRUE,TRUE,9010152143105,https://cdn.shopify.com/s/files/1/0511/7820/9461/files/pho_nmon_15180r81set_apex_pro_6746_shock_absorber__sall__awsg__v2.png?v=1736355107,1,APEX PRO 6746 Shock absorber,FALSE,APEX PRO 6746 Shock absorber,Excellent cooling properties Consistent performance Greater comfort Adjustable rebound damping Adjustable compression damping Adjustable spring preload Scope of delivery Shock absorber incl. 150 N/mm shock spring Sticker Notes When used with KTM 890 Duke you have to adjust compression and rebound adjuster according to…,Motor Vehicle Parts,,Adult,15180R81SET,WP - Street,WP - Shock,new,FALSE,,,,,,,kg,,
wp-15180t01set,APEX PRO 7746 Shock absorber,"<ul><li>Technology from the Supersport World Championship</li><li>Motorsport expertise for the street</li><li>Separate high and low-speed compression damping</li><li>Optimal oil circulation</li><li>Excellent cooling properties</li><li>Better response</li><li>Improved feel for rear tires</li><li>Later braking and earlier acceleration possible</li><li>Reduced tire wear</li><li>Greater confidence in all situations</li></ul><p></p><strong>Scope of delivery</strong><ul><li class=""li-square"">Shock absorber incl. 90 N/mm shock spring</li><li class=""li-square"">Sticker</li><li class=""li-square"">Tools</li></ul>",WP,Vehicles & Parts > Vehicle Parts & Accessories > Motor Vehicle Parts,WP - Street,WP - Shock,TRUE,Title,Default Title,,,,,15180T01SET,,shopify,,continue,manual,1279.94,,TRUE,TRUE,9010152143099,https://cdn.shopify.com/s/files/1/0511/7820/9461/files/pho_nmon_15180t01set_apex_pro_7749_shock_absorber__sall__awsg__v2.png?v=1736367234,1,APEX PRO 7746 Shock absorber,FALSE,APEX PRO 7746 Shock absorber,Technology from the Supersport World Championship Motorsport expertise for the street Separate high and low-speed compression damping Optimal oil circulation Excellent cooling properties Better response Improved feel for rear tires Later braking and earlier acceleration possible Reduced tire wear Greater confidence in…,Motor Vehicle Parts,,Adult,15180T01SET,WP - Street,WP - Shock,new,FALSE,,,,,,,kg,,
wp-15180t91set,APEX PRO 7746 Shock absorber,"<ul><li>Technology from the Supersport World Championship</li><li>Motorsport expertise for the street</li><li>Separate high and low-speed compression damping</li><li>Optimal oil circulation</li><li>Excellent cooling properties</li><li>Better response</li><li>Improved feel for rear tires</li><li>Later braking and earlier acceleration possible</li><li>Reduced tire wear</li><li>Greater confidence in all situations</li></ul><p></p><strong>Scope of delivery</strong><ul><li class=""li-square"">Shock absorber incl. 150 N/mm shock spring</li><li class=""li-square"">Sticker</li><li class=""li-square"">Tools</li></ul>",WP,Vehicles & Parts > Vehicle Parts & Accessories > Motor Vehicle Parts,WP - Street,WP - Shock,TRUE,Title,Default Title,,,,,15180T91SET,,shopify,,continue,manual,1279.94,,TRUE,TRUE,9010544632538,https://cdn.shopify.com/s/files/1/0511/7820/9461/files/pho_nmon_15180t01set_apex_pro_7746_shock__sall__awsg__v1.jpg?v=1736355152,1,APEX PRO 7746 Shock absorber,FALSE,APEX PRO 7746 Shock absorber,Technology from the Supersport World Championship Motorsport expertise for the street Separate high and low-speed compression damping Optimal oil circulation Excellent cooling properties Better response Improved feel for rear tires Later braking and earlier acceleration possible Reduced tire wear Greater confidence in…,Motor Vehicle Parts,,Adult,15180T91SET,WP - Street,WP - Shock,new,FALSE,,,,,,,kg,,
wp-15187m5002,Moto 3 Shock absorber KTM 2013,Moto 3 Shock absorber KTM 2013,WP,Vehicles & Parts > Vehicle Parts & Accessories > Motor Vehicle Parts,WP - Street,WP - Shock,FALSE,Title,Default Title,,,,,15187M5002,,shopify,,continue,manual,,,TRUE,TRUE,,https://cdn.shopify.com/s/files/1/0511/7820/9461/files/pho_wp_nmon_moto3d_mpfer2013__sall__awsg__v1.jpg?v=1680287473,1,Moto 3 Shock absorber KTM 2013,FALSE,Moto 3 Shock absorber KTM 2013,Moto 3 Shock absorber KTM 2013,Motor Vehicle Parts,,Adult,15187M5002,WP - Street,WP - Shock,new,FALSE,,,,,,,kg,,
wp-15230q11set,APEX PRO 7746 Shock absorber,"<ul><li>Technology from the Supersport World Championship</li><li>Motorsport expertise for the street</li><li>Separate high and low-speed compression damping</li><li>Optimal oil circulation</li><li>Excellent cooling properties</li><li>Better response</li><li>Improved feel for rear tires</li><li>Later braking and earlier acceleration possible</li><li>Reduced tire wear</li><li>Greater confidence in all situations</li></ul><p></p><strong>Scope of delivery</strong><ul><li class=""li-square"">Shock absorber incl. 96 N/mm shock spring</li><li class=""li-square"">Sticker</li><li class=""li-square"">Tools</li></ul>",WP,Vehicles & Parts > Vehicle Parts & Accessories > Motor Vehicle Parts,WP - Street,WP - Shock,FALSE,Title,Default Title,,,,,15230Q11SET,,shopify,,continue,manual,1555.52,,TRUE,TRUE,9010152139924,https://cdn.shopify.com/s/files/1/0511/7820/9461/files/pho_wp_nmon_suzuki_shock_15230q11__sall__awsg__v1.jpg?v=1680287451,1,APEX PRO 7746 Shock absorber,FALSE,APEX PRO 7746 Shock absorber,Technology from the Supersport World Championship Motorsport expertise for the street Separate high and low-speed compression damping Optimal oil circulation Excellent cooling properties Better response Improved feel for rear tires Later braking and earlier acceleration possible Reduced tire wear Greater confidence in…,Motor Vehicle Parts,,Adult,15230Q11SET,WP - Street,WP - Shock,new,FALSE,,,,,,,kg,,
wp-15237l2302set,APEX PRO 7746 Shock absorber,"<ul><li>Supersport Technology</li><li>Adaptable to almost every model</li><li>Fully adjustable with standard tools</li><li>Optimized seals, materials and coatings minimize friction for better response</li><li>Parts made of high quality aluminum are very good heat-conducting and offer a consistent performance</li><li>Improved damping behavior and finer adjustment options</li><li>Better feeling for rear wheel, you could brake later and accelerate earlier</li><li>Reduces tire abrasion and improves the handling</li><li>More confidence at all times due to good ground contact</li></ul>Adjustments: <ul><li>Spring Preload</li><li>High-Speed Compression Damping</li><li>Low-Speed Compression Damping</li><li>Rebound Damping</li><li>Length</li></ul>",WP,Vehicles & Parts > Vehicle Parts & Accessories > Motor Vehicle Parts,WP - Street,WP - Shock,FALSE,Title,Default Title,,,,,15237L2302SET,,shopify,,continue,manual,,,TRUE,TRUE,,https://cdn.shopify.com/s/files/1/0511/7820/9461/files/pho_wp_nmon_supercompetitiond_mpfer__sall__awsg__v1.jpg?v=1680287432,1,APEX PRO 7746 Shock absorber,FALSE,APEX PRO 7746 Shock absorber,"Supersport Technology Adaptable to almost every model Fully adjustable with standard tools Optimized seals, materials and coatings minimize friction for better response Parts made of high quality aluminum are very good heat-conducting and offer a consistent performance Improved damping behavior and finer adjustment op…",Motor Vehicle Parts,,Adult,15237L2302SET,WP - Street,WP - Shock,new,FALSE,,,,,,,kg,,
wp-15237l2402set,APEX PRO 7746 Shock absorber,"<ul><li>Supersport Technology</li><li>Adaptable to almost every model</li><li>Fully adjustable with standard tools</li><li>Optimized seals, materials and coatings minimize friction for better response</li><li>Parts made of high quality aluminum are very good heat-conducting and offer a consistent performance</li><li>Improved damping behavior and finer adjustment options</li><li>Better feeling for rear wheel, you could brake later and accelerate earlier</li><li>Reduces tire abrasion and improves the handling</li><li>More confidence at all times due to good ground contact</li></ul>Adjustments: <ul><li>Spring Preload</li><li>High-Speed Compression Damping</li><li>Low-Speed Compression Damping</li><li>Rebound Damping</li><li>Length</li></ul>",WP,Vehicles & Parts > Vehicle Parts & Accessories > Motor Vehicle Parts,WP - Street,WP - Shock,FALSE,Title,Default Title,,,,,15237L2402SET,,shopify,,continue,manual,,,TRUE,TRUE,,https://cdn.shopify.com/s/files/1/0511/7820/9461/files/pho_wp_nmon_supercompetitiond_mpfer__sall__awsg__v1.jpg?v=1680287432,1,APEX PRO 7746 Shock absorber,FALSE,APEX PRO 7746 Shock absorber,"Supersport Technology Adaptable to almost every model Fully adjustable with standard tools Optimized seals, materials and coatings minimize friction for better response Parts made of high quality aluminum are very good heat-conducting and offer a consistent performance Improved damping behavior and finer adjustment op…",Motor Vehicle Parts,,Adult,15237L2402SET,WP - Street,WP - Shock,new,FALSE,,,,,,,kg,,
wp-15237l2502set,APEX PRO 7746 Shock absorber,"<ul><li>Supersport Technology</li><li>Adaptable to almost every model</li><li>Fully adjustable with standard tools</li><li>Optimized seals, materials and coatings minimize friction for better response</li><li>Parts made of high quality aluminum are very good heat-conducting and offer a consistent performance</li><li>Improved damping behavior and finer adjustment options</li><li>Better feeling for rear wheel, you could brake later and accelerate earlier</li><li>Reduces tire abrasion and improves the handling</li><li>More confidence at all times due to good ground contact</li></ul>Adjustments: <ul><li>Spring Preload</li><li>High-Speed Compression Damping</li><li>Low-Speed Compression Damping</li><li>Rebound Damping</li><li>Length</li></ul>",WP,Vehicles & Parts > Vehicle Parts & Accessories > Motor Vehicle Parts,WP - Street,WP - Shock,FALSE,Title,Default Title,,,,,15237L2502SET,,shopify,,continue,manual,,,TRUE,TRUE,,https://cdn.shopify.com/s/files/1/0511/7820/9461/files/pho_wp_nmon_supercompetitiond_mpfer__sall__awsg__v1.jpg?v=1680287432,1,APEX PRO 7746 Shock absorber,FALSE,APEX PRO 7746 Shock absorber,"Supersport Technology Adaptable to almost every model Fully adjustable with standard tools Optimized seals, materials and coatings minimize friction for better response Parts made of high quality aluminum are very good heat-conducting and offer a consistent performance Improved damping behavior and finer adjustment op…",Motor Vehicle Parts,,Adult,15237L2502SET,WP - Street,WP - Shock,new,FALSE,,,,,,,kg,,
wp-15270o0202set,APEX PRO 7746 Shock absorber,"<ul><li>Technology from the Supersport World Championship</li><li>Motorsport expertise for the street</li><li>Separate high and low-speed compression damping</li><li>Optimal oil circulation</li><li>Excellent cooling properties</li><li>Better response</li><li>Improved feel for rear tires</li><li>Later braking and earlier acceleration possible</li><li>Reduced tire wear</li><li>Greater confidence in all situations</li></ul><p></p><strong>Scope of delivery</strong><ul><li class=""li-square"">Shock absorber incl. 90 N/mm shock spring</li><li class=""li-square"">Sticker</li><li class=""li-square"">Tools</li></ul>",WP,Vehicles & Parts > Vehicle Parts & Accessories > Motor Vehicle Parts,WP - Street,WP - Shock,FALSE,Title,Default Title,,,,,15270O0202SET,,shopify,,continue,manual,,,TRUE,TRUE,,https://cdn.shopify.com/s/files/1/0511/7820/9461/files/pho_wp_nmon_15270o0202set_yamaha_yzf_r1_dsc4281_spiegelung_whitebg_6254__sall__awsg__v1.jpg?v=1680287312,1,APEX PRO 7746 Shock absorber,FALSE,APEX PRO 7746 Shock absorber,Technology from the Supersport World Championship Motorsport expertise for the street Separate high and low-speed compression damping Optimal oil circulation Excellent cooling properties Better response Improved feel for rear tires Later braking and earlier acceleration possible Reduced tire wear Greater confidence in…,Motor Vehicle Parts,,Adult,15270O0202SET,WP - Street,WP - Shock,new,FALSE,,,,,,,kg,,
wp-15270q61set,APEX PRO 7746 Shock absorber,"<ul><li>Technology from the Supersport World Championship</li><li>Motorsport expertise for the street</li><li>Separate high and low-speed compression damping</li><li>Optimal oil circulation</li><li>Excellent cooling properties</li><li>Better response</li><li>Improved feel for rear tires</li><li>Later braking and earlier acceleration possible</li><li>Reduced tire wear</li><li>Greater confidence in all situations</li></ul><p></p><strong>Scope of delivery</strong><ul><li class=""li-square"">Shock absorber incl. 96 N/mm shock spring</li><li class=""li-square"">Sticker</li><li class=""li-square"">Tools</li></ul>",WP,Vehicles & Parts > Vehicle Parts & Accessories > Motor Vehicle Parts,WP - Street,WP - Shock,TRUE,Title,Default Title,,,,,15270Q61SET,,shopify,,continue,manual,1555.52,,TRUE,TRUE,9010152139863,https://cdn.shopify.com/s/files/1/0511/7820/9461/files/pho_wp_nmon_15270q61_yamaha_r6__sall__awsg__v1.jpg?v=1680287452,1,APEX PRO 7746 Shock absorber,FALSE,APEX PRO 7746 Shock absorber,Technology from the Supersport World Championship Motorsport expertise for the street Separate high and low-speed compression damping Optimal oil circulation Excellent cooling properties Better response Improved feel for rear tires Later braking and earlier acceleration possible Reduced tire wear Greater confidence in…,Motor Vehicle Parts,,Adult,15270Q61SET,WP - Street,WP - Shock,new,FALSE,,,,,,,kg,,
wp-15270q81set,APEX PRO 6746 Shock absorber,"<ul><li>Excellent cooling properties</li><li>Consistent performance</li><li>Greater comfort</li><li>Adjustable spring preload</li><li>Adjustable rebound damping</li><li>Adjustable compression damping</li></ul><p></p><strong>Scope of delivery</strong><ul><li class=""li-square"">Shock absorber incl. 95 N/mm shock spring</li><li class=""li-square"">Sticker</li></ul>",WP,Vehicles & Parts > Vehicle Parts & Accessories > Motor Vehicle Parts,WP - Street,WP - Shock,FALSE,Title,Default Title,,,,,15270Q81SET,,shopify,,continue,manual,,,TRUE,TRUE,,https://cdn.shopify.com/s/files/1/0511/7820/9461/files/pho_wp_nmon_15270q81set_apex_pro_6746_shock__sall__awsg__v1.jpg?v=1680287432,1,APEX PRO 6746 Shock absorber,FALSE,APEX PRO 6746 Shock absorber,Excellent cooling properties Consistent performance Greater comfort Adjustable spring preload Adjustable rebound damping Adjustable compression damping Scope of delivery Shock absorber incl. 95 N/mm shock spring Sticker,Motor Vehicle Parts,,Adult,15270Q81SET,WP - Street,WP - Shock,new,FALSE,,,,,,,kg,,
wp-15277l1602set,APEX PRO 7746 Shock absorber,"<ul><li>Supersport Technology</li><li>Adaptable to almost every model</li><li>Fully adjustable with standard tools</li><li>Optimized seals, materials and coatings minimize friction for better response</li><li>Parts made of high quality aluminum are very good heat-conducting and offer a consistent performance</li><li>Improved damping behavior and finer adjustment options</li><li>Better feeling for rear wheel, you could brake later and accelerate earlier</li><li>Reduces tire abrasion and improves the handling</li><li>More confidence at all times due to good ground contact</li></ul>Adjustments: <ul><li>Spring Preload</li><li>High-Speed Compression Damping</li><li>Low-Speed Compression Damping</li><li>Rebound Damping</li><li>Length</li></ul>",WP,Vehicles & Parts > Vehicle Parts & Accessories > Motor Vehicle Parts,WP - Street,WP - Shock,FALSE,Title,Default Title,,,,,15277L1602SET,,shopify,,continue,manual,,,TRUE,TRUE,,https://cdn.shopify.com/s/files/1/0511/7820/9461/files/pho_wp_nmon_supercompetitiond_mpfer__sall__awsg__v1.jpg?v=1680287432,1,APEX PRO 7746 Shock absorber,FALSE,APEX PRO 7746 Shock absorber,"Supersport Technology Adaptable to almost every model Fully adjustable with standard tools Optimized seals, materials and coatings minimize friction for better response Parts made of high quality aluminum are very good heat-conducting and offer a consistent performance Improved damping behavior and finer adjustment op…",Motor Vehicle Parts,,Adult,15277L1602SET,WP - Street,WP - Shock,new,FALSE,,,,,,,kg,,
wp-15277l1702set,APEX PRO 7746 Shock absorber,"<ul><li>Supersport Technology</li><li>Adaptable to almost every model</li><li>Fully adjustable with standard tools</li><li>Optimized seals, materials and coatings minimize friction for better response</li><li>Parts made of high quality aluminum are very good heat-conducting and offer a consistent performance</li><li>Improved damping behavior and finer adjustment options</li><li>Better feeling for rear wheel, you could brake later and accelerate earlier</li><li>Reduces tire abrasion and improves the handling</li><li>More confidence at all times due to good ground contact</li></ul>Adjustments: <ul><li>Spring Preload</li><li>High-Speed Compression Damping</li><li>Low-Speed Compression Damping</li><li>Rebound Damping</li><li>Length</li></ul>",WP,Vehicles & Parts > Vehicle Parts & Accessories > Motor Vehicle Parts,WP - Street,WP - Shock,FALSE,Title,Default Title,,,,,15277L1702SET,,shopify,,continue,manual,,,TRUE,TRUE,,https://cdn.shopify.com/s/files/1/0511/7820/9461/files/pho_wp_nmon_supercompetitiond_mpfer__sall__awsg__v1.jpg?v=1680287432,1,APEX PRO 7746 Shock absorber,FALSE,APEX PRO 7746 Shock absorber,"Supersport Technology Adaptable to almost every model Fully adjustable with standard tools Optimized seals, materials and coatings minimize friction for better response Parts made of high quality aluminum are very good heat-conducting and offer a consistent performance Improved damping behavior and finer adjustment op…",Motor Vehicle Parts,,Adult,15277L1702SET,WP - Street,WP - Shock,new,FALSE,,,,,,,kg,,
wp-15287l3102set,APEX PRO 7746 Shock absorber,"<ul><li>Supersport Technology</li><li>Adaptable to almost every model</li><li>Fully adjustable with standard tools</li><li>Optimized seals, materials and coatings minimize friction for better response</li><li>Parts made of high quality aluminum are very good heat-conducting and offer a consistent performance</li><li>Improved damping behavior and finer adjustment options</li><li>Better feeling for rear wheel, you could brake later and accelerate earlier</li><li>Reduces tire abrasion and improves the handling</li><li>More confidence at all times due to good ground contact</li></ul>Adjustments: <ul><li>Spring Preload</li><li>High-Speed Compression Damping</li><li>Low-Speed Compression Damping</li><li>Rebound Damping</li><li>Length</li></ul>",WP,Vehicles & Parts > Vehicle Parts & Accessories > Motor Vehicle Parts,WP - Street,WP - Shock,FALSE,Title,Default Title,,,,,15287L3102SET,,shopify,,continue,manual,,,TRUE,TRUE,,https://cdn.shopify.com/s/files/1/0511/7820/9461/files/pho_wp_nmon_supercompetitiond_mpfer__sall__awsg__v1.jpg?v=1680287432,1,APEX PRO 7746 Shock absorber,FALSE,APEX PRO 7746 Shock absorber,"Supersport Technology Adaptable to almost every model Fully adjustable with standard tools Optimized seals, materials and coatings minimize friction for better response Parts made of high quality aluminum are very good heat-conducting and offer a consistent performance Improved damping behavior and finer adjustment op…",Motor Vehicle Parts,,Adult,15287L3102SET,WP - Street,WP - Shock,new,FALSE,,,,,,,kg,,
wp-16061t11set,APEX PRO 7117 Steering damper,APEX PRO 7117 Steering damper,WP,Vehicles & Parts > Vehicle Parts & Accessories > Motor Vehicle Parts,WP - Street,WP - Fork,FALSE,Title,Default Title,,,,,16061T11SET,,shopify,,continue,manual,,,TRUE,TRUE,,https://cdn.shopify.com/s/files/1/0511/7820/9461/files/pho_wp_nmon_16061t11set_apex_pro_7117_steering_damper_bmw_s1000rr_my21__sall__awsg__v2.png?v=1680287572,1,APEX PRO 7117 Steering damper,FALSE,APEX PRO 7117 Steering damper,APEX PRO 7117 Steering damper,Motor Vehicle Parts,,Adult,16061T11SET,WP - Street,WP - Fork,new,FALSE,,,,,,,kg,,
wp-16141m01s,APEX PRO 7115 Steering damper,APEX PRO 7115 Steering damper,WP,Vehicles & Parts > Vehicle Parts & Accessories > Motor Vehicle Parts,WP - Street,WP - Steering Damper,FALSE,Title,Default Title,,,,,16141M01S,,shopify,,continue,manual,,,TRUE,TRUE,,https://cdn.shopify.com/s/files/1/0511/7820/9461/files/pho_wp_nmon_competitionlenkungsd_mpfer__sall__awsg__v1.jpg?v=1680287375,1,APEX PRO 7115 Steering damper,FALSE,APEX PRO 7115 Steering damper,APEX PRO 7115 Steering damper,Motor Vehicle Parts,,Adult,16141M01S,WP - Street,WP - Steering Damper,new,FALSE,,,,,,,kg,,
wp-16181l01s2,APEX PRO 7115 Steering damper,APEX PRO 7115 Steering damper,WP,Vehicles & Parts > Vehicle Parts & Accessories > Motor Vehicle Parts,WP - Street,WP - Steering Damper,FALSE,Title,Default Title,,,,,16181L01S2,,shopify,,continue,manual,,,TRUE,TRUE,,https://cdn.shopify.com/s/files/1/0511/7820/9461/files/pho_wp_nmon_competitionlenkungsd_mpfer__sall__awsg__v1.jpg?v=1680287375,1,APEX PRO 7115 Steering damper,FALSE,APEX PRO 7115 Steering damper,APEX PRO 7115 Steering damper,Motor Vehicle Parts,,Adult,16181L01S2,WP - Street,WP - Steering Damper,new,FALSE,,,,,,,kg,,
wp-16181t01e,APEX PRO 7117 Steering damper kit,"<ul><li class=""li-square"">Avoids kickback during hard acceleration</li><li class=""li-square"">Developed for race track usage</li><li class=""li-square"">Damping adjustable in 30 clicks</li><li class=""li-square"">Damping can be adjusted directly on the piston which allowes an extremely slim design</li><li class=""li-square"">Piston offers a special chrome-alloy coating which results in very low coefficient of friction</li></ul>",WP,Vehicles & Parts > Vehicle Parts & Accessories > Motor Vehicle Parts,WP - Street,WP - Steering Damper,TRUE,Title,Default Title,,,,,16181T01E,,shopify,,continue,manual,399.00,,TRUE,TRUE,9010152123916,https://cdn.shopify.com/s/files/1/0511/7820/9461/files/pho_wp_nmon_16181t01e_apex_pro_7117_steering_damper_kit__sall__awsg__v3.jpg?v=1721980997,1,APEX PRO 7117 Steering damper kit,FALSE,APEX PRO 7117 Steering damper kit,Avoids kickback during hard acceleration Developed for race track usage Damping adjustable in 30 clicks Damping can be adjusted directly on the piston which allowes an extremely slim design Piston offers a special chrome-alloy coating which results in very low coefficient of friction,Motor Vehicle Parts,,Adult,16181T01E,WP - Street,WP - Steering Damper,new,FALSE,,,,,,,kg,,
wp-16181t01e,,,,,,,,,,,,,,,,,,,,,,,,,https://cdn.shopify.com/s/files/1/0511/7820/9461/files/pho_nmon_16181t01e_apex_pro_7117_steering_damper_kit__sall__awsg__v2.jpg?v=1720159131,2,APEX PRO 7117 Steering damper kit,,,,,,,,,,,,,,,,,,,,
wp-16181t01e,,,,,,,,,,,,,,,,,,,,,,,,,https://cdn.shopify.com/s/files/1/0511/7820/9461/files/pho_nmon_16181t01e_montiert__sall__awsg__v1.jpg?v=1779127005,3,APEX PRO 7117 Steering damper kit,,,,,,,,,,,,,,,,,,,,
wp-16181t01e,,,,,,,,,,,,,,,,,,,,,,,,,https://cdn.shopify.com/s/files/1/0511/7820/9461/files/pho_nmon_16181t01e_apex_pro_7117_steering_damper_kit_grid__sall__awsg__v1.jpg?v=1779127037,4,APEX PRO 7117 Steering damper kit,,,,,,,,,,,,,,,,,,,,
wp-16271o11set,APEX PRO 7115 Steering damper,APEX PRO 7115 Steering damper,WP,Vehicles & Parts > Vehicle Parts & Accessories > Motor Vehicle Parts,WP - Street,WP - Steering Damper,FALSE,Title,Default Title,,,,,16271O11SET,,shopify,,continue,manual,,,TRUE,TRUE,,https://cdn.shopify.com/s/files/1/0511/7820/9461/files/pho_wp_nmon_16271o11set_apex_pro_7115_steering_damper__sall__awsg__v1.jpg?v=1680287432,1,APEX PRO 7115 Steering damper,FALSE,APEX PRO 7115 Steering damper,APEX PRO 7115 Steering damper,Motor Vehicle Parts,,Adult,16271O11SET,WP - Street,WP - Steering Damper,new,FALSE,,,,,,,kg,,
wp-16271q61set,APEX PRO 7115 Steering damper,APEX PRO 7115 Steering damper,WP,Vehicles & Parts > Vehicle Parts & Accessories > Motor Vehicle Parts,WP - Street,WP - Steering Damper,FALSE,Title,Default Title,,,,,16271Q61SET,,shopify,,continue,manual,549.04,,TRUE,TRUE,9010152123060,https://cdn.shopify.com/s/files/1/0511/7820/9461/files/pho_wp_nmon_16271q61set_apex_pro_7115_steering_damper__sall__awsg__v1.jpg?v=1680287432,1,APEX PRO 7115 Steering damper,FALSE,APEX PRO 7115 Steering damper,APEX PRO 7115 Steering damper,Motor Vehicle Parts,,Adult,16271Q61SET,WP - Street,WP - Steering Damper,new,FALSE,,,,,,,kg,,
wp-18140p02set,XACT PRO 7750 Shock absorber,"WP TRAX Shock Absorbers are the most innovative shock absorbers<br />on the market. The TRAX unit is a very compact system in the<br />bottom of the shock, which significantly improves the traction of the<br />rear wheel. This system has been successfully implemented by the<br />Factory Racing department and many World Championship titles<br />prove how effective it is.<br />The TRAX system has been developed in order to reduce the time after a bump where acceleration of the motorcycle<br />is not possible because of the slow rebound of the rear wheel.<br />The TRAX system registers when the rear wheel has no ground contact and immediately opens an oil bypass so that<br />the rear wheel can return to the ground faster than is possible with a conventional system, ultimately allowing for<br />improved traction and acceleration.",WP,Vehicles & Parts > Vehicle Parts & Accessories > Motor Vehicle Parts,WP - Offroad,WP - Shock,FALSE,Title,Default Title,,,,,18140P02SET,,shopify,,continue,manual,,,TRUE,TRUE,,https://cdn.shopify.com/s/files/1/0511/7820/9461/files/pho_wp_nmon_traxlinkd_mpfer2016__sall__awsg__v1.jpg?v=1680287473,1,XACT PRO 7750 Shock absorber,FALSE,XACT PRO 7750 Shock absorber,"WP TRAX Shock Absorbers are the most innovative shock absorbers on the market. The TRAX unit is a very compact system in the bottom of the shock, which significantly improves the traction of the rear wheel. This system has been successfully implemented by the Factory Racing department and many World Championship title…",Motor Vehicle Parts,,Adult,18140P02SET,WP - Offroad,WP - Shock,new,FALSE,,,,,,,kg,,
wp-18140q01set,XACT PRO 7750 Shock absorber,"<ul><li>Greater grip and traction</li><li>Better response</li><li>Consistent performance</li><li>Improved damping behavior</li><li>Finer adjustment options</li><li>Greater confidence in all situations</li><li>Improved contact with the ground</li><li>Lower physical strain</li><li>Higher bottoming resistance</li><li>Fully adjustable to rider’s requirements and circuit conditions</li><li>Adjustable spring preload</li><li>Adjustable high-speed compression damping</li><li>Adjustable low-speed compression damping</li><li>Adjustable rebound damping</li></ul><p></p><strong>Scope of delivery</strong><ul><li class=""li-square"">Shock absorber incl. 51, 54 and 57 N/mm shock spring</li><li class=""li-square"">Sticker</li></ul>",WP,Vehicles & Parts > Vehicle Parts & Accessories > Motor Vehicle Parts,WP - Offroad,WP - Shock,FALSE,Title,Default Title,,,,,18140Q01SET,,shopify,,continue,manual,,,TRUE,TRUE,,https://cdn.shopify.com/s/files/1/0511/7820/9461/files/pho_wp_nmon_traxlinkd_mpfer2016__sall__awsg__v1.jpg?v=1680287473,1,XACT PRO 7750 Shock absorber,FALSE,XACT PRO 7750 Shock absorber,Greater grip and traction Better response Consistent performance Improved damping behavior Finer adjustment options Greater confidence in all situations Improved contact with the ground Lower physical strain Higher bottoming resistance Fully adjustable to rider’s requirements and circuit conditions Adjustable spring p…,Motor Vehicle Parts,,Adult,18140Q01SET,WP - Offroad,WP - Shock,new,FALSE,,,,,,,kg,,
wp-18140q02set,XACT PRO 7750 Shock absorber,"<ul><li>Greater grip and traction</li><li>Better response</li><li>Consistent performance</li><li>Improved damping behavior</li><li>Finer adjustment options</li><li>Greater confidence in all situations</li><li>Improved contact with the ground</li><li>Lower physical strain</li><li>Higher bottoming resistance</li><li>Fully adjustable to rider’s requirements and circuit conditions</li><li>Adjustable spring preload</li><li>Adjustable high-speed compression damping</li><li>Adjustable low-speed compression damping</li><li>Adjustable rebound damping</li></ul><p></p><strong>Scope of delivery</strong><ul><li class=""li-square"">Shock absorber incl. 51, 54 and 57 N/mm shock spring</li><li class=""li-square"">Sticker</li></ul>",WP,Vehicles & Parts > Vehicle Parts & Accessories > Motor Vehicle Parts,WP - Offroad,WP - Shock,FALSE,Title,Default Title,,,,,18140Q02SET,,shopify,,continue,manual,,,TRUE,TRUE,,https://cdn.shopify.com/s/files/1/0511/7820/9461/files/pho_wp_nmon_18140q02set_shock_honda_mx450_17_3878__sall__awsg__v1.png?v=1680287572,1,XACT PRO 7750 Shock absorber,FALSE,XACT PRO 7750 Shock absorber,Greater grip and traction Better response Consistent performance Improved damping behavior Finer adjustment options Greater confidence in all situations Improved contact with the ground Lower physical strain Higher bottoming resistance Fully adjustable to rider’s requirements and circuit conditions Adjustable spring p…,Motor Vehicle Parts,,Adult,18140Q02SET,WP - Offroad,WP - Shock,new,FALSE,,,,,,,kg,,
wp-18140r01set,XACT PRO 7750 Shock absorber,"<ul><li>Greater grip and traction</li><li>Better response</li><li>Consistent performance</li><li>Improved damping behavior</li><li>Finer adjustment options</li><li>Greater confidence in all situations</li><li>Improved contact with the ground</li><li>Lower physical strain</li><li>Higher bottoming resistance</li><li>Fully adjustable to rider’s requirements and circuit conditions</li><li>Adjustable spring preload</li><li>Adjustable high-speed compression damping</li><li>Adjustable low-speed compression damping</li><li>Adjustable rebound damping</li></ul><p></p><strong>Scope of delivery</strong><ul><li class=""li-square"">Shock absorber incl. 48, 51 and 54 N/mm shock spring</li><li class=""li-square"">Sticker</li></ul>",WP,Vehicles & Parts > Vehicle Parts & Accessories > Motor Vehicle Parts,WP - Offroad,WP - Shock,FALSE,Title,Default Title,,,,,18140R01SET,,shopify,,continue,manual,,,TRUE,TRUE,,https://cdn.shopify.com/s/files/1/0511/7820/9461/files/pho_wp_nmon_18140q02set_shock_honda_mx450_17__sall__awsg__v1.jpg?v=1680287432,1,XACT PRO 7750 Shock absorber,FALSE,XACT PRO 7750 Shock absorber,Greater grip and traction Better response Consistent performance Improved damping behavior Finer adjustment options Greater confidence in all situations Improved contact with the ground Lower physical strain Higher bottoming resistance Fully adjustable to rider’s requirements and circuit conditions Adjustable spring p…,Motor Vehicle Parts,,Adult,18140R01SET,WP - Offroad,WP - Shock,new,FALSE,,,,,,,kg,,
wp-18150o0102set,XACT PRO 7750 Shock absorber,"WP TRAX Shock Absorbers are the most innovative shock absorbers<br />on the market. The TRAX unit is a very compact system in the<br />bottom of the shock, which significantly improves the traction of the<br />rear wheel. This system has been successfully implemented by the<br />Factory Racing department and many World Championship titles<br />prove how effective it is.<br />The TRAX system has been developed in order to reduce the time after a bump where acceleration of the motorcycle<br />is not possible because of the slow rebound of the rear wheel.<br />The TRAX system registers when the rear wheel has no ground contact and immediately opens an oil bypass so that<br />the rear wheel can return to the ground faster than is possible with a conventional system, ultimately allowing for<br />improved traction and acceleration.",WP,Vehicles & Parts > Vehicle Parts & Accessories > Motor Vehicle Parts,WP - Offroad,WP - Shock,FALSE,Title,Default Title,,,,,18150O0102SET,,shopify,,continue,manual,,,TRUE,TRUE,,https://cdn.shopify.com/s/files/1/0511/7820/9461/files/pho_wp_nmon_traxlinkd_mpfer2015__sall__awsg__v1.jpg?v=1680287473,1,XACT PRO 7750 Shock absorber,FALSE,XACT PRO 7750 Shock absorber,"WP TRAX Shock Absorbers are the most innovative shock absorbers on the market. The TRAX unit is a very compact system in the bottom of the shock, which significantly improves the traction of the rear wheel. This system has been successfully implemented by the Factory Racing department and many World Championship title…",Motor Vehicle Parts,,Adult,18150O0102SET,WP - Offroad,WP - Shock,new,FALSE,,,,,,,kg,,
wp-18150o0202set,XACT PRO 7750 Shock absorber,"WP TRAX Shock Absorbers are the most innovative shock absorbers<br />on the market. The TRAX unit is a very compact system in the<br />bottom of the shock, which significantly improves the traction of the<br />rear wheel. This system has been successfully implemented by the<br />Factory Racing department and many World Championship titles<br />prove how effective it is.<br />The TRAX system has been developed in order to reduce the time after a bump where acceleration of the motorcycle<br />is not possible because of the slow rebound of the rear wheel.<br />The TRAX system registers when the rear wheel has no ground contact and immediately opens an oil bypass so that<br />the rear wheel can return to the ground faster than is possible with a conventional system, ultimately allowing for<br />improved traction and acceleration.",WP,Vehicles & Parts > Vehicle Parts & Accessories > Motor Vehicle Parts,WP - Offroad,WP - Shock,FALSE,Title,Default Title,,,,,18150O0202SET,,shopify,,continue,manual,,,TRUE,TRUE,,https://cdn.shopify.com/s/files/1/0511/7820/9461/files/pho_wp_nmon_traxlinkd_mpfer2015__sall__awsg__v1.jpg?v=1680287473,1,XACT PRO 7750 Shock absorber,FALSE,XACT PRO 7750 Shock absorber,"WP TRAX Shock Absorbers are the most innovative shock absorbers on the market. The TRAX unit is a very compact system in the bottom of the shock, which significantly improves the traction of the rear wheel. This system has been successfully implemented by the Factory Racing department and many World Championship title…",Motor Vehicle Parts,,Adult,18150O0202SET,WP - Offroad,WP - Shock,new,FALSE,,,,,,,kg,,
wp-18150o0302set,XPLOR PRO 7750 Shock absorber,"WP TRAX Shock Absorbers are the most innovative shock absorbers<br />on the market. The TRAX unit is a very compact system in the<br />bottom of the shock, which significantly improves the traction of the<br />rear wheel. This system has been successfully implemented by the<br />Factory Racing department and many World Championship titles<br />prove how effective it is.<br />The TRAX system has been developed in order to reduce the time after a bump where acceleration of the motorcycle<br />is not possible because of the slow rebound of the rear wheel.<br />The TRAX system registers when the rear wheel has no ground contact and immediately opens an oil bypass so that<br />the rear wheel can return to the ground faster than is possible with a conventional system, ultimately allowing for<br />improved traction and acceleration.",WP,Vehicles & Parts > Vehicle Parts & Accessories > Motor Vehicle Parts,WP - Offroad,WP - Shock,FALSE,Title,Default Title,,,,,18150O0302SET,,shopify,,continue,manual,,,TRUE,TRUE,,https://cdn.shopify.com/s/files/1/0511/7820/9461/files/pho_wp_nmon_traxlinkd_mpfer2015__sall__awsg__v1.jpg?v=1680287473,1,XPLOR PRO 7750 Shock absorber,FALSE,XPLOR PRO 7750 Shock absorber,"WP TRAX Shock Absorbers are the most innovative shock absorbers on the market. The TRAX unit is a very compact system in the bottom of the shock, which significantly improves the traction of the rear wheel. This system has been successfully implemented by the Factory Racing department and many World Championship title…",Motor Vehicle Parts,,Adult,18150O0302SET,WP - Offroad,WP - Shock,new,FALSE,,,,,,,kg,,
wp-18150p6102set,XPLOR PRO 7750 Shock absorber,"WP TRAX Shock Absorbers are the most innovative shock absorbers<br />on the market. The TRAX unit is a very compact system in the<br />bottom of the shock, which significantly improves the traction of the<br />rear wheel. This system has been successfully implemented by the<br />Factory Racing department and many World Championship titles<br />prove how effective it is.<br />The TRAX system has been developed in order to reduce the time after a bump where acceleration of the motorcycle<br />is not possible because of the slow rebound of the rear wheel.<br />The TRAX system registers when the rear wheel has no ground contact and immediately opens an oil bypass so that<br />the rear wheel can return to the ground faster than is possible with a conventional system, ultimately allowing for<br />improved traction and acceleration.",WP,Vehicles & Parts > Vehicle Parts & Accessories > Motor Vehicle Parts,WP - Offroad,WP - Shock,FALSE,Title,Default Title,,,,,18150P6102SET,,shopify,,continue,manual,,,TRUE,TRUE,,https://cdn.shopify.com/s/files/1/0511/7820/9461/files/pho_wp_nmon_traxlinkd_mpfer2016__sall__awsg__v1.jpg?v=1680287473,1,XPLOR PRO 7750 Shock absorber,FALSE,XPLOR PRO 7750 Shock absorber,"WP TRAX Shock Absorbers are the most innovative shock absorbers on the market. The TRAX unit is a very compact system in the bottom of the shock, which significantly improves the traction of the rear wheel. This system has been successfully implemented by the Factory Racing department and many World Championship title…",Motor Vehicle Parts,,Adult,18150P6102SET,WP - Offroad,WP - Shock,new,FALSE,,,,,,,kg,,
wp-18150p6302set,XPLOR PRO 7750 Shock absorber,"WP TRAX Shock Absorbers are the most innovative shock absorbers<br />on the market. The TRAX unit is a very compact system in the<br />bottom of the shock, which significantly improves the traction of the<br />rear wheel. This system has been successfully implemented by the<br />Factory Racing department and many World Championship titles<br />prove how effective it is.<br />The TRAX system has been developed in order to reduce the time after a bump where acceleration of the motorcycle<br />is not possible because of the slow rebound of the rear wheel.<br />The TRAX system registers when the rear wheel has no ground contact and immediately opens an oil bypass so that<br />the rear wheel can return to the ground faster than is possible with a conventional system, ultimately allowing for<br />improved traction and acceleration.",WP,Vehicles & Parts > Vehicle Parts & Accessories > Motor Vehicle Parts,WP - Offroad,WP - Shock,FALSE,Title,Default Title,,,,,18150P6302SET,,shopify,,continue,manual,,,TRUE,TRUE,,https://cdn.shopify.com/s/files/1/0511/7820/9461/files/pho_wp_nmon_traxlinkd_mpfer2016__sall__awsg__v1.jpg?v=1680287473,1,XPLOR PRO 7750 Shock absorber,FALSE,XPLOR PRO 7750 Shock absorber,"WP TRAX Shock Absorbers are the most innovative shock absorbers on the market. The TRAX unit is a very compact system in the bottom of the shock, which significantly improves the traction of the rear wheel. This system has been successfully implemented by the Factory Racing department and many World Championship title…",Motor Vehicle Parts,,Adult,18150P6302SET,WP - Offroad,WP - Shock,new,FALSE,,,,,,,kg,,
wp-18150p6702set,XPLOR PRO 7750 Shock absorber,"WP TRAX Shock Absorbers are the most innovative shock absorbers<br />on the market. The TRAX unit is a very compact system in the<br />bottom of the shock, which significantly improves the traction of the<br />rear wheel. This system has been successfully implemented by the<br />Factory Racing department and many World Championship titles<br />prove how effective it is.<br />The TRAX system has been developed in order to reduce the time after a bump where acceleration of the motorcycle<br />is not possible because of the slow rebound of the rear wheel.<br />The TRAX system registers when the rear wheel has no ground contact and immediately opens an oil bypass so that<br />the rear wheel can return to the ground faster than is possible with a conventional system, ultimately allowing for<br />improved traction and acceleration.",WP,Vehicles & Parts > Vehicle Parts & Accessories > Motor Vehicle Parts,WP - Offroad,WP - Shock,FALSE,Title,Default Title,,,,,18150P6702SET,,shopify,,continue,manual,,,TRUE,TRUE,,https://cdn.shopify.com/s/files/1/0511/7820/9461/files/pho_wp_nmon_traxlinkd_mpfer2016__sall__awsg__v1.jpg?v=1680287473,1,XPLOR PRO 7750 Shock absorber,FALSE,XPLOR PRO 7750 Shock absorber,"WP TRAX Shock Absorbers are the most innovative shock absorbers on the market. The TRAX unit is a very compact system in the bottom of the shock, which significantly improves the traction of the rear wheel. This system has been successfully implemented by the Factory Racing department and many World Championship title…",Motor Vehicle Parts,,Adult,18150P6702SET,WP - Offroad,WP - Shock,new,FALSE,,,,,,,kg,,
wp-18150p6902set,XPLOR PRO 7750 Shock absorber,"WP TRAX Shock Absorbers are the most innovative shock absorbers<br />on the market. The TRAX unit is a very compact system in the<br />bottom of the shock, which significantly improves the traction of the<br />rear wheel. This system has been successfully implemented by the<br />Factory Racing department and many World Championship titles<br />prove how effective it is.<br />The TRAX system has been developed in order to reduce the time after a bump where acceleration of the motorcycle<br />is not possible because of the slow rebound of the rear wheel.<br />The TRAX system registers when the rear wheel has no ground contact and immediately opens an oil bypass so that<br />the rear wheel can return to the ground faster than is possible with a conventional system, ultimately allowing for<br />improved traction and acceleration.",WP,Vehicles & Parts > Vehicle Parts & Accessories > Motor Vehicle Parts,WP - Offroad,WP - Shock,FALSE,Title,Default Title,,,,,18150P6902SET,,shopify,,continue,manual,,,TRUE,TRUE,,https://cdn.shopify.com/s/files/1/0511/7820/9461/files/pho_wp_nmon_traxlinkd_mpfer2016__sall__awsg__v1.jpg?v=1680287473,1,XPLOR PRO 7750 Shock absorber,FALSE,XPLOR PRO 7750 Shock absorber,"WP TRAX Shock Absorbers are the most innovative shock absorbers on the market. The TRAX unit is a very compact system in the bottom of the shock, which significantly improves the traction of the rear wheel. This system has been successfully implemented by the Factory Racing department and many World Championship title…",Motor Vehicle Parts,,Adult,18150P6902SET,WP - Offroad,WP - Shock,new,FALSE,,,,,,,kg,,
wp-18150t67set,XPLOR PRO 8950 Shock absorber,"<ul><li><a href=""https://www.wp-suspension.com/autorisierte-zentren/"">This product is exclusively available through WP authorized centers.</a> </li></ul><p></p><ul><li>Supertrax technology</li><li>Improved and calmer ride</li><li>Greater comfort</li><li>Greater confidence in all situations</li><li>Lower physical strain</li><li>Friction optimized components</li><li>Adjustable spring preload</li><li>Adjustable high-speed compression damping</li><li>Adjustable low-speed compression damping</li><li>Adjustable rebound damping</li><li>Greater grip and traction</li></ul><p></p><strong>Setting</strong><br />Item is delivered with basic setting Husqvarna FE 350, FE 450, FE 501 and 45 N/mm shock spring, further settings can be found under documents.<p><strong>Scope of delivery</strong></p><ul><li class=""li-square"">Shock absorber</li><li class=""li-square"">Sticker</li></ul>",WP,Vehicles & Parts > Vehicle Parts & Accessories > Motor Vehicle Parts,WP - Offroad,WP - Shock,TRUE,Title,Default Title,,,,,18150T67SET,,shopify,,continue,manual,2149.99,,TRUE,TRUE,9010152121875,https://cdn.shopify.com/s/files/1/0511/7820/9461/files/pho_mon_18150t67set_18150u07set_xact_pro_8950__sall__awsg__v2.png?v=1779132937,1,XPLOR PRO 8950 Shock absorber,FALSE,XPLOR PRO 8950 Shock absorber,This product is exclusively available through WP authorized centers. Supertrax technology Improved and calmer ride Greater comfort Greater confidence in all situations Lower physical strain Friction optimized components Adjustable spring preload Adjustable high-speed compression damping Adjustable low-speed compressio…,Motor Vehicle Parts,,Adult,18150T67SET,WP - Offroad,WP - Shock,new,FALSE,,,,,,,kg,,
wp-18150u07set,XACT PRO 8950 Shock absorber,"<ul><li><a href=""https://www.wp-suspension.com/autorisierte-zentren/"">This product is exclusively available through WP authorized centers.</a> </li></ul><p></p><ul><li>Supertrax technology</li><li>Improved and calmer ride</li><li>Greater comfort</li><li>Greater confidence in all situations</li><li>Lower physical strain</li><li>Friction optimized components</li><li>Adjustable spring preload</li><li>Adjustable high-speed compression damping</li><li>Adjustable low-speed compression damping</li><li>Adjustable rebound damping</li><li>Greater grip and traction</li></ul><p></p><strong>Setting</strong><br />Item is delivered with basic setting Husqvarna FC 350 and 45 N/mm shock spring, further settings can be found under documents.<p><strong>Scope of delivery</strong></p><ul><li class=""li-square"">Shock absorber</li><li class=""li-square"">Sticker</li></ul>",WP,Vehicles & Parts > Vehicle Parts & Accessories > Motor Vehicle Parts,WP - Offroad,WP - Shock,TRUE,Title,Default Title,,,,,18150U07SET,,shopify,,continue,manual,2199.90,,TRUE,TRUE,9010544204797,https://cdn.shopify.com/s/files/1/0511/7820/9461/files/pho_mon_18150t67set_18150u07set_xact_pro_8950__sall__awsg__v2.png?v=1779132937,1,XACT PRO 8950 Shock absorber,FALSE,XACT PRO 8950 Shock absorber,This product is exclusively available through WP authorized centers. Supertrax technology Improved and calmer ride Greater comfort Greater confidence in all situations Lower physical strain Friction optimized components Adjustable spring preload Adjustable high-speed compression damping Adjustable low-speed compressio…,Motor Vehicle Parts,,Adult,18150U07SET,WP - Offroad,WP - Shock,new,FALSE,,,,,,,kg,,
wp-18170o01set,XACT PRO 7750 Shock absorber,"WP TRAX Shock Absorbers are the most innovative shock absorbers<br />on the market. The TRAX unit is a very compact system in the<br />bottom of the shock, which significantly improves the traction of the<br />rear wheel. This system has been successfully implemented by the<br />Factory Racing department and many World Championship titles<br />prove how effective it is.<br />The TRAX system has been developed in order to reduce the time after a bump where acceleration of the motorcycle<br />is not possible because of the slow rebound of the rear wheel.<br />The TRAX system registers when the rear wheel has no ground contact and immediately opens an oil bypass so that<br />the rear wheel can return to the ground faster than is possible with a conventional system, ultimately allowing for<br />improved traction and acceleration.",WP,Vehicles & Parts > Vehicle Parts & Accessories > Motor Vehicle Parts,WP - Offroad,WP - Shock,FALSE,Title,Default Title,,,,,18170O01SET,,shopify,,continue,manual,,,TRUE,TRUE,,https://cdn.shopify.com/s/files/1/0511/7820/9461/files/pho_wp_nmon_traxlinkd_mpfer2015__sall__awsg__v1.jpg?v=1680287473,1,XACT PRO 7750 Shock absorber,FALSE,XACT PRO 7750 Shock absorber,"WP TRAX Shock Absorbers are the most innovative shock absorbers on the market. The TRAX unit is a very compact system in the bottom of the shock, which significantly improves the traction of the rear wheel. This system has been successfully implemented by the Factory Racing department and many World Championship title…",Motor Vehicle Parts,,Adult,18170O01SET,WP - Offroad,WP - Shock,new,FALSE,,,,,,,kg,,
wp-18170o02set,XACT PRO 7750 Shock absorber,"WP TRAX Shock Absorbers are the most innovative shock absorbers<br />on the market. The TRAX unit is a very compact system in the<br />bottom of the shock, which significantly improves the traction of the<br />rear wheel. This system has been successfully implemented by the<br />Factory Racing department and many World Championship titles<br />prove how effective it is.<br />The TRAX system has been developed in order to reduce the time after a bump where acceleration of the motorcycle<br />is not possible because of the slow rebound of the rear wheel.<br />The TRAX system registers when the rear wheel has no ground contact and immediately opens an oil bypass so that<br />the rear wheel can return to the ground faster than is possible with a conventional system, ultimately allowing for<br />improved traction and acceleration.",WP,Vehicles & Parts > Vehicle Parts & Accessories > Motor Vehicle Parts,WP - Offroad,WP - Shock,FALSE,Title,Default Title,,,,,18170O02SET,,shopify,,continue,manual,,,TRUE,TRUE,,https://cdn.shopify.com/s/files/1/0511/7820/9461/files/pho_wp_nmon_traxlinkd_mpfer2015__sall__awsg__v1.jpg?v=1680287473,1,XACT PRO 7750 Shock absorber,FALSE,XACT PRO 7750 Shock absorber,"WP TRAX Shock Absorbers are the most innovative shock absorbers on the market. The TRAX unit is a very compact system in the bottom of the shock, which significantly improves the traction of the rear wheel. This system has been successfully implemented by the Factory Racing department and many World Championship title…",Motor Vehicle Parts,,Adult,18170O02SET,WP - Offroad,WP - Shock,new,FALSE,,,,,,,kg,,
wp-18170p02set,XACT PRO 7750 Shock absorber,"WP TRAX Shock Absorbers are the most innovative shock absorbers<br />on the market. The TRAX unit is a very compact system in the<br />bottom of the shock, which significantly improves the traction of the<br />rear wheel. This system has been successfully implemented by the<br />Factory Racing department and many World Championship titles<br />prove how effective it is.<br />The TRAX system has been developed in order to reduce the time after a bump where acceleration of the motorcycle<br />is not possible because of the slow rebound of the rear wheel.<br />The TRAX system registers when the rear wheel has no ground contact and immediately opens an oil bypass so that<br />the rear wheel can return to the ground faster than is possible with a conventional system, ultimately allowing for<br />improved traction and acceleration.",WP,Vehicles & Parts > Vehicle Parts & Accessories > Motor Vehicle Parts,WP - Offroad,WP - Shock,FALSE,Title,Default Title,,,,,18170P02SET,,shopify,,continue,manual,,,TRUE,TRUE,,https://cdn.shopify.com/s/files/1/0511/7820/9461/files/pho_wp_nmon_traxlinkd_mpfer2016__sall__awsg__v1.jpg?v=1680287473,1,XACT PRO 7750 Shock absorber,FALSE,XACT PRO 7750 Shock absorber,"WP TRAX Shock Absorbers are the most innovative shock absorbers on the market. The TRAX unit is a very compact system in the bottom of the shock, which significantly improves the traction of the rear wheel. This system has been successfully implemented by the Factory Racing department and many World Championship title…",Motor Vehicle Parts,,Adult,18170P02SET,WP - Offroad,WP - Shock,new,FALSE,,,,,,,kg,,
wp-18170q01set,XACT PRO 7750 Shock absorber,"WP TRAX Shock Absorbers are the most innovative shock absorbers<br />on the market. The TRAX unit is a very compact system in the<br />bottom of the shock, which significantly improves the traction of the<br />rear wheel. This system has been successfully implemented by the<br />Factory Racing department and many World Championship titles<br />prove how effective it is.<br />The TRAX system has been developed in order to reduce the time after a bump where acceleration of the motorcycle<br />is not possible because of the slow rebound of the rear wheel.<br />The TRAX system registers when the rear wheel has no ground contact and immediately opens an oil bypass so that<br />the rear wheel can return to the ground faster than is possible with a conventional system, ultimately allowing for<br />improved traction and acceleration.",WP,Vehicles & Parts > Vehicle Parts & Accessories > Motor Vehicle Parts,WP - Offroad,WP - Shock,FALSE,Title,Default Title,,,,,18170Q01SET,,shopify,,continue,manual,,,TRUE,TRUE,,https://cdn.shopify.com/s/files/1/0511/7820/9461/files/pho_wp_nmon_traxlinkd_mpfer2016__sall__awsg__v1.jpg?v=1680287473,1,XACT PRO 7750 Shock absorber,FALSE,XACT PRO 7750 Shock absorber,"WP TRAX Shock Absorbers are the most innovative shock absorbers on the market. The TRAX unit is a very compact system in the bottom of the shock, which significantly improves the traction of the rear wheel. This system has been successfully implemented by the Factory Racing department and many World Championship title…",Motor Vehicle Parts,,Adult,18170Q01SET,WP - Offroad,WP - Shock,new,FALSE,,,,,,,kg,,
wp-18170q02set,XACT PRO 7750 Shock absorber,"<ul><li>Greater grip and traction</li><li>Better response</li><li>Consistent performance</li><li>Improved damping behavior</li><li>Finer adjustment options</li><li>Greater confidence in all situations</li><li>Improved contact with the ground</li><li>Lower physical strain</li><li>Higher bottoming resistance</li><li>Fully adjustable to rider’s requirements and circuit conditions</li><li>Adjustable spring preload</li><li>Adjustable high-speed compression damping</li><li>Adjustable low-speed compression damping</li><li>Adjustable rebound damping</li></ul><p></p><strong>Scope of delivery</strong><ul><li class=""li-square"">Shock absorber incl. 48, 51 and 54 N/mm shock spring</li><li class=""li-square"">Sticker</li></ul>",WP,Vehicles & Parts > Vehicle Parts & Accessories > Motor Vehicle Parts,WP - Offroad,WP - Shock,FALSE,Title,Default Title,,,,,18170Q02SET,,shopify,,continue,manual,,,TRUE,TRUE,,https://cdn.shopify.com/s/files/1/0511/7820/9461/files/pho_wp_nmon_traxlinkd_mpfer2016__sall__awsg__v1.jpg?v=1680287473,1,XACT PRO 7750 Shock absorber,FALSE,XACT PRO 7750 Shock absorber,Greater grip and traction Better response Consistent performance Improved damping behavior Finer adjustment options Greater confidence in all situations Improved contact with the ground Lower physical strain Higher bottoming resistance Fully adjustable to rider’s requirements and circuit conditions Adjustable spring p…,Motor Vehicle Parts,,Adult,18170Q02SET,WP - Offroad,WP - Shock,new,FALSE,,,,,,,kg,,
wp-18170s02set,XACT PRO 7750 Shock absorber,"<ul><li>Greater grip and traction</li><li>Better response</li><li>Consistent performance</li><li>Improved damping behavior</li><li>Finer adjustment options</li><li>Greater confidence in all situations</li><li>Improved contact with the ground</li><li>Lower physical strain</li><li>Higher bottoming resistance</li><li>Fully adjustable to rider’s requirements and circuit conditions</li><li>Adjustable spring preload</li><li>Adjustable high-speed compression damping</li><li>Adjustable low-speed compression damping</li><li>Adjustable rebound damping</li></ul><p></p><strong>Scope of delivery</strong><ul><li class=""li-square"">Shock absorber incl. 48, 51 and 54 N/mm shock spring</li><li class=""li-square"">Sticker</li></ul>",WP,Vehicles & Parts > Vehicle Parts & Accessories > Motor Vehicle Parts,WP - Offroad,WP - Shock,FALSE,Title,Default Title,,,,,18170S02SET,,shopify,,continue,manual,1830.00,,TRUE,TRUE,9010152121462,https://cdn.shopify.com/s/files/1/0511/7820/9461/files/pho_wp_nmon_traxlinkd_mpfer2016__sall__awsg__v1.jpg?v=1680287473,1,XACT PRO 7750 Shock absorber,FALSE,XACT PRO 7750 Shock absorber,Greater grip and traction Better response Consistent performance Improved damping behavior Finer adjustment options Greater confidence in all situations Improved contact with the ground Lower physical strain Higher bottoming resistance Fully adjustable to rider’s requirements and circuit conditions Adjustable spring p…,Motor Vehicle Parts,,Adult,18170S02SET,WP - Offroad,WP - Shock,new,FALSE,,,,,,,kg,,
wp-18180o0102set,XACT PRO 7750 Shock absorber,"WP TRAX Shock Absorbers are the most innovative shock absorbers<br />on the market. The TRAX unit is a very compact system in the<br />bottom of the shock, which significantly improves the traction of the<br />rear wheel. This system has been successfully implemented by the<br />Factory Racing department and many World Championship titles<br />prove how effective it is.<br />The TRAX system has been developed in order to reduce the time after a bump where acceleration of the motorcycle<br />is not possible because of the slow rebound of the rear wheel.<br />The TRAX system registers when the rear wheel has no ground contact and immediately opens an oil bypass so that<br />the rear wheel can return to the ground faster than is possible with a conventional system, ultimately allowing for<br />improved traction and acceleration.",WP,Vehicles & Parts > Vehicle Parts & Accessories > Motor Vehicle Parts,WP - Offroad,WP - Shock,FALSE,Title,Default Title,,,,,18180O0102SET,,shopify,,continue,manual,,,TRUE,TRUE,,https://cdn.shopify.com/s/files/1/0511/7820/9461/files/pho_wp_nmon_traxlinkd_mpfer2015__sall__awsg__v1.jpg?v=1680287473,1,XACT PRO 7750 Shock absorber,FALSE,XACT PRO 7750 Shock absorber,"WP TRAX Shock Absorbers are the most innovative shock absorbers on the market. The TRAX unit is a very compact system in the bottom of the shock, which significantly improves the traction of the rear wheel. This system has been successfully implemented by the Factory Racing department and many World Championship title…",Motor Vehicle Parts,,Adult,18180O0102SET,WP - Offroad,WP - Shock,new,FALSE,,,,,,,kg,,
wp-18180o0202set,XACT PRO 7750 Shock absorber,"WP TRAX Shock Absorbers are the most innovative shock absorbers<br />on the market. The TRAX unit is a very compact system in the<br />bottom of the shock, which significantly improves the traction of the<br />rear wheel. This system has been successfully implemented by the<br />Factory Racing department and many World Championship titles<br />prove how effective it is.<br />The TRAX system has been developed in order to reduce the time after a bump where acceleration of the motorcycle<br />is not possible because of the slow rebound of the rear wheel.<br />The TRAX system registers when the rear wheel has no ground contact and immediately opens an oil bypass so that<br />the rear wheel can return to the ground faster than is possible with a conventional system, ultimately allowing for<br />improved traction and acceleration.",WP,Vehicles & Parts > Vehicle Parts & Accessories > Motor Vehicle Parts,WP - Offroad,WP - Shock,FALSE,Title,Default Title,,,,,18180O0202SET,,shopify,,continue,manual,,,TRUE,TRUE,,https://cdn.shopify.com/s/files/1/0511/7820/9461/files/pho_wp_nmon_traxlinkd_mpfer2015__sall__awsg__v1.jpg?v=1680287473,1,XACT PRO 7750 Shock absorber,FALSE,XACT PRO 7750 Shock absorber,"WP TRAX Shock Absorbers are the most innovative shock absorbers on the market. The TRAX unit is a very compact system in the bottom of the shock, which significantly improves the traction of the rear wheel. This system has been successfully implemented by the Factory Racing department and many World Championship title…",Motor Vehicle Parts,,Adult,18180O0202SET,WP - Offroad,WP - Shock,new,FALSE,,,,,,,kg,,
wp-18180o0302set,XACT PRO 7750 Shock absorber,"WP TRAX Shock Absorbers are the most innovative shock absorbers<br />on the market. The TRAX unit is a very compact system in the<br />bottom of the shock, which significantly improves the traction of the<br />rear wheel. This system has been successfully implemented by the<br />Factory Racing department and many World Championship titles<br />prove how effective it is.<br />The TRAX system has been developed in order to reduce the time after a bump where acceleration of the motorcycle<br />is not possible because of the slow rebound of the rear wheel.<br />The TRAX system registers when the rear wheel has no ground contact and immediately opens an oil bypass so that<br />the rear wheel can return to the ground faster than is possible with a conventional system, ultimately allowing for<br />improved traction and acceleration.",WP,Vehicles & Parts > Vehicle Parts & Accessories > Motor Vehicle Parts,WP - Offroad,WP - Shock,FALSE,Title,Default Title,,,,,18180O0302SET,,shopify,,continue,manual,,,TRUE,TRUE,,https://cdn.shopify.com/s/files/1/0511/7820/9461/files/pho_wp_nmon_traxlinkd_mpfer2015__sall__awsg__v1.jpg?v=1680287473,1,XACT PRO 7750 Shock absorber,FALSE,XACT PRO 7750 Shock absorber,"WP TRAX Shock Absorbers are the most innovative shock absorbers on the market. The TRAX unit is a very compact system in the bottom of the shock, which significantly improves the traction of the rear wheel. This system has been successfully implemented by the Factory Racing department and many World Championship title…",Motor Vehicle Parts,,Adult,18180O0302SET,WP - Offroad,WP - Shock,new,FALSE,,,,,,,kg,,
wp-18180o0402set,XACT PRO 7750 Shock absorber,"WP TRAX Shock Absorbers are the most innovative shock absorbers<br />on the market. The TRAX unit is a very compact system in the<br />bottom of the shock, which significantly improves the traction of the<br />rear wheel. This system has been successfully implemented by the<br />Factory Racing department and many World Championship titles<br />prove how effective it is.<br />The TRAX system has been developed in order to reduce the time after a bump where acceleration of the motorcycle<br />is not possible because of the slow rebound of the rear wheel.<br />The TRAX system registers when the rear wheel has no ground contact and immediately opens an oil bypass so that<br />the rear wheel can return to the ground faster than is possible with a conventional system, ultimately allowing for<br />improved traction and acceleration.",WP,Vehicles & Parts > Vehicle Parts & Accessories > Motor Vehicle Parts,WP - Offroad,WP - Shock,FALSE,Title,Default Title,,,,,18180O0402SET,,shopify,,continue,manual,,,TRUE,TRUE,,https://cdn.shopify.com/s/files/1/0511/7820/9461/files/pho_wp_nmon_traxlinkd_mpfer2015__sall__awsg__v1.jpg?v=1680287473,1,XACT PRO 7750 Shock absorber,FALSE,XACT PRO 7750 Shock absorber,"WP TRAX Shock Absorbers are the most innovative shock absorbers on the market. The TRAX unit is a very compact system in the bottom of the shock, which significantly improves the traction of the rear wheel. This system has been successfully implemented by the Factory Racing department and many World Championship title…",Motor Vehicle Parts,,Adult,18180O0402SET,WP - Offroad,WP - Shock,new,FALSE,,,,,,,kg,,
wp-18180p0302set,XACT PRO 7750 Shock absorber,"WP TRAX Shock Absorbers are the most innovative shock absorbers<br />on the market. The TRAX unit is a very compact system in the<br />bottom of the shock, which significantly improves the traction of the<br />rear wheel. This system has been successfully implemented by the<br />Factory Racing department and many World Championship titles<br />prove how effective it is.<br />The TRAX system has been developed in order to reduce the time after a bump where acceleration of the motorcycle<br />is not possible because of the slow rebound of the rear wheel.<br />The TRAX system registers when the rear wheel has no ground contact and immediately opens an oil bypass so that<br />the rear wheel can return to the ground faster than is possible with a conventional system, ultimately allowing for<br />improved traction and acceleration.",WP,Vehicles & Parts > Vehicle Parts & Accessories > Motor Vehicle Parts,WP - Offroad,WP - Shock,FALSE,Title,Default Title,,,,,18180P0302SET,,shopify,,continue,manual,,,TRUE,TRUE,,https://cdn.shopify.com/s/files/1/0511/7820/9461/files/pho_wp_nmon_traxlinkd_mpfer2016__sall__awsg__v1.jpg?v=1680287473,1,XACT PRO 7750 Shock absorber,FALSE,XACT PRO 7750 Shock absorber,"WP TRAX Shock Absorbers are the most innovative shock absorbers on the market. The TRAX unit is a very compact system in the bottom of the shock, which significantly improves the traction of the rear wheel. This system has been successfully implemented by the Factory Racing department and many World Championship title…",Motor Vehicle Parts,,Adult,18180P0302SET,WP - Offroad,WP - Shock,new,FALSE,,,,,,,kg,,
wp-18180p0902set,XACT PRO 7750 Shock absorber,"WP TRAX Shock Absorbers are the most innovative shock absorbers<br />on the market. The TRAX unit is a very compact system in the<br />bottom of the shock, which significantly improves the traction of the<br />rear wheel. This system has been successfully implemented by the<br />Factory Racing department and many World Championship titles<br />prove how effective it is.<br />The TRAX system has been developed in order to reduce the time after a bump where acceleration of the motorcycle<br />is not possible because of the slow rebound of the rear wheel.<br />The TRAX system registers when the rear wheel has no ground contact and immediately opens an oil bypass so that<br />the rear wheel can return to the ground faster than is possible with a conventional system, ultimately allowing for<br />improved traction and acceleration.",WP,Vehicles & Parts > Vehicle Parts & Accessories > Motor Vehicle Parts,WP - Offroad,WP - Shock,FALSE,Title,Default Title,,,,,18180P0902SET,,shopify,,continue,manual,,,TRUE,TRUE,,https://cdn.shopify.com/s/files/1/0511/7820/9461/files/pho_wp_nmon_traxlinkd_mpfer2016__sall__awsg__v1.jpg?v=1680287473,1,XACT PRO 7750 Shock absorber,FALSE,XACT PRO 7750 Shock absorber,"WP TRAX Shock Absorbers are the most innovative shock absorbers on the market. The TRAX unit is a very compact system in the bottom of the shock, which significantly improves the traction of the rear wheel. This system has been successfully implemented by the Factory Racing department and many World Championship title…",Motor Vehicle Parts,,Adult,18180P0902SET,WP - Offroad,WP - Shock,new,FALSE,,,,,,,kg,,
wp-18180t07set,XACT PRO 8950 Shock absorber,"<ul><li>Supertrax technology</li><li>Improved and calmer ride</li><li>Greater comfort</li><li>Greater confidence in all situations</li><li>Lower physical strain</li><li>Friction optimized components</li><li>Adjustable spring preload</li><li>Adjustable high-speed compression damping</li><li>Adjustable low-speed compression damping</li><li>Adjustable rebound damping</li><li>Greater grip and traction</li></ul><p></p><strong>Setting</strong><br />Item is delivered with basic setting KTM 350 SX-F, XC-F, Husqvarna FC 350 and 45 N/mm shock spring, further settings can be found under documents.<p><strong>Scope of delivery</strong></p><ul><li class=""li-square"">Shock absorber</li><li class=""li-square"">Sticker</li></ul>",WP,Vehicles & Parts > Vehicle Parts & Accessories > Motor Vehicle Parts,WP - Offroad,WP - Shock,FALSE,Title,Default Title,,,,,18180T07SET,,shopify,,continue,manual,2049.07,,TRUE,TRUE,9010152121189,https://cdn.shopify.com/s/files/1/0511/7820/9461/files/pho_mon_18150t67set_18150u07set_xact_pro_8950__sall__awsg__v2.png?v=1779132937,1,XACT PRO 8950 Shock absorber,FALSE,XACT PRO 8950 Shock absorber,Supertrax technology Improved and calmer ride Greater comfort Greater confidence in all situations Lower physical strain Friction optimized components Adjustable spring preload Adjustable high-speed compression damping Adjustable low-speed compression damping Adjustable rebound damping Greater grip and traction Settin…,Motor Vehicle Parts,,Adult,18180T07SET,WP - Offroad,WP - Shock,new,FALSE,,,,,,,kg,,
wp-18230o02set,XACT PRO 7750 Shock absorber,"WP TRAX Shock Absorbers are the most innovative shock absorbers<br />on the market. The TRAX unit is a very compact system in the<br />bottom of the shock, which significantly improves the traction of the<br />rear wheel. This system has been successfully implemented by the<br />Factory Racing department and many World Championship titles<br />prove how effective it is.<br />The TRAX system has been developed in order to reduce the time after a bump where acceleration of the motorcycle<br />is not possible because of the slow rebound of the rear wheel.<br />The TRAX system registers when the rear wheel has no ground contact and immediately opens an oil bypass so that<br />the rear wheel can return to the ground faster than is possible with a conventional system, ultimately allowing for<br />improved traction and acceleration.",WP,Vehicles & Parts > Vehicle Parts & Accessories > Motor Vehicle Parts,WP - Offroad,WP - Shock,FALSE,Title,Default Title,,,,,18230O02SET,,shopify,,continue,manual,,,TRUE,TRUE,,https://cdn.shopify.com/s/files/1/0511/7820/9461/files/pho_wp_nmon_traxlinkd_mpfer2015__sall__awsg__v1.jpg?v=1680287473,1,XACT PRO 7750 Shock absorber,FALSE,XACT PRO 7750 Shock absorber,"WP TRAX Shock Absorbers are the most innovative shock absorbers on the market. The TRAX unit is a very compact system in the bottom of the shock, which significantly improves the traction of the rear wheel. This system has been successfully implemented by the Factory Racing department and many World Championship title…",Motor Vehicle Parts,,Adult,18230O02SET,WP - Offroad,WP - Shock,new,FALSE,,,,,,,kg,,
wp-18230q01set,XACT PRO 7750 Shock absorber,"<ul><li>Greater grip and traction</li><li>Better response</li><li>Consistent performance</li><li>Improved damping behavior</li><li>Finer adjustment options</li><li>Greater confidence in all situations</li><li>Improved contact with the ground</li><li>Lower physical strain</li><li>Higher bottoming resistance</li><li>Fully adjustable to rider’s requirements and circuit conditions</li><li>Adjustable spring preload</li><li>Adjustable high-speed compression damping</li><li>Adjustable low-speed compression damping</li><li>Adjustable rebound damping</li></ul><p></p><strong>Scope of delivery</strong><ul><li class=""li-square"">Shock absorber incl. 51, 54 and 57 N/mm shock spring</li><li class=""li-square"">Sticker</li></ul>",WP,Vehicles & Parts > Vehicle Parts & Accessories > Motor Vehicle Parts,WP - Offroad,WP - Shock,FALSE,Title,Default Title,,,,,18230Q01SET,,shopify,,continue,manual,,,TRUE,TRUE,,https://cdn.shopify.com/s/files/1/0511/7820/9461/files/pho_wp_nmon_traxlinkd_mpfer2016__sall__awsg__v1.jpg?v=1680287473,1,XACT PRO 7750 Shock absorber,FALSE,XACT PRO 7750 Shock absorber,Greater grip and traction Better response Consistent performance Improved damping behavior Finer adjustment options Greater confidence in all situations Improved contact with the ground Lower physical strain Higher bottoming resistance Fully adjustable to rider’s requirements and circuit conditions Adjustable spring p…,Motor Vehicle Parts,,Adult,18230Q01SET,WP - Offroad,WP - Shock,new,FALSE,,,,,,,kg,,
wp-18230q02set,XACT PRO 7750 Shock absorber,"<ul><li>Greater grip and traction</li><li>Better response</li><li>Consistent performance</li><li>Improved damping behavior</li><li>Finer adjustment options</li><li>Greater confidence in all situations</li><li>Improved contact with the ground</li><li>Lower physical strain</li><li>Higher bottoming resistance</li><li>Fully adjustable to rider’s requirements and circuit conditions</li><li>Adjustable spring preload</li><li>Adjustable high-speed compression damping</li><li>Adjustable low-speed compression damping</li><li>Adjustable rebound damping</li></ul><p></p><strong>Scope of delivery</strong><ul><li class=""li-square"">Shock absorber incl. 51, 54 and 57 N/mm shock spring</li><li class=""li-square"">Sticker</li></ul>",WP,Vehicles & Parts > Vehicle Parts & Accessories > Motor Vehicle Parts,WP - Offroad,WP - Shock,FALSE,Title,Default Title,,,,,18230Q02SET,,shopify,,continue,manual,,,TRUE,TRUE,,https://cdn.shopify.com/s/files/1/0511/7820/9461/files/pho_wp_nmon_traxlinkd_mpfer2016__sall__awsg__v1.jpg?v=1680287473,1,XACT PRO 7750 Shock absorber,FALSE,XACT PRO 7750 Shock absorber,Greater grip and traction Better response Consistent performance Improved damping behavior Finer adjustment options Greater confidence in all situations Improved contact with the ground Lower physical strain Higher bottoming resistance Fully adjustable to rider’s requirements and circuit conditions Adjustable spring p…,Motor Vehicle Parts,,Adult,18230Q02SET,WP - Offroad,WP - Shock,new,FALSE,,,,,,,kg,,
wp-18230r02set,XACT PRO 7750 Shock absorber,"<ul><li>Greater grip and traction</li><li>Better response</li><li>Consistent performance</li><li>Improved damping behavior</li><li>Finer adjustment options</li><li>Greater confidence in all situations</li><li>Improved contact with the ground</li><li>Lower physical strain</li><li>Higher bottoming resistance</li><li>Fully adjustable to rider’s requirements and circuit conditions</li><li>Adjustable spring preload</li><li>Adjustable high-speed compression damping</li><li>Adjustable low-speed compression damping</li><li>Adjustable rebound damping</li></ul><p></p><strong>Scope of delivery</strong><ul><li class=""li-square"">Shock absorber incl. 51, 54 and 57 N/mm shock spring</li><li class=""li-square"">Sticker</li></ul>",WP,Vehicles & Parts > Vehicle Parts & Accessories > Motor Vehicle Parts,WP - Offroad,WP - Shock,FALSE,Title,Default Title,,,,,18230R02SET,,shopify,,continue,manual,1830.00,,TRUE,TRUE,9010152119551,https://cdn.shopify.com/s/files/1/0511/7820/9461/files/pho_wp_nmon_traxlinkd_mpfer2016__sall__awsg__v1.jpg?v=1680287473,1,XACT PRO 7750 Shock absorber,FALSE,XACT PRO 7750 Shock absorber,Greater grip and traction Better response Consistent performance Improved damping behavior Finer adjustment options Greater confidence in all situations Improved contact with the ground Lower physical strain Higher bottoming resistance Fully adjustable to rider’s requirements and circuit conditions Adjustable spring p…,Motor Vehicle Parts,,Adult,18230R02SET,WP - Offroad,WP - Shock,new,FALSE,,,,,,,kg,,
wp-18270o02set,XACT PRO 7750 Shock absorber,"WP TRAX Shock Absorbers are the most innovative shock absorbers<br />on the market. The TRAX unit is a very compact system in the<br />bottom of the shock, which significantly improves the traction of the<br />rear wheel. This system has been successfully implemented by the<br />Factory Racing department and many World Championship titles<br />prove how effective it is.<br />The TRAX system has been developed in order to reduce the time after a bump where acceleration of the motorcycle<br />is not possible because of the slow rebound of the rear wheel.<br />The TRAX system registers when the rear wheel has no ground contact and immediately opens an oil bypass so that<br />the rear wheel can return to the ground faster than is possible with a conventional system, ultimately allowing for<br />improved traction and acceleration.",WP,Vehicles & Parts > Vehicle Parts & Accessories > Motor Vehicle Parts,WP - Offroad,WP - Shock,FALSE,Title,Default Title,,,,,18270O02SET,,shopify,,continue,manual,,,TRUE,TRUE,,https://cdn.shopify.com/s/files/1/0511/7820/9461/files/pho_wp_nmon_traxlinkd_mpfer2015__sall__awsg__v1.jpg?v=1680287473,1,XACT PRO 7750 Shock absorber,FALSE,XACT PRO 7750 Shock absorber,"WP TRAX Shock Absorbers are the most innovative shock absorbers on the market. The TRAX unit is a very compact system in the bottom of the shock, which significantly improves the traction of the rear wheel. This system has been successfully implemented by the Factory Racing department and many World Championship title…",Motor Vehicle Parts,,Adult,18270O02SET,WP - Offroad,WP - Shock,new,FALSE,,,,,,,kg,,
wp-18270p02set,XACT PRO 7750 Shock absorber,"WP TRAX Shock Absorbers are the most innovative shock absorbers<br />on the market. The TRAX unit is a very compact system in the<br />bottom of the shock, which significantly improves the traction of the<br />rear wheel. This system has been successfully implemented by the<br />Factory Racing department and many World Championship titles<br />prove how effective it is.<br />The TRAX system has been developed in order to reduce the time after a bump where acceleration of the motorcycle<br />is not possible because of the slow rebound of the rear wheel.<br />The TRAX system registers when the rear wheel has no ground contact and immediately opens an oil bypass so that<br />the rear wheel can return to the ground faster than is possible with a conventional system, ultimately allowing for<br />improved traction and acceleration.",WP,Vehicles & Parts > Vehicle Parts & Accessories > Motor Vehicle Parts,WP - Offroad,WP - Shock,FALSE,Title,Default Title,,,,,18270P02SET,,shopify,,continue,manual,,,TRUE,TRUE,,https://cdn.shopify.com/s/files/1/0511/7820/9461/files/pho_wp_nmon_traxlinkd_mpfer2016__sall__awsg__v1.jpg?v=1680287473,1,XACT PRO 7750 Shock absorber,FALSE,XACT PRO 7750 Shock absorber,"WP TRAX Shock Absorbers are the most innovative shock absorbers on the market. The TRAX unit is a very compact system in the bottom of the shock, which significantly improves the traction of the rear wheel. This system has been successfully implemented by the Factory Racing department and many World Championship title…",Motor Vehicle Parts,,Adult,18270P02SET,WP - Offroad,WP - Shock,new,FALSE,,,,,,,kg,,
wp-18270p03set,XACT PRO 7750 Shock absorber,"WP TRAX Shock Absorbers are the most innovative shock absorbers<br />on the market. The TRAX unit is a very compact system in the<br />bottom of the shock, which significantly improves the traction of the<br />rear wheel. This system has been successfully implemented by the<br />Factory Racing department and many World Championship titles<br />prove how effective it is.<br />The TRAX system has been developed in order to reduce the time after a bump where acceleration of the motorcycle<br />is not possible because of the slow rebound of the rear wheel.<br />The TRAX system registers when the rear wheel has no ground contact and immediately opens an oil bypass so that<br />the rear wheel can return to the ground faster than is possible with a conventional system, ultimately allowing for<br />improved traction and acceleration.",WP,Vehicles & Parts > Vehicle Parts & Accessories > Motor Vehicle Parts,WP - Offroad,WP - Shock,FALSE,Title,Default Title,,,,,18270P03SET,,shopify,,continue,manual,,,TRUE,TRUE,,https://cdn.shopify.com/s/files/1/0511/7820/9461/files/pho_wp_nmon_traxlinkd_mpfer2016__sall__awsg__v1.jpg?v=1680287473,1,XACT PRO 7750 Shock absorber,FALSE,XACT PRO 7750 Shock absorber,"WP TRAX Shock Absorbers are the most innovative shock absorbers on the market. The TRAX unit is a very compact system in the bottom of the shock, which significantly improves the traction of the rear wheel. This system has been successfully implemented by the Factory Racing department and many World Championship title…",Motor Vehicle Parts,,Adult,18270P03SET,WP - Offroad,WP - Shock,new,FALSE,,,,,,,kg,,
wp-18270p04set,XACT PRO 7750 Shock absorber,"WP TRAX Shock Absorbers are the most innovative shock absorbers<br />on the market. The TRAX unit is a very compact system in the<br />bottom of the shock, which significantly improves the traction of the<br />rear wheel. This system has been successfully implemented by the<br />Factory Racing department and many World Championship titles<br />prove how effective it is.<br />The TRAX system has been developed in order to reduce the time after a bump where acceleration of the motorcycle<br />is not possible because of the slow rebound of the rear wheel.<br />The TRAX system registers when the rear wheel has no ground contact and immediately opens an oil bypass so that<br />the rear wheel can return to the ground faster than is possible with a conventional system, ultimately allowing for<br />improved traction and acceleration.",WP,Vehicles & Parts > Vehicle Parts & Accessories > Motor Vehicle Parts,WP - Offroad,WP - Shock,FALSE,Title,Default Title,,,,,18270P04SET,,shopify,,continue,manual,,,TRUE,TRUE,,https://cdn.shopify.com/s/files/1/0511/7820/9461/files/pho_wp_nmon_traxlinkd_mpfer2016__sall__awsg__v1.jpg?v=1680287473,1,XACT PRO 7750 Shock absorber,FALSE,XACT PRO 7750 Shock absorber,"WP TRAX Shock Absorbers are the most innovative shock absorbers on the market. The TRAX unit is a very compact system in the bottom of the shock, which significantly improves the traction of the rear wheel. This system has been successfully implemented by the Factory Racing department and many World Championship title…",Motor Vehicle Parts,,Adult,18270P04SET,WP - Offroad,WP - Shock,new,FALSE,,,,,,,kg,,
wp-18270q01set,XACT PRO 7750 Shock absorber,"WP TRAX Shock Absorbers are the most innovative shock absorbers<br />on the market. The TRAX unit is a very compact system in the<br />bottom of the shock, which significantly improves the traction of the<br />rear wheel. This system has been successfully implemented by the<br />Factory Racing department and many World Championship titles<br />prove how effective it is.<br />The TRAX system has been developed in order to reduce the time after a bump where acceleration of the motorcycle<br />is not possible because of the slow rebound of the rear wheel.<br />The TRAX system registers when the rear wheel has no ground contact and immediately opens an oil bypass so that<br />the rear wheel can return to the ground faster than is possible with a conventional system, ultimately allowing for<br />improved traction and acceleration.",WP,Vehicles & Parts > Vehicle Parts & Accessories > Motor Vehicle Parts,WP - Offroad,WP - Shock,FALSE,Title,Default Title,,,,,18270Q01SET,,shopify,,continue,manual,,,TRUE,TRUE,,https://cdn.shopify.com/s/files/1/0511/7820/9461/files/pho_wp_nmon_traxlinkd_mpfer2016__sall__awsg__v1.jpg?v=1680287473,1,XACT PRO 7750 Shock absorber,FALSE,XACT PRO 7750 Shock absorber,"WP TRAX Shock Absorbers are the most innovative shock absorbers on the market. The TRAX unit is a very compact system in the bottom of the shock, which significantly improves the traction of the rear wheel. This system has been successfully implemented by the Factory Racing department and many World Championship title…",Motor Vehicle Parts,,Adult,18270Q01SET,WP - Offroad,WP - Shock,new,FALSE,,,,,,,kg,,
wp-18270q02set,XACT PRO 7750 Shock absorber,"WP TRAX Shock Absorbers are the most innovative shock absorbers<br />on the market. The TRAX unit is a very compact system in the<br />bottom of the shock, which significantly improves the traction of the<br />rear wheel. This system has been successfully implemented by the<br />Factory Racing department and many World Championship titles<br />prove how effective it is.<br />The TRAX system has been developed in order to reduce the time after a bump where acceleration of the motorcycle<br />is not possible because of the slow rebound of the rear wheel.<br />The TRAX system registers when the rear wheel has no ground contact and immediately opens an oil bypass so that<br />the rear wheel can return to the ground faster than is possible with a conventional system, ultimately allowing for<br />improved traction and acceleration.",WP,Vehicles & Parts > Vehicle Parts & Accessories > Motor Vehicle Parts,WP - Offroad,WP - Shock,FALSE,Title,Default Title,,,,,18270Q02SET,,shopify,,continue,manual,,,TRUE,TRUE,,https://cdn.shopify.com/s/files/1/0511/7820/9461/files/pho_wp_nmon_traxlinkd_mpfer2016__sall__awsg__v1.jpg?v=1680287473,1,XACT PRO 7750 Shock absorber,FALSE,XACT PRO 7750 Shock absorber,"WP TRAX Shock Absorbers are the most innovative shock absorbers on the market. The TRAX unit is a very compact system in the bottom of the shock, which significantly improves the traction of the rear wheel. This system has been successfully implemented by the Factory Racing department and many World Championship title…",Motor Vehicle Parts,,Adult,18270Q02SET,WP - Offroad,WP - Shock,new,FALSE,,,,,,,kg,,
wp-18270r02set,XACT PRO 7750 Shock absorber,"WP TRAX Shock Absorbers are the most innovative shock absorbers<br />on the market. The TRAX unit is a very compact system in the<br />bottom of the shock, which significantly improves the traction of the<br />rear wheel. This system has been successfully implemented by the<br />Factory Racing department and many World Championship titles<br />prove how effective it is.<br />The TRAX system has been developed in order to reduce the time after a bump where acceleration of the motorcycle<br />is not possible because of the slow rebound of the rear wheel.<br />The TRAX system registers when the rear wheel has no ground contact and immediately opens an oil bypass so that<br />the rear wheel can return to the ground faster than is possible with a conventional system, ultimately allowing for<br />improved traction and acceleration.",WP,Vehicles & Parts > Vehicle Parts & Accessories > Motor Vehicle Parts,WP - Offroad,WP - Shock,FALSE,Title,Default Title,,,,,18270R02SET,,shopify,,continue,manual,,,TRUE,TRUE,,https://cdn.shopify.com/s/files/1/0511/7820/9461/files/pho_wp_nmon_traxlinkd_mpfer2016__sall__awsg__v1.jpg?v=1680287473,1,XACT PRO 7750 Shock absorber,FALSE,XACT PRO 7750 Shock absorber,"WP TRAX Shock Absorbers are the most innovative shock absorbers on the market. The TRAX unit is a very compact system in the bottom of the shock, which significantly improves the traction of the rear wheel. This system has been successfully implemented by the Factory Racing department and many World Championship title…",Motor Vehicle Parts,,Adult,18270R02SET,WP - Offroad,WP - Shock,new,FALSE,,,,,,,kg,,
wp-18440o01set,XPLOR PRO 7750 Shock absorber,"WP TRAX Shock Absorbers are the most innovative shock absorbers<br />on the market. The TRAX unit is a very compact system in the<br />bottom of the shock, which significantly improves the traction of the<br />rear wheel. This system has been successfully implemented by the<br />Factory Racing department and many World Championship titles<br />prove how effective it is.<br />The TRAX system has been developed in order to reduce the time after a bump where acceleration of the motorcycle<br />is not possible because of the slow rebound of the rear wheel.<br />The TRAX system registers when the rear wheel has no ground contact and immediately opens an oil bypass so that<br />the rear wheel can return to the ground faster than is possible with a conventional system, ultimately allowing for<br />improved traction and acceleration.",WP,Vehicles & Parts > Vehicle Parts & Accessories > Motor Vehicle Parts,WP - Offroad,WP - Shock,FALSE,Title,Default Title,,,,,18440O01SET,,shopify,,continue,manual,,,TRUE,TRUE,,https://cdn.shopify.com/s/files/1/0511/7820/9461/files/pho_wp_nmon_traxlinkd_mpfer2015__sall__awsg__v1.jpg?v=1680287473,1,XPLOR PRO 7750 Shock absorber,FALSE,XPLOR PRO 7750 Shock absorber,"WP TRAX Shock Absorbers are the most innovative shock absorbers on the market. The TRAX unit is a very compact system in the bottom of the shock, which significantly improves the traction of the rear wheel. This system has been successfully implemented by the Factory Racing department and many World Championship title…",Motor Vehicle Parts,,Adult,18440O01SET,WP - Offroad,WP - Shock,new,FALSE,,,,,,,kg,,
wp-18440o02set,XPLOR PRO 7750 Shock absorber,"WP TRAX Shock Absorbers are the most innovative shock absorbers<br />on the market. The TRAX unit is a very compact system in the<br />bottom of the shock, which significantly improves the traction of the<br />rear wheel. This system has been successfully implemented by the<br />Factory Racing department and many World Championship titles<br />prove how effective it is.<br />The TRAX system has been developed in order to reduce the time after a bump where acceleration of the motorcycle<br />is not possible because of the slow rebound of the rear wheel.<br />The TRAX system registers when the rear wheel has no ground contact and immediately opens an oil bypass so that<br />the rear wheel can return to the ground faster than is possible with a conventional system, ultimately allowing for<br />improved traction and acceleration.",WP,Vehicles & Parts > Vehicle Parts & Accessories > Motor Vehicle Parts,WP - Offroad,WP - Shock,FALSE,Title,Default Title,,,,,18440O02SET,,shopify,,continue,manual,,,TRUE,TRUE,,https://cdn.shopify.com/s/files/1/0511/7820/9461/files/pho_wp_nmon_traxlinkd_mpfer2015__sall__awsg__v1.jpg?v=1680287473,1,XPLOR PRO 7750 Shock absorber,FALSE,XPLOR PRO 7750 Shock absorber,"WP TRAX Shock Absorbers are the most innovative shock absorbers on the market. The TRAX unit is a very compact system in the bottom of the shock, which significantly improves the traction of the rear wheel. This system has been successfully implemented by the Factory Racing department and many World Championship title…",Motor Vehicle Parts,,Adult,18440O02SET,WP - Offroad,WP - Shock,new,FALSE,,,,,,,kg,,
wp-18520o01set,XPLOR PRO 7750 Shock absorber,"<ul><li>Greater grip and traction</li><li>Better response</li><li>Consistent performance</li><li>Improved damping behavior</li><li>Finer adjustment options</li><li>Greater confidence in all situations</li><li>Improved contact with the ground</li><li>Lower physical strain</li><li>Higher bottoming resistance</li><li>Fully adjustable to rider’s requirements and circuit conditions</li><li>Adjustable spring preload</li><li>Adjustable high-speed compression damping</li><li>Adjustable low-speed compression damping</li><li>Adjustable rebound damping</li></ul><p></p><strong>Scope of delivery</strong><ul><li class=""li-square"">Shock absorber incl. 51, 54 and 57 N/mm shock spring</li><li class=""li-square"">Sticker</li></ul>",WP,Vehicles & Parts > Vehicle Parts & Accessories > Motor Vehicle Parts,WP - Offroad,WP - Shock,FALSE,Title,Default Title,,,,,18520O01SET,,shopify,,continue,manual,,,TRUE,TRUE,,https://cdn.shopify.com/s/files/1/0511/7820/9461/files/pho_wp_nmon_traxlinkd_mpfer2015__sall__awsg__v1.jpg?v=1680287473,1,XPLOR PRO 7750 Shock absorber,FALSE,XPLOR PRO 7750 Shock absorber,Greater grip and traction Better response Consistent performance Improved damping behavior Finer adjustment options Greater confidence in all situations Improved contact with the ground Lower physical strain Higher bottoming resistance Fully adjustable to rider’s requirements and circuit conditions Adjustable spring p…,Motor Vehicle Parts,,Adult,18520O01SET,WP - Offroad,WP - Shock,new,FALSE,,,,,,,kg,,
wp-20170043int,GROUP Ball Pen,GROUP Ball Pen,WP,Vehicles & Parts > Vehicle Parts & Accessories > Motor Vehicle Parts,WP - Merchandising material,WP - Retail &amp; Marketing Material,FALSE,Title,Default Title,,,,,20170043INT,,shopify,,continue,manual,,,TRUE,TRUE,,https://cdn.shopify.com/s/files/1/0511/7820/9461/files/pho_ds_nmon_20170043int_ktm_group_ball_pen__sall__awsg__v1.jpg?v=1649961484,1,GROUP Ball Pen,FALSE,GROUP Ball Pen,GROUP Ball Pen,Motor Vehicle Parts,,Adult,20170043INT,WP - Merchandising material,WP - Retail &amp; Marketing Material,new,FALSE,,,,,,,kg,,
wp-20210006de,Dakar Book,<ul><li>340 pages</li><li>Size: 30.5 x 24.5 cm</li></ul>,WP,Vehicles & Parts > Vehicle Parts & Accessories > Motor Vehicle Parts,WP - POS,WP - Retail &amp; Marketing Material,FALSE,Title,Default Title,,,,,20210006DE,,shopify,,continue,manual,58.99,,TRUE,TRUE,9010544174724,https://cdn.shopify.com/s/files/1/0511/7820/9461/files/pho_ds_nmon_20210006de_dakar_book__sall__awsg__v1.jpg?v=1650464520,1,Dakar Book,FALSE,Dakar Book,340 pages Size: 30.5 x 24.5 cm,Motor Vehicle Parts,,Adult,20210006DE,WP - POS,WP - Retail &amp; Marketing Material,new,FALSE,,,,,,,kg,,
wp-20220020int,PMAG Lanyard,1 unit = 10 pieces,WP,Vehicles & Parts > Vehicle Parts & Accessories > Motor Vehicle Parts,WP - Merchandising material,WP - Retail &amp; Marketing Material,FALSE,Title,Default Title,,,,,20220020INT,,shopify,,continue,manual,2.48,,TRUE,TRUE,9010544421248,https://cdn.shopify.com/s/files/1/0511/7820/9461/files/pho_ds_nmon_20220020int_lanyard_pmag__sall__awsg__v1.jpg?v=1676015581,1,PMAG Lanyard,FALSE,PMAG Lanyard,1 unit = 10 pieces,Motor Vehicle Parts,,Adult,20220020INT,WP - Merchandising material,WP - Retail &amp; Marketing Material,new,FALSE,,,,,,,kg,,
wp-20230007int,PMAG Document Folder Premium,PMAG Document Folder Premium,WP,Vehicles & Parts > Vehicle Parts & Accessories > Motor Vehicle Parts,WP - Merchandising material,WP - Retail &amp; Marketing Material,FALSE,Title,Default Title,,,,,20230007INT,,shopify,,continue,manual,,,TRUE,TRUE,,https://cdn.shopify.com/s/files/1/0511/7820/9461/files/pho_ds_nmon_20230009int_folder__sall__awsg__v1.jpg?v=1677601414,1,PMAG Document Folder Premium,FALSE,PMAG Document Folder Premium,PMAG Document Folder Premium,Motor Vehicle Parts,,Adult,20230007INT,WP - Merchandising material,WP - Retail &amp; Marketing Material,new,FALSE,,,,,,,kg,,
wp-20230008int,PMAG Notepad A4,PMAG Notepad A4,WP,Vehicles & Parts > Vehicle Parts & Accessories > Motor Vehicle Parts,WP - Merchandising material,WP - Retail &amp; Marketing Material,FALSE,Title,Default Title,,,,,20230008INT,,shopify,,continue,manual,,,TRUE,TRUE,,https://cdn.shopify.com/s/files/1/0511/7820/9461/files/pho_nmon_pmag_notebook_cover_a4__sall__awsg__v1.jpg?v=1694068528,1,PMAG Notepad A4,FALSE,PMAG Notepad A4,PMAG Notepad A4,Motor Vehicle Parts,,Adult,20230008INT,WP - Merchandising material,WP - Retail &amp; Marketing Material,new,FALSE,,,,,,,kg,,
wp-20230009int,PMAG Notebook Premium,PMAG Notebook Premium,WP,Vehicles & Parts > Vehicle Parts & Accessories > Motor Vehicle Parts,WP - Merchandising material,WP - Retail &amp; Marketing Material,FALSE,Title,Default Title,,,,,20230009INT,,shopify,,continue,manual,,,TRUE,TRUE,,https://cdn.shopify.com/s/files/1/0511/7820/9461/files/pho_nmon_notebook_premiuim__sall__awsg__v1.jpg?v=1694068528,1,PMAG Notebook Premium,FALSE,PMAG Notebook Premium,PMAG Notebook Premium,Motor Vehicle Parts,,Adult,20230009INT,WP - Merchandising material,WP - Retail &amp; Marketing Material,new,FALSE,,,,,,,kg,,
wp-20230012int,PMAG Notepad A5,PMAG Notepad A5,WP,Vehicles & Parts > Vehicle Parts & Accessories > Motor Vehicle Parts,WP - Merchandising material,WP - Retail &amp; Marketing Material,FALSE,Title,Default Title,,,,,20230012INT,,shopify,,continue,manual,,,TRUE,TRUE,,https://cdn.shopify.com/s/files/1/0511/7820/9461/files/pho_nmon_pmag_notebook_a5__sall__awsg__v1.jpg?v=1694068528,1,PMAG Notepad A5,FALSE,PMAG Notepad A5,PMAG Notepad A5,Motor Vehicle Parts,,Adult,20230012INT,WP - Merchandising material,WP - Retail &amp; Marketing Material,new,FALSE,,,,,,,kg,,
wp-20230013int,PMAG Greeting Card,PMAG Greeting Card,WP,Vehicles & Parts > Vehicle Parts & Accessories > Motor Vehicle Parts,WP - Merchandising material,WP - Retail &amp; Marketing Material,FALSE,Title,Default Title,,,,,20230013INT,,shopify,,continue,manual,,,TRUE,TRUE,,https://cdn.shopify.com/s/files/1/0511/7820/9461/files/pho_nmon_pmag_greetimngcard_2sites__sall__awsg__v1.jpg?v=1694068528,1,PMAG Greeting Card,FALSE,PMAG Greeting Card,PMAG Greeting Card,Motor Vehicle Parts,,Adult,20230013INT,WP - Merchandising material,WP - Retail &amp; Marketing Material,new,FALSE,,,,,,,kg,,
wp-22101999088c1a,Factory triple clamp,<ul><li>CNC milled aluminum triple clamp</li><li>Elegant anodised surface</li><li>Lighter than the standard triple clamp</li></ul><p></p>Weight savings: 320 grams,WP,Vehicles & Parts > Vehicle Parts & Accessories > Motor Vehicle Parts,WP - Triple clamp,WP - Technical Accessories,TRUE,Title,Default Title,,,,,22101999088C1A,,shopify,,continue,manual,599.07,,TRUE,TRUE,9010544356724,https://cdn.shopify.com/s/files/1/0511/7820/9461/files/pho_nmon_22101999088c1a_factory_triple_clamp_1__sall__awsg__v1.jpg?v=1649961569,1,Factory triple clamp,FALSE,Factory triple clamp,CNC milled aluminum triple clamp Elegant anodised surface Lighter than the standard triple clamp Weight savings: 320 grams,Motor Vehicle Parts,,Adult,22101999088C1A,WP - Triple clamp,WP - Technical Accessories,new,FALSE,,,,,,,kg,,
wp-22101999088c1a,,,,,,,,,,,,,,,,,,,,,,,,,https://cdn.shopify.com/s/files/1/0511/7820/9461/files/pho_nmon_22101999088c1a_factory_triple_clamp__sall__awsg__v1.jpg?v=1649961569,2,Factory triple clamp,,,,,,,,,,,,,,,,,,,,
wp-22112955044,Lowering kit,<ul><li>No restrictions on riding dynamics</li><li>Developed together with the vehicle</li></ul><p></p>,WP,Vehicles & Parts > Vehicle Parts & Accessories > Motor Vehicle Parts,WP - Lowering kit,WP - Technical Accessories,TRUE,Title,Default Title,,,,,22112955044,,shopify,,continue,manual,599.07,,TRUE,TRUE,9010544328332,https://cdn.shopify.com/s/files/1/0511/7820/9461/files/pho_nmon_22112955044_lowering_kit__sall__awsg__v1.jpg?v=1680287313,1,Lowering kit,FALSE,Lowering kit,No restrictions on riding dynamics Developed together with the vehicle,Motor Vehicle Parts,,Adult,22112955044,WP - Lowering kit,WP - Technical Accessories,new,FALSE,,,,,,,kg,,
wp-2286007,WP header,"<ul><li>Sticker with WP logo for sticking on the tool panel</li><li>Width: 1,050 mm (41.34 in)</li><li>Height: 98 mm (3.86 in)</li></ul>",WP,Hardware > Tools,WP - Toolboard,WP - Special tools,TRUE,Title,Default Title,,,,,2286007,,shopify,,continue,manual,17.30,,TRUE,TRUE,9010152199560,https://cdn.shopify.com/s/files/1/0511/7820/9461/files/pho_wp_nmon_2286007__sall__awsg__v1.jpg?v=1680287432,1,WP header,FALSE,WP header,"Sticker with WP logo for sticking on the tool panel Width: 1,050 mm (41.34 in) Height: 98 mm (3.86 in)",Tools,,Adult,2286007,WP - Toolboard,WP - Special tools,new,FALSE,,,,,,,kg,,
wp-2286008,WP header,<ul><li>Sticker with WP logo for sticking on the tool panel</li><li>Width: 525 mm (20.67 in)</li><li>Height: 98 mm (3.86 in)</li></ul>,WP,Hardware > Tools,WP - Toolboard,WP - Special tools,TRUE,Title,Default Title,,,,,2286008,,shopify,,continue,manual,14.40,,TRUE,TRUE,9010152199553,https://cdn.shopify.com/s/files/1/0511/7820/9461/files/pho_wp_nmon_2286008__sall__awsg__v1.jpg?v=1680287432,1,WP header,FALSE,WP header,Sticker with WP logo for sticking on the tool panel Width: 525 mm (20.67 in) Height: 98 mm (3.86 in),Tools,,Adult,2286008,WP - Toolboard,WP - Special tools,new,FALSE,,,,,,,kg,,
wp-25001939500,Progressive handlebar damping system (PHDS),"<ul><li>CNC milled handlebar mount with damping rubber inserts</li><li>Gentle on wrists and shoulder joints</li><li>Damping of hard shocks</li><li>Additional handlebar damping in horizontal direction</li><li>Optimum steering precision</li><li>Further dampers available in three different degrees of hardness (soft, medium, hard) for individual adjustment</li><li>Replaces the standard damping rubbers used in the handlebar mount</li></ul><p></p>",WP,Vehicles & Parts > Vehicle Parts & Accessories > Motor Vehicle Parts,WP - Special parts,WP - Technical Accessories,FALSE,Title,Default Title,,,,,25001939500,,shopify,,continue,manual,199.04,,TRUE,TRUE,9010152193193,https://cdn.shopify.com/s/files/1/0511/7820/9461/files/pho_wp_nmon_25001939500_phds_progressive_handlebar_damping_system__sall__awsg__v1.jpg?v=1680287313,1,Progressive handlebar damping system (PHDS),FALSE,Progressive handlebar damping system (PHDS),"CNC milled handlebar mount with damping rubber inserts Gentle on wrists and shoulder joints Damping of hard shocks Additional handlebar damping in horizontal direction Optimum steering precision Further dampers available in three different degrees of hardness (soft, medium, hard) for individual adjustment Replaces the…",Motor Vehicle Parts,,Adult,25001939500,WP - Special parts,WP - Technical Accessories,new,FALSE,,,,,,,kg,,
wp-25001939500,,,,,,,,,,,,,,,,,,,,,,,,,https://cdn.shopify.com/s/files/1/0511/7820/9461/files/pho_nmon_25001939500_phds_progressive_handlebar_damping_system__sall__awsg__v1.jpg?v=1680287451,2,Progressive handlebar damping system (PHDS),,,,,,,,,,,,,,,,,,,,
wp-27004905000,Preload adjuster,<ul><li>Fast preload adjustment</li><li>Use of the entire length of the thread on the shock absorber</li><li>Very easy operation</li><li>Extremely low weight</li><li>Dirt-resistance</li><li>Mechanical drive</li></ul><p></p>,WP,Vehicles & Parts > Vehicle Parts & Accessories > Motor Vehicle Parts,WP - Preload adjuster,WP - Technical Accessories,TRUE,Title,Default Title,,,,,27004905000,,shopify,,continue,manual,179.08,,TRUE,TRUE,9010544253627,https://cdn.shopify.com/s/files/1/0511/7820/9461/files/pho_nmon_27004905000_preload_adjuster__2___sall__awsg__v1.jpg?v=1650461477,1,Preload adjuster,FALSE,Preload adjuster,Fast preload adjustment Use of the entire length of the thread on the shock absorber Very easy operation Extremely low weight Dirt-resistance Mechanical drive,Motor Vehicle Parts,,Adult,27004905000,WP - Preload adjuster,WP - Technical Accessories,new,FALSE,,,,,,,kg,,
wp-28012955044,Lowering kit,<ul><li>Perfect compromise between maximum chassis performance and minimum possible seat height.</li><li>Highest quality workmanship.</li><li>Manufactured from the highest quality materials.</li></ul>,WP,Vehicles & Parts > Vehicle Parts & Accessories > Motor Vehicle Parts,WP - Lowering kit,WP - Technical Accessories,TRUE,Title,Default Title,,,,,28012955044,,shopify,,continue,manual,299.05,,TRUE,TRUE,9010152183101,https://cdn.shopify.com/s/files/1/0511/7820/9461/files/pho_nmon_93312955044_28512955044_low_chassis_kit__sall__awsg__v1.jpg?v=1650464974,1,Lowering kit,FALSE,Lowering kit,Perfect compromise between maximum chassis performance and minimum possible seat height. Highest quality workmanship. Manufactured from the highest quality materials.,Motor Vehicle Parts,,Adult,28012955044,WP - Lowering kit,WP - Technical Accessories,new,FALSE,,,,,,,kg,,
wp-28112955044,Lowering kit,<ul><li>25 mm lower seat height</li><li>No restrictions on riding dynamics</li><li>Developed together with the vehicle</li></ul><p></p>,WP,Vehicles & Parts > Vehicle Parts & Accessories > Motor Vehicle Parts,WP - Lowering kit,WP - Technical Accessories,TRUE,Title,Default Title,,,,,28112955044,,shopify,,continue,manual,199.04,,TRUE,TRUE,9010544253566,https://cdn.shopify.com/s/files/1/0511/7820/9461/files/pho_nmon_28012955044_low_chassis_kit_without_stand__sall__awsg__v1.jpg?v=1680287452,1,Lowering kit,FALSE,Lowering kit,25 mm lower seat height No restrictions on riding dynamics Developed together with the vehicle,Motor Vehicle Parts,,Adult,28112955044,WP - Lowering kit,WP - Technical Accessories,new,FALSE,,,,,,,kg,,
wp-28512955044,Lowering kit,<ul><li>Perfect compromise between maximum chassis performance and minimum possible seat height</li><li>Highest quality workmanship</li><li>Manufactured from the highest quality materials</li></ul>,WP,Vehicles & Parts > Vehicle Parts & Accessories > Motor Vehicle Parts,WP - Lowering kit,WP - Technical Accessories,TRUE,Title,Default Title,,,,,28512955044,,shopify,,continue,manual,299.05,,TRUE,TRUE,9010152180551,https://cdn.shopify.com/s/files/1/0511/7820/9461/files/pho_nmon_28012955044_low_chassis_kit_without_stand__sall__awsg__v1.jpg?v=1680287452,1,Lowering kit,FALSE,Lowering kit,Perfect compromise between maximum chassis performance and minimum possible seat height Highest quality workmanship Manufactured from the highest quality materials,Motor Vehicle Parts,,Adult,28512955044,WP - Lowering kit,WP - Technical Accessories,new,FALSE,,,,,,,kg,,
wp-3287001,Clamp,"<ul><li class=""li-square"">Clamp for hanging tool ( 1 set = 10 units), incl. screws and nuts</li><li class=""li-square"">For tool with diameter: 0 - 20 mm (0 - 0.79 in)</li></ul>",WP,Hardware > Tools,WP - Toolboard,WP - Special tools,FALSE,Title,Default Title,,,,,3287001,,shopify,,continue,manual,16.94,,TRUE,TRUE,9010152221926,https://cdn.shopify.com/s/files/1/0511/7820/9461/files/pho_wp_nmon_3287001__sall__awsg__v1.jpg?v=1680287432,1,Clamp,FALSE,Clamp,"Clamp for hanging tool ( 1 set = 10 units), incl. screws and nuts For tool with diameter: 0 - 20 mm (0 - 0.79 in)",Tools,,Adult,3287001,WP - Toolboard,WP - Special tools,new,FALSE,,,,,,,kg,,
wp-3287002,Clamp,"<ul><li class=""li-square"">Clamp for hanging tool ( 1 set = 10 units), incl. screws and nuts</li><li class=""li-square"">For tool with diameter: 15 - 30 mm (0,59 - 1,18 in)</li></ul>",WP,Hardware > Tools,WP - Toolboard,WP - Special tools,FALSE,Title,Default Title,,,,,3287002,,shopify,,continue,manual,,,TRUE,TRUE,,https://cdn.shopify.com/s/files/1/0511/7820/9461/files/pho_wp_nmon_3287002__sall__awsg__v1.jpg?v=1680287432,1,Clamp,FALSE,Clamp,"Clamp for hanging tool ( 1 set = 10 units), incl. screws and nuts For tool with diameter: 15 - 30 mm (0,59 - 1,18 in)",Tools,,Adult,3287002,WP - Toolboard,WP - Special tools,new,FALSE,,,,,,,kg,,
wp-3287003,Clamp,"<ul><li class=""li-square"">Clamp for hanging tool ( 1 set = 10 units), incl. screws and nuts</li><li class=""li-square"">For tool with diameter: 20 - 40 mm (0,98 - 1,57 in)</li></ul>",WP,Hardware > Tools,WP - Toolboard,WP - Special tools,FALSE,Title,Default Title,,,,,3287003,,shopify,,continue,manual,17.18,,TRUE,TRUE,9010152221902,https://cdn.shopify.com/s/files/1/0511/7820/9461/files/pho_wp_nmon_3287003__sall__awsg__v1.jpg?v=1680287432,1,Clamp,FALSE,Clamp,"Clamp for hanging tool ( 1 set = 10 units), incl. screws and nuts For tool with diameter: 20 - 40 mm (0,98 - 1,57 in)",Tools,,Adult,3287003,WP - Toolboard,WP - Special tools,new,FALSE,,,,,,,kg,,
wp-3287004,Hook,"<ul><li class=""li-square"">Hook for hanging tool ( 1 set = 10 units), incl. screws and nuts</li><li class=""li-square"">Lightweight version</li><li class=""li-square"">Hook length: 60 mm (2.36 in)</li></ul>",WP,Hardware > Tools,WP - Toolboard,WP - Special tools,FALSE,Title,Default Title,,,,,3287004,,shopify,,continue,manual,14.10,,TRUE,TRUE,9010152221896,https://cdn.shopify.com/s/files/1/0511/7820/9461/files/pho_wp_nmon_3287004__sall__awsg__v1.jpg?v=1680287432,1,Hook,FALSE,Hook,"Hook for hanging tool ( 1 set = 10 units), incl. screws and nuts Lightweight version Hook length: 60 mm (2.36 in)",Tools,,Adult,3287004,WP - Toolboard,WP - Special tools,new,FALSE,,,,,,,kg,,
wp-3287005,Hook,"<ul><li>Hook for hanging tool ( 1 set = 10 units), incl. screws and nuts</li><li>Lightweight version</li><li>Hook length: 100 mm (3.94 in)</li></ul>",WP,Hardware > Tools,WP - Toolboard,WP - Special tools,FALSE,Title,Default Title,,,,,3287005,,shopify,,continue,manual,17.61,,TRUE,TRUE,9010152221889,https://cdn.shopify.com/s/files/1/0511/7820/9461/files/pho_wp_nmon_3287005__sall__awsg__v1.jpg?v=1680287432,1,Hook,FALSE,Hook,"Hook for hanging tool ( 1 set = 10 units), incl. screws and nuts Lightweight version Hook length: 100 mm (3.94 in)",Tools,,Adult,3287005,WP - Toolboard,WP - Special tools,new,FALSE,,,,,,,kg,,
wp-3287006,Hook,"<ul><li>Hook for hanging tool ( 1 set = 5 units), incl. screws and nuts</li><li>Heavy-duty version</li><li>Hook length: 120 mm (4.72 in)</li></ul>",WP,Hardware > Tools,WP - Toolboard,WP - Special tools,TRUE,Title,Default Title,,,,,3287006,,shopify,,continue,manual,11.98,,TRUE,TRUE,9010152221872,https://cdn.shopify.com/s/files/1/0511/7820/9461/files/pho_wp_nmon_3287006__sall__awsg__v1.jpg?v=1680287432,1,Hook,FALSE,Hook,"Hook for hanging tool ( 1 set = 5 units), incl. screws and nuts Heavy-duty version Hook length: 120 mm (4.72 in)",Tools,,Adult,3287006,WP - Toolboard,WP - Special tools,new,FALSE,,,,,,,kg,,
wp-3287007,Hook,"<ul><li>Hook for hanging tool ( 1 set = 5 units), incl. screws and nuts</li><li>Heavy-duty version</li><li>Hook length: 200 mm (7.87 in)</li></ul>",WP,Hardware > Tools,WP - Toolboard,WP - Special tools,FALSE,Title,Default Title,,,,,3287007,,shopify,,continue,manual,14.52,,TRUE,TRUE,9010152221865,https://cdn.shopify.com/s/files/1/0511/7820/9461/files/pho_wp_nmon_3287007__sall__awsg__v1.jpg?v=1680287432,1,Hook,FALSE,Hook,"Hook for hanging tool ( 1 set = 5 units), incl. screws and nuts Heavy-duty version Hook length: 200 mm (7.87 in)",Tools,,Adult,3287007,WP - Toolboard,WP - Special tools,new,FALSE,,,,,,,kg,,
wp-3287008,Hook,"<ul><li>Hook for hanging tool ( 1 set = 10 units), incl. screws and nuts</li><li>Heavy-duty, straight design</li><li>Hook length: 100 mm (3.94 in)</li></ul>",WP,Hardware > Tools,WP - Toolboard,WP - Special tools,FALSE,Title,Default Title,,,,,3287008,,shopify,,continue,manual,25.41,,TRUE,TRUE,9010152221858,https://cdn.shopify.com/s/files/1/0511/7820/9461/files/pho_wp_nmon_3287008__sall__awsg__v1.jpg?v=1680287432,1,Hook,FALSE,Hook,"Hook for hanging tool ( 1 set = 10 units), incl. screws and nuts Heavy-duty, straight design Hook length: 100 mm (3.94 in)",Tools,,Adult,3287008,WP - Toolboard,WP - Special tools,new,FALSE,,,,,,,kg,,
wp-3287009,Hook,"<ul><li>Hook for hanging tool ( 1 set = 5 units), incl. screws and nuts</li><li>Rubberized version</li><li>Hook length: 100 mm (3.94 in)</li></ul>",WP,Hardware > Tools,WP - Toolboard,WP - Special tools,FALSE,Title,Default Title,,,,,3287009,,shopify,,continue,manual,28.98,,TRUE,TRUE,9010152221841,https://cdn.shopify.com/s/files/1/0511/7820/9461/files/pho_wp_nmon_3287009__sall__awsg__v1.jpg?v=1680287432,1,Hook,FALSE,Hook,"Hook for hanging tool ( 1 set = 5 units), incl. screws and nuts Rubberized version Hook length: 100 mm (3.94 in)",Tools,,Adult,3287009,WP - Toolboard,WP - Special tools,new,FALSE,,,,,,,kg,,
wp-3287010,Hook,"<ul><li>Hook for hanging tool ( 1 set = 10 units), incl. screws and nuts</li><li>U-shaped design</li><li>Hook length: 100 mm (3.94 in)</li></ul>",WP,Hardware > Tools,WP - Toolboard,WP - Special tools,FALSE,Title,Default Title,,,,,3287010,,shopify,,continue,manual,45.07,,TRUE,TRUE,9010152221834,https://cdn.shopify.com/s/files/1/0511/7820/9461/files/pho_wp_nmon_3287010__sall__awsg__v1.jpg?v=1680287432,1,Hook,FALSE,Hook,"Hook for hanging tool ( 1 set = 10 units), incl. screws and nuts U-shaped design Hook length: 100 mm (3.94 in)",Tools,,Adult,3287010,WP - Toolboard,WP - Special tools,new,FALSE,,,,,,,kg,,
wp-3287011,Magnet holder,"<ul><li class=""li-square"">Magnet for holding tool (1 set = 5 units)</li><li class=""li-square"">Diameter: 45 mm (1.77 in)</li></ul>",WP,Hardware > Tools,WP - Toolboard,WP - Special tools,FALSE,Title,Default Title,,,,,3287011,,shopify,,continue,manual,35.39,,TRUE,TRUE,9010152221827,https://cdn.shopify.com/s/files/1/0511/7820/9461/files/pho_wp_nmon_3287011__sall__awsg__v1.jpg?v=1680287431,1,Magnet holder,FALSE,Magnet holder,Magnet for holding tool (1 set = 5 units) Diameter: 45 mm (1.77 in),Tools,,Adult,3287011,WP - Toolboard,WP - Special tools,new,FALSE,,,,,,,kg,,
wp-3287012,Metal box,"<ul><li class=""li-square"">Small wire mesh tray for keeping tools, incl. screws and nuts</li><li class=""li-square"">Length: 160 mm (6.3 in)</li><li class=""li-square"">Width: 110 mm (4.33 in)</li><li class=""li-square"">Height: 50 mm (1.97 in)</li></ul>",WP,Hardware > Tools,WP - Toolboard,WP - Special tools,FALSE,Title,Default Title,,,,,3287012,,shopify,,continue,manual,28.13,,TRUE,TRUE,9010152221810,https://cdn.shopify.com/s/files/1/0511/7820/9461/files/pho_wp_nmon_3287012__sall__awsg__v1.jpg?v=1680287432,1,Metal box,FALSE,Metal box,"Small wire mesh tray for keeping tools, incl. screws and nuts Length: 160 mm (6.3 in) Width: 110 mm (4.33 in) Height: 50 mm (1.97 in)",Tools,,Adult,3287012,WP - Toolboard,WP - Special tools,new,FALSE,,,,,,,kg,,
wp-3287013,Clamp,"<ul><li class=""li-square"">Clamp for hanging tool (1 set = 5 units), incl. screws and nuts</li><li class=""li-square"">For tool with diameter: 35 - 70 mm (1.38 - 2.76 in)</li></ul>",WP,Hardware > Tools,WP - Toolboard,WP - Special tools,FALSE,Title,Default Title,,,,,3287013,,shopify,,continue,manual,16.94,,TRUE,TRUE,9010152221803,https://cdn.shopify.com/s/files/1/0511/7820/9461/files/pho_wp_nmon_3287013__sall__awsg__v1.jpg?v=1680287432,1,Clamp,FALSE,Clamp,"Clamp for hanging tool (1 set = 5 units), incl. screws and nuts For tool with diameter: 35 - 70 mm (1.38 - 2.76 in)",Tools,,Adult,3287013,WP - Toolboard,WP - Special tools,new,FALSE,,,,,,,kg,,
wp-3287014,Hook,"<ul><li class=""li-square"">Hook for hanging tool (1 set = 5 units), incl. screws and nuts</li><li class=""li-square"">Angled version</li><li class=""li-square"">Hook length: 100 mm (3.94 in)</li></ul>",WP,Hardware > Tools,WP - Toolboard,WP - Special tools,FALSE,Title,Default Title,,,,,3287014,,shopify,,continue,manual,17.73,,TRUE,TRUE,9010152221797,https://cdn.shopify.com/s/files/1/0511/7820/9461/files/pho_wp_nmon_3287014__sall__awsg__v1.jpg?v=1680287432,1,Hook,FALSE,Hook,"Hook for hanging tool (1 set = 5 units), incl. screws and nuts Angled version Hook length: 100 mm (3.94 in)",Tools,,Adult,3287014,WP - Toolboard,WP - Special tools,new,FALSE,,,,,,,kg,,
wp-3287015,Hook,"<ul><li>Hook for hanging tool (1 set = 5 units), incl. screws and nuts</li><li>Angled version</li><li>Hook length: 200 mm (7.87 in)</li></ul>",WP,Hardware > Tools,WP - Toolboard,WP - Special tools,FALSE,Title,Default Title,,,,,3287015,,shopify,,continue,manual,34.91,,TRUE,TRUE,9010152221780,https://cdn.shopify.com/s/files/1/0511/7820/9461/files/pho_wp_nmon_3287015__sall__awsg__v1.jpg?v=1680287432,1,Hook,FALSE,Hook,"Hook for hanging tool (1 set = 5 units), incl. screws and nuts Angled version Hook length: 200 mm (7.87 in)",Tools,,Adult,3287015,WP - Toolboard,WP - Special tools,new,FALSE,,,,,,,kg,,
wp-3287016,Metal box,"<ul><li class=""li-square"">Large wire mesh tray for keeping tools, incl. screws and nuts</li><li class=""li-square"">Length: 270 mm (10.63 in)</li><li class=""li-square"">Width: 150 mm (5.91 in)</li><li class=""li-square"">Height: 50 mm (1.97 in)</li></ul>",WP,Hardware > Tools,WP - Toolboard,WP - Special tools,FALSE,Title,Default Title,,,,,3287016,,shopify,,continue,manual,37.09,,TRUE,TRUE,9010152221773,https://cdn.shopify.com/s/files/1/0511/7820/9461/files/pho_wp_nmon_3287016__sall__awsg__v1.jpg?v=1680287431,1,Metal box,FALSE,Metal box,"Large wire mesh tray for keeping tools, incl. screws and nuts Length: 270 mm (10.63 in) Width: 150 mm (5.91 in) Height: 50 mm (1.97 in)",Tools,,Adult,3287016,WP - Toolboard,WP - Special tools,new,FALSE,,,,,,,kg,,
wp-3287017,Hook,"<ul><li class=""li-square"">Hook for hanging tool (1 set = 10 units), incl. screws and nuts</li><li class=""li-square"">Circular design</li><li class=""li-square"">Diameter: 35 mm (1.38 in)</li></ul>",WP,Hardware > Tools,WP - Toolboard,WP - Special tools,FALSE,Title,Default Title,,,,,3287017,,shopify,,continue,manual,28.13,,TRUE,TRUE,9010152221766,https://cdn.shopify.com/s/files/1/0511/7820/9461/files/pho_wp_nmon_3287017__sall__awsg__v1.jpg?v=1680287432,1,Hook,FALSE,Hook,"Hook for hanging tool (1 set = 10 units), incl. screws and nuts Circular design Diameter: 35 mm (1.38 in)",Tools,,Adult,3287017,WP - Toolboard,WP - Special tools,new,FALSE,,,,,,,kg,,
wp-3287018,Hook,"<ul><li class=""li-square"">Hook for hanging tool (1 set = 10 units), incl. screws and nuts</li><li class=""li-square"">U-shaped design</li><li class=""li-square"">Diameter: 50 mm (1.97 in)</li></ul>",WP,Hardware > Tools,WP - Toolboard,WP - Special tools,FALSE,Title,Default Title,,,,,3287018,,shopify,,continue,manual,25.83,,TRUE,TRUE,9010152221759,https://cdn.shopify.com/s/files/1/0511/7820/9461/files/pho_wp_nmon_3287018__sall__awsg__v1.jpg?v=1680287432,1,Hook,FALSE,Hook,"Hook for hanging tool (1 set = 10 units), incl. screws and nuts U-shaped design Diameter: 50 mm (1.97 in)",Tools,,Adult,3287018,WP - Toolboard,WP - Special tools,new,FALSE,,,,,,,kg,,
wp-34182t07set,XACT PRO 7448 Airfork,"<ul><li><a href=""https://www.wp-suspension.com/autorisierte-zentren/"">This product is exclusively available through WP authorized centers.</a> </li></ul><p></p><ul><li>Adjustable spring preload</li><li>Adjustable rebound damping</li><li>Adjustable compression damping</li><li>All adjustments can be made externally</li><li>High quality coating</li><li>Better response</li><li>Improved damping behavior</li><li>Greater comfort</li><li>Higher bottoming resistance</li><li>Fully adjustable to rider’s requirements and circuit conditions</li></ul><p></p><strong>Setting</strong><br />Item is delivered with basic setting KTM 350 SX-F, XC-F, Husqvarna FC 350 settings can be found under documents.<p><strong>Scope of delivery</strong></p><ul><li class=""li-square"">Air fork</li><li class=""li-square"">Sticker</li></ul>",WP,Vehicles & Parts > Vehicle Parts & Accessories > Motor Vehicle Parts,WP - Offroad,WP - Fork,FALSE,Title,Default Title,,,,,34182T07SET,,shopify,,continue,manual,3299.91,,TRUE,TRUE,9010152288677,https://cdn.shopify.com/s/files/1/0511/7820/9461/files/pho_nmon_34182t07set_xact_pro_7448__sall__awsg__v2.png?v=1779132830,1,XACT PRO 7448 Airfork,FALSE,XACT PRO 7448 Airfork,This product is exclusively available through WP authorized centers. Adjustable spring preload Adjustable rebound damping Adjustable compression damping All adjustments can be made externally High quality coating Better response Improved damping behavior Greater comfort Higher bottoming resistance Fully adjustable to…,Motor Vehicle Parts,,Adult,34182T07SET,WP - Offroad,WP - Fork,new,FALSE,,,,,,,kg,,
wp-34182u67set,XPLOR PRO 7448 Air spring fork,"<ul><li><a href=""https://www.wp-suspension.com/autorisierte-zentren/"">This product is exclusively available through WP authorized centers.</a> </li></ul><p></p><ul><li>Adjustable spring preload</li><li>Adjustable rebound damping</li><li>Adjustable compression damping</li></ul><p></p><ul><li class=""li-square"">AER Technology drastically reduces the total weight</li><li class=""li-square"">Constant damping performance with WP CONE VALVE Technology</li><li class=""li-square"">Easy and quick adjustment due to split fork system</li><li class=""li-square"">Low maintenance due to minimum manufacturing tolerances</li><li class=""li-square"">Increased comfort in hard settings despite high breakthrough reserves</li></ul><p><strong>Setting</strong></p><p>Item is delivered with basic setting KTM 350 EXC-F settings can be found under documents.</p><p><strong>Scope of delivery</strong></p><ul><li class=""li-square"">Air fork</li><li class=""li-square"">Sticker</li><li class=""li-square"">Fork air pump</li></ul>",WP,Vehicles & Parts > Vehicle Parts & Accessories > Motor Vehicle Parts,WP - Offroad,WP - Fork,FALSE,Title,Default Title,,,,,34182U67SET,,shopify,,continue,manual,3299.91,,TRUE,TRUE,9010544209013,https://cdn.shopify.com/s/files/1/0511/7820/9461/files/pho_nmon_34182u67set_xplor_pro_7448__sall__awsg__v1.png?v=1779132973,1,XPLOR PRO 7448 Air spring fork,FALSE,XPLOR PRO 7448 Air spring fork,This product is exclusively available through WP authorized centers. Adjustable spring preload Adjustable rebound damping Adjustable compression damping AER Technology drastically reduces the total weight Constant damping performance with WP CONE VALVE Technology Easy and quick adjustment due to split fork system Low…,Motor Vehicle Parts,,Adult,34182U67SET,WP - Offroad,WP - Fork,new,FALSE,,,,,,,kg,,
wp-36120060,"Dirt scraper 12,7X18X3-4,5","Dirt scraper 12,7X18X3-4,5",WP,Vehicles & Parts > Vehicle Parts & Accessories > Motor Vehicle Parts,WP - Spare Parts,WP - Pro Components,TRUE,Title,Default Title,,,,,36120060,,shopify,,continue,manual,2.48,,TRUE,TRUE,9010152284730,https://cdn.shopify.com/s/files/1/0511/7820/9461/files/pho_wp_nmon_3610060_staubmanschette__sall__awsg__v1.jpg?v=1680287432,1,"Dirt scraper 12,7X18X3-4,5",FALSE,"Dirt scraper 12,7X18X3-4,5","Dirt scraper 12,7X18X3-4,5",Motor Vehicle Parts,,Adult,36120060,WP - Spare Parts,WP - Pro Components,new,FALSE,,,,,,,kg,,
wp-3wp21006230x,Mechanic Gloves,<ul><li>Robust quality</li></ul>,WP,Apparel & Accessories > Clothing,WP - Other Accessoires,WP - Casual and Accessories,FALSE,Size,XS/7,,,,,3WP210062301,,shopify,,continue,manual,15.00,,TRUE,TRUE,9010544250350,https://cdn.shopify.com/s/files/1/0511/7820/9461/files/pho_wp_wbbekl_vs_380605_3wp21006230x_mechanic_gloves__sall__awsg__v1.jpg?v=1650461430,1,Mechanic Gloves - Size: XS/7,FALSE,Mechanic Gloves,Robust quality,Clothing,,Adult,3WP210062301,WP - Other Accessoires,WP - Casual and Accessories,new,FALSE,,,,,,,kg,,
wp-3wp21006230x,,,WP,,,,FALSE,Size,S/8,,,,,3WP210062302,,shopify,,continue,manual,15.00,,TRUE,TRUE,9010544250411,,,,FALSE,,,,,Adult,3WP210062302,WP - Other Accessoires,WP - Casual and Accessories,new,FALSE,,,,,,,kg,,
wp-3wp21006230x,,,WP,,,,FALSE,Size,M/9,,,,,3WP210062303,,shopify,,continue,manual,15.00,,TRUE,TRUE,9010544250428,,,,FALSE,,,,,Adult,3WP210062303,WP - Other Accessoires,WP - Casual and Accessories,new,FALSE,,,,,,,kg,,
wp-3wp21006230x,,,WP,,,,FALSE,Size,L/10,,,,,3WP210062304,,shopify,,continue,manual,15.00,,TRUE,TRUE,9010544250435,,,,FALSE,,,,,Adult,3WP210062304,WP - Other Accessoires,WP - Casual and Accessories,new,FALSE,,,,,,,kg,,
wp-3wp21006230x,,,WP,,,,FALSE,Size,XL/11,,,,,3WP210062305,,shopify,,continue,manual,15.00,,TRUE,TRUE,9010544250442,,,,FALSE,,,,,Adult,3WP210062305,WP - Other Accessoires,WP - Casual and Accessories,new,FALSE,,,,,,,kg,,
wp-3wp21006230x,,,WP,,,,FALSE,Size,XXL/12,,,,,3WP210062306,,shopify,,continue,manual,15.00,,TRUE,TRUE,9010544250459,,,,FALSE,,,,,Adult,3WP210062306,WP - Other Accessoires,WP - Casual and Accessories,new,FALSE,,,,,,,kg,,
wp-3wp21006230x,,,,,,,,,,,,,,,,,,,,,,,,,https://cdn.shopify.com/s/files/1/0511/7820/9461/files/pho_wp_wbbekl_vs_380604_3wp21006230x_mechanic_gloves_front__sall__awsg__v1.jpg?v=1650461430,2,Mechanic Gloves,,,,,,,,,,,,,,,,,,,,
wp-3wp21006230x,,,,,,,,,,,,,,,,,,,,,,,,,https://cdn.shopify.com/s/files/1/0511/7820/9461/files/pho_wp_wbbekl_rs_380603_3wp21006230x_mechanic_gloves_back__sall__awsg__v1.jpg?v=1650461430,3,Mechanic Gloves,,,,,,,,,,,,,,,,,,,,
wp-3wp210062400,Curved Cap,Curved Cap,WP,Apparel & Accessories > Clothing,WP - Headwear,WP - Casual and Accessories,FALSE,Title,Default Title,,,,,3WP210062400,,shopify,,continue,manual,34.97,,TRUE,TRUE,9010544250367,https://cdn.shopify.com/s/files/1/0511/7820/9461/files/pho_wp_wbbekl_vs_3wp210062400_curved_cap_6426__sall__awsg__v1.jpg?v=1650461430,1,Curved Cap,FALSE,Curved Cap,Curved Cap,Clothing,,Adult,3WP210062400,WP - Headwear,WP - Casual and Accessories,new,FALSE,,,,,,,kg,,
wp-3wp210062400,,,,,,,,,,,,,,,,,,,,,,,,,https://cdn.shopify.com/s/files/1/0511/7820/9461/files/pho_wp_wbbekl_rs_3wp210062400_curved_cap_back_6425__sall__awsg__v1.jpg?v=1650461431,2,Curved Cap,,,,,,,,,,,,,,,,,,,,
wp-3wp210062500,Flat Cap,Flat Cap,WP,Apparel & Accessories > Clothing,WP - Headwear,WP - Casual and Accessories,FALSE,Title,Default Title,,,,,3WP210062500,,shopify,,continue,manual,34.97,,TRUE,TRUE,9010544250398,https://cdn.shopify.com/s/files/1/0511/7820/9461/files/pho_wp_wbbekl_vs_3wp210062500_flat_cap_6428__sall__awsg__v1.jpg?v=1650461430,1,Flat Cap,FALSE,Flat Cap,Flat Cap,Clothing,,Adult,3WP210062500,WP - Headwear,WP - Casual and Accessories,new,FALSE,,,,,,,kg,,
wp-3wp21006290x,Replica Team Polo Shirt,<ul><li>Easy-to-clean material due to cotton/polyester blend</li></ul>,WP,Apparel & Accessories > Clothing,WP - T-shirts and Polos,WP - Casual and Accessories,FALSE,Size,XXS,,,,,3WP210062900,,shopify,,continue,manual,60.02,,TRUE,TRUE,9010544252040,https://cdn.shopify.com/s/files/1/0511/7820/9461/files/pho_wp_wbbekl_vs_3wp21006290x_replica_team_polo_6432__sall__awsg__v1.jpg?v=1650461430,1,Replica Team Polo Shirt - Size: XXS,FALSE,Replica Team Polo Shirt,Easy-to-clean material due to cotton/polyester blend,Clothing,,Adult,3WP210062900,WP - T-shirts and Polos,WP - Casual and Accessories,new,FALSE,,,,,,,kg,,
wp-3wp21006290x,,,WP,,,,FALSE,Size,XS,,,,,3WP210062901,,shopify,,continue,manual,60.02,,TRUE,TRUE,9010544252354,,,,FALSE,,,,,Adult,3WP210062901,WP - T-shirts and Polos,WP - Casual and Accessories,new,FALSE,,,,,,,kg,,
wp-3wp21006290x,,,WP,,,,FALSE,Size,S,,,,,3WP210062902,,shopify,,continue,manual,60.02,,TRUE,TRUE,9010544252279,,,,FALSE,,,,,Adult,3WP210062902,WP - T-shirts and Polos,WP - Casual and Accessories,new,FALSE,,,,,,,kg,,
wp-3wp21006290x,,,WP,,,,FALSE,Size,M,,,,,3WP210062903,,shopify,,continue,manual,60.02,,TRUE,TRUE,9010544252255,,,,FALSE,,,,,Adult,3WP210062903,WP - T-shirts and Polos,WP - Casual and Accessories,new,FALSE,,,,,,,kg,,
wp-3wp21006290x,,,WP,,,,FALSE,Size,L,,,,,3WP210062904,,shopify,,continue,manual,60.02,,TRUE,TRUE,9010544252347,,,,FALSE,,,,,Adult,3WP210062904,WP - T-shirts and Polos,WP - Casual and Accessories,new,FALSE,,,,,,,kg,,
wp-3wp21006290x,,,WP,,,,FALSE,Size,XL,,,,,3WP210062905,,shopify,,continue,manual,60.02,,TRUE,TRUE,9010544252286,,,,FALSE,,,,,Adult,3WP210062905,WP - T-shirts and Polos,WP - Casual and Accessories,new,FALSE,,,,,,,kg,,
wp-3wp21006290x,,,WP,,,,FALSE,Size,XXL,,,,,3WP210062906,,shopify,,continue,manual,60.02,,TRUE,TRUE,9010544252293,,,,FALSE,,,,,Adult,3WP210062906,WP - T-shirts and Polos,WP - Casual and Accessories,new,FALSE,,,,,,,kg,,
wp-3wp21006290x,,,,,,,,,,,,,,,,,,,,,,,,,https://cdn.shopify.com/s/files/1/0511/7820/9461/files/pho_wp_wbbekl_rs_3wp21006290x_replica_team_polo_back_6431__sall__awsg__v3.jpg?v=1705043507,2,Replica Team Polo Shirt,,,,,,,,,,,,,,,,,,,,
wp-3wp21006300x,Replica Team Shirt,<ul><li>Easy-care finishing</li><li>90 % Polyester / 10 % Elastane </li></ul>,WP,Apparel & Accessories > Clothing,WP - T-shirts and Polos,WP - Casual and Accessories,FALSE,Size,XXS,,,,,3WP210063000,,shopify,,continue,manual,70.00,,TRUE,TRUE,9010544252217,https://cdn.shopify.com/s/files/1/0511/7820/9461/files/pho_wp_wbbekl_vs_3wp21006300x_replica_team_shirt_6434__sall__awsg__v1.jpg?v=1650461430,1,Replica Team Shirt - Size: XXS,FALSE,Replica Team Shirt,Easy-care finishing 90 % Polyester / 10 % Elastane,Clothing,,Adult,3WP210063000,WP - T-shirts and Polos,WP - Casual and Accessories,new,FALSE,,,,,,,kg,,
wp-3wp21006300x,,,WP,,,,FALSE,Size,XS,,,,,3WP210063001,,shopify,,continue,manual,70.00,,TRUE,TRUE,9010544252231,,,,FALSE,,,,,Adult,3WP210063001,WP - T-shirts and Polos,WP - Casual and Accessories,new,FALSE,,,,,,,kg,,
wp-3wp21006300x,,,WP,,,,FALSE,Size,S,,,,,3WP210063002,,shopify,,continue,manual,70.00,,TRUE,TRUE,9010544252248,,,,FALSE,,,,,Adult,3WP210063002,WP - T-shirts and Polos,WP - Casual and Accessories,new,FALSE,,,,,,,kg,,
wp-3wp21006300x,,,WP,,,,FALSE,Size,M,,,,,3WP210063003,,shopify,,continue,manual,70.00,,TRUE,TRUE,9010544252088,,,,FALSE,,,,,Adult,3WP210063003,WP - T-shirts and Polos,WP - Casual and Accessories,new,FALSE,,,,,,,kg,,
wp-3wp21006300x,,,WP,,,,FALSE,Size,L,,,,,3WP210063004,,shopify,,continue,manual,70.00,,TRUE,TRUE,9010544252446,,,,FALSE,,,,,Adult,3WP210063004,WP - T-shirts and Polos,WP - Casual and Accessories,new,FALSE,,,,,,,kg,,
wp-3wp21006300x,,,WP,,,,FALSE,Size,XL,,,,,3WP210063005,,shopify,,continue,manual,70.00,,TRUE,TRUE,9010544252330,,,,FALSE,,,,,Adult,3WP210063005,WP - T-shirts and Polos,WP - Casual and Accessories,new,FALSE,,,,,,,kg,,
wp-3wp21006300x,,,WP,,,,FALSE,Size,XXL,,,,,3WP210063006,,shopify,,continue,manual,70.00,,TRUE,TRUE,9010544252408,,,,FALSE,,,,,Adult,3WP210063006,WP - T-shirts and Polos,WP - Casual and Accessories,new,FALSE,,,,,,,kg,,
wp-3wp21006300x,,,WP,,,,FALSE,Size,XXXL,,,,,3WP210063007,,shopify,,continue,manual,70.00,,TRUE,TRUE,9010544252378,,,,FALSE,,,,,Adult,3WP210063007,WP - T-shirts and Polos,WP - Casual and Accessories,new,FALSE,,,,,,,kg,,
wp-3wp21006300x,,,,,,,,,,,,,,,,,,,,,,,,,https://cdn.shopify.com/s/files/1/0511/7820/9461/files/pho_wp_wbbekl_rs_3wp21006300x_replica_team_shirt_back_6433__sall__awsg__v3.jpg?v=1705043507,2,Replica Team Shirt,,,,,,,,,,,,,,,,,,,,
wp-3wp21006310x,Replica Team Thin Sweater,<ul><li>92 % Polyester / 8 % Elastane </li></ul>,WP,Apparel & Accessories > Clothing,WP - Longsleeves and Hoodies,WP - Casual and Accessories,FALSE,Size,XXS,,,,,3WP210063100,,shopify,,continue,manual,79.98,,TRUE,TRUE,9010544251968,https://cdn.shopify.com/s/files/1/0511/7820/9461/files/pho_wp_wbbekl_vs_3wp21006310x_replica_team_thin_sweater_6436__sall__awsg__v1.jpg?v=1650461430,1,Replica Team Thin Sweater - Size: XXS,FALSE,Replica Team Thin Sweater,92 % Polyester / 8 % Elastane,Clothing,,Adult,3WP210063100,WP - Longsleeves and Hoodies,WP - Casual and Accessories,new,FALSE,,,,,,,kg,,
wp-3wp21006310x,,,WP,,,,FALSE,Size,XS,,,,,3WP210063101,,shopify,,continue,manual,79.98,,TRUE,TRUE,9010544252101,,,,FALSE,,,,,Adult,3WP210063101,WP - Longsleeves and Hoodies,WP - Casual and Accessories,new,FALSE,,,,,,,kg,,
wp-3wp21006310x,,,WP,,,,FALSE,Size,S,,,,,3WP210063102,,shopify,,continue,manual,79.98,,TRUE,TRUE,9010544252392,,,,FALSE,,,,,Adult,3WP210063102,WP - Longsleeves and Hoodies,WP - Casual and Accessories,new,FALSE,,,,,,,kg,,
wp-3wp21006310x,,,WP,,,,FALSE,Size,M,,,,,3WP210063103,,shopify,,continue,manual,79.98,,TRUE,TRUE,9010544252477,,,,FALSE,,,,,Adult,3WP210063103,WP - Longsleeves and Hoodies,WP - Casual and Accessories,new,FALSE,,,,,,,kg,,
wp-3wp21006310x,,,WP,,,,FALSE,Size,L,,,,,3WP210063104,,shopify,,continue,manual,79.98,,TRUE,TRUE,9010544252460,,,,FALSE,,,,,Adult,3WP210063104,WP - Longsleeves and Hoodies,WP - Casual and Accessories,new,FALSE,,,,,,,kg,,
wp-3wp21006310x,,,WP,,,,FALSE,Size,XL,,,,,3WP210063105,,shopify,,continue,manual,79.98,,TRUE,TRUE,9010544252439,,,,FALSE,,,,,Adult,3WP210063105,WP - Longsleeves and Hoodies,WP - Casual and Accessories,new,FALSE,,,,,,,kg,,
wp-3wp21006310x,,,WP,,,,FALSE,Size,XXL,,,,,3WP210063106,,shopify,,continue,manual,79.98,,TRUE,TRUE,9010544252415,,,,FALSE,,,,,Adult,3WP210063106,WP - Longsleeves and Hoodies,WP - Casual and Accessories,new,FALSE,,,,,,,kg,,
wp-3wp21006310x,,,WP,,,,FALSE,Size,XXXL,,,,,3WP210063107,,shopify,,continue,manual,79.98,,TRUE,TRUE,9010544252385,,,,FALSE,,,,,Adult,3WP210063107,WP - Longsleeves and Hoodies,WP - Casual and Accessories,new,FALSE,,,,,,,kg,,
wp-3wp21006310x,,,,,,,,,,,,,,,,,,,,,,,,,https://cdn.shopify.com/s/files/1/0511/7820/9461/files/pho_wp_wbbekl_rs_3wp21006310x_replica_team_thin_sweater_back_6435__sall__awsg__v3.jpg?v=1705043507,2,Replica Team Thin Sweater,,,,,,,,,,,,,,,,,,,,
wp-3wp21006330x,Replica Team Softshell Jacket,<ul><li>100 % Polyester </li></ul>,WP,Apparel & Accessories > Clothing,WP - Jackets,WP - Casual and Accessories,FALSE,Size,XXS,,,,,3WP210063300,,shopify,,continue,manual,130.01,,TRUE,TRUE,9010544251982,https://cdn.shopify.com/s/files/1/0511/7820/9461/files/pho_wp_wbbekl_vs_3wp21006330x_replica_team_softshell_jacket_6440__sall__awsg__v1.jpg?v=1650461430,1,Replica Team Softshell Jacket - Size: XXS,FALSE,Replica Team Softshell Jacket,100 % Polyester,Clothing,,Adult,3WP210063300,WP - Jackets,WP - Casual and Accessories,new,FALSE,,,,,,,kg,,
wp-3wp21006330x,,,WP,,,,FALSE,Size,XS,,,,,3WP210063301,,shopify,,continue,manual,130.01,,TRUE,TRUE,9010544252613,,,,FALSE,,,,,Adult,3WP210063301,WP - Jackets,WP - Casual and Accessories,new,FALSE,,,,,,,kg,,
wp-3wp21006330x,,,WP,,,,FALSE,Size,S,,,,,3WP210063302,,shopify,,continue,manual,130.01,,TRUE,TRUE,9010544252644,,,,FALSE,,,,,Adult,3WP210063302,WP - Jackets,WP - Casual and Accessories,new,FALSE,,,,,,,kg,,
wp-3wp21006330x,,,WP,,,,FALSE,Size,M,,,,,3WP210063303,,shopify,,continue,manual,130.01,,TRUE,TRUE,9010544252484,,,,FALSE,,,,,Adult,3WP210063303,WP - Jackets,WP - Casual and Accessories,new,FALSE,,,,,,,kg,,
wp-3wp21006330x,,,WP,,,,FALSE,Size,L,,,,,3WP210063304,,shopify,,continue,manual,130.01,,TRUE,TRUE,9010544252637,,,,FALSE,,,,,Adult,3WP210063304,WP - Jackets,WP - Casual and Accessories,new,FALSE,,,,,,,kg,,
wp-3wp21006330x,,,WP,,,,FALSE,Size,XL,,,,,3WP210063305,,shopify,,continue,manual,130.01,,TRUE,TRUE,9010544252552,,,,FALSE,,,,,Adult,3WP210063305,WP - Jackets,WP - Casual and Accessories,new,FALSE,,,,,,,kg,,
wp-3wp21006330x,,,WP,,,,FALSE,Size,XXL,,,,,3WP210063306,,shopify,,continue,manual,130.01,,TRUE,TRUE,9010544252576,,,,FALSE,,,,,Adult,3WP210063306,WP - Jackets,WP - Casual and Accessories,new,FALSE,,,,,,,kg,,
wp-3wp21006330x,,,WP,,,,FALSE,Size,XXXL,,,,,3WP210063307,,shopify,,continue,manual,130.01,,TRUE,TRUE,9010544252620,,,,FALSE,,,,,Adult,3WP210063307,WP - Jackets,WP - Casual and Accessories,new,FALSE,,,,,,,kg,,
wp-3wp21006330x,,,,,,,,,,,,,,,,,,,,,,,,,https://cdn.shopify.com/s/files/1/0511/7820/9461/files/pho_wp_wbbekl_rs_3wp21006330x_replica_team_softshell_jacket_back_6439__sall__awsg__v3.jpg?v=1705043507,2,Replica Team Softshell Jacket,,,,,,,,,,,,,,,,,,,,
wp-3wp21006340x,Replica Team Hardshell Jacket,<ul><li>Taped sleeve cuffs</li><li>100 % Polyester </li></ul>,WP,Apparel & Accessories > Clothing,WP - Jackets,WP - Casual and Accessories,FALSE,Size,XXS,,,,,3WP210063400,,shopify,,continue,manual,179.99,,TRUE,TRUE,9010544252491,https://cdn.shopify.com/s/files/1/0511/7820/9461/files/pho_wp_wbbekl_vs_3wp21006340x_replica_team_hardshell_jacket_6442__sall__awsg__v1.jpg?v=1650461430,1,Replica Team Hardshell Jacket - Size: XXS,FALSE,Replica Team Hardshell Jacket,Taped sleeve cuffs 100 % Polyester,Clothing,,Adult,3WP210063400,WP - Jackets,WP - Casual and Accessories,new,FALSE,,,,,,,kg,,
wp-3wp21006340x,,,WP,,,,FALSE,Size,XS,,,,,3WP210063401,,shopify,,continue,manual,179.99,,TRUE,TRUE,9010544252682,,,,FALSE,,,,,Adult,3WP210063401,WP - Jackets,WP - Casual and Accessories,new,FALSE,,,,,,,kg,,
wp-3wp21006340x,,,WP,,,,FALSE,Size,S,,,,,3WP210063402,,shopify,,continue,manual,179.99,,TRUE,TRUE,9010544252668,,,,FALSE,,,,,Adult,3WP210063402,WP - Jackets,WP - Casual and Accessories,new,FALSE,,,,,,,kg,,
wp-3wp21006340x,,,WP,,,,FALSE,Size,M,,,,,3WP210063403,,shopify,,continue,manual,179.99,,TRUE,TRUE,9010544252583,,,,FALSE,,,,,Adult,3WP210063403,WP - Jackets,WP - Casual and Accessories,new,FALSE,,,,,,,kg,,
wp-3wp21006340x,,,WP,,,,FALSE,Size,L,,,,,3WP210063404,,shopify,,continue,manual,179.99,,TRUE,TRUE,9010544252651,,,,FALSE,,,,,Adult,3WP210063404,WP - Jackets,WP - Casual and Accessories,new,FALSE,,,,,,,kg,,
wp-3wp21006340x,,,WP,,,,FALSE,Size,XL,,,,,3WP210063405,,shopify,,continue,manual,179.99,,TRUE,TRUE,9010544252729,,,,FALSE,,,,,Adult,3WP210063405,WP - Jackets,WP - Casual and Accessories,new,FALSE,,,,,,,kg,,
wp-3wp21006340x,,,WP,,,,FALSE,Size,XXL,,,,,3WP210063406,,shopify,,continue,manual,179.99,,TRUE,TRUE,9010544252606,,,,FALSE,,,,,Adult,3WP210063406,WP - Jackets,WP - Casual and Accessories,new,FALSE,,,,,,,kg,,
wp-3wp21006340x,,,WP,,,,FALSE,Size,XXXL,,,,,3WP210063407,,shopify,,continue,manual,179.99,,TRUE,TRUE,9010544252774,,,,FALSE,,,,,Adult,3WP210063407,WP - Jackets,WP - Casual and Accessories,new,FALSE,,,,,,,kg,,
wp-3wp21006340x,,,,,,,,,,,,,,,,,,,,,,,,,https://cdn.shopify.com/s/files/1/0511/7820/9461/files/pho_wp_wbbekl_rs_3wp21006340x_replica_team_hardshell_jacket_back_6441__sall__awsg__v3.jpg?v=1705043507,2,Replica Team Hardshell Jacket,,,,,,,,,,,,,,,,,,,,
wp-3wp21006350x,Replica Team Winter Jacket,<ul><li>100 % Polyester </li></ul>,WP,Apparel & Accessories > Clothing,WP - Jackets,WP - Casual and Accessories,FALSE,Size,XXS,,,,,3WP210063500,,shopify,,continue,manual,199.95,,TRUE,TRUE,9010544252804,https://cdn.shopify.com/s/files/1/0511/7820/9461/files/pho_wp_wbbekl_vs_3wp21006350x_replica_team_winter_jacket_6444__sall__awsg__v1.jpg?v=1650461430,1,Replica Team Winter Jacket - Size: XXS,FALSE,Replica Team Winter Jacket,100 % Polyester,Clothing,,Adult,3WP210063500,WP - Jackets,WP - Casual and Accessories,new,FALSE,,,,,,,kg,,
wp-3wp21006350x,,,WP,,,,FALSE,Size,XS,,,,,3WP210063501,,shopify,,continue,manual,199.95,,TRUE,TRUE,9010544252743,,,,FALSE,,,,,Adult,3WP210063501,WP - Jackets,WP - Casual and Accessories,new,FALSE,,,,,,,kg,,
wp-3wp21006350x,,,WP,,,,FALSE,Size,S,,,,,3WP210063502,,shopify,,continue,manual,199.95,,TRUE,TRUE,9010544252880,,,,FALSE,,,,,Adult,3WP210063502,WP - Jackets,WP - Casual and Accessories,new,FALSE,,,,,,,kg,,
wp-3wp21006350x,,,WP,,,,FALSE,Size,M,,,,,3WP210063503,,shopify,,continue,manual,199.95,,TRUE,TRUE,9010544252705,,,,FALSE,,,,,Adult,3WP210063503,WP - Jackets,WP - Casual and Accessories,new,FALSE,,,,,,,kg,,
wp-3wp21006350x,,,WP,,,,FALSE,Size,L,,,,,3WP210063504,,shopify,,continue,manual,199.95,,TRUE,TRUE,9010544252798,,,,FALSE,,,,,Adult,3WP210063504,WP - Jackets,WP - Casual and Accessories,new,FALSE,,,,,,,kg,,
wp-3wp21006350x,,,WP,,,,FALSE,Size,XL,,,,,3WP210063505,,shopify,,continue,manual,199.95,,TRUE,TRUE,9010544252699,,,,FALSE,,,,,Adult,3WP210063505,WP - Jackets,WP - Casual and Accessories,new,FALSE,,,,,,,kg,,
wp-3wp21006350x,,,WP,,,,FALSE,Size,XXL,,,,,3WP210063506,,shopify,,continue,manual,199.95,,TRUE,TRUE,9010544252712,,,,FALSE,,,,,Adult,3WP210063506,WP - Jackets,WP - Casual and Accessories,new,FALSE,,,,,,,kg,,
wp-3wp21006350x,,,WP,,,,FALSE,Size,XXXL,,,,,3WP210063507,,shopify,,continue,manual,199.95,,TRUE,TRUE,9010544252750,,,,FALSE,,,,,Adult,3WP210063507,WP - Jackets,WP - Casual and Accessories,new,FALSE,,,,,,,kg,,
wp-3wp21006350x,,,,,,,,,,,,,,,,,,,,,,,,,https://cdn.shopify.com/s/files/1/0511/7820/9461/files/pho_wp_wbbekl_rs_3wp21006350x_replica_team_winter_jacket_back_6443__sall__awsg__v3.jpg?v=1705043507,2,Replica Team Winter Jacket,,,,,,,,,,,,,,,,,,,,
wp-3wp210077500,Renegade Backpack,<ul><li>Appropriate for most 15 inch laptops</li><li>Additional tablet bag</li><li>100 % Polyester </li></ul>,WP,Apparel & Accessories > Clothing,WP - Bags and Luggage,WP - Casual and Accessories,FALSE,Title,Default Title,,,,,3WP210077500,,shopify,,continue,manual,150.04,,TRUE,TRUE,9010544332544,https://cdn.shopify.com/s/files/1/0511/7820/9461/files/pho_wp_wbbekl_vs_3wp210062700_renegade_backpack_front__sall__awsg__v1.jpg?v=1650461478,1,Renegade Backpack,FALSE,Renegade Backpack,Appropriate for most 15 inch laptops Additional tablet bag 100 % Polyester,Clothing,,Adult,3WP210077500,WP - Bags and Luggage,WP - Casual and Accessories,new,FALSE,,,,,,,kg,,
wp-3wp210077500,,,,,,,,,,,,,,,,,,,,,,,,,https://cdn.shopify.com/s/files/1/0511/7820/9461/files/pho_wp_wbbekl_rs_3wp210062700_renegade_backpack_back__sall__awsg__v1.jpg?v=1650461478,2,Renegade Backpack,,,,,,,,,,,,,,,,,,,,
wp-3wp210077600,Travel Bag 9800,<ul><li>Large main compartment with adjustable dividers and padded helmet chamber</li><li>SLED (Structural Load Equalizing Deck) System for increased durability and handling in the harshest of conditions</li><li>100 % Polyester </li></ul>,WP,Apparel & Accessories > Clothing,WP - Bags and Luggage,WP - Casual and Accessories,FALSE,Title,Default Title,,,,,3WP210077600,,shopify,,continue,manual,260.03,,TRUE,TRUE,9010544332551,https://cdn.shopify.com/s/files/1/0511/7820/9461/files/pho_wp_wbbekl_vs_3wp210062600_travel_bag_9800_front__sall__awsg__v1.jpg?v=1650461478,1,Travel Bag 9800,FALSE,Travel Bag 9800,Large main compartment with adjustable dividers and padded helmet chamber SLED (Structural Load Equalizing Deck) System for increased durability and handling in the harshest of conditions 100 % Polyester,Clothing,,Adult,3WP210077600,WP - Bags and Luggage,WP - Casual and Accessories,new,FALSE,,,,,,,kg,,
wp-3wp210077600,,,,,,,,,,,,,,,,,,,,,,,,,https://cdn.shopify.com/s/files/1/0511/7820/9461/files/pho_wp_wbbekl_rs_3wp210062600_travel_bag_9800_back__sall__awsg__v1.jpg?v=1650461478,2,Travel Bag 9800,,,,,,,,,,,,,,,,,,,,
wp-3wp21007860x,Replica Team Tee,"<ul><li>Easy-to-clean material due to cotton/polyester blend</li><li>81 % Polyester / 14 % Cotton / 5 % Elastane </li></ul><table class=""product--properties-table""><tbody><tr class=""product--properties-row""><td class=""product--properties-label is--bold"">Colour:</td><td class=""product--properties-label"">black</td></tr></tbody></table>",WP,Apparel & Accessories > Clothing,WP - T-shirts and Polos,WP - Casual and Accessories,FALSE,Size,XXS,,,,,3WP210078600,,shopify,,continue,manual,34.97,,TRUE,TRUE,9010544332742,https://cdn.shopify.com/s/files/1/0511/7820/9461/files/pho_wp_wbbekl_vs_3wp21007860x_replica_team_tee__sall__awsg__v1.jpg?v=1649961452,1,Replica Team Tee - Size: XXS,FALSE,Replica Team Tee,Easy-to-clean material due to cotton/polyester blend 81 % Polyester / 14 % Cotton / 5 % Elastane Colour: black,Clothing,,Adult,3WP210078600,WP - T-shirts and Polos,WP - Casual and Accessories,new,FALSE,,,,,,,kg,,
wp-3wp21007860x,,,WP,,,,FALSE,Size,XS,,,,,3WP210078601,,shopify,,continue,manual,34.97,,TRUE,TRUE,9010544332759,,,,FALSE,,,,,Adult,3WP210078601,WP - T-shirts and Polos,WP - Casual and Accessories,new,FALSE,,,,,,,kg,,
wp-3wp21007860x,,,WP,,,,FALSE,Size,S,,,,,3WP210078602,,shopify,,continue,manual,34.97,,TRUE,TRUE,9010544332728,,,,FALSE,,,,,Adult,3WP210078602,WP - T-shirts and Polos,WP - Casual and Accessories,new,FALSE,,,,,,,kg,,
wp-3wp21007860x,,,WP,,,,FALSE,Size,M,,,,,3WP210078603,,shopify,,continue,manual,34.97,,TRUE,TRUE,9010544332711,,,,FALSE,,,,,Adult,3WP210078603,WP - T-shirts and Polos,WP - Casual and Accessories,new,FALSE,,,,,,,kg,,
wp-3wp21007860x,,,WP,,,,FALSE,Size,L,,,,,3WP210078604,,shopify,,continue,manual,34.97,,TRUE,TRUE,9010544332735,,,,FALSE,,,,,Adult,3WP210078604,WP - T-shirts and Polos,WP - Casual and Accessories,new,FALSE,,,,,,,kg,,
wp-3wp21007860x,,,WP,,,,FALSE,Size,XL,,,,,3WP210078605,,shopify,,continue,manual,34.97,,TRUE,TRUE,9010544332766,,,,FALSE,,,,,Adult,3WP210078605,WP - T-shirts and Polos,WP - Casual and Accessories,new,FALSE,,,,,,,kg,,
wp-3wp21007860x,,,WP,,,,FALSE,Size,XXL,,,,,3WP210078606,,shopify,,continue,manual,34.97,,TRUE,TRUE,9010544332599,,,,FALSE,,,,,Adult,3WP210078606,WP - T-shirts and Polos,WP - Casual and Accessories,new,FALSE,,,,,,,kg,,
wp-3wp21007860x,,,WP,,,,FALSE,Size,XXXL,,,,,3WP210078607,,shopify,,continue,manual,34.97,,TRUE,TRUE,9010544332698,,,,FALSE,,,,,Adult,3WP210078607,WP - T-shirts and Polos,WP - Casual and Accessories,new,FALSE,,,,,,,kg,,
wp-3wp21007860x,,,,,,,,,,,,,,,,,,,,,,,,,https://cdn.shopify.com/s/files/1/0511/7820/9461/files/pho_wp_wbbekl_rs_3wp21007860x_replica_team_tee_back__sall__awsg__v1.jpg?v=1649961452,2,Replica Team Tee,,,,,,,,,,,,,,,,,,,,
wp-3wp21007870x,Replica Team Polo,"<ul><li>Easy-to-clean material due to cotton/polyester blend</li></ul><table class=""product--properties-table""><tbody><tr class=""product--properties-row""><td class=""product--properties-label is--bold"">Colour:</td><td class=""product--properties-label"">black</td></tr></tbody></table>",WP,Apparel & Accessories > Clothing,WP - T-shirts and Polos,WP - Casual and Accessories,FALSE,Size,XXS,,,,,3WP210078700,,shopify,,continue,manual,60.02,,TRUE,TRUE,9010544332773,https://cdn.shopify.com/s/files/1/0511/7820/9461/files/pho_wp_wbbekl_vs_3wp21007870x_replica_team_polo__sall__awsg__v1.jpg?v=1649961452,1,Replica Team Polo - Size: XXS,FALSE,Replica Team Polo,Easy-to-clean material due to cotton/polyester blend Colour: black,Clothing,,Adult,3WP210078700,WP - T-shirts and Polos,WP - Casual and Accessories,new,FALSE,,,,,,,kg,,
wp-3wp21007870x,,,WP,,,,FALSE,Size,XS,,,,,3WP210078701,,shopify,,continue,manual,60.02,,TRUE,TRUE,9010544332834,,,,FALSE,,,,,Adult,3WP210078701,WP - T-shirts and Polos,WP - Casual and Accessories,new,FALSE,,,,,,,kg,,
wp-3wp21007870x,,,WP,,,,FALSE,Size,S,,,,,3WP210078702,,shopify,,continue,manual,60.02,,TRUE,TRUE,9010544332803,,,,FALSE,,,,,Adult,3WP210078702,WP - T-shirts and Polos,WP - Casual and Accessories,new,FALSE,,,,,,,kg,,
wp-3wp21007870x,,,WP,,,,FALSE,Size,M,,,,,3WP210078703,,shopify,,continue,manual,60.02,,TRUE,TRUE,9010544332605,,,,FALSE,,,,,Adult,3WP210078703,WP - T-shirts and Polos,WP - Casual and Accessories,new,FALSE,,,,,,,kg,,
wp-3wp21007870x,,,WP,,,,FALSE,Size,L,,,,,3WP210078704,,shopify,,continue,manual,60.02,,TRUE,TRUE,9010544332902,,,,FALSE,,,,,Adult,3WP210078704,WP - T-shirts and Polos,WP - Casual and Accessories,new,FALSE,,,,,,,kg,,
wp-3wp21007870x,,,WP,,,,FALSE,Size,XL,,,,,3WP210078705,,shopify,,continue,manual,60.02,,TRUE,TRUE,9010544332704,,,,FALSE,,,,,Adult,3WP210078705,WP - T-shirts and Polos,WP - Casual and Accessories,new,FALSE,,,,,,,kg,,
wp-3wp21007870x,,,WP,,,,FALSE,Size,XXL,,,,,3WP210078706,,shopify,,continue,manual,60.02,,TRUE,TRUE,9010544332780,,,,FALSE,,,,,Adult,3WP210078706,WP - T-shirts and Polos,WP - Casual and Accessories,new,FALSE,,,,,,,kg,,
wp-3wp21007870x,,,WP,,,,FALSE,Size,XXXL,,,,,3WP210078707,,shopify,,continue,manual,60.02,,TRUE,TRUE,9010544332810,,,,FALSE,,,,,Adult,3WP210078707,WP - T-shirts and Polos,WP - Casual and Accessories,new,FALSE,,,,,,,kg,,
wp-3wp21007870x,,,,,,,,,,,,,,,,,,,,,,,,,https://cdn.shopify.com/s/files/1/0511/7820/9461/files/pho_wp_wbbekl_rs_3wp21007870x_replica_team_polo_back__sall__awsg__v1.jpg?v=1649961452,2,Replica Team Polo,,,,,,,,,,,,,,,,,,,,
wp-3wp21007880x,Replica Team Shirt,"<ul><li>Easy-care finishing</li><li>90 % Polyester / 10 % Elastane </li></ul><table class=""product--properties-table""><tbody><tr class=""product--properties-row""><td class=""product--properties-label is--bold"">Colour:</td><td class=""product--properties-label"">black</td></tr></tbody></table>",WP,Apparel & Accessories > Clothing,WP - T-shirts and Polos,WP - Casual and Accessories,FALSE,Size,XXS,,,,,3WP210078800,,shopify,,continue,manual,70.00,,TRUE,TRUE,9010544332827,https://cdn.shopify.com/s/files/1/0511/7820/9461/files/pho_wp_wbbekl_vs_3wp21007880x_replica_team_shirt__sall__awsg__v1.jpg?v=1649961452,1,Replica Team Shirt - Size: XXS,FALSE,Replica Team Shirt,Easy-care finishing 90 % Polyester / 10 % Elastane Colour: black,Clothing,,Adult,3WP210078800,WP - T-shirts and Polos,WP - Casual and Accessories,new,FALSE,,,,,,,kg,,
wp-3wp21007880x,,,WP,,,,FALSE,Size,XS,,,,,3WP210078801,,shopify,,continue,manual,70.00,,TRUE,TRUE,9010544332797,,,,FALSE,,,,,Adult,3WP210078801,WP - T-shirts and Polos,WP - Casual and Accessories,new,FALSE,,,,,,,kg,,
wp-3wp21007880x,,,WP,,,,FALSE,Size,S,,,,,3WP210078802,,shopify,,continue,manual,70.00,,TRUE,TRUE,9010544332919,,,,FALSE,,,,,Adult,3WP210078802,WP - T-shirts and Polos,WP - Casual and Accessories,new,FALSE,,,,,,,kg,,
wp-3wp21007880x,,,WP,,,,FALSE,Size,M,,,,,3WP210078803,,shopify,,continue,manual,70.00,,TRUE,TRUE,9010544316636,,,,FALSE,,,,,Adult,3WP210078803,WP - T-shirts and Polos,WP - Casual and Accessories,new,FALSE,,,,,,,kg,,
wp-3wp21007880x,,,WP,,,,FALSE,Size,L,,,,,3WP210078804,,shopify,,continue,manual,70.00,,TRUE,TRUE,9010544332872,,,,FALSE,,,,,Adult,3WP210078804,WP - T-shirts and Polos,WP - Casual and Accessories,new,FALSE,,,,,,,kg,,
wp-3wp21007880x,,,WP,,,,FALSE,Size,XL,,,,,3WP210078805,,shopify,,continue,manual,70.00,,TRUE,TRUE,9010544332865,,,,FALSE,,,,,Adult,3WP210078805,WP - T-shirts and Polos,WP - Casual and Accessories,new,FALSE,,,,,,,kg,,
wp-3wp21007880x,,,WP,,,,FALSE,Size,XXL,,,,,3WP210078806,,shopify,,continue,manual,70.00,,TRUE,TRUE,9010544332988,,,,FALSE,,,,,Adult,3WP210078806,WP - T-shirts and Polos,WP - Casual and Accessories,new,FALSE,,,,,,,kg,,
wp-3wp21007880x,,,WP,,,,FALSE,Size,XXXL,,,,,3WP210078807,,shopify,,continue,manual,70.00,,TRUE,TRUE,9010544333022,,,,FALSE,,,,,Adult,3WP210078807,WP - T-shirts and Polos,WP - Casual and Accessories,new,FALSE,,,,,,,kg,,
wp-3wp21007880x,,,,,,,,,,,,,,,,,,,,,,,,,https://cdn.shopify.com/s/files/1/0511/7820/9461/files/pho_wp_wbbekl_rs_3wp21007880x_replica_team_shirt_back__sall__awsg__v1.jpg?v=1649961452,2,Replica Team Shirt,,,,,,,,,,,,,,,,,,,,
wp-3wp21007890x,Replica Team Thin Sweater,"<ul><li>92 % Polyester / 8 % Elastane </li></ul><table class=""product--properties-table""><tbody><tr class=""product--properties-row""><td class=""product--properties-label is--bold"">Colour:</td><td class=""product--properties-label"">black</td></tr></tbody></table>",WP,Apparel & Accessories > Clothing,WP - Longsleeves and Hoodies,WP - Casual and Accessories,FALSE,Size,XXS,,,,,3WP210078900,,shopify,,continue,manual,79.98,,TRUE,TRUE,9010544332964,https://cdn.shopify.com/s/files/1/0511/7820/9461/files/pho_wp_wbbekl_vs_3wp21007890x_replica_team_thin_sweater__sall__awsg__v1.jpg?v=1649961452,1,Replica Team Thin Sweater - Size: XXS,FALSE,Replica Team Thin Sweater,92 % Polyester / 8 % Elastane Colour: black,Clothing,,Adult,3WP210078900,WP - Longsleeves and Hoodies,WP - Casual and Accessories,new,FALSE,,,,,,,kg,,
wp-3wp21007890x,,,WP,,,,FALSE,Size,XS,,,,,3WP210078901,,shopify,,continue,manual,79.98,,TRUE,TRUE,9010544332896,,,,FALSE,,,,,Adult,3WP210078901,WP - Longsleeves and Hoodies,WP - Casual and Accessories,new,FALSE,,,,,,,kg,,
wp-3wp21007890x,,,WP,,,,FALSE,Size,S,,,,,3WP210078902,,shopify,,continue,manual,79.98,,TRUE,TRUE,9010544332858,,,,FALSE,,,,,Adult,3WP210078902,WP - Longsleeves and Hoodies,WP - Casual and Accessories,new,FALSE,,,,,,,kg,,
wp-3wp21007890x,,,WP,,,,FALSE,Size,M,,,,,3WP210078903,,shopify,,continue,manual,79.98,,TRUE,TRUE,9010544332889,,,,FALSE,,,,,Adult,3WP210078903,WP - Longsleeves and Hoodies,WP - Casual and Accessories,new,FALSE,,,,,,,kg,,
wp-3wp21007890x,,,WP,,,,FALSE,Size,L,,,,,3WP210078904,,shopify,,continue,manual,79.98,,TRUE,TRUE,9010544333039,,,,FALSE,,,,,Adult,3WP210078904,WP - Longsleeves and Hoodies,WP - Casual and Accessories,new,FALSE,,,,,,,kg,,
wp-3wp21007890x,,,WP,,,,FALSE,Size,XL,,,,,3WP210078905,,shopify,,continue,manual,79.98,,TRUE,TRUE,9010544333084,,,,FALSE,,,,,Adult,3WP210078905,WP - Longsleeves and Hoodies,WP - Casual and Accessories,new,FALSE,,,,,,,kg,,
wp-3wp21007890x,,,WP,,,,FALSE,Size,XXL,,,,,3WP210078906,,shopify,,continue,manual,79.98,,TRUE,TRUE,9010544332957,,,,FALSE,,,,,Adult,3WP210078906,WP - Longsleeves and Hoodies,WP - Casual and Accessories,new,FALSE,,,,,,,kg,,
wp-3wp21007890x,,,WP,,,,FALSE,Size,XXXL,,,,,3WP210078907,,shopify,,continue,manual,79.98,,TRUE,TRUE,9010544333107,,,,FALSE,,,,,Adult,3WP210078907,WP - Longsleeves and Hoodies,WP - Casual and Accessories,new,FALSE,,,,,,,kg,,
wp-3wp21007890x,,,,,,,,,,,,,,,,,,,,,,,,,https://cdn.shopify.com/s/files/1/0511/7820/9461/files/pho_wp_wbbekl_rs_3wp21007890x_replica_team_thin_sweater_back__sall__awsg__v1.jpg?v=1649961452,2,Replica Team Thin Sweater,,,,,,,,,,,,,,,,,,,,
wp-3wp21007900x,Replica Team Zip Hoodie,"Replica Team Zip Hoodie<table class=""product--properties-table""><tbody><tr class=""product--properties-row""><td class=""product--properties-label is--bold"">Colour:</td><td class=""product--properties-label"">beige</td></tr></tbody></table>",WP,Apparel & Accessories > Clothing,WP - Longsleeves and Hoodies,WP - Casual and Accessories,FALSE,Size,XXS,,,,,3WP210079000,,shopify,,continue,manual,79.98,,TRUE,TRUE,9010544333138,https://cdn.shopify.com/s/files/1/0511/7820/9461/files/pho_wp_wbbekl_vs_3wp21007900x_replica_team_zip_hoodie__sall__awsg__v1.jpg?v=1649961452,1,Replica Team Zip Hoodie - Size: XXS,FALSE,Replica Team Zip Hoodie,Replica Team Zip Hoodie Colour: beige,Clothing,,Adult,3WP210079000,WP - Longsleeves and Hoodies,WP - Casual and Accessories,new,FALSE,,,,,,,kg,,
wp-3wp21007900x,,,WP,,,,FALSE,Size,XS,,,,,3WP210079001,,shopify,,continue,manual,79.98,,TRUE,TRUE,9010544332971,,,,FALSE,,,,,Adult,3WP210079001,WP - Longsleeves and Hoodies,WP - Casual and Accessories,new,FALSE,,,,,,,kg,,
wp-3wp21007900x,,,WP,,,,FALSE,Size,S,,,,,3WP210079002,,shopify,,continue,manual,79.98,,TRUE,TRUE,9010544332995,,,,FALSE,,,,,Adult,3WP210079002,WP - Longsleeves and Hoodies,WP - Casual and Accessories,new,FALSE,,,,,,,kg,,
wp-3wp21007900x,,,WP,,,,FALSE,Size,M,,,,,3WP210079003,,shopify,,continue,manual,79.98,,TRUE,TRUE,9010544333077,,,,FALSE,,,,,Adult,3WP210079003,WP - Longsleeves and Hoodies,WP - Casual and Accessories,new,FALSE,,,,,,,kg,,
wp-3wp21007900x,,,WP,,,,FALSE,Size,L,,,,,3WP210079004,,shopify,,continue,manual,79.98,,TRUE,TRUE,9010544316643,,,,FALSE,,,,,Adult,3WP210079004,WP - Longsleeves and Hoodies,WP - Casual and Accessories,new,FALSE,,,,,,,kg,,
wp-3wp21007900x,,,WP,,,,FALSE,Size,XL,,,,,3WP210079005,,shopify,,continue,manual,79.98,,TRUE,TRUE,9010544333114,,,,FALSE,,,,,Adult,3WP210079005,WP - Longsleeves and Hoodies,WP - Casual and Accessories,new,FALSE,,,,,,,kg,,
wp-3wp21007900x,,,WP,,,,FALSE,Size,XXL,,,,,3WP210079006,,shopify,,continue,manual,79.98,,TRUE,TRUE,9010544333053,,,,FALSE,,,,,Adult,3WP210079006,WP - Longsleeves and Hoodies,WP - Casual and Accessories,new,FALSE,,,,,,,kg,,
wp-3wp21007900x,,,WP,,,,FALSE,Size,XXXL,,,,,3WP210079007,,shopify,,continue,manual,79.98,,TRUE,TRUE,9010544333008,,,,FALSE,,,,,Adult,3WP210079007,WP - Longsleeves and Hoodies,WP - Casual and Accessories,new,FALSE,,,,,,,kg,,
wp-3wp21007900x,,,,,,,,,,,,,,,,,,,,,,,,,https://cdn.shopify.com/s/files/1/0511/7820/9461/files/pho_wp_wbbekl_rs_3wp21007900x_replica_team_zip_hoodie_back__sall__awsg__v1.jpg?v=1649961452,2,Replica Team Zip Hoodie,,,,,,,,,,,,,,,,,,,,
wp-3wp21007910x,Replica Team Softshell Jacket,"<ul><li>100 % Polyester </li></ul><table class=""product--properties-table""><tbody><tr class=""product--properties-row""><td class=""product--properties-label is--bold"">Colour:</td><td class=""product--properties-label"">black</td></tr></tbody></table>",WP,Apparel & Accessories > Clothing,WP - Jackets,WP - Casual and Accessories,FALSE,Size,XXS,,,,,3WP210079100,,shopify,,continue,manual,130.01,,TRUE,TRUE,9010544332926,https://cdn.shopify.com/s/files/1/0511/7820/9461/files/pho_wp_wbbekl_vs_3wp21007910x_replica_team_softshell_jacket__sall__awsg__v1.jpg?v=1649961452,1,Replica Team Softshell Jacket - Size: XXS,FALSE,Replica Team Softshell Jacket,100 % Polyester Colour: black,Clothing,,Adult,3WP210079100,WP - Jackets,WP - Casual and Accessories,new,FALSE,,,,,,,kg,,
wp-3wp21007910x,,,WP,,,,FALSE,Size,XS,,,,,3WP210079101,,shopify,,continue,manual,130.01,,TRUE,TRUE,9010544332933,,,,FALSE,,,,,Adult,3WP210079101,WP - Jackets,WP - Casual and Accessories,new,FALSE,,,,,,,kg,,
wp-3wp21007910x,,,WP,,,,FALSE,Size,S,,,,,3WP210079102,,shopify,,continue,manual,130.01,,TRUE,TRUE,9010544333176,,,,FALSE,,,,,Adult,3WP210079102,WP - Jackets,WP - Casual and Accessories,new,FALSE,,,,,,,kg,,
wp-3wp21007910x,,,WP,,,,FALSE,Size,M,,,,,3WP210079103,,shopify,,continue,manual,130.01,,TRUE,TRUE,9010544333091,,,,FALSE,,,,,Adult,3WP210079103,WP - Jackets,WP - Casual and Accessories,new,FALSE,,,,,,,kg,,
wp-3wp21007910x,,,WP,,,,FALSE,Size,L,,,,,3WP210079104,,shopify,,continue,manual,130.01,,TRUE,TRUE,9010544333206,,,,FALSE,,,,,Adult,3WP210079104,WP - Jackets,WP - Casual and Accessories,new,FALSE,,,,,,,kg,,
wp-3wp21007910x,,,WP,,,,FALSE,Size,XL,,,,,3WP210079105,,shopify,,continue,manual,130.01,,TRUE,TRUE,9010544333015,,,,FALSE,,,,,Adult,3WP210079105,WP - Jackets,WP - Casual and Accessories,new,FALSE,,,,,,,kg,,
wp-3wp21007910x,,,WP,,,,FALSE,Size,XXL,,,,,3WP210079106,,shopify,,continue,manual,130.01,,TRUE,TRUE,9010544333183,,,,FALSE,,,,,Adult,3WP210079106,WP - Jackets,WP - Casual and Accessories,new,FALSE,,,,,,,kg,,
wp-3wp21007910x,,,WP,,,,FALSE,Size,XXXL,,,,,3WP210079107,,shopify,,continue,manual,130.01,,TRUE,TRUE,9010544333145,,,,FALSE,,,,,Adult,3WP210079107,WP - Jackets,WP - Casual and Accessories,new,FALSE,,,,,,,kg,,
wp-3wp21007910x,,,,,,,,,,,,,,,,,,,,,,,,,https://cdn.shopify.com/s/files/1/0511/7820/9461/files/pho_wp_wbbekl_rs_3wp21007910x_replica_team_softshell_jacket_back__sall__awsg__v1.jpg?v=1649961452,2,Replica Team Softshell Jacket,,,,,,,,,,,,,,,,,,,,
wp-3wp21007920x,Replica Team Hardshell Jacket,"<ul><li>Taped sleeve cuffs</li><li>100 % Polyester </li></ul><table class=""product--properties-table""><tbody><tr class=""product--properties-row""><td class=""product--properties-label is--bold"">Colour:</td><td class=""product--properties-label"">black</td></tr></tbody></table>",WP,Apparel & Accessories > Clothing,WP - Jackets,WP - Casual and Accessories,FALSE,Size,XXS,,,,,3WP210079200,,shopify,,continue,manual,179.99,,TRUE,TRUE,9010544333190,https://cdn.shopify.com/s/files/1/0511/7820/9461/files/pho_wp_wbbekl_vs_3wp21007920x_replica_team_hardshell_jacket__sall__awsg__v1.jpg?v=1658132015,1,Replica Team Hardshell Jacket - Size: XXS,FALSE,Replica Team Hardshell Jacket,Taped sleeve cuffs 100 % Polyester Colour: black,Clothing,,Adult,3WP210079200,WP - Jackets,WP - Casual and Accessories,new,FALSE,,,,,,,kg,,
wp-3wp21007920x,,,WP,,,,FALSE,Size,XS,,,,,3WP210079201,,shopify,,continue,manual,179.99,,TRUE,TRUE,9010544333237,,,,FALSE,,,,,Adult,3WP210079201,WP - Jackets,WP - Casual and Accessories,new,FALSE,,,,,,,kg,,
wp-3wp21007920x,,,WP,,,,FALSE,Size,S,,,,,3WP210079202,,shopify,,continue,manual,179.99,,TRUE,TRUE,9010544333152,,,,FALSE,,,,,Adult,3WP210079202,WP - Jackets,WP - Casual and Accessories,new,FALSE,,,,,,,kg,,
wp-3wp21007920x,,,WP,,,,FALSE,Size,M,,,,,3WP210079203,,shopify,,continue,manual,179.99,,TRUE,TRUE,9010544333268,,,,FALSE,,,,,Adult,3WP210079203,WP - Jackets,WP - Casual and Accessories,new,FALSE,,,,,,,kg,,
wp-3wp21007920x,,,WP,,,,FALSE,Size,L,,,,,3WP210079204,,shopify,,continue,manual,179.99,,TRUE,TRUE,9010544333220,,,,FALSE,,,,,Adult,3WP210079204,WP - Jackets,WP - Casual and Accessories,new,FALSE,,,,,,,kg,,
wp-3wp21007920x,,,WP,,,,FALSE,Size,XL,,,,,3WP210079205,,shopify,,continue,manual,179.99,,TRUE,TRUE,9010544333121,,,,FALSE,,,,,Adult,3WP210079205,WP - Jackets,WP - Casual and Accessories,new,FALSE,,,,,,,kg,,
wp-3wp21007920x,,,WP,,,,FALSE,Size,XXL,,,,,3WP210079206,,shopify,,continue,manual,179.99,,TRUE,TRUE,9010544333169,,,,FALSE,,,,,Adult,3WP210079206,WP - Jackets,WP - Casual and Accessories,new,FALSE,,,,,,,kg,,
wp-3wp21007920x,,,WP,,,,FALSE,Size,XXXL,,,,,3WP210079207,,shopify,,continue,manual,179.99,,TRUE,TRUE,9010544333244,,,,FALSE,,,,,Adult,3WP210079207,WP - Jackets,WP - Casual and Accessories,new,FALSE,,,,,,,kg,,
wp-3wp21007920x,,,,,,,,,,,,,,,,,,,,,,,,,https://cdn.shopify.com/s/files/1/0511/7820/9461/files/pho_wp_wbbekl_rs_3wp21007920x_replica_team_hardshell_jacket_back__sall__awsg__v1.jpg?v=1680287285,2,Replica Team Hardshell Jacket,,,,,,,,,,,,,,,,,,,,
wp-3wp21007930x,Replica Team Winter Jacket,"<ul><li>100 % Polyester </li></ul><table class=""product--properties-table""><tbody><tr class=""product--properties-row""><td class=""product--properties-label is--bold"">Colour:</td><td class=""product--properties-label"">black</td></tr></tbody></table>",WP,Apparel & Accessories > Clothing,WP - Jackets,WP - Casual and Accessories,FALSE,Size,XXS,,,,,3WP210079300,,shopify,,continue,manual,199.95,,TRUE,TRUE,9010544333275,https://cdn.shopify.com/s/files/1/0511/7820/9461/files/pho_wp_wbbekl_vs_3wp21007930x_replica_team_winter_jacket__sall__awsg__v1.jpg?v=1649961452,1,Replica Team Winter Jacket - Size: XXS,FALSE,Replica Team Winter Jacket,100 % Polyester Colour: black,Clothing,,Adult,3WP210079300,WP - Jackets,WP - Casual and Accessories,new,FALSE,,,,,,,kg,,
wp-3wp21007930x,,,WP,,,,FALSE,Size,XS,,,,,3WP210079301,,shopify,,continue,manual,199.95,,TRUE,TRUE,9010544333329,,,,FALSE,,,,,Adult,3WP210079301,WP - Jackets,WP - Casual and Accessories,new,FALSE,,,,,,,kg,,
wp-3wp21007930x,,,WP,,,,FALSE,Size,S,,,,,3WP210079302,,shopify,,continue,manual,199.95,,TRUE,TRUE,9010544333411,,,,FALSE,,,,,Adult,3WP210079302,WP - Jackets,WP - Casual and Accessories,new,FALSE,,,,,,,kg,,
wp-3wp21007930x,,,WP,,,,FALSE,Size,M,,,,,3WP210079303,,shopify,,continue,manual,199.95,,TRUE,TRUE,9010544333473,,,,FALSE,,,,,Adult,3WP210079303,WP - Jackets,WP - Casual and Accessories,new,FALSE,,,,,,,kg,,
wp-3wp21007930x,,,WP,,,,FALSE,Size,L,,,,,3WP210079304,,shopify,,continue,manual,199.95,,TRUE,TRUE,9010544333503,,,,FALSE,,,,,Adult,3WP210079304,WP - Jackets,WP - Casual and Accessories,new,FALSE,,,,,,,kg,,
wp-3wp21007930x,,,WP,,,,FALSE,Size,XL,,,,,3WP210079305,,shopify,,continue,manual,199.95,,TRUE,TRUE,9010544333435,,,,FALSE,,,,,Adult,3WP210079305,WP - Jackets,WP - Casual and Accessories,new,FALSE,,,,,,,kg,,
wp-3wp21007930x,,,WP,,,,FALSE,Size,XXL,,,,,3WP210079306,,shopify,,continue,manual,199.95,,TRUE,TRUE,9010544333480,,,,FALSE,,,,,Adult,3WP210079306,WP - Jackets,WP - Casual and Accessories,new,FALSE,,,,,,,kg,,
wp-3wp21007930x,,,WP,,,,FALSE,Size,XXXL,,,,,3WP210079307,,shopify,,continue,manual,199.95,,TRUE,TRUE,9010544333336,,,,FALSE,,,,,Adult,3WP210079307,WP - Jackets,WP - Casual and Accessories,new,FALSE,,,,,,,kg,,
wp-3wp21007930x,,,,,,,,,,,,,,,,,,,,,,,,,https://cdn.shopify.com/s/files/1/0511/7820/9461/files/pho_wp_wbbekl_rs_3wp21007930x_replica_team_winter_jacket_back__sall__awsg__v1.jpg?v=1649961452,2,Replica Team Winter Jacket,,,,,,,,,,,,,,,,,,,,
wp-3wp21007940x,Replica Team Shorts,"<ul><li>Robust quality</li><li>94 % Polyester / 6 % Elastane </li></ul><table class=""product--properties-table""><tbody><tr class=""product--properties-row""><td class=""product--properties-label is--bold"">Colour:</td><td class=""product--properties-label"">black</td></tr></tbody></table>",WP,Apparel & Accessories > Clothing,WP - Pants and Shorts,WP - Casual and Accessories,FALSE,Size,XXS,,,,,3WP210079400,,shopify,,continue,manual,75.02,,TRUE,TRUE,9010544333497,https://cdn.shopify.com/s/files/1/0511/7820/9461/files/pho_wp_wbbekl_vs_3wp21007940x_replica_team_shorts__sall__awsg__v1.jpg?v=1649961452,1,Replica Team Shorts - Size: XXS,FALSE,Replica Team Shorts,Robust quality 94 % Polyester / 6 % Elastane Colour: black,Clothing,,Adult,3WP210079400,WP - Pants and Shorts,WP - Casual and Accessories,new,FALSE,,,,,,,kg,,
wp-3wp21007940x,,,WP,,,,FALSE,Size,XS,,,,,3WP210079401,,shopify,,continue,manual,75.02,,TRUE,TRUE,9010544333381,,,,FALSE,,,,,Adult,3WP210079401,WP - Pants and Shorts,WP - Casual and Accessories,new,FALSE,,,,,,,kg,,
wp-3wp21007940x,,,WP,,,,FALSE,Size,S,,,,,3WP210079402,,shopify,,continue,manual,75.02,,TRUE,TRUE,9010544333404,,,,FALSE,,,,,Adult,3WP210079402,WP - Pants and Shorts,WP - Casual and Accessories,new,FALSE,,,,,,,kg,,
wp-3wp21007940x,,,WP,,,,FALSE,Size,M,,,,,3WP210079403,,shopify,,continue,manual,75.02,,TRUE,TRUE,9010544333428,,,,FALSE,,,,,Adult,3WP210079403,WP - Pants and Shorts,WP - Casual and Accessories,new,FALSE,,,,,,,kg,,
wp-3wp21007940x,,,WP,,,,FALSE,Size,L,,,,,3WP210079404,,shopify,,continue,manual,75.02,,TRUE,TRUE,9010544333343,,,,FALSE,,,,,Adult,3WP210079404,WP - Pants and Shorts,WP - Casual and Accessories,new,FALSE,,,,,,,kg,,
wp-3wp21007940x,,,WP,,,,FALSE,Size,XL,,,,,3WP210079405,,shopify,,continue,manual,75.02,,TRUE,TRUE,9010544333442,,,,FALSE,,,,,Adult,3WP210079405,WP - Pants and Shorts,WP - Casual and Accessories,new,FALSE,,,,,,,kg,,
wp-3wp21007940x,,,WP,,,,FALSE,Size,XXL,,,,,3WP210079406,,shopify,,continue,manual,75.02,,TRUE,TRUE,9010544333459,,,,FALSE,,,,,Adult,3WP210079406,WP - Pants and Shorts,WP - Casual and Accessories,new,FALSE,,,,,,,kg,,
wp-3wp21007940x,,,WP,,,,FALSE,Size,XXXL,,,,,3WP210079407,,shopify,,continue,manual,75.02,,TRUE,TRUE,9010544333350,,,,FALSE,,,,,Adult,3WP210079407,WP - Pants and Shorts,WP - Casual and Accessories,new,FALSE,,,,,,,kg,,
wp-3wp21007940x,,,,,,,,,,,,,,,,,,,,,,,,,https://cdn.shopify.com/s/files/1/0511/7820/9461/files/pho_wp_wbbekl_rs_3wp21007940x_replica_team_shorts_back__sall__awsg__v1.jpg?v=1649961452,2,Replica Team Shorts,,,,,,,,,,,,,,,,,,,,
wp-3wp21007950x,Replica Team Pants,"<ul><li>Robust quality</li><li>94 % Polyester / 6 % Elastane </li></ul><table class=""product--properties-table""><tbody><tr class=""product--properties-row""><td class=""product--properties-label is--bold"">Colour:</td><td class=""product--properties-label"">black</td></tr></tbody></table>",WP,Apparel & Accessories > Clothing,WP - Pants and Shorts,WP - Casual and Accessories,FALSE,Size,XXS,,,,,3WP210079500,,shopify,,continue,manual,85.00,,TRUE,TRUE,9010544333305,https://cdn.shopify.com/s/files/1/0511/7820/9461/files/pho_wp_wbbekl_vs_3wp21007950x_replica_team_pants__sall__awsg__v1.jpg?v=1649961452,1,Replica Team Pants - Size: XXS,FALSE,Replica Team Pants,Robust quality 94 % Polyester / 6 % Elastane Colour: black,Clothing,,Adult,3WP210079500,WP - Pants and Shorts,WP - Casual and Accessories,new,FALSE,,,,,,,kg,,
wp-3wp21007950x,,,WP,,,,FALSE,Size,XS,,,,,3WP210079501,,shopify,,continue,manual,85.00,,TRUE,TRUE,9010544333367,,,,FALSE,,,,,Adult,3WP210079501,WP - Pants and Shorts,WP - Casual and Accessories,new,FALSE,,,,,,,kg,,
wp-3wp21007950x,,,WP,,,,FALSE,Size,S,,,,,3WP210079502,,shopify,,continue,manual,85.00,,TRUE,TRUE,9010544333398,,,,FALSE,,,,,Adult,3WP210079502,WP - Pants and Shorts,WP - Casual and Accessories,new,FALSE,,,,,,,kg,,
wp-3wp21007950x,,,WP,,,,FALSE,Size,M,,,,,3WP210079503,,shopify,,continue,manual,85.00,,TRUE,TRUE,9010544333510,,,,FALSE,,,,,Adult,3WP210079503,WP - Pants and Shorts,WP - Casual and Accessories,new,FALSE,,,,,,,kg,,
wp-3wp21007950x,,,WP,,,,FALSE,Size,L,,,,,3WP210079504,,shopify,,continue,manual,85.00,,TRUE,TRUE,9010544333466,,,,FALSE,,,,,Adult,3WP210079504,WP - Pants and Shorts,WP - Casual and Accessories,new,FALSE,,,,,,,kg,,
wp-3wp21007950x,,,WP,,,,FALSE,Size,XL,,,,,3WP210079505,,shopify,,continue,manual,85.00,,TRUE,TRUE,9010544333312,,,,FALSE,,,,,Adult,3WP210079505,WP - Pants and Shorts,WP - Casual and Accessories,new,FALSE,,,,,,,kg,,
wp-3wp21007950x,,,WP,,,,FALSE,Size,XXL,,,,,3WP210079506,,shopify,,continue,manual,85.00,,TRUE,TRUE,9010544333374,,,,FALSE,,,,,Adult,3WP210079506,WP - Pants and Shorts,WP - Casual and Accessories,new,FALSE,,,,,,,kg,,
wp-3wp21007950x,,,WP,,,,FALSE,Size,XXXL,,,,,3WP210079507,,shopify,,continue,manual,85.00,,TRUE,TRUE,9010544333541,,,,FALSE,,,,,Adult,3WP210079507,WP - Pants and Shorts,WP - Casual and Accessories,new,FALSE,,,,,,,kg,,
wp-3wp21007950x,,,,,,,,,,,,,,,,,,,,,,,,,https://cdn.shopify.com/s/files/1/0511/7820/9461/files/pho_wp_wbbekl_rs_3wp21007950x_replica_team_pants_back__sall__awsg__v1.jpg?v=1649961452,2,Replica Team Pants,,,,,,,,,,,,,,,,,,,,
wp-3wp21008030x,Mechanic Gloves,"<ul><li>60 % Polyamide / 30 % Nitrile / 10 % PVC </li></ul><table class=""product--properties-table""><tbody><tr class=""product--properties-row""><td class=""product--properties-label is--bold"">Colour:</td><td class=""product--properties-label"">black</td></tr></tbody></table>",WP,Apparel & Accessories > Clothing,WP - Other Accessoires,WP - Casual and Accessories,TRUE,Size,XS/7,,,,,3WP210080301,,shopify,,continue,manual,15.00,,TRUE,TRUE,9010544338515,https://cdn.shopify.com/s/files/1/0511/7820/9461/files/pho_wp_wbbekl_vs_3wp21008030x_mechanic_gloves__sall__awsg__v1.jpg?v=1649961452,1,Mechanic Gloves - Size: XS/7,FALSE,Mechanic Gloves,60 % Polyamide / 30 % Nitrile / 10 % PVC Colour: black,Clothing,,Adult,3WP210080301,WP - Other Accessoires,WP - Casual and Accessories,new,FALSE,,,,,,,kg,,
wp-3wp21008030x,,,WP,,,,TRUE,Size,S/8,,,,,3WP210080302,,shopify,,continue,manual,15.00,,TRUE,TRUE,9010544338522,,,,FALSE,,,,,Adult,3WP210080302,WP - Other Accessoires,WP - Casual and Accessories,new,FALSE,,,,,,,kg,,
wp-3wp21008030x,,,WP,,,,TRUE,Size,M/9,,,,,3WP210080303,,shopify,,continue,manual,15.00,,TRUE,TRUE,9010544338560,,,,FALSE,,,,,Adult,3WP210080303,WP - Other Accessoires,WP - Casual and Accessories,new,FALSE,,,,,,,kg,,
wp-3wp21008030x,,,WP,,,,TRUE,Size,L/10,,,,,3WP210080304,,shopify,,continue,manual,15.00,,TRUE,TRUE,9010544338539,,,,FALSE,,,,,Adult,3WP210080304,WP - Other Accessoires,WP - Casual and Accessories,new,FALSE,,,,,,,kg,,
wp-3wp21008030x,,,WP,,,,TRUE,Size,XL/11,,,,,3WP210080305,,shopify,,continue,manual,15.00,,TRUE,TRUE,9010544338553,,,,FALSE,,,,,Adult,3WP210080305,WP - Other Accessoires,WP - Casual and Accessories,new,FALSE,,,,,,,kg,,
wp-3wp21008030x,,,WP,,,,TRUE,Size,XXL/12,,,,,3WP210080306,,shopify,,continue,manual,15.00,,TRUE,TRUE,9010544338546,,,,FALSE,,,,,Adult,3WP210080306,WP - Other Accessoires,WP - Casual and Accessories,new,FALSE,,,,,,,kg,,
wp-3wp21008030x,,,,,,,,,,,,,,,,,,,,,,,,,https://cdn.shopify.com/s/files/1/0511/7820/9461/files/pho_wp_wbbekl_vs_3wp21008030x_mechanic_gloves_front__sall__awsg__v1.jpg?v=1649961452,2,Mechanic Gloves,,,,,,,,,,,,,,,,,,,,
wp-3wp220067000,Lanyard,"<ul><li>100 % Nylon </li></ul><table class=""product--properties-table""><tbody><tr class=""product--properties-row""><td class=""product--properties-label is--bold"">Colour:</td><td class=""product--properties-label"">black</td></tr></tbody></table>",WP,Apparel & Accessories > Clothing,WP - Other Accessoires,WP - Casual and Accessories,TRUE,Title,Default Title,,,,,3WP220067000,,shopify,,continue,manual,6.96,,TRUE,TRUE,9010544387025,https://cdn.shopify.com/s/files/1/0511/7820/9461/files/pho_wp_wbbekl_vs_3wp220067000_lanyard__sall__awsg__v1.jpg?v=1658132027,1,Lanyard,FALSE,Lanyard,100 % Nylon Colour: black,Clothing,,Adult,3WP220067000,WP - Other Accessoires,WP - Casual and Accessories,new,FALSE,,,,,,,kg,,
wp-3wp220067100,Buff,"<ul><li>100 % Polyester </li></ul><table class=""product--properties-table""><tbody><tr class=""product--properties-row""><td class=""product--properties-label is--bold"">Colour:</td><td class=""product--properties-label"">black</td></tr></tbody></table>",WP,Apparel & Accessories > Clothing,WP - Other Accessoires,WP - Casual and Accessories,FALSE,Title,Default Title,,,,,3WP220067100,,shopify,,continue,manual,25.05,,TRUE,TRUE,9010544383447,https://cdn.shopify.com/s/files/1/0511/7820/9461/files/pho_wp_wbbekl_vs_3wp220067100_wp_allrounder__sall__awsg__v2.jpg?v=1658132048,1,Buff,FALSE,Buff,100 % Polyester Colour: black,Clothing,,Adult,3WP220067100,WP - Other Accessoires,WP - Casual and Accessories,new,FALSE,,,,,,,kg,,
wp-3wp240040300,Replica Team Rev Backpack,"<ul><li>100 % Polyester </li></ul><table class=""product--properties-table""><tbody><tr class=""product--properties-row""><td class=""product--properties-label is--bold"">Colour:</td><td class=""product--properties-label"">black</td></tr></tbody></table>",WP,Apparel & Accessories > Clothing,WP - Bags and Luggage,WP - Casual and Accessories,TRUE,Title,Default Title,,,,,3WP240040300,,shopify,,continue,manual,140.00,,TRUE,TRUE,9010544473209,https://cdn.shopify.com/s/files/1/0511/7820/9461/files/pho_wp_wbbekl_vs_3wp240040300_replica_team_rev_backpack_front_9419__sall__awsg__v1.png?v=1705043552,1,Replica Team Rev Backpack,FALSE,Replica Team Rev Backpack,100 % Polyester Colour: black,Clothing,,Adult,3WP240040300,WP - Bags and Luggage,WP - Casual and Accessories,new,FALSE,,,,,,,kg,,
wp-3wp240040300,,,,,,,,,,,,,,,,,,,,,,,,,https://cdn.shopify.com/s/files/1/0511/7820/9461/files/pho_wp_wbbekl_rs_3wp240040300_replica_team_rev_backpack_back_9418__sall__awsg__v3.jpg?v=1705043507,2,Replica Team Rev Backpack,,,,,,,,,,,,,,,,,,,,
wp-3wp240040400,Replica Team Travel Bag 9800,"<ul><li>100 % Polyester </li></ul><table class=""product--properties-table""><tbody><tr class=""product--properties-row""><td class=""product--properties-label is--bold"">Colour:</td><td class=""product--properties-label"">black</td></tr></tbody></table>",WP,Apparel & Accessories > Clothing,WP - Bags and Luggage,WP - Casual and Accessories,FALSE,Title,Default Title,,,,,3WP240040400,,shopify,,continue,manual,330.03,,TRUE,TRUE,9010544473230,https://cdn.shopify.com/s/files/1/0511/7820/9461/files/pho_wp_wbbekl_vs_3wp240040400_replica_team_travel_bag_9800_front_9421__sall__awsg__v1.png?v=1705043551,1,Replica Team Travel Bag 9800,FALSE,Replica Team Travel Bag 9800,100 % Polyester Colour: black,Clothing,,Adult,3WP240040400,WP - Bags and Luggage,WP - Casual and Accessories,new,FALSE,,,,,,,kg,,
wp-3wp240040400,,,,,,,,,,,,,,,,,,,,,,,,,https://cdn.shopify.com/s/files/1/0511/7820/9461/files/pho_wp_wbbekl_rs_3wp240040400_replica_team_travel_bag_9800_back_9420__sall__awsg__v3.jpg?v=1705043507,2,Replica Team Travel Bag 9800,,,,,,,,,,,,,,,,,,,,
wp-3wp240040500,Replica Team Flat Cap,"<ul><li>100 % Cotton </li></ul><table class=""product--properties-table""><tbody><tr class=""product--properties-row""><td class=""product--properties-label is--bold"">Colour:</td><td class=""product--properties-label"">black</td></tr></tbody></table>",WP,Apparel & Accessories > Clothing,WP - Headwear,WP - Casual and Accessories,TRUE,Title,Default Title,,,,,3WP240040500,,shopify,,continue,manual,39.99,,TRUE,TRUE,9010654173624,https://cdn.shopify.com/s/files/1/0511/7820/9461/files/pho_wp_wbbekl_vs_3wp240040500_replica_team_flat_cap_front_9423__sall__awsg__v1.png?v=1705043552,1,Replica Team Flat Cap,FALSE,Replica Team Flat Cap,100 % Cotton Colour: black,Clothing,,Adult,3WP240040500,WP - Headwear,WP - Casual and Accessories,new,FALSE,,,,,,,kg,,
wp-3wp240040500,,,,,,,,,,,,,,,,,,,,,,,,,https://cdn.shopify.com/s/files/1/0511/7820/9461/files/pho_wp_wbbekl_rs_3wp240040500_replica_team_flat_cap_back_9422__sall__awsg__v3.jpg?v=1705043507,2,Replica Team Flat Cap,,,,,,,,,,,,,,,,,,,,
wp-3wp240040600,Replica Team Curved Cap,"<ul><li>100 % Cotton </li></ul><table class=""product--properties-table""><tbody><tr class=""product--properties-row""><td class=""product--properties-label is--bold"">Colour:</td><td class=""product--properties-label"">black</td></tr></tbody></table>",WP,Apparel & Accessories > Clothing,WP - Headwear,WP - Casual and Accessories,TRUE,Title,Default Title,,,,,3WP240040600,,shopify,,continue,manual,34.97,,TRUE,TRUE,9010654173631,https://cdn.shopify.com/s/files/1/0511/7820/9461/files/pho_wp_wbbekl_vs_3wp240040600_replica_team_curved_cap_front_9425__sall__awsg__v1.png?v=1705043552,1,Replica Team Curved Cap,FALSE,Replica Team Curved Cap,100 % Cotton Colour: black,Clothing,,Adult,3WP240040600,WP - Headwear,WP - Casual and Accessories,new,FALSE,,,,,,,kg,,
wp-3wp240040600,,,,,,,,,,,,,,,,,,,,,,,,,https://cdn.shopify.com/s/files/1/0511/7820/9461/files/pho_wp_wbbekl_rs_3wp240040600_replica_team_curved_cap_back_9424__sall__awsg__v3.jpg?v=1705043507,2,Replica Team Curved Cap,,,,,,,,,,,,,,,,,,,,
wp-3wp24004070x,Replica Team Tee,"<ul><li>100 % Recycled Polyester </li></ul><table class=""product--properties-table""><tbody><tr class=""product--properties-row""><td class=""product--properties-label is--bold"">Colour:</td><td class=""product--properties-label"">black</td></tr></tbody></table>",WP,Apparel & Accessories > Clothing,WP - T-shirts and Polos,WP - Casual and Accessories,TRUE,Size,XXS,,,,,3WP240040700,,shopify,,continue,manual,34.97,,TRUE,TRUE,9010544473254,https://cdn.shopify.com/s/files/1/0511/7820/9461/files/pho_wp_wbbekl_vs_3wp24004070x_replica_team_tee_front_9427__sall__awsg__v1.png?v=1705043552,1,Replica Team Tee - Size: XXS,FALSE,Replica Team Tee,100 % Recycled Polyester Colour: black,Clothing,,Adult,3WP240040700,WP - T-shirts and Polos,WP - Casual and Accessories,new,FALSE,,,,,,,kg,,
wp-3wp24004070x,,,WP,,,,TRUE,Size,XS,,,,,3WP240040701,,shopify,,continue,manual,34.97,,TRUE,TRUE,9010544473247,,,,FALSE,,,,,Adult,3WP240040701,WP - T-shirts and Polos,WP - Casual and Accessories,new,FALSE,,,,,,,kg,,
wp-3wp24004070x,,,WP,,,,TRUE,Size,S,,,,,3WP240040702,,shopify,,continue,manual,34.97,,TRUE,TRUE,9010544473278,,,,FALSE,,,,,Adult,3WP240040702,WP - T-shirts and Polos,WP - Casual and Accessories,new,FALSE,,,,,,,kg,,
wp-3wp24004070x,,,WP,,,,TRUE,Size,M,,,,,3WP240040703,,shopify,,continue,manual,34.97,,TRUE,TRUE,9010544473308,,,,FALSE,,,,,Adult,3WP240040703,WP - T-shirts and Polos,WP - Casual and Accessories,new,FALSE,,,,,,,kg,,
wp-3wp24004070x,,,WP,,,,TRUE,Size,L,,,,,3WP240040704,,shopify,,continue,manual,34.97,,TRUE,TRUE,9010544473391,,,,FALSE,,,,,Adult,3WP240040704,WP - T-shirts and Polos,WP - Casual and Accessories,new,FALSE,,,,,,,kg,,
wp-3wp24004070x,,,WP,,,,TRUE,Size,XL,,,,,3WP240040705,,shopify,,continue,manual,34.97,,TRUE,TRUE,9010544473360,,,,FALSE,,,,,Adult,3WP240040705,WP - T-shirts and Polos,WP - Casual and Accessories,new,FALSE,,,,,,,kg,,
wp-3wp24004070x,,,WP,,,,TRUE,Size,XXL,,,,,3WP240040706,,shopify,,continue,manual,34.97,,TRUE,TRUE,9010544473476,,,,FALSE,,,,,Adult,3WP240040706,WP - T-shirts and Polos,WP - Casual and Accessories,new,FALSE,,,,,,,kg,,
wp-3wp24004070x,,,WP,,,,TRUE,Size,XXXL,,,,,3WP240040707,,shopify,,continue,manual,34.97,,TRUE,TRUE,9010544473285,,,,FALSE,,,,,Adult,3WP240040707,WP - T-shirts and Polos,WP - Casual and Accessories,new,FALSE,,,,,,,kg,,
wp-3wp24004070x,,,,,,,,,,,,,,,,,,,,,,,,,https://cdn.shopify.com/s/files/1/0511/7820/9461/files/pho_wp_wbbekl_rs_3wp24004070x_replica_team_tee_back_9426__sall__awsg__v3.jpg?v=1705043507,2,Replica Team Tee,,,,,,,,,,,,,,,,,,,,
wp-3wp24004080x,Replica Team Polo,"<ul><li>100 % Polyester </li></ul><table class=""product--properties-table""><tbody><tr class=""product--properties-row""><td class=""product--properties-label is--bold"">Colour:</td><td class=""product--properties-label"">black</td></tr></tbody></table>",WP,Apparel & Accessories > Clothing,WP - T-shirts and Polos,WP - Casual and Accessories,TRUE,Size,XXS,,,,,3WP240040800,,shopify,,continue,manual,59.96,,TRUE,TRUE,9010544473384,https://cdn.shopify.com/s/files/1/0511/7820/9461/files/pho_wp_wbbekl_vs_3wp24004080x_replica_team_polo_front_9429__sall__awsg__v1.png?v=1705043552,1,Replica Team Polo - Size: XXS,FALSE,Replica Team Polo,100 % Polyester Colour: black,Clothing,,Adult,3WP240040800,WP - T-shirts and Polos,WP - Casual and Accessories,new,FALSE,,,,,,,kg,,
wp-3wp24004080x,,,WP,,,,TRUE,Size,XS,,,,,3WP240040801,,shopify,,continue,manual,59.96,,TRUE,TRUE,9010544473339,,,,FALSE,,,,,Adult,3WP240040801,WP - T-shirts and Polos,WP - Casual and Accessories,new,FALSE,,,,,,,kg,,
wp-3wp24004080x,,,WP,,,,TRUE,Size,S,,,,,3WP240040802,,shopify,,continue,manual,59.96,,TRUE,TRUE,9010544473346,,,,FALSE,,,,,Adult,3WP240040802,WP - T-shirts and Polos,WP - Casual and Accessories,new,FALSE,,,,,,,kg,,
wp-3wp24004080x,,,WP,,,,TRUE,Size,M,,,,,3WP240040803,,shopify,,continue,manual,59.96,,TRUE,TRUE,9010544473315,,,,FALSE,,,,,Adult,3WP240040803,WP - T-shirts and Polos,WP - Casual and Accessories,new,FALSE,,,,,,,kg,,
wp-3wp24004080x,,,WP,,,,TRUE,Size,L,,,,,3WP240040804,,shopify,,continue,manual,59.96,,TRUE,TRUE,9010544473377,,,,FALSE,,,,,Adult,3WP240040804,WP - T-shirts and Polos,WP - Casual and Accessories,new,FALSE,,,,,,,kg,,
wp-3wp24004080x,,,WP,,,,TRUE,Size,XL,,,,,3WP240040805,,shopify,,continue,manual,59.96,,TRUE,TRUE,9010544473469,,,,FALSE,,,,,Adult,3WP240040805,WP - T-shirts and Polos,WP - Casual and Accessories,new,FALSE,,,,,,,kg,,
wp-3wp24004080x,,,WP,,,,TRUE,Size,XXL,,,,,3WP240040806,,shopify,,continue,manual,59.96,,TRUE,TRUE,9010544473506,,,,FALSE,,,,,Adult,3WP240040806,WP - T-shirts and Polos,WP - Casual and Accessories,new,FALSE,,,,,,,kg,,
wp-3wp24004080x,,,WP,,,,TRUE,Size,XXXL,,,,,3WP240040807,,shopify,,continue,manual,59.96,,TRUE,TRUE,9010544473537,,,,FALSE,,,,,Adult,3WP240040807,WP - T-shirts and Polos,WP - Casual and Accessories,new,FALSE,,,,,,,kg,,
wp-3wp24004080x,,,,,,,,,,,,,,,,,,,,,,,,,https://cdn.shopify.com/s/files/1/0511/7820/9461/files/pho_wp_wbbekl_rs_3wp24004080x_replica_team_polo_back_9428__sall__awsg__v3.jpg?v=1705043507,2,Replica Team Polo,,,,,,,,,,,,,,,,,,,,
wp-3wp24004090x,Replica Team Halfzip Sweater,"<ul><li>96 % Polyester / 4 % Elastane </li></ul><table class=""product--properties-table""><tbody><tr class=""product--properties-row""><td class=""product--properties-label is--bold"">Colour:</td><td class=""product--properties-label"">black</td></tr></tbody></table>",WP,Apparel & Accessories > Clothing,WP - Longsleeves and Hoodies,WP - Casual and Accessories,TRUE,Size,XXS,,,,,3WP240040900,,shopify,,continue,manual,79.98,,TRUE,TRUE,9010544473483,https://cdn.shopify.com/s/files/1/0511/7820/9461/files/pho_wp_wbbekl_vs_3wp24004090x_replica_team_halfzip_sweater_front_9431__sall__awsg__v1.png?v=1705043552,1,Replica Team Halfzip Sweater - Size: XXS,FALSE,Replica Team Halfzip Sweater,96 % Polyester / 4 % Elastane Colour: black,Clothing,,Adult,3WP240040900,WP - Longsleeves and Hoodies,WP - Casual and Accessories,new,FALSE,,,,,,,kg,,
wp-3wp24004090x,,,WP,,,,TRUE,Size,XS,,,,,3WP240040901,,shopify,,continue,manual,79.98,,TRUE,TRUE,9010544473438,,,,FALSE,,,,,Adult,3WP240040901,WP - Longsleeves and Hoodies,WP - Casual and Accessories,new,FALSE,,,,,,,kg,,
wp-3wp24004090x,,,WP,,,,TRUE,Size,S,,,,,3WP240040902,,shopify,,continue,manual,79.98,,TRUE,TRUE,9010544473414,,,,FALSE,,,,,Adult,3WP240040902,WP - Longsleeves and Hoodies,WP - Casual and Accessories,new,FALSE,,,,,,,kg,,
wp-3wp24004090x,,,WP,,,,TRUE,Size,M,,,,,3WP240040903,,shopify,,continue,manual,79.98,,TRUE,TRUE,9010544473445,,,,FALSE,,,,,Adult,3WP240040903,WP - Longsleeves and Hoodies,WP - Casual and Accessories,new,FALSE,,,,,,,kg,,
wp-3wp24004090x,,,WP,,,,TRUE,Size,L,,,,,3WP240040904,,shopify,,continue,manual,79.98,,TRUE,TRUE,9010544473407,,,,FALSE,,,,,Adult,3WP240040904,WP - Longsleeves and Hoodies,WP - Casual and Accessories,new,FALSE,,,,,,,kg,,
wp-3wp24004090x,,,WP,,,,TRUE,Size,XL,,,,,3WP240040905,,shopify,,continue,manual,79.98,,TRUE,TRUE,9010544473544,,,,FALSE,,,,,Adult,3WP240040905,WP - Longsleeves and Hoodies,WP - Casual and Accessories,new,FALSE,,,,,,,kg,,
wp-3wp24004090x,,,WP,,,,TRUE,Size,XXL,,,,,3WP240040906,,shopify,,continue,manual,79.98,,TRUE,TRUE,9010544473513,,,,FALSE,,,,,Adult,3WP240040906,WP - Longsleeves and Hoodies,WP - Casual and Accessories,new,FALSE,,,,,,,kg,,
wp-3wp24004090x,,,WP,,,,TRUE,Size,XXXL,,,,,3WP240040907,,shopify,,continue,manual,79.98,,TRUE,TRUE,9010544473490,,,,FALSE,,,,,Adult,3WP240040907,WP - Longsleeves and Hoodies,WP - Casual and Accessories,new,FALSE,,,,,,,kg,,
wp-3wp24004090x,,,,,,,,,,,,,,,,,,,,,,,,,https://cdn.shopify.com/s/files/1/0511/7820/9461/files/pho_wp_wbbekl_rs_3wp24004090x_replica_team_halfzip_sweater_back_9430__sall__awsg__v3.jpg?v=1705043507,2,Replica Team Halfzip Sweater,,,,,,,,,,,,,,,,,,,,
wp-3wp24004100x,Replica Team Softshell Jacket,"<ul><li>100 % Polyester </li></ul><table class=""product--properties-table""><tbody><tr class=""product--properties-row""><td class=""product--properties-label is--bold"">Colour:</td><td class=""product--properties-label"">black</td></tr></tbody></table>",WP,Apparel & Accessories > Clothing,WP - Jackets,WP - Casual and Accessories,TRUE,Size,XXS,,,,,3WP240041000,,shopify,,continue,manual,129.95,,TRUE,TRUE,9010544473599,https://cdn.shopify.com/s/files/1/0511/7820/9461/files/pho_wp_wbbekl_vs_3wp24004100x_replica_team_softshell_jacket_front_9417__sall__awsg__v1.jpg?v=1705043404,1,Replica Team Softshell Jacket - Size: XXS,FALSE,Replica Team Softshell Jacket,100 % Polyester Colour: black,Clothing,,Adult,3WP240041000,WP - Jackets,WP - Casual and Accessories,new,FALSE,,,,,,,kg,,
wp-3wp24004100x,,,WP,,,,TRUE,Size,XS,,,,,3WP240041001,,shopify,,continue,manual,129.95,,TRUE,TRUE,9010544473353,,,,FALSE,,,,,Adult,3WP240041001,WP - Jackets,WP - Casual and Accessories,new,FALSE,,,,,,,kg,,
wp-3wp24004100x,,,WP,,,,TRUE,Size,S,,,,,3WP240041002,,shopify,,continue,manual,129.95,,TRUE,TRUE,9010544473452,,,,FALSE,,,,,Adult,3WP240041002,WP - Jackets,WP - Casual and Accessories,new,FALSE,,,,,,,kg,,
wp-3wp24004100x,,,WP,,,,TRUE,Size,M,,,,,3WP240041003,,shopify,,continue,manual,129.95,,TRUE,TRUE,9010544473551,,,,FALSE,,,,,Adult,3WP240041003,WP - Jackets,WP - Casual and Accessories,new,FALSE,,,,,,,kg,,
wp-3wp24004100x,,,WP,,,,TRUE,Size,L,,,,,3WP240041004,,shopify,,continue,manual,129.95,,TRUE,TRUE,9010544473421,,,,FALSE,,,,,Adult,3WP240041004,WP - Jackets,WP - Casual and Accessories,new,FALSE,,,,,,,kg,,
wp-3wp24004100x,,,WP,,,,TRUE,Size,XL,,,,,3WP240041005,,shopify,,continue,manual,129.95,,TRUE,TRUE,9010544473575,,,,FALSE,,,,,Adult,3WP240041005,WP - Jackets,WP - Casual and Accessories,new,FALSE,,,,,,,kg,,
wp-3wp24004100x,,,WP,,,,TRUE,Size,XXL,,,,,3WP240041006,,shopify,,continue,manual,129.95,,TRUE,TRUE,9010544473582,,,,FALSE,,,,,Adult,3WP240041006,WP - Jackets,WP - Casual and Accessories,new,FALSE,,,,,,,kg,,
wp-3wp24004100x,,,WP,,,,TRUE,Size,XXXL,,,,,3WP240041007,,shopify,,continue,manual,129.95,,TRUE,TRUE,9010544473520,,,,FALSE,,,,,Adult,3WP240041007,WP - Jackets,WP - Casual and Accessories,new,FALSE,,,,,,,kg,,
wp-3wp24004100x,,,,,,,,,,,,,,,,,,,,,,,,,https://cdn.shopify.com/s/files/1/0511/7820/9461/files/pho_wp_wbbekl_rs_3wp24004100x_replica_team_softshell_jacket_back_9416__sall__awsg__v1.jpg?v=1705043404,2,Replica Team Softshell Jacket,,,,,,,,,,,,,,,,,,,,
wp-3wp24004110x,Replica Team Hardshell Jacket,"<ul><li>100 % Polyester </li></ul><table class=""product--properties-table""><tbody><tr class=""product--properties-row""><td class=""product--properties-label is--bold"">Colour:</td><td class=""product--properties-label"">black</td></tr></tbody></table>",WP,Apparel & Accessories > Clothing,WP - Jackets,WP - Casual and Accessories,TRUE,Size,XXS,,,,,3WP240041100,,shopify,,continue,manual,179.99,,TRUE,TRUE,9010544473568,https://cdn.shopify.com/s/files/1/0511/7820/9461/files/pho_wp_wbbekl_vs_3wp24004110x_replica_team_hardshell_jacket_front_9433__sall__awsg__v1.png?v=1705043552,1,Replica Team Hardshell Jacket - Size: XXS,FALSE,Replica Team Hardshell Jacket,100 % Polyester Colour: black,Clothing,,Adult,3WP240041100,WP - Jackets,WP - Casual and Accessories,new,FALSE,,,,,,,kg,,
wp-3wp24004110x,,,WP,,,,TRUE,Size,XS,,,,,3WP240041101,,shopify,,continue,manual,179.99,,TRUE,TRUE,9010544473612,,,,FALSE,,,,,Adult,3WP240041101,WP - Jackets,WP - Casual and Accessories,new,FALSE,,,,,,,kg,,
wp-3wp24004110x,,,WP,,,,TRUE,Size,S,,,,,3WP240041102,,shopify,,continue,manual,179.99,,TRUE,TRUE,9010544473629,,,,FALSE,,,,,Adult,3WP240041102,WP - Jackets,WP - Casual and Accessories,new,FALSE,,,,,,,kg,,
wp-3wp24004110x,,,WP,,,,TRUE,Size,M,,,,,3WP240041103,,shopify,,continue,manual,179.99,,TRUE,TRUE,9010544473674,,,,FALSE,,,,,Adult,3WP240041103,WP - Jackets,WP - Casual and Accessories,new,FALSE,,,,,,,kg,,
wp-3wp24004110x,,,WP,,,,TRUE,Size,L,,,,,3WP240041104,,shopify,,continue,manual,179.99,,TRUE,TRUE,9010544473605,,,,FALSE,,,,,Adult,3WP240041104,WP - Jackets,WP - Casual and Accessories,new,FALSE,,,,,,,kg,,
wp-3wp24004110x,,,WP,,,,FALSE,Size,XL,,,,,3WP240041105,,shopify,,continue,manual,179.99,,TRUE,TRUE,9010544473698,,,,FALSE,,,,,Adult,3WP240041105,WP - Jackets,WP - Casual and Accessories,new,FALSE,,,,,,,kg,,
wp-3wp24004110x,,,WP,,,,TRUE,Size,XXL,,,,,3WP240041106,,shopify,,continue,manual,179.99,,TRUE,TRUE,9010544473650,,,,FALSE,,,,,Adult,3WP240041106,WP - Jackets,WP - Casual and Accessories,new,FALSE,,,,,,,kg,,
wp-3wp24004110x,,,WP,,,,FALSE,Size,XXXL,,,,,3WP240041107,,shopify,,continue,manual,179.99,,TRUE,TRUE,9010544473803,,,,FALSE,,,,,Adult,3WP240041107,WP - Jackets,WP - Casual and Accessories,new,FALSE,,,,,,,kg,,
wp-3wp24004110x,,,,,,,,,,,,,,,,,,,,,,,,,https://cdn.shopify.com/s/files/1/0511/7820/9461/files/pho_wp_wbbekl_rs_3wp24004110x_replica_team_hardshell_jacket_back_9432__sall__awsg__v3.jpg?v=1705043506,2,Replica Team Hardshell Jacket,,,,,,,,,,,,,,,,,,,,
wp-3wp24004120x,Replica Team Winter Jacket,"<ul><li>100 % Polyester </li></ul><table class=""product--properties-table""><tbody><tr class=""product--properties-row""><td class=""product--properties-label is--bold"">Colour:</td><td class=""product--properties-label"">black</td></tr></tbody></table>",WP,Apparel & Accessories > Clothing,WP - Jackets,WP - Casual and Accessories,TRUE,Size,XXS,,,,,3WP240041200,,shopify,,continue,manual,199.95,,TRUE,TRUE,9010544473636,https://cdn.shopify.com/s/files/1/0511/7820/9461/files/pho_wp_wbbekl_vs_3wp24004120x_replica_team_winter_jacket_front_9435__sall__awsg__v1.png?v=1705043552,1,Replica Team Winter Jacket - Size: XXS,FALSE,Replica Team Winter Jacket,100 % Polyester Colour: black,Clothing,,Adult,3WP240041200,WP - Jackets,WP - Casual and Accessories,new,FALSE,,,,,,,kg,,
wp-3wp24004120x,,,WP,,,,FALSE,Size,XS,,,,,3WP240041201,,shopify,,continue,manual,199.95,,TRUE,TRUE,9010544473711,,,,FALSE,,,,,Adult,3WP240041201,WP - Jackets,WP - Casual and Accessories,new,FALSE,,,,,,,kg,,
wp-3wp24004120x,,,WP,,,,FALSE,Size,S,,,,,3WP240041202,,shopify,,continue,manual,199.95,,TRUE,TRUE,9010544473667,,,,FALSE,,,,,Adult,3WP240041202,WP - Jackets,WP - Casual and Accessories,new,FALSE,,,,,,,kg,,
wp-3wp24004120x,,,WP,,,,FALSE,Size,M,,,,,3WP240041203,,shopify,,continue,manual,199.95,,TRUE,TRUE,9010544473643,,,,FALSE,,,,,Adult,3WP240041203,WP - Jackets,WP - Casual and Accessories,new,FALSE,,,,,,,kg,,
wp-3wp24004120x,,,WP,,,,FALSE,Size,L,,,,,3WP240041204,,shopify,,continue,manual,199.95,,TRUE,TRUE,9010544473834,,,,FALSE,,,,,Adult,3WP240041204,WP - Jackets,WP - Casual and Accessories,new,FALSE,,,,,,,kg,,
wp-3wp24004120x,,,WP,,,,FALSE,Size,XL,,,,,3WP240041205,,shopify,,continue,manual,199.95,,TRUE,TRUE,9010544473681,,,,FALSE,,,,,Adult,3WP240041205,WP - Jackets,WP - Casual and Accessories,new,FALSE,,,,,,,kg,,
wp-3wp24004120x,,,WP,,,,TRUE,Size,XXL,,,,,3WP240041206,,shopify,,continue,manual,199.95,,TRUE,TRUE,9010544473780,,,,FALSE,,,,,Adult,3WP240041206,WP - Jackets,WP - Casual and Accessories,new,FALSE,,,,,,,kg,,
wp-3wp24004120x,,,WP,,,,TRUE,Size,XXXL,,,,,3WP240041207,,shopify,,continue,manual,199.95,,TRUE,TRUE,9010544473797,,,,FALSE,,,,,Adult,3WP240041207,WP - Jackets,WP - Casual and Accessories,new,FALSE,,,,,,,kg,,
wp-3wp24004120x,,,,,,,,,,,,,,,,,,,,,,,,,https://cdn.shopify.com/s/files/1/0511/7820/9461/files/pho_wp_wbbekl_rs_3wp24004120x_replica_team_winter_jacket_back_9434__sall__awsg__v3.jpg?v=1705043507,2,Replica Team Winter Jacket,,,,,,,,,,,,,,,,,,,,
wp-3wp24004130x,Replica Team Shorts,"<ul><li>93 % Polyester / 7 % Elastane </li></ul><table class=""product--properties-table""><tbody><tr class=""product--properties-row""><td class=""product--properties-label is--bold"">Colour:</td><td class=""product--properties-label"">black</td></tr></tbody></table>",WP,Apparel & Accessories > Clothing,WP - Pants and Shorts,WP - Casual and Accessories,TRUE,Size,XS,,,,,3WP240041301,,shopify,,continue,manual,74.96,,TRUE,TRUE,9010544473759,https://cdn.shopify.com/s/files/1/0511/7820/9461/files/pho_wp_wbbekl_vs_3wp24004130x_replica_team_shorts_front_9437__sall__awsg__v1.png?v=1705043552,1,Replica Team Shorts - Size: XS,FALSE,Replica Team Shorts,93 % Polyester / 7 % Elastane Colour: black,Clothing,,Adult,3WP240041301,WP - Pants and Shorts,WP - Casual and Accessories,new,FALSE,,,,,,,kg,,
wp-3wp24004130x,,,WP,,,,TRUE,Size,S,,,,,3WP240041302,,shopify,,continue,manual,74.96,,TRUE,TRUE,9010544473704,,,,FALSE,,,,,Adult,3WP240041302,WP - Pants and Shorts,WP - Casual and Accessories,new,FALSE,,,,,,,kg,,
wp-3wp24004130x,,,WP,,,,TRUE,Size,M,,,,,3WP240041303,,shopify,,continue,manual,74.96,,TRUE,TRUE,9010544473766,,,,FALSE,,,,,Adult,3WP240041303,WP - Pants and Shorts,WP - Casual and Accessories,new,FALSE,,,,,,,kg,,
wp-3wp24004130x,,,WP,,,,TRUE,Size,L,,,,,3WP240041304,,shopify,,continue,manual,74.96,,TRUE,TRUE,9010544473728,,,,FALSE,,,,,Adult,3WP240041304,WP - Pants and Shorts,WP - Casual and Accessories,new,FALSE,,,,,,,kg,,
wp-3wp24004130x,,,WP,,,,TRUE,Size,XL,,,,,3WP240041305,,shopify,,continue,manual,74.96,,TRUE,TRUE,9010544473773,,,,FALSE,,,,,Adult,3WP240041305,WP - Pants and Shorts,WP - Casual and Accessories,new,FALSE,,,,,,,kg,,
wp-3wp24004130x,,,WP,,,,TRUE,Size,XXL,,,,,3WP240041306,,shopify,,continue,manual,74.96,,TRUE,TRUE,9010544473742,,,,FALSE,,,,,Adult,3WP240041306,WP - Pants and Shorts,WP - Casual and Accessories,new,FALSE,,,,,,,kg,,
wp-3wp24004130x,,,WP,,,,TRUE,Size,XXXL,,,,,3WP240041307,,shopify,,continue,manual,74.96,,TRUE,TRUE,9010544473841,,,,FALSE,,,,,Adult,3WP240041307,WP - Pants and Shorts,WP - Casual and Accessories,new,FALSE,,,,,,,kg,,
wp-3wp24004130x,,,,,,,,,,,,,,,,,,,,,,,,,https://cdn.shopify.com/s/files/1/0511/7820/9461/files/pho_wp_wbbekl_rs_3wp24004130x_replica_team_shorts_back_9436__sall__awsg__v3.jpg?v=1705043507,2,Replica Team Shorts,,,,,,,,,,,,,,,,,,,,
wp-3wp24004140x,Replica Team Pants,"<ul><li>93 % Polyester / 7 % Elastane </li></ul><table class=""product--properties-table""><tbody><tr class=""product--properties-row""><td class=""product--properties-label is--bold"">Colour:</td><td class=""product--properties-label"">black</td></tr></tbody></table>",WP,Apparel & Accessories > Clothing,WP - Pants and Shorts,WP - Casual and Accessories,TRUE,Size,XS,,,,,3WP240041401,,shopify,,continue,manual,84.94,,TRUE,TRUE,9010544473735,https://cdn.shopify.com/s/files/1/0511/7820/9461/files/pho_wp_wbbekl_vs_3wp24004140x_replica_team_pants_front_9439__sall__awsg__v1.png?v=1705043551,1,Replica Team Pants - Size: XS,FALSE,Replica Team Pants,93 % Polyester / 7 % Elastane Colour: black,Clothing,,Adult,3WP240041401,WP - Pants and Shorts,WP - Casual and Accessories,new,FALSE,,,,,,,kg,,
wp-3wp24004140x,,,WP,,,,TRUE,Size,S,,,,,3WP240041402,,shopify,,continue,manual,84.94,,TRUE,TRUE,9010544473889,,,,FALSE,,,,,Adult,3WP240041402,WP - Pants and Shorts,WP - Casual and Accessories,new,FALSE,,,,,,,kg,,
wp-3wp24004140x,,,WP,,,,TRUE,Size,M,,,,,3WP240041403,,shopify,,continue,manual,84.94,,TRUE,TRUE,9010544473810,,,,FALSE,,,,,Adult,3WP240041403,WP - Pants and Shorts,WP - Casual and Accessories,new,FALSE,,,,,,,kg,,
wp-3wp24004140x,,,WP,,,,TRUE,Size,L,,,,,3WP240041404,,shopify,,continue,manual,84.94,,TRUE,TRUE,9010544473858,,,,FALSE,,,,,Adult,3WP240041404,WP - Pants and Shorts,WP - Casual and Accessories,new,FALSE,,,,,,,kg,,
wp-3wp24004140x,,,WP,,,,TRUE,Size,XL,,,,,3WP240041405,,shopify,,continue,manual,84.94,,TRUE,TRUE,9010544473827,,,,FALSE,,,,,Adult,3WP240041405,WP - Pants and Shorts,WP - Casual and Accessories,new,FALSE,,,,,,,kg,,
wp-3wp24004140x,,,WP,,,,TRUE,Size,XXL,,,,,3WP240041406,,shopify,,continue,manual,84.94,,TRUE,TRUE,9010544473964,,,,FALSE,,,,,Adult,3WP240041406,WP - Pants and Shorts,WP - Casual and Accessories,new,FALSE,,,,,,,kg,,
wp-3wp24004140x,,,WP,,,,TRUE,Size,XXXL,,,,,3WP240041407,,shopify,,continue,manual,84.94,,TRUE,TRUE,9010544473865,,,,FALSE,,,,,Adult,3WP240041407,WP - Pants and Shorts,WP - Casual and Accessories,new,FALSE,,,,,,,kg,,
wp-3wp24004140x,,,,,,,,,,,,,,,,,,,,,,,,,https://cdn.shopify.com/s/files/1/0511/7820/9461/files/pho_wp_wbbekl_rs_3wp24004140x_replica_team_pants_back_9438__sall__awsg__v3.jpg?v=1705043507,2,Replica Team Pants,,,,,,,,,,,,,,,,,,,,
wp-3wp24004150x,Replica Team Zip Hoodie,"<ul><li>65 % Cotton / 35 % Polyester </li></ul><table class=""product--properties-table""><tbody><tr class=""product--properties-row""><td class=""product--properties-label is--bold"">Colour:</td><td class=""product--properties-label"">black</td></tr></tbody></table>",WP,Apparel & Accessories > Clothing,WP - Longsleeves and Hoodies,WP - Casual and Accessories,TRUE,Size,XXS,,,,,3WP240041500,,shopify,,continue,manual,79.98,,TRUE,TRUE,9010544474015,https://cdn.shopify.com/s/files/1/0511/7820/9461/files/pho_wp_wbbekl_vs_3wp24004150x_replica_team_zip_hoodie_front_9441__sall__awsg__v1.png?v=1705043552,1,Replica Team Zip Hoodie - Size: XXS,FALSE,Replica Team Zip Hoodie,65 % Cotton / 35 % Polyester Colour: black,Clothing,,Adult,3WP240041500,WP - Longsleeves and Hoodies,WP - Casual and Accessories,new,FALSE,,,,,,,kg,,
wp-3wp24004150x,,,WP,,,,TRUE,Size,XS,,,,,3WP240041501,,shopify,,continue,manual,79.98,,TRUE,TRUE,9010544473957,,,,FALSE,,,,,Adult,3WP240041501,WP - Longsleeves and Hoodies,WP - Casual and Accessories,new,FALSE,,,,,,,kg,,
wp-3wp24004150x,,,WP,,,,TRUE,Size,S,,,,,3WP240041502,,shopify,,continue,manual,79.98,,TRUE,TRUE,9010544474053,,,,FALSE,,,,,Adult,3WP240041502,WP - Longsleeves and Hoodies,WP - Casual and Accessories,new,FALSE,,,,,,,kg,,
wp-3wp24004150x,,,WP,,,,TRUE,Size,M,,,,,3WP240041503,,shopify,,continue,manual,79.98,,TRUE,TRUE,9010544474060,,,,FALSE,,,,,Adult,3WP240041503,WP - Longsleeves and Hoodies,WP - Casual and Accessories,new,FALSE,,,,,,,kg,,
wp-3wp24004150x,,,WP,,,,TRUE,Size,L,,,,,3WP240041504,,shopify,,continue,manual,79.98,,TRUE,TRUE,9010544473919,,,,FALSE,,,,,Adult,3WP240041504,WP - Longsleeves and Hoodies,WP - Casual and Accessories,new,FALSE,,,,,,,kg,,
wp-3wp24004150x,,,WP,,,,TRUE,Size,XL,,,,,3WP240041505,,shopify,,continue,manual,79.98,,TRUE,TRUE,9010544473971,,,,FALSE,,,,,Adult,3WP240041505,WP - Longsleeves and Hoodies,WP - Casual and Accessories,new,FALSE,,,,,,,kg,,
wp-3wp24004150x,,,WP,,,,TRUE,Size,XXL,,,,,3WP240041506,,shopify,,continue,manual,79.98,,TRUE,TRUE,9010544473995,,,,FALSE,,,,,Adult,3WP240041506,WP - Longsleeves and Hoodies,WP - Casual and Accessories,new,FALSE,,,,,,,kg,,
wp-3wp24004150x,,,WP,,,,TRUE,Size,XXXL,,,,,3WP240041507,,shopify,,continue,manual,79.98,,TRUE,TRUE,9010544473896,,,,FALSE,,,,,Adult,3WP240041507,WP - Longsleeves and Hoodies,WP - Casual and Accessories,new,FALSE,,,,,,,kg,,
wp-3wp24004150x,,,,,,,,,,,,,,,,,,,,,,,,,https://cdn.shopify.com/s/files/1/0511/7820/9461/files/pho_wp_wbbekl_rs_3wp24004150x_replica_team_zip_hoodie_back_9440__sall__awsg__v3.jpg?v=1705043507,2,Replica Team Zip Hoodie,,,,,,,,,,,,,,,,,,,,
wp-3wp24004160x,Women Replica Team Tee,"<ul><li>100 % Recycled Polyester </li></ul><table class=""product--properties-table""><tbody><tr class=""product--properties-row""><td class=""product--properties-label is--bold"">Colour:</td><td class=""product--properties-label"">black</td></tr></tbody></table>",WP,Apparel & Accessories > Clothing,WP - T-shirts and Polos,WP - Casual and Accessories,FALSE,Size,XS,,,,,3WP240041601,,shopify,,continue,manual,34.97,,TRUE,TRUE,9010544474039,https://cdn.shopify.com/s/files/1/0511/7820/9461/files/pho_wp_wbbekl_vs_3wp24004160x_woman_replica_team_tee_front_9443__sall__awsg__v1.png?v=1705043552,1,Women Replica Team Tee - Size: XS,FALSE,Women Replica Team Tee,100 % Recycled Polyester Colour: black,Clothing,,Adult,3WP240041601,WP - T-shirts and Polos,WP - Casual and Accessories,new,FALSE,,,,,,,kg,,
wp-3wp24004160x,,,WP,,,,TRUE,Size,S,,,,,3WP240041602,,shopify,,continue,manual,34.97,,TRUE,TRUE,9010544474046,,,,FALSE,,,,,Adult,3WP240041602,WP - T-shirts and Polos,WP - Casual and Accessories,new,FALSE,,,,,,,kg,,
wp-3wp24004160x,,,WP,,,,FALSE,Size,M,,,,,3WP240041603,,shopify,,continue,manual,34.97,,TRUE,TRUE,9010544474022,,,,FALSE,,,,,Adult,3WP240041603,WP - T-shirts and Polos,WP - Casual and Accessories,new,FALSE,,,,,,,kg,,
wp-3wp24004160x,,,WP,,,,TRUE,Size,L,,,,,3WP240041604,,shopify,,continue,manual,34.97,,TRUE,TRUE,9010544474077,,,,FALSE,,,,,Adult,3WP240041604,WP - T-shirts and Polos,WP - Casual and Accessories,new,FALSE,,,,,,,kg,,
wp-3wp24004160x,,,WP,,,,FALSE,Size,XL,,,,,3WP240041605,,shopify,,continue,manual,34.97,,TRUE,TRUE,9010544473988,,,,FALSE,,,,,Adult,3WP240041605,WP - T-shirts and Polos,WP - Casual and Accessories,new,FALSE,,,,,,,kg,,
wp-3wp24004160x,,,,,,,,,,,,,,,,,,,,,,,,,https://cdn.shopify.com/s/files/1/0511/7820/9461/files/pho_wp_wbbekl_rs_3wp24004160x_woman_replica_team_tee_back_9442__sall__awsg__v3.jpg?v=1705043507,2,Women Replica Team Tee,,,,,,,,,,,,,,,,,,,,
wp-4086602,WP label kit,"<ul><li class=""li-square"">Sheet of labels including magnets covering all images of current tools which are supplied with brackets and magnetic labels.</li><li class=""li-square"">Scope changes continually as new tools are added</li></ul>",WP,Hardware > Tools,WP - Toolboard,WP - Special tools,TRUE,Title,Default Title,,,,,4086602,,shopify,,continue,manual,125.72,,TRUE,TRUE,9010152374288,https://cdn.shopify.com/s/files/1/0511/7820/9461/files/pho_wp_nmon_4086602__sall__awsg__v1.jpg?v=1680287432,1,WP label kit,FALSE,WP label kit,Sheet of labels including magnets covering all images of current tools which are supplied with brackets and magnetic labels. Scope changes continually as new tools are added,Tools,,Adult,4086602,WP - Toolboard,WP - Special tools,new,FALSE,,,,,,,kg,,
wp-43182r04set,XACT PRO 7443 Airfork,"<ul><li>Unique valve system</li><li>Greater comfort</li><li>Higher bottoming resistance</li><li>Better response</li><li>Greater confidence in all situations</li><li>Friction optimized components</li><li>High quality coating</li><li>All adjustments can be made externally</li></ul><p></p><strong>Scope of delivery</strong><ul><li class=""li-square"">Air fork</li><li class=""li-square"">Sticker</li></ul>",WP,Vehicles & Parts > Vehicle Parts & Accessories > Motor Vehicle Parts,WP - Offroad,WP - Fork,FALSE,Title,Default Title,,,,,43182R04SET,,shopify,,continue,manual,,,TRUE,TRUE,,https://cdn.shopify.com/s/files/1/0511/7820/9461/files/pho_wp_nmon_aer43conevalvesx852017__sall__awsg__v1.jpg?v=1680287472,1,XACT PRO 7443 Airfork,FALSE,XACT PRO 7443 Airfork,Unique valve system Greater comfort Higher bottoming resistance Better response Greater confidence in all situations Friction optimized components High quality coating All adjustments can be made externally Scope of delivery Air fork Sticker,Motor Vehicle Parts,,Adult,43182R04SET,WP - Offroad,WP - Fork,new,FALSE,,,,,,,kg,,
wp-43570397,"O-Ring 8x1,5 NBR70","O-Ring 8x1,5 NBR70",WP,Vehicles & Parts > Vehicle Parts & Accessories > Motor Vehicle Parts,WP - Spare Parts,WP - Pro Components,TRUE,Title,Default Title,,,,,43570397,,shopify,,continue,manual,1.33,,TRUE,TRUE,9010152371973,,,,FALSE,"O-Ring 8x1,5 NBR70","O-Ring 8x1,5 NBR70",Motor Vehicle Parts,,Adult,43570397,WP - Spare Parts,WP - Pro Components,new,FALSE,,,,,,,kg,,
wp-43570874,"Preload bush 12,5x18x27","Preload bush 12,5x18x27",WP,Vehicles & Parts > Vehicle Parts & Accessories > Motor Vehicle Parts,WP - Spare Parts,WP - Pro Components,TRUE,Title,Default Title,,,,,43570874,,shopify,,continue,manual,14.94,,TRUE,TRUE,9010152369796,https://cdn.shopify.com/s/files/1/0511/7820/9461/files/pho_wp_nmon_spare_part_43570874__sall__awsg__v1.jpg?v=1680287451,1,"Preload bush 12,5x18x27",FALSE,"Preload bush 12,5x18x27","Preload bush 12,5x18x27",Motor Vehicle Parts,,Adult,43570874,WP - Spare Parts,WP - Pro Components,new,FALSE,,,,,,,kg,,
wp-45201034022,Triple clamp,Triple clamp,WP,Vehicles & Parts > Vehicle Parts & Accessories > Motor Vehicle Parts,WP - Spare Parts,WP - Pro Components,TRUE,Title,Default Title,,,,,45201034022,,shopify,,continue,manual,179.14,,TRUE,TRUE,9010152359582,https://cdn.shopify.com/s/files/1/0511/7820/9461/files/pho_fallback_fallback_no_picture__sall__awsg__v1.jpg?v=1774382207,1,Triple clamp,FALSE,Triple clamp,Triple clamp,Motor Vehicle Parts,,Adult,45201034022,WP - Spare Parts,WP - Pro Components,new,FALSE,,,,,,,kg,,
wp-45304905000,Preload adjuster,<ul><li>Fast preload adjustment</li><li>Use of the entire length of the thread on the shock absorber</li><li>Very easy operation</li><li>Extremely low weight</li><li>Dirt-resistance</li><li>Mechanical drive</li></ul><p></p>,WP,Vehicles & Parts > Vehicle Parts & Accessories > Motor Vehicle Parts,WP - Preload adjuster,WP - Technical Accessories,TRUE,Title,Default Title,,,,,45304905000,,shopify,,continue,manual,179.08,,TRUE,TRUE,9010544324358,https://cdn.shopify.com/s/files/1/0511/7820/9461/files/pho_nmon_45304905000_preload_adjuster__sall__awsg__v1.jpg?v=1650461374,1,Preload adjuster,FALSE,Preload adjuster,Fast preload adjustment Use of the entire length of the thread on the shock absorber Very easy operation Extremely low weight Dirt-resistance Mechanical drive,Motor Vehicle Parts,,Adult,45304905000,WP - Preload adjuster,WP - Technical Accessories,new,FALSE,,,,,,,kg,,
wp-45412955044s,Lowering kit,<ul><li>Made of the highest quality materials</li><li>Tested in the toughest conditions</li><li>Developed together with the vehicle</li><li>Enables shorter drivers to also achieve the optimum seat height</li><li>Perfect compromise between maximum chassis performance and lowest possible vehicle height</li><li>No restrictions on riding dynamics</li></ul><p></p>,WP,Vehicles & Parts > Vehicle Parts & Accessories > Motor Vehicle Parts,WP - Lowering kit,WP - Technical Accessories,TRUE,Title,Default Title,,,,,45412955044S,,shopify,,continue,manual,179.08,,TRUE,TRUE,9010152354815,https://cdn.shopify.com/s/files/1/0511/7820/9461/files/pho_nmon_lowering_kit_45412955044s__sall__awsg__v1.jpg?v=1650464296,1,Lowering kit,FALSE,Lowering kit,Made of the highest quality materials Tested in the toughest conditions Developed together with the vehicle Enables shorter drivers to also achieve the optimum seat height Perfect compromise between maximum chassis performance and lowest possible vehicle height No restrictions on riding dynamics,Motor Vehicle Parts,,Adult,45412955044S,WP - Lowering kit,WP - Technical Accessories,new,FALSE,,,,,,,kg,,
wp-45412955144s,Lowering kit,<ul><li>Made of the highest quality materials</li><li>Tested in the toughest conditions</li><li>Developed together with the vehicle</li><li>Enables shorter drivers to also achieve the optimum seat height</li><li>Perfect compromise between maximum chassis performance and lowest possible vehicle height</li><li>No restrictions on riding dynamics</li></ul><p></p>,WP,Vehicles & Parts > Vehicle Parts & Accessories > Motor Vehicle Parts,WP - Lowering kit,WP - Technical Accessories,TRUE,Title,Default Title,,,,,45412955144S,,shopify,,continue,manual,249.02,,TRUE,TRUE,9010544665918,https://cdn.shopify.com/s/files/1/0511/7820/9461/files/pho_nmon_lowering_kit_45412955044s__sall__awsg__v1.jpg?v=1650464296,1,Lowering kit,FALSE,Lowering kit,Made of the highest quality materials Tested in the toughest conditions Developed together with the vehicle Enables shorter drivers to also achieve the optimum seat height Perfect compromise between maximum chassis performance and lowest possible vehicle height No restrictions on riding dynamics,Motor Vehicle Parts,,Adult,45412955144S,WP - Lowering kit,WP - Technical Accessories,new,FALSE,,,,,,,kg,,
wp-46001086000,"Protection ring 20,1x39x5","Protection ring 20,1x39x5",WP,Vehicles & Parts > Vehicle Parts & Accessories > Motor Vehicle Parts,WP - Spare Parts,WP - Pro Components,TRUE,Title,Default Title,,,,,46001086000,,shopify,,continue,manual,6.11,,TRUE,TRUE,9010152353849,,,,FALSE,"Protection ring 20,1x39x5","Protection ring 20,1x39x5",Motor Vehicle Parts,,Adult,46001086000,WP - Spare Parts,WP - Pro Components,new,FALSE,,,,,,,kg,,
wp-46201032022,Triple clamp,Triple clamp,WP,Vehicles & Parts > Vehicle Parts & Accessories > Motor Vehicle Parts,WP - Spare Parts,WP - Pro Components,TRUE,Title,Default Title,,,,,46201032022,,shopify,,continue,manual,218.83,,TRUE,TRUE,9010152471062,https://cdn.shopify.com/s/files/1/0511/7820/9461/files/pho_fallback_fallback_no_picture__sall__awsg__v1.jpg?v=1774382207,1,Triple clamp,FALSE,Triple clamp,Triple clamp,Motor Vehicle Parts,,Adult,46201032022,WP - Spare Parts,WP - Pro Components,new,FALSE,,,,,,,kg,,
wp-46301996100,Factory start device,<ul><li>Provides more traction when starting</li><li>Made of high-strength aluminum</li><li>Elegant anodised surface</li><li>Pure race feeling</li><li>Mounted directly on the OEM-fork</li></ul><p></p>,WP,Vehicles & Parts > Vehicle Parts & Accessories > Motor Vehicle Parts,WP - Factory start,WP - Technical Accessories,TRUE,Title,Default Title,,,,,46301996100,,shopify,,continue,manual,119.06,,TRUE,TRUE,9010544258349,https://cdn.shopify.com/s/files/1/0511/7820/9461/files/pho_nmon_46301996100_factory_start__sall__awsg__v1.jpg?v=1650461478,1,Factory start device,FALSE,Factory start device,Provides more traction when starting Made of high-strength aluminum Elegant anodised surface Pure race feeling Mounted directly on the OEM-fork,Motor Vehicle Parts,,Adult,46301996100,WP - Factory start,WP - Technical Accessories,new,FALSE,,,,,,,kg,,
wp-46304905000,Preload adjuster,<ul><li>Fast preload adjustment</li><li>Use of the entire length of the thread on the shock absorber</li><li>Very easy operation</li><li>Extremely low weight</li><li>Dirt-resistance</li><li>Mechanical drive</li></ul><p></p>,WP,Vehicles & Parts > Vehicle Parts & Accessories > Motor Vehicle Parts,WP - Preload adjuster,WP - Technical Accessories,FALSE,Title,Default Title,,,,,46304905000,,shopify,,continue,manual,179.08,,TRUE,TRUE,9010544324419,https://cdn.shopify.com/s/files/1/0511/7820/9461/files/pho_nmon_46304905000_preload_adjuster__sall__awsg__v1.jpg?v=1650461374,1,Preload adjuster,FALSE,Preload adjuster,Fast preload adjustment Use of the entire length of the thread on the shock absorber Very easy operation Extremely low weight Dirt-resistance Mechanical drive,Motor Vehicle Parts,,Adult,46304905000,WP - Preload adjuster,WP - Technical Accessories,new,FALSE,,,,,,,kg,,
wp-47201996100faa,Factory start device,<ul><li>Provides more traction when starting</li><li>Made of high-strength aluminum</li><li>Elegant anodised surface</li><li>Pure race feeling</li><li>Mounted directly on the OEM-fork</li></ul><p></p>,WP,Vehicles & Parts > Vehicle Parts & Accessories > Motor Vehicle Parts,WP - Factory start,WP - Technical Accessories,TRUE,Title,Default Title,,,,,47201996100FAA,,shopify,,continue,manual,99.04,,TRUE,TRUE,9010544313925,https://cdn.shopify.com/s/files/1/0511/7820/9461/files/pho_nmon_47201996100faa_factory_start_device__sall__awsg__v1.jpg?v=1650461477,1,Factory start device,FALSE,Factory start device,Provides more traction when starting Made of high-strength aluminum Elegant anodised surface Pure race feeling Mounted directly on the OEM-fork,Motor Vehicle Parts,,Adult,47201996100FAA,WP - Factory start,WP - Technical Accessories,new,FALSE,,,,,,,kg,,
wp-47201999014c1a,Factory triple clamp,"<ul><li>CNC milled aluminum triple clamp</li><li>Elegant anodised surface</li><li>Optimally tuned steering stem stiffness</li><li>100% alignment of the fork tubes</li><li>Ideal flexibility – precisely customised to the WP fork</li><li>Specially optimised geometry of the fork clamping</li><li>No ovalization of the fork outer tube</li><li>Highly precise and smooth fork response</li><li>Maximum handling gain</li><li>Gain in stability at the front wheel</li><li>Overall, more homogeneous force flows in the entire vehicle</li><li>Including steering stem with steering head bearing already pressed on</li></ul><p></p>",WP,Vehicles & Parts > Vehicle Parts & Accessories > Motor Vehicle Parts,WP - Triple clamp,WP - Technical Accessories,TRUE,Title,Default Title,,,,,47201999014C1A,,shopify,,continue,manual,499.06,,TRUE,TRUE,9010544350845,https://cdn.shopify.com/s/files/1/0511/7820/9461/files/pho_nmon_47201999014c1a_factory_triple_clamp__sall__awsg__v1.jpg?v=1656931860,1,Factory triple clamp,FALSE,Factory triple clamp,CNC milled aluminum triple clamp Elegant anodised surface Optimally tuned steering stem stiffness 100% alignment of the fork tubes Ideal flexibility – precisely customised to the WP fork Specially optimised geometry of the fork clamping No ovalization of the fork outer tube Highly precise and smooth fork response Maxi…,Motor Vehicle Parts,,Adult,47201999014C1A,WP - Triple clamp,WP - Technical Accessories,new,FALSE,,,,,,,kg,,
wp-48600044,"O-ring 6x1,5 NBR70","O-ring 6x1,5 NBR70",WP,Vehicles & Parts > Vehicle Parts & Accessories > Motor Vehicle Parts,WP - Spare Parts,WP - Pro Components,TRUE,Title,Default Title,,,,,48600044,,shopify,,continue,manual,1.33,,TRUE,TRUE,9010152450524,,,,FALSE,"O-ring 6x1,5 NBR70","O-ring 6x1,5 NBR70",Motor Vehicle Parts,,Adult,48600044,WP - Spare Parts,WP - Pro Components,new,FALSE,,,,,,,kg,,
wp-48600494s,Front Fork Fluid SAE 5,Front Fork Fluid SAE 5,WP,Vehicles & Parts > Vehicle Parts & Accessories > Motor Vehicle Parts,WP - Fork oil,WP - Oil,FALSE,Title,Default Title,,,,,48600494S,,shopify,,continue,manual,19.78,,TRUE,TRUE,9010152447623,https://cdn.shopify.com/s/files/1/0511/7820/9461/files/pho_nmon_48600494s_fork_fluid_sae_5_1l__sall__awsg__v1.jpg?v=1662365357,1,Front Fork Fluid SAE 5,FALSE,Front Fork Fluid SAE 5,Front Fork Fluid SAE 5,Motor Vehicle Parts,,Adult,48600494S,WP - Fork oil,WP - Oil,new,FALSE,,,,,,,kg,,
wp-48600495s,Front Fork Fluid SAE 7.5,Front Fork Fluid SAE 7.5,WP,Vehicles & Parts > Vehicle Parts & Accessories > Motor Vehicle Parts,WP - Fork oil,WP - Oil,TRUE,Title,Default Title,,,,,48600495S,,shopify,,continue,manual,19.96,,TRUE,TRUE,9010152447616,https://cdn.shopify.com/s/files/1/0511/7820/9461/files/pho_nmon_48600495s_fork_fluid_sae_7_5_1l__sall__awsg__v1.jpg?v=1662365367,1,Front Fork Fluid SAE 7.5,FALSE,Front Fork Fluid SAE 7.5,Front Fork Fluid SAE 7.5,Motor Vehicle Parts,,Adult,48600495S,WP - Fork oil,WP - Oil,new,FALSE,,,,,,,kg,,
wp-48600496s,Front Fork Fluid SAE 10,Front Fork Fluid SAE 10,WP,Vehicles & Parts > Vehicle Parts & Accessories > Motor Vehicle Parts,WP - Fork oil,WP - Oil,FALSE,Title,Default Title,,,,,48600496S,,shopify,,continue,manual,19.96,,TRUE,TRUE,9010152447609,https://cdn.shopify.com/s/files/1/0511/7820/9461/files/pho_nmon_48600496s_fork_fluid_sae_10_1l__sall__awsg__v1.jpg?v=1662365385,1,Front Fork Fluid SAE 10,FALSE,Front Fork Fluid SAE 10,Front Fork Fluid SAE 10,Motor Vehicle Parts,,Adult,48600496S,WP - Fork oil,WP - Oil,new,FALSE,,,,,,,kg,,
wp-48600497s,Front Fork Fluid SAE 15,Front Fork Fluid SAE 15,WP,Vehicles & Parts > Vehicle Parts & Accessories > Motor Vehicle Parts,WP - Fork oil,WP - Oil,TRUE,Title,Default Title,,,,,48600497S,,shopify,,continue,manual,19.96,,TRUE,TRUE,9010152447593,https://cdn.shopify.com/s/files/1/0511/7820/9461/files/pho_nmon_48600497s_fork_fluid_sae_15_1l__sall__awsg__v1.jpg?v=1662365403,1,Front Fork Fluid SAE 15,FALSE,Front Fork Fluid SAE 15,Front Fork Fluid SAE 15,Motor Vehicle Parts,,Adult,48600497S,WP - Fork oil,WP - Oil,new,FALSE,,,,,,,kg,,
wp-48600498s,Front Fork Fluid SAE 20,Front Fork Fluid SAE 20,WP,Vehicles & Parts > Vehicle Parts & Accessories > Motor Vehicle Parts,WP - Fork oil,WP - Oil,FALSE,Title,Default Title,,,,,48600498S,,shopify,,continue,manual,19.96,,TRUE,TRUE,9010152447586,https://cdn.shopify.com/s/files/1/0511/7820/9461/files/pho_nmon_48600498s_fork_fluid_sae_20_1l__sall__awsg__v1.jpg?v=1662365416,1,Front Fork Fluid SAE 20,FALSE,Front Fork Fluid SAE 20,Front Fork Fluid SAE 20,Motor Vehicle Parts,,Adult,48600498S,WP - Fork oil,WP - Oil,new,FALSE,,,,,,,kg,,
wp-48601164,Factory start device Cone Valve,<ul><li>Provides more traction when starting</li><li>Mounted directly on the fork</li><li>Made of high-strength aluminum</li><li>Elegant anodised surface</li><li>Pure race feeling</li></ul><p></p><strong>Note</strong><br />Can only be used with XACT/ XPLOR PRO 7548/ 7448 forks,WP,Vehicles & Parts > Vehicle Parts & Accessories > Motor Vehicle Parts,WP - Special parts,WP - Technical Accessories,TRUE,Title,Default Title,,,,,48601164,,shopify,,continue,manual,89.06,,TRUE,TRUE,9010152442710,https://cdn.shopify.com/s/files/1/0511/7820/9461/files/pho_wp_nmon_startring__sall__awsg__v1.jpg?v=1680287451,1,Factory start device Cone Valve,FALSE,Factory start device Cone Valve,Provides more traction when starting Mounted directly on the fork Made of high-strength aluminum Elegant anodised surface Pure race feeling Note Can only be used with XACT/ XPLOR PRO 7548/ 7448 forks,Motor Vehicle Parts,,Adult,48601164,WP - Special parts,WP - Technical Accessories,new,FALSE,,,,,,,kg,,
wp-48601166s1,FRONT FORK FLUID SAE 4 5L,FRONT FORK FLUID SAE 4 5L,WP,Vehicles & Parts > Vehicle Parts & Accessories > Motor Vehicle Parts,WP - Fork oil,WP - Oil,TRUE,Title,Default Title,,,,,48601166S1,,shopify,,continue,manual,111.50,,TRUE,TRUE,9010152442703,https://cdn.shopify.com/s/files/1/0511/7820/9461/files/pho_nmon_48601166s1_fork_fluid_viscosity_4_5l__sall__awsg__v1.jpg?v=1662365426,1,FRONT FORK FLUID SAE 4 5L,FALSE,FRONT FORK FLUID SAE 4 5L,FRONT FORK FLUID SAE 4 5L,Motor Vehicle Parts,,Adult,48601166S1,WP - Fork oil,WP - Oil,new,FALSE,,,,,,,kg,,
wp-48601166s4,Front Fork Fluid SAE 4 200L,Front Fork Fluid SAE 4 200L,WP,Vehicles & Parts > Vehicle Parts & Accessories > Motor Vehicle Parts,WP - Fork oil,WP - Oil,TRUE,Title,Default Title,,,,,48601166S4,,shopify,,continue,manual,3499.02,,TRUE,TRUE,9010152442680,https://cdn.shopify.com/s/files/1/0511/7820/9461/files/pho_fallback_fallback_no_picture__sall__awsg__v1.jpg?v=1774382207,1,Front Fork Fluid SAE 4 200L,FALSE,Front Fork Fluid SAE 4 200L,Front Fork Fluid SAE 4 200L,Motor Vehicle Parts,,Adult,48601166S4,WP - Fork oil,WP - Oil,new,FALSE,,,,,,,kg,,
wp-48601193,Factory triple clamp,Factory triple clamp,WP,Vehicles & Parts > Vehicle Parts & Accessories > Motor Vehicle Parts,WP - Sale,WP - Pro Components,FALSE,Title,Default Title,,,,,48601193,,shopify,,continue,manual,,,TRUE,TRUE,,https://cdn.shopify.com/s/files/1/0511/7820/9461/files/pho_wp_nmon_gabelbr_cke_wp_48601193__sall__awsg__v1.png?v=1680287592,1,Factory triple clamp,FALSE,Factory triple clamp,Factory triple clamp,Motor Vehicle Parts,,Adult,48601193,WP - Sale,WP - Pro Components,new,FALSE,,,,,,,kg,,
wp-48601194,Handlebar riser 3mm,Handlebar riser 3mm,WP,Vehicles & Parts > Vehicle Parts & Accessories > Motor Vehicle Parts,WP - Spare Parts,WP - Pro Components,TRUE,Title,Default Title,,,,,48601194,,shopify,,continue,manual,29.04,,TRUE,TRUE,9010152442550,https://cdn.shopify.com/s/files/1/0511/7820/9461/files/pho_wp_nmon_48601194_1__sall__awsg__v1.jpg?v=1680287544,1,Handlebar riser 3mm,FALSE,Handlebar riser 3mm,Handlebar riser 3mm,Motor Vehicle Parts,,Adult,48601194,WP - Spare Parts,WP - Pro Components,new,FALSE,,,,,,,kg,,
wp-48601195,Handlebar riser 6mm,Handlebar riser 6mm,WP,Vehicles & Parts > Vehicle Parts & Accessories > Motor Vehicle Parts,WP - Spare Parts,WP - Pro Components,TRUE,Title,Default Title,,,,,48601195,,shopify,,continue,manual,29.95,,TRUE,TRUE,9010152442543,https://cdn.shopify.com/s/files/1/0511/7820/9461/files/pho_wp_nmon_48601195_1__sall__awsg__v1.jpg?v=1680287543,1,Handlebar riser 6mm,FALSE,Handlebar riser 6mm,Handlebar riser 6mm,Motor Vehicle Parts,,Adult,48601195,WP - Spare Parts,WP - Pro Components,new,FALSE,,,,,,,kg,,
wp-48601196,Handlebar riser 10mm,Handlebar riser 10mm,WP,Vehicles & Parts > Vehicle Parts & Accessories > Motor Vehicle Parts,WP - Spare Parts,WP - Pro Components,TRUE,Title,Default Title,,,,,48601196,,shopify,,continue,manual,29.95,,TRUE,TRUE,9010152442536,https://cdn.shopify.com/s/files/1/0511/7820/9461/files/pho_wp_nmon_48601196_1__sall__awsg__v1.jpg?v=1680287543,1,Handlebar riser 10mm,FALSE,Handlebar riser 10mm,Handlebar riser 10mm,Motor Vehicle Parts,,Adult,48601196,WP - Spare Parts,WP - Pro Components,new,FALSE,,,,,,,kg,,
wp-48601494,Valve,Valve,WP,Vehicles & Parts > Vehicle Parts & Accessories > Motor Vehicle Parts,WP - Spare Parts,WP - Pro Components,TRUE,Title,Default Title,,,,,48601494,,shopify,,continue,manual,29.95,,TRUE,TRUE,9010152440655,,,,FALSE,Valve,Valve,Motor Vehicle Parts,,Adult,48601494,WP - Spare Parts,WP - Pro Components,new,FALSE,,,,,,,kg,,
wp-48601627,Valve cap,<ul><li>Elegant look</li></ul><p></p>,WP,Vehicles & Parts > Vehicle Parts & Accessories > Motor Vehicle Parts,WP - Special parts,WP - Technical Accessories,TRUE,Title,Default Title,,,,,48601627,,shopify,,continue,manual,5.45,,TRUE,TRUE,9010152439529,https://cdn.shopify.com/s/files/1/0511/7820/9461/files/pho_nmon_48601627_valve_cap__sall__awsg__v1.jpg?v=1650461323,1,Valve cap,FALSE,Valve cap,Elegant look,Motor Vehicle Parts,,Adult,48601627,WP - Special parts,WP - Technical Accessories,new,FALSE,,,,,,,kg,,
wp-49001081000,Tapered roller bearing,Tapered roller bearing,WP,Vehicles & Parts > Vehicle Parts & Accessories > Motor Vehicle Parts,WP - Spare Parts,WP - Pro Components,TRUE,Title,Default Title,,,,,49001081000,,shopify,,continue,manual,21.36,,TRUE,TRUE,9010152435767,https://cdn.shopify.com/s/files/1/0511/7820/9461/files/pho_fallback_fallback_no_picture__sall__awsg__v1.jpg?v=1774382207,1,Tapered roller bearing,FALSE,Tapered roller bearing,Tapered roller bearing,Motor Vehicle Parts,,Adult,49001081000,WP - Spare Parts,WP - Pro Components,new,FALSE,,,,,,,kg,,
wp-50180751s1,SHOCK FLUID SAE 2.5 5L,SHOCK FLUID SAE 2.5 5L,WP,Vehicles & Parts > Vehicle Parts & Accessories > Motor Vehicle Parts,WP - Shock absorber oil,WP - Oil,TRUE,Title,Default Title,,,,,50180751S1,,shopify,,continue,manual,111.50,,TRUE,TRUE,9010152427465,https://cdn.shopify.com/s/files/1/0511/7820/9461/files/pho_nmon_50180751s1_shock_absorber_oil_5l__sall__awsg__v1.jpg?v=1662365442,1,SHOCK FLUID SAE 2.5 5L,FALSE,SHOCK FLUID SAE 2.5 5L,SHOCK FLUID SAE 2.5 5L,Motor Vehicle Parts,,Adult,50180751S1,WP - Shock absorber oil,WP - Oil,new,FALSE,,,,,,,kg,,
wp-50180751s4,SHOCK FLUID SAE 2.5 205L,SHOCK FLUID SAE 2.5 205L,WP,Vehicles & Parts > Vehicle Parts & Accessories > Motor Vehicle Parts,WP - Shock absorber oil,WP - Oil,TRUE,Title,Default Title,,,,,50180751S4,,shopify,,continue,manual,3599.93,,TRUE,TRUE,9010152427441,https://cdn.shopify.com/s/files/1/0511/7820/9461/files/pho_fallback_fallback_no_picture__sall__awsg__v1.jpg?v=1774382207,1,SHOCK FLUID SAE 2.5 205L,FALSE,SHOCK FLUID SAE 2.5 205L,SHOCK FLUID SAE 2.5 205L,Motor Vehicle Parts,,Adult,50180751S4,WP - Shock absorber oil,WP - Oil,new,FALSE,,,,,,,kg,,
wp-50181126,Bladderholder,Bladderholder,WP,Vehicles & Parts > Vehicle Parts & Accessories > Motor Vehicle Parts,WP - Spare Parts,WP - Pro Components,TRUE,Title,Default Title,,,,,50181126,,shopify,,continue,manual,59.96,,TRUE,TRUE,9010152424983,,,,FALSE,Bladderholder,Bladderholder,Motor Vehicle Parts,,Adult,50181126,WP - Spare Parts,WP - Pro Components,new,FALSE,,,,,,,kg,,
wp-50181170,Bladder,Bladder,WP,Vehicles & Parts > Vehicle Parts & Accessories > Motor Vehicle Parts,WP - Spare Parts,WP - Pro Components,TRUE,Title,Default Title,,,,,50181170,,shopify,,continue,manual,49.97,,TRUE,TRUE,9010152424501,,,,FALSE,Bladder,Bladder,Motor Vehicle Parts,,Adult,50181170,WP - Spare Parts,WP - Pro Components,new,FALSE,,,,,,,kg,,
wp-50181177,Snap ring,Snap ring,WP,Vehicles & Parts > Vehicle Parts & Accessories > Motor Vehicle Parts,WP - Spare Parts,WP - Pro Components,TRUE,Title,Default Title,,,,,50181177,,shopify,,continue,manual,3.93,,TRUE,TRUE,9010152424433,,,,FALSE,Snap ring,Snap ring,Motor Vehicle Parts,,Adult,50181177,WP - Spare Parts,WP - Pro Components,new,FALSE,,,,,,,kg,,
wp-50181234,Bladder,Bladder,WP,Vehicles & Parts > Vehicle Parts & Accessories > Motor Vehicle Parts,WP - Spare Parts,WP - Pro Components,TRUE,Title,Default Title,,,,,50181234,,shopify,,continue,manual,49.97,,TRUE,TRUE,9010152423870,,,,FALSE,Bladder,Bladder,Motor Vehicle Parts,,Adult,50181234,WP - Spare Parts,WP - Pro Components,new,FALSE,,,,,,,kg,,
wp-50181235,Spring ring,Spring ring,WP,Vehicles & Parts > Vehicle Parts & Accessories > Motor Vehicle Parts,WP - Spare Parts,WP - Pro Components,TRUE,Title,Default Title,,,,,50181235,,shopify,,continue,manual,6.96,,TRUE,TRUE,9010152423863,,,,FALSE,Spring ring,Spring ring,Motor Vehicle Parts,,Adult,50181235,WP - Spare Parts,WP - Pro Components,new,FALSE,,,,,,,kg,,
wp-50312955044,Lowering kit,"The low suspension kits specially developed by KTM in collaboration with WP are the perfect compromise between maximum chassis performance and minimum possible seat height. Just like the standard parts, the components used here are manufactured from the highest quality materials and, just like the standard parts, they have been specially tuned for offroad use in intensive endurance tests. To ensure best possible function of the suspension kits, we only recommend use with a rider weight of up to 70 kg.",WP,Vehicles & Parts > Vehicle Parts & Accessories > Motor Vehicle Parts,WP - Lowering kit,WP - Technical Accessories,FALSE,Title,Default Title,,,,,50312955044,,shopify,,continue,manual,449.03,,TRUE,TRUE,9010152568199,https://cdn.shopify.com/s/files/1/0511/7820/9461/files/pho_nmon_78012955044_low_suspension_kit__sall__awsg__v1.jpg?v=1680287544,1,Lowering kit,FALSE,Lowering kit,"The low suspension kits specially developed by KTM in collaboration with WP are the perfect compromise between maximum chassis performance and minimum possible seat height. Just like the standard parts, the components used here are manufactured from the highest quality materials and, just like the standard parts, they…",Motor Vehicle Parts,,Adult,50312955044,WP - Lowering kit,WP - Technical Accessories,new,FALSE,,,,,,,kg,,
wp-52000117,Track Tape,"<ul><li class=""li-square"">Height: 80mm</li><li class=""li-square"">Metre/pulley: 500m</li><li class=""li-square"">Material: 100% Polyester</li></ul>",WP,Vehicles & Parts > Vehicle Parts & Accessories > Motor Vehicle Parts,WP - Event material,WP - Retail &amp; Marketing Material,FALSE,Title,Default Title,,,,,52000117,,shopify,,continue,manual,,,TRUE,TRUE,,https://cdn.shopify.com/s/files/1/0511/7820/9461/files/pho_wp_nmon_barrier_tape__sall__awsg__v1.jpg?v=1680287473,1,Track Tape,FALSE,Track Tape,Height: 80mm Metre/pulley: 500m Material: 100% Polyester,Motor Vehicle Parts,,Adult,52000117,WP - Event material,WP - Retail &amp; Marketing Material,new,FALSE,,,,,,,kg,,
wp-52000146,Sticker,Sticker,WP,Vehicles & Parts > Vehicle Parts & Accessories > Motor Vehicle Parts,WP - Spare Parts,WP - Pro Components,TRUE,Title,Default Title,,,,,52000146,,shopify,,continue,manual,5.69,,TRUE,TRUE,9010152553997,,,,FALSE,Sticker,Sticker,Motor Vehicle Parts,,Adult,52000146,WP - Spare Parts,WP - Pro Components,new,FALSE,,,,,,,kg,,
wp-52000182,Racing Umbrella,Diameter ca. 130 cm,WP,Vehicles & Parts > Vehicle Parts & Accessories > Motor Vehicle Parts,WP - Merchandising material,WP - Retail &amp; Marketing Material,FALSE,Title,Default Title,,,,,52000182,,shopify,,continue,manual,,,TRUE,TRUE,,https://cdn.shopify.com/s/files/1/0511/7820/9461/files/pho_wp_nmon_wp_umbrella_52000182__sall__awsg__v1.jpg?v=1680287472,1,Racing Umbrella,FALSE,Racing Umbrella,Diameter ca. 130 cm,Motor Vehicle Parts,,Adult,52000182,WP - Merchandising material,WP - Retail &amp; Marketing Material,new,FALSE,,,,,,,kg,,
wp-52000185,Sticker sheet,<ul><li>Made of robust material</li><li>Pre-cut stickers</li></ul><p></p>1 sheet,WP,Vehicles & Parts > Vehicle Parts & Accessories > Motor Vehicle Parts,WP - Merchandising material,WP - Retail &amp; Marketing Material,FALSE,Title,Default Title,,,,,52000185,,shopify,,continue,manual,10.04,,TRUE,TRUE,9010152553799,https://cdn.shopify.com/s/files/1/0511/7820/9461/files/pho_nmon_stickerbogen_52000185__sall__awsg__v1.png?v=1650465276,1,Sticker sheet,FALSE,Sticker sheet,Made of robust material Pre-cut stickers 1 sheet,Motor Vehicle Parts,,Adult,52000185,WP - Merchandising material,WP - Retail &amp; Marketing Material,new,FALSE,,,,,,,kg,,
wp-52000194,Service pit mat,"<ul><li>This mat is already mandatory for many races</li><li>Complies with FIM regulations</li><li>The special material mix absorbs overflowing fuel</li><li>The mat also facilitates the retrieval of tools, screws and other small parts during service work</li><li>Rubberised back</li></ul><p></p><ul><li class=""li-disc"">Size: 170 cm x 100 cm</li></ul>",WP,Hardware > Tools,WP - Transportation,WP - Tool/transport,TRUE,Title,Default Title,,,,,52000194,,shopify,,continue,manual,139.03,,TRUE,TRUE,9010152553751,https://cdn.shopify.com/s/files/1/0511/7820/9461/files/pho_nmon_52000194_carpet__sall__awsg__v1.jpg?v=1650460575,1,Service pit mat,FALSE,Service pit mat,"This mat is already mandatory for many races Complies with FIM regulations The special material mix absorbs overflowing fuel The mat also facilitates the retrieval of tools, screws and other small parts during service work Rubberised back Size: 170 cm x 100 cm",Tools,,Adult,52000194,WP - Transportation,WP - Tool/transport,new,FALSE,,,,,,,kg,,
wp-52000312e,Sticker XACT LDS 80x29,Sticker XACT LDS 80x29,WP,Vehicles & Parts > Vehicle Parts & Accessories > Motor Vehicle Parts,WP - Spare Parts,WP - Pro Components,TRUE,Title,Default Title,,,,,52000312E,,shopify,,continue,manual,14.52,,TRUE,TRUE,9010544413502,,,,FALSE,Sticker XACT LDS 80x29,Sticker XACT LDS 80x29,Motor Vehicle Parts,,Adult,52000312E,WP - Spare Parts,WP - Pro Components,new,FALSE,,,,,,,kg,,
wp-52000347,Sticker sheet,<ul><li>Made of robust material</li><li>Pre-cut stickers</li></ul><p></p>,WP,Vehicles & Parts > Vehicle Parts & Accessories > Motor Vehicle Parts,WP - Decals,WP - Technical Accessories,TRUE,Title,Default Title,,,,,52000347,,shopify,,continue,manual,15.00,,TRUE,TRUE,9010544418019,https://cdn.shopify.com/s/files/1/0511/7820/9461/files/pho_nmon_52000347_sticker_sheet__sall__awsg__v1.jpg?v=1675956915,1,Sticker sheet,FALSE,Sticker sheet,Made of robust material Pre-cut stickers,Motor Vehicle Parts,,Adult,52000347,WP - Decals,WP - Technical Accessories,new,FALSE,,,,,,,kg,,
wp-53182r81set,APEX PRO 6500 Cartridge,"<ul><li>Open cartridge technology</li><li>Adjustable spring preload</li><li>Adjustable rebound damping</li><li>Adjustable compression damping</li><li>Greater stability</li><li>Improved damping behavior</li><li>Improved and calmer ride</li><li>Greater comfort</li></ul><p></p><strong>Scope of delivery</strong><ul><li class=""li-square"">Cartridge incl. 6.5 N/mm fork spring</li><li class=""li-square"">Sticker</li></ul><p><strong>Notes</strong></p><p>When used with KTM 890 Duke you have to adjust compression and rebound adjuster according to setting list. Settings can be found under documents.</p>",WP,Vehicles & Parts > Vehicle Parts & Accessories > Motor Vehicle Parts,WP - Street,WP - Cartridge,TRUE,Title,Default Title,,,,,53182R81SET,,shopify,,continue,manual,849.12,,TRUE,TRUE,9010152550538,https://cdn.shopify.com/s/files/1/0511/7820/9461/files/pho_nmon_53182r81set_53272q81set_apex_pro_6500__sall__awsg__v2.png?v=1736355108,1,APEX PRO 6500 Cartridge,FALSE,APEX PRO 6500 Cartridge,Open cartridge technology Adjustable spring preload Adjustable rebound damping Adjustable compression damping Greater stability Improved damping behavior Improved and calmer ride Greater comfort Scope of delivery Cartridge incl. 6.5 N/mm fork spring Sticker Notes When used with KTM 890 Duke you have to adjust compress…,Motor Vehicle Parts,,Adult,53182R81SET,WP - Street,WP - Cartridge,new,FALSE,,,,,,,kg,,
wp-53272q81set,APEX PRO 6500 Cartridge,"<ul><li>Open cartridge technology</li><li>Adjustable spring preload</li><li>Adjustable rebound damping</li><li>Adjustable compression damping</li><li>Greater stability</li><li>Improved damping behavior</li><li>Improved and calmer ride</li><li>Greater comfort</li></ul><p></p><strong>Scope of delivery</strong><ul><li class=""li-square"">Cartridge incl. 9.0 N/mm fork spring</li><li class=""li-square"">Sticker</li></ul>",WP,Vehicles & Parts > Vehicle Parts & Accessories > Motor Vehicle Parts,WP - Street,WP - Cartridge,TRUE,Title,Default Title,,,,,53272Q81SET,,shopify,,continue,manual,849.12,,TRUE,TRUE,9010152550514,https://cdn.shopify.com/s/files/1/0511/7820/9461/files/pho_nmon_53182r81set_53272q81set_apex_pro_6500__sall__awsg__v2.png?v=1736355108,1,APEX PRO 6500 Cartridge,FALSE,APEX PRO 6500 Cartridge,Open cartridge technology Adjustable spring preload Adjustable rebound damping Adjustable compression damping Greater stability Improved damping behavior Improved and calmer ride Greater comfort Scope of delivery Cartridge incl. 9.0 N/mm fork spring Sticker,Motor Vehicle Parts,,Adult,53272Q81SET,WP - Street,WP - Cartridge,new,FALSE,,,,,,,kg,,
wp-54000235,Apron (one size),Apron (one size),WP,Apparel & Accessories > Clothing,WP - Other Accessoires,WP - Casual and Accessories,FALSE,Title,Default Title,,,,,54000235,,shopify,,continue,manual,,,TRUE,TRUE,,https://cdn.shopify.com/s/files/1/0511/7820/9461/files/pho_wp_nmon_wp_mechanic_apron__sall__awsg__v1.jpg?v=1680287450,1,Apron (one size),FALSE,Apron (one size),Apron (one size),Clothing,,Adult,54000235,WP - Other Accessoires,WP - Casual and Accessories,new,FALSE,,,,,,,kg,,
wp-54000237,Baseball Cap (one size),Baseball Cap (one size),WP,Apparel & Accessories > Clothing,WP - Headwear,WP - Casual and Accessories,FALSE,Title,Default Title,,,,,54000237,,shopify,,continue,manual,,,TRUE,TRUE,,https://cdn.shopify.com/s/files/1/0511/7820/9461/files/pho_wp_nmon_wp_man_cap_2__sall__awsg__v1.jpg?v=1680287473,1,Baseball Cap (one size),FALSE,Baseball Cap (one size),Baseball Cap (one size),Clothing,,Adult,54000237,WP - Headwear,WP - Casual and Accessories,new,FALSE,,,,,,,kg,,
wp-54000238,Flexfit Cap (one size),Flexfit Cap (one size),WP,Apparel & Accessories > Clothing,WP - Headwear,WP - Casual and Accessories,FALSE,Title,Default Title,,,,,54000238,,shopify,,continue,manual,,,TRUE,TRUE,,https://cdn.shopify.com/s/files/1/0511/7820/9461/files/pho_wp_nmon_wp_man_cap__sall__awsg__v1.jpg?v=1680287473,1,Flexfit Cap (one size),FALSE,Flexfit Cap (one size),Flexfit Cap (one size),Clothing,,Adult,54000238,WP - Headwear,WP - Casual and Accessories,new,FALSE,,,,,,,kg,,
wp-54000240,USB Stick 8GB,8 GB,WP,Vehicles & Parts > Vehicle Parts & Accessories > Motor Vehicle Parts,WP - Merchandising material,WP - Retail &amp; Marketing Material,FALSE,Title,Default Title,,,,,54000240,,shopify,,continue,manual,,,TRUE,TRUE,,https://cdn.shopify.com/s/files/1/0511/7820/9461/files/pho_wp_nmon_wp_usb_stick__sall__awsg__v1.jpg?v=1680287473,1,USB Stick 8GB,FALSE,USB Stick 8GB,8 GB,Motor Vehicle Parts,,Adult,54000240,WP - Merchandising material,WP - Retail &amp; Marketing Material,new,FALSE,,,,,,,kg,,
wp-54801036000,Steering head screw,Steering head screw,WP,Vehicles & Parts > Vehicle Parts & Accessories > Motor Vehicle Parts,WP - Spare Parts,WP - Pro Components,TRUE,Title,Default Title,,,,,54801036000,,shopify,,continue,manual,15.31,,TRUE,TRUE,9010152538383,https://cdn.shopify.com/s/files/1/0511/7820/9461/files/pho_fallback_fallback_no_picture__sall__awsg__v1.jpg?v=1774382207,1,Steering head screw,FALSE,Steering head screw,Steering head screw,Motor Vehicle Parts,,Adult,54801036000,WP - Spare Parts,WP - Pro Components,new,FALSE,,,,,,,kg,,
wp-54801036100,Collar screw,Collar screw,WP,Vehicles & Parts > Vehicle Parts & Accessories > Motor Vehicle Parts,WP - Spare Parts,WP - Pro Components,TRUE,Title,Default Title,,,,,54801036100,,shopify,,continue,manual,15.31,,TRUE,TRUE,9010152538369,https://cdn.shopify.com/s/files/1/0511/7820/9461/files/pho_fallback_fallback_no_picture__sall__awsg__v1.jpg?v=1774382207,1,Collar screw,FALSE,Collar screw,Collar screw,Motor Vehicle Parts,,Adult,54801036100,WP - Spare Parts,WP - Pro Components,new,FALSE,,,,,,,kg,,
wp-55062o01set,APEX PRO 7500 Cartridge,"<ul><li class=""li-circle"">Advanced closed-cartridge technology suitable for retrofitting</li><li class=""li-circle"">High performance and good response in any situation</li><li class=""li-circle"">All aluminum parts CNC- machined and anodized</li><li class=""li-circle"">Full adjustability with standard tools</li><li class=""li-circle"">Reduces tire abrasion and improves handling</li><li class=""li-circle"">This suspension puts your engine power where you want it - on the road!</li><li class=""li-circle"">Adjustable spring preload</li><li class=""li-circle"">Adjustable compression damping</li><li class=""li-circle"">Adjustable rebound damping</li></ul>",WP,Vehicles & Parts > Vehicle Parts & Accessories > Motor Vehicle Parts,WP - Street,WP - Cartridge,FALSE,Title,Default Title,,,,,55062O01SET,,shopify,,continue,manual,,,TRUE,TRUE,,https://cdn.shopify.com/s/files/1/0511/7820/9461/files/pho_wp_nmon_competitincartridgekit__sall__awsg__v1.jpg?v=1680287450,1,APEX PRO 7500 Cartridge,FALSE,APEX PRO 7500 Cartridge,Advanced closed-cartridge technology suitable for retrofitting High performance and good response in any situation All aluminum parts CNC- machined and anodized Full adjustability with standard tools Reduces tire abrasion and improves handling This suspension puts your engine power where you want it - on the road! Adj…,Motor Vehicle Parts,,Adult,55062O01SET,WP - Street,WP - Cartridge,new,FALSE,,,,,,,kg,,
wp-55062t11set,APEX PRO 7500 Cartridge,"<ul><li>Closed cartridge technology</li><li>Better response</li><li>Reduced tire wear</li><li>Greater confidence in all situations</li><li>Improved damping behavior</li><li>Finer adjustment options</li><li>Technology from the Supersport World Championship</li><li>Motorsport expertise for the street</li><li>All adjustments can be made externally</li><li>Adjustable spring preload</li><li>Adjustable rebound damping</li><li>Adjustable compression damping</li></ul><p></p><strong>Scope of delivery</strong><ul><li class=""li-square"">Cartridge incl. 9.0, 9.5 und 10 N/mm fork spring</li><li class=""li-square"">Spring spacer</li><li class=""li-square"">Sticker</li><li class=""li-square"">Tools</li></ul>",WP,Vehicles & Parts > Vehicle Parts & Accessories > Motor Vehicle Parts,WP - Street,WP - Cartridge,TRUE,Title,Default Title,,,,,55062T11SET,,shopify,,continue,manual,1982.52,,TRUE,TRUE,9010544199673,https://cdn.shopify.com/s/files/1/0511/7820/9461/files/pho_wp_nmon_55062t11set_apex_pro_7500_cartridge_bmw_s1000rr_my21__sall__awsg__v1.jpg?v=1680287412,1,APEX PRO 7500 Cartridge,FALSE,APEX PRO 7500 Cartridge,Closed cartridge technology Better response Reduced tire wear Greater confidence in all situations Improved damping behavior Finer adjustment options Technology from the Supersport World Championship Motorsport expertise for the street All adjustments can be made externally Adjustable spring preload Adjustable rebound…,Motor Vehicle Parts,,Adult,55062T11SET,WP - Street,WP - Cartridge,new,FALSE,,,,,,,kg,,
wp-55172p02set,APEX PRO 7500 Cartridge,"<ul><li>Closed cartridge technology</li><li>Better response</li><li>Reduced tire wear</li><li>Greater confidence in all situations</li><li>Improved damping behavior</li><li>Finer adjustment options</li><li>Technology from the Supersport World Championship</li><li>Motorsport expertise for the street</li><li>All adjustments can be made externally</li><li>Adjustable spring preload</li><li>Adjustable rebound damping</li><li>Adjustable compression damping</li></ul><p></p><strong>Scope of delivery</strong><ul><li class=""li-square"">Cartridge incl. 9.0, 9.5 und 10 N/mm fork spring</li><li class=""li-square"">Sticker</li><li class=""li-square"">Tools</li></ul>",WP,Vehicles & Parts > Vehicle Parts & Accessories > Motor Vehicle Parts,WP - Street,WP - Cartridge,TRUE,Title,Default Title,,,,,55172P02SET,,shopify,,continue,manual,1982.52,,TRUE,TRUE,9010152527288,https://cdn.shopify.com/s/files/1/0511/7820/9461/files/pho_nmon_55182t91set_apex_pro_7500__sall__awsg__v2.png?v=1736367236,1,APEX PRO 7500 Cartridge,FALSE,APEX PRO 7500 Cartridge,Closed cartridge technology Better response Reduced tire wear Greater confidence in all situations Improved damping behavior Finer adjustment options Technology from the Supersport World Championship Motorsport expertise for the street All adjustments can be made externally Adjustable spring preload Adjustable rebound…,Motor Vehicle Parts,,Adult,55172P02SET,WP - Street,WP - Cartridge,new,FALSE,,,,,,,kg,,
wp-55182n01set,APEX PRO 7500 Cartridge,"<ul><li>Closed cartridge technology</li><li>Better response</li><li>Reduced tire wear</li><li>Greater confidence in all situations</li><li>Improved damping behavior</li><li>Finer adjustment options</li><li>Technology from the Supersport World Championship</li><li>Motorsport expertise for the street</li><li>All adjustments can be made externally</li><li>Adjustable spring preload</li><li>Adjustable rebound damping</li><li>Adjustable compression damping</li></ul><p></p><strong>Scope of delivery</strong><ul><li class=""li-square"">Cartridge incl. 9.0, 9.5 und 10 N/mm fork spring</li><li class=""li-square"">Sticker</li><li class=""li-square"">Tools</li></ul>",WP,Vehicles & Parts > Vehicle Parts & Accessories > Motor Vehicle Parts,WP - Street,WP - Cartridge,FALSE,Title,Default Title,,,,,55182N01SET,,shopify,,continue,manual,,,TRUE,TRUE,,https://cdn.shopify.com/s/files/1/0511/7820/9461/files/pho_nmon_55182t91set_apex_pro_7500__sall__awsg__v2.png?v=1736367236,1,APEX PRO 7500 Cartridge,FALSE,APEX PRO 7500 Cartridge,Closed cartridge technology Better response Reduced tire wear Greater confidence in all situations Improved damping behavior Finer adjustment options Technology from the Supersport World Championship Motorsport expertise for the street All adjustments can be made externally Adjustable spring preload Adjustable rebound…,Motor Vehicle Parts,,Adult,55182N01SET,WP - Street,WP - Cartridge,new,FALSE,,,,,,,kg,,
wp-55182p01,XACT PRO 7500 Cartridge,"<ul><li class=""li-circle"">Same performance as the AER 48, but uses conventional coil spring system</li><li class=""li-circle"">Latest technology paired with traditional concept</li><li class=""li-circle"">High-quality original WP PRO COMPONENTS product</li></ul>",WP,Vehicles & Parts > Vehicle Parts & Accessories > Motor Vehicle Parts,WP - Offroad,WP - Cartridge,FALSE,Title,Default Title,,,,,55182P01,,shopify,,continue,manual,,,TRUE,TRUE,,https://cdn.shopify.com/s/files/1/0511/7820/9461/files/pho_wp_nmon_springkitaer482016__sall__awsg__v1.jpg?v=1680287473,1,XACT PRO 7500 Cartridge,FALSE,XACT PRO 7500 Cartridge,"Same performance as the AER 48, but uses conventional coil spring system Latest technology paired with traditional concept High-quality original WP PRO COMPONENTS product",Motor Vehicle Parts,,Adult,55182P01,WP - Offroad,WP - Cartridge,new,FALSE,,,,,,,kg,,
wp-55182p05,XACT PRO 7500 Cartridge,"<ul><li class=""li-circle"">Same performance as the AER 48, but uses conventional coil spring system</li><li class=""li-circle"">Latest technology paired with traditional concept</li><li class=""li-circle"">High-quality original WP PRO COMPONENTS product</li></ul>",WP,Vehicles & Parts > Vehicle Parts & Accessories > Motor Vehicle Parts,WP - Offroad,WP - Cartridge,FALSE,Title,Default Title,,,,,55182P05,,shopify,,continue,manual,610.02,,TRUE,TRUE,9010152527219,https://cdn.shopify.com/s/files/1/0511/7820/9461/files/pho_wp_nmon_springkitaer482016__sall__awsg__v1.jpg?v=1680287473,1,XACT PRO 7500 Cartridge,FALSE,XACT PRO 7500 Cartridge,"Same performance as the AER 48, but uses conventional coil spring system Latest technology paired with traditional concept High-quality original WP PRO COMPONENTS product",Motor Vehicle Parts,,Adult,55182P05,WP - Offroad,WP - Cartridge,new,FALSE,,,,,,,kg,,
wp-55182p07,XACT PRO 7500 Cartridge,"<ul><li class=""li-circle"">Same performance as the AER 48, but uses conventional coil spring system</li><li class=""li-circle"">Latest technology paired with traditional concept</li><li class=""li-circle"">High-quality original WP PRO COMPONENTS product</li></ul>",WP,Vehicles & Parts > Vehicle Parts & Accessories > Motor Vehicle Parts,WP - Offroad,WP - Cartridge,TRUE,Title,Default Title,,,,,55182P07,,shopify,,continue,manual,610.02,,TRUE,TRUE,9010152527202,https://cdn.shopify.com/s/files/1/0511/7820/9461/files/pho_wp_nmon_springkitaer482016__sall__awsg__v1.jpg?v=1680287473,1,XACT PRO 7500 Cartridge,FALSE,XACT PRO 7500 Cartridge,"Same performance as the AER 48, but uses conventional coil spring system Latest technology paired with traditional concept High-quality original WP PRO COMPONENTS product",Motor Vehicle Parts,,Adult,55182P07,WP - Offroad,WP - Cartridge,new,FALSE,,,,,,,kg,,
wp-55182p09,XACT PRO 7500 Cartridge,"<ul><li class=""li-circle"">Same performance as the AER 48, but uses conventional coil spring system</li><li class=""li-circle"">Latest technology paired with traditional concept</li><li class=""li-circle"">High-quality original WP PRO COMPONENTS product</li></ul>",WP,Vehicles & Parts > Vehicle Parts & Accessories > Motor Vehicle Parts,WP - Offroad,WP - Cartridge,FALSE,Title,Default Title,,,,,55182P09,,shopify,,continue,manual,610.02,,TRUE,TRUE,9010152527196,https://cdn.shopify.com/s/files/1/0511/7820/9461/files/pho_wp_nmon_springkitaer482016__sall__awsg__v1.jpg?v=1680287473,1,XACT PRO 7500 Cartridge,FALSE,XACT PRO 7500 Cartridge,"Same performance as the AER 48, but uses conventional coil spring system Latest technology paired with traditional concept High-quality original WP PRO COMPONENTS product",Motor Vehicle Parts,,Adult,55182P09,WP - Offroad,WP - Cartridge,new,FALSE,,,,,,,kg,,
wp-55182t01set,APEX PRO 7500 Cartridge,"<ul><li>Closed cartridge technology</li><li>Better response</li><li>Reduced tire wear</li><li>Greater confidence in all situations</li><li>Improved damping behavior</li><li>Finer adjustment options</li><li>Technology from the Supersport World Championship</li><li>Motorsport expertise for the street</li><li>All adjustments can be made externally</li><li>Adjustable spring preload</li><li>Adjustable rebound damping</li><li>Adjustable compression damping</li></ul><p></p><strong>Scope of delivery</strong><ul><li class=""li-square"">Cartridge incl. 9.0, 9.5 und 10 N/mm fork spring</li><li class=""li-square"">Spring spacer</li><li class=""li-square"">Sticker</li><li class=""li-square"">Tools</li></ul>",WP,Vehicles & Parts > Vehicle Parts & Accessories > Motor Vehicle Parts,WP - Street,WP - Cartridge,TRUE,Title,Default Title,,,,,55182T01SET,,shopify,,continue,manual,1586.01,,TRUE,TRUE,9010152527189,https://cdn.shopify.com/s/files/1/0511/7820/9461/files/pho_nmon_55182t91set_apex_pro_7500__sall__awsg__v2.png?v=1736367236,1,APEX PRO 7500 Cartridge,FALSE,APEX PRO 7500 Cartridge,Closed cartridge technology Better response Reduced tire wear Greater confidence in all situations Improved damping behavior Finer adjustment options Technology from the Supersport World Championship Motorsport expertise for the street All adjustments can be made externally Adjustable spring preload Adjustable rebound…,Motor Vehicle Parts,,Adult,55182T01SET,WP - Street,WP - Cartridge,new,FALSE,,,,,,,kg,,
wp-55182t91set,APEX PRO 7500 Cartridge,"<ul><li>Closed cartridge technology</li><li>Better response</li><li>Reduced tire wear</li><li>Greater confidence in all situations</li><li>Improved damping behavior</li><li>Finer adjustment options</li><li>Technology from the Supersport World Championship</li><li>Motorsport expertise for the street</li><li>All adjustments can be made externally</li><li>Adjustable spring preload</li><li>Adjustable rebound damping</li><li>Adjustable compression damping</li></ul><p></p><strong>Scope of delivery</strong><ul><li class=""li-square"">Cartridge incl. 8.0, 8.5 and 9.0 N/mm fork spring</li><li class=""li-square"">Spring spacer</li><li class=""li-square"">Sticker</li><li class=""li-square"">Tools</li></ul>",WP,Vehicles & Parts > Vehicle Parts & Accessories > Motor Vehicle Parts,WP - Street,WP - Cartridge,TRUE,Title,Default Title,,,,,55182T91SET,,shopify,,continue,manual,1586.01,,TRUE,TRUE,9010544635966,https://cdn.shopify.com/s/files/1/0511/7820/9461/files/pho_nmon_55182t91set_apex_pro_7500__sall__awsg__v2.png?v=1736367236,1,APEX PRO 7500 Cartridge,FALSE,APEX PRO 7500 Cartridge,Closed cartridge technology Better response Reduced tire wear Greater confidence in all situations Improved damping behavior Finer adjustment options Technology from the Supersport World Championship Motorsport expertise for the street All adjustments can be made externally Adjustable spring preload Adjustable rebound…,Motor Vehicle Parts,,Adult,55182T91SET,WP - Street,WP - Cartridge,new,FALSE,,,,,,,kg,,
wp-55232q11set,APEX PRO 7500 Cartridge,"<ul><li>Closed cartridge technology</li><li>Better response</li><li>Reduced tire wear</li><li>Greater confidence in all situations</li><li>Improved damping behavior</li><li>Finer adjustment options</li><li>Technology from the Supersport World Championship</li><li>Motorsport expertise for the street</li><li>All adjustments can be made externally</li><li>Adjustable spring preload</li><li>Adjustable rebound damping</li><li>Adjustable compression damping</li></ul><p></p><strong>Scope of delivery</strong><ul><li class=""li-square"">Cartridge incl. 9.0, 9.5 und 10 N/mm fork spring</li><li class=""li-square"">Sticker</li><li class=""li-square"">Tools</li></ul>",WP,Vehicles & Parts > Vehicle Parts & Accessories > Motor Vehicle Parts,WP - Street,WP - Cartridge,FALSE,Title,Default Title,,,,,55232Q11SET,,shopify,,continue,manual,,,TRUE,TRUE,,https://cdn.shopify.com/s/files/1/0511/7820/9461/files/pho_nmon_55182t91set_apex_pro_7500__sall__awsg__v2.png?v=1736367236,1,APEX PRO 7500 Cartridge,FALSE,APEX PRO 7500 Cartridge,Closed cartridge technology Better response Reduced tire wear Greater confidence in all situations Improved damping behavior Finer adjustment options Technology from the Supersport World Championship Motorsport expertise for the street All adjustments can be made externally Adjustable spring preload Adjustable rebound…,Motor Vehicle Parts,,Adult,55232Q11SET,WP - Street,WP - Cartridge,new,FALSE,,,,,,,kg,,
wp-55232q12set,APEX PRO 7500 Cartridge,"<ul><li>Closed cartridge technology</li><li>Better response</li><li>Reduced tire wear</li><li>Greater confidence in all situations</li><li>Improved damping behavior</li><li>Finer adjustment options</li><li>Technology from the Supersport World Championship</li><li>Motorsport expertise for the street</li><li>All adjustments can be made externally</li><li>Adjustable spring preload</li><li>Adjustable rebound damping</li><li>Adjustable compression damping</li></ul><p></p><strong>Scope of delivery</strong><ul><li class=""li-square"">Cartridge incl. 9.0, 9.5 und 10 N/mm fork spring</li><li class=""li-square"">Sticker</li><li class=""li-square"">Tools</li></ul>",WP,Vehicles & Parts > Vehicle Parts & Accessories > Motor Vehicle Parts,WP - Street,WP - Cartridge,TRUE,Title,Default Title,,,,,55232Q12SET,,shopify,,continue,manual,1982.52,,TRUE,TRUE,9010152527165,https://cdn.shopify.com/s/files/1/0511/7820/9461/files/pho_nmon_55182t91set_apex_pro_7500__sall__awsg__v2.png?v=1736367236,1,APEX PRO 7500 Cartridge,FALSE,APEX PRO 7500 Cartridge,Closed cartridge technology Better response Reduced tire wear Greater confidence in all situations Improved damping behavior Finer adjustment options Technology from the Supersport World Championship Motorsport expertise for the street All adjustments can be made externally Adjustable spring preload Adjustable rebound…,Motor Vehicle Parts,,Adult,55232Q12SET,WP - Street,WP - Cartridge,new,FALSE,,,,,,,kg,,
wp-55272o02set,APEX PRO 7500 Cartridge,"<ul><li>Closed cartridge technology</li><li>Better response</li><li>Reduced tire wear</li><li>Greater confidence in all situations</li><li>Improved damping behavior</li><li>Finer adjustment options</li><li>Technology from the Supersport World Championship</li><li>Motorsport expertise for the street</li><li>All adjustments can be made externally</li><li>Adjustable spring preload</li><li>Adjustable rebound damping</li><li>Adjustable compression damping</li></ul><p></p><strong>Scope of delivery</strong><ul><li class=""li-square"">Cartridge incl. 9.0, 9.5 und 10 N/mm fork spring</li><li class=""li-square"">Sticker</li><li class=""li-square"">Tools</li></ul>",WP,Vehicles & Parts > Vehicle Parts & Accessories > Motor Vehicle Parts,WP - Street,WP - Cartridge,FALSE,Title,Default Title,,,,,55272O02SET,,shopify,,continue,manual,,,TRUE,TRUE,,https://cdn.shopify.com/s/files/1/0511/7820/9461/files/pho_nmon_55182t91set_apex_pro_7500__sall__awsg__v2.png?v=1736367236,1,APEX PRO 7500 Cartridge,FALSE,APEX PRO 7500 Cartridge,Closed cartridge technology Better response Reduced tire wear Greater confidence in all situations Improved damping behavior Finer adjustment options Technology from the Supersport World Championship Motorsport expertise for the street All adjustments can be made externally Adjustable spring preload Adjustable rebound…,Motor Vehicle Parts,,Adult,55272O02SET,WP - Street,WP - Cartridge,new,FALSE,,,,,,,kg,,
wp-55272o03set,APEX PRO 7500 Cartridge,"<ul><li>Closed cartridge technology</li><li>Better response</li><li>Reduced tire wear</li><li>Greater confidence in all situations</li><li>Improved damping behavior</li><li>Finer adjustment options</li><li>Technology from the Supersport World Championship</li><li>Motorsport expertise for the street</li><li>All adjustments can be made externally</li><li>Adjustable spring preload</li><li>Adjustable rebound damping</li><li>Adjustable compression damping</li></ul><p></p><strong>Scope of delivery</strong><ul><li class=""li-square"">Cartridge incl. 9.0, 9.5 und 10 N/mm fork spring</li><li class=""li-square"">Sticker</li><li class=""li-square"">Tools</li></ul>",WP,Vehicles & Parts > Vehicle Parts & Accessories > Motor Vehicle Parts,WP - Street,WP - Cartridge,FALSE,Title,Default Title,,,,,55272O03SET,,shopify,,continue,manual,,,TRUE,TRUE,,https://cdn.shopify.com/s/files/1/0511/7820/9461/files/pho_nmon_55182t91set_apex_pro_7500__sall__awsg__v2.png?v=1736367236,1,APEX PRO 7500 Cartridge,FALSE,APEX PRO 7500 Cartridge,Closed cartridge technology Better response Reduced tire wear Greater confidence in all situations Improved damping behavior Finer adjustment options Technology from the Supersport World Championship Motorsport expertise for the street All adjustments can be made externally Adjustable spring preload Adjustable rebound…,Motor Vehicle Parts,,Adult,55272O03SET,WP - Street,WP - Cartridge,new,FALSE,,,,,,,kg,,
wp-55272q61set,APEX PRO 7500 Cartridge,"<ul><li>Closed cartridge technology</li><li>Better response</li><li>Reduced tire wear</li><li>Greater confidence in all situations</li><li>Improved damping behavior</li><li>Finer adjustment options</li><li>Technology from the Supersport World Championship</li><li>Motorsport expertise for the street</li><li>All adjustments can be made externally</li><li>Adjustable spring preload</li><li>Adjustable rebound damping</li><li>Adjustable compression damping</li></ul><p></p><strong>Scope of deliver</strong>y<ul><li class=""li-square"">Cartridge incl. 9.0, 9.5 und 10 N/mm fork spring</li><li class=""li-square"">Sticker</li><li class=""li-square"">Tools</li></ul>",WP,Vehicles & Parts > Vehicle Parts & Accessories > Motor Vehicle Parts,WP - Street,WP - Cartridge,TRUE,Title,Default Title,,,,,55272Q61SET,,shopify,,continue,manual,1982.52,,TRUE,TRUE,9010152526977,https://cdn.shopify.com/s/files/1/0511/7820/9461/files/pho_nmon_55182t91set_apex_pro_7500__sall__awsg__v2.png?v=1736367236,1,APEX PRO 7500 Cartridge,FALSE,APEX PRO 7500 Cartridge,Closed cartridge technology Better response Reduced tire wear Greater confidence in all situations Improved damping behavior Finer adjustment options Technology from the Supersport World Championship Motorsport expertise for the street All adjustments can be made externally Adjustable spring preload Adjustable rebound…,Motor Vehicle Parts,,Adult,55272Q61SET,WP - Street,WP - Cartridge,new,FALSE,,,,,,,kg,,
wp-58310025000,Wheel alignment gauge,The ideal tool for checking perfect wheel position when tensioning the chain.,WP,Hardware > Tools,WP - Measuring tool,WP - Special tools,FALSE,Title,Default Title,,,,,58310025000,,shopify,,continue,manual,37.99,,TRUE,TRUE,9010152626196,https://cdn.shopify.com/s/files/1/0511/7820/9461/files/pho_wp_nmon_58310025000_axle_gauge__sall__awsg__v1.jpg?v=1680287376,1,Wheel alignment gauge,FALSE,Wheel alignment gauge,The ideal tool for checking perfect wheel position when tensioning the chain.,Tools,,Adult,58310025000,WP - Measuring tool,WP - Special tools,new,FALSE,,,,,,,kg,,
wp-58310025000,,,,,,,,,,,,,,,,,,,,,,,,,https://cdn.shopify.com/s/files/1/0511/7820/9461/files/pho_nmon_58310025000_axle_gauge__sall__awsg__v1.jpg?v=1650466452,2,Wheel alignment gauge,,,,,,,,,,,,,,,,,,,,
wp-58310025100,Wheel alignment gauge,"<ul><li class=""li-square"">The ideal tool for checking perfect wheel position when tensioning the chain.</li></ul>",WP,Hardware > Tools,WP - Tools,WP - Tool/transport,FALSE,Title,Default Title,,,,,58310025100,,shopify,,continue,manual,49.97,,TRUE,TRUE,9010544417418,https://cdn.shopify.com/s/files/1/0511/7820/9461/files/pho_wp_nmon_58310025100_wheel_alignment_gauge__sall__awsg__v1.jpg?v=1721981243,1,Wheel alignment gauge,FALSE,Wheel alignment gauge,The ideal tool for checking perfect wheel position when tensioning the chain.,Tools,,Adult,58310025100,WP - Tools,WP - Tool/transport,new,FALSE,,,,,,,kg,,
wp-60812905044,Steering damper kit,<ul><li>Prevents unpleasant handlebar hits</li></ul><p></p>Developed by WP Suspension,WP,Vehicles & Parts > Vehicle Parts & Accessories > Motor Vehicle Parts,WP - Special parts,WP - Technical Accessories,FALSE,Title,Default Title,,,,,60812905044,,shopify,,continue,manual,249.02,,TRUE,TRUE,9010152675606,https://cdn.shopify.com/s/files/1/0511/7820/9461/files/pho_nmon_60812905044_steering_damper_kit__sall__awsg__v1.jpg?v=1713824983,1,Steering damper kit,FALSE,Steering damper kit,Prevents unpleasant handlebar hits Developed by WP Suspension,Motor Vehicle Parts,,Adult,60812905044,WP - Special parts,WP - Technical Accessories,new,FALSE,,,,,,,kg,,
wp-6170891000001a,Fender,<ul><li>Weight saving compared to series components</li><li>Extremely light</li><li>Made of high-quality carbon</li><li>Highest quality workmanship</li><li>Perfect for changing the look of your motorcycle</li><li>Silk matte surface</li></ul><p></p>,WP,Vehicles & Parts > Vehicle Parts & Accessories > Motor Vehicle Parts,WP - Decals,WP - Technical Accessories,TRUE,Title,Default Title,,,,,6170891000001A,,shopify,,continue,manual,293.61,,TRUE,TRUE,9010544448092,https://cdn.shopify.com/s/files/1/0511/7820/9461/files/pho_nmon_6170891000001a_fender__sall__awsg__v1.jpg?v=1779132863,1,Fender,FALSE,Fender,Weight saving compared to series components Extremely light Made of high-quality carbon Highest quality workmanship Perfect for changing the look of your motorcycle Silk matte surface,Motor Vehicle Parts,,Adult,6170891000001A,WP - Decals,WP - Technical Accessories,new,FALSE,,,,,,,kg,,
wp-63503223000c1,Side stand,Side stand,WP,Vehicles & Parts > Vehicle Parts & Accessories > Motor Vehicle Parts,WP - Spare Parts,WP - Pro Components,TRUE,Title,Default Title,,,,,63503223000C1,,shopify,,continue,manual,163.35,,TRUE,TRUE,9010152635242,https://cdn.shopify.com/s/files/1/0511/7820/9461/files/pho_fallback_fallback_no_picture__sall__awsg__v1.jpg?v=1774382207,1,Side stand,FALSE,Side stand,Side stand,Motor Vehicle Parts,,Adult,63503223000C1,WP - Spare Parts,WP - Pro Components,new,FALSE,,,,,,,kg,,
wp-63512955044,Lowering kit,<ul><li>25 mm lower seat height with unchanged ride dynamics</li><li>Standard mounted side stand can still be used</li></ul>,WP,Vehicles & Parts > Vehicle Parts & Accessories > Motor Vehicle Parts,WP - Lowering kit,WP - Technical Accessories,TRUE,Title,Default Title,,,,,63512955044,,shopify,,continue,manual,499.06,,TRUE,TRUE,9010152735423,https://cdn.shopify.com/s/files/1/0511/7820/9461/files/pho_nmon_63512955044_low_chassis_kit__sall__awsg__v1.jpg?v=1680287433,1,Lowering kit,FALSE,Lowering kit,25 mm lower seat height with unchanged ride dynamics Standard mounted side stand can still be used,Motor Vehicle Parts,,Adult,63512955044,WP - Lowering kit,WP - Technical Accessories,new,FALSE,,,,,,,kg,,
wp-63512955144,Lowering kit,<ul><li>25 mm lower seat height</li><li>No restrictions on riding dynamics</li><li>Developed together with the vehicle</li><li>The standard side stand can still be used</li></ul><p></p>,WP,Vehicles & Parts > Vehicle Parts & Accessories > Motor Vehicle Parts,WP - Lowering kit,WP - Technical Accessories,TRUE,Title,Default Title,,,,,63512955144,,shopify,,continue,manual,499.06,,TRUE,TRUE,9010544173727,https://cdn.shopify.com/s/files/1/0511/7820/9461/files/pho_nmon_63512955044_low_chassis_kit__sall__awsg__v1.jpg?v=1680287433,1,Lowering kit,FALSE,Lowering kit,25 mm lower seat height No restrictions on riding dynamics Developed together with the vehicle The standard side stand can still be used,Motor Vehicle Parts,,Adult,63512955144,WP - Lowering kit,WP - Technical Accessories,new,FALSE,,,,,,,kg,,
wp-63512955544,Lowering kit,"<ul><li class=""li-square"">25 mm lower seat height </li><li class=""li-square"">No restrictions on riding dynamics </li><li class=""li-square"">Developed together with the vehicle </li></ul>",WP,Vehicles & Parts > Vehicle Parts & Accessories > Motor Vehicle Parts,WP - Lowering kit,WP - Technical Accessories,TRUE,Title,Default Title,,,,,63512955544,,shopify,,continue,manual,299.05,,TRUE,TRUE,9010152735409,https://cdn.shopify.com/s/files/1/0511/7820/9461/files/pho_nmon_76912955044_76912955544_low_chassis_kit__sall__awsg__v1.jpg?v=1650464727,1,Lowering kit,FALSE,Lowering kit,25 mm lower seat height No restrictions on riding dynamics Developed together with the vehicle,Motor Vehicle Parts,,Adult,63512955544,WP - Lowering kit,WP - Technical Accessories,new,FALSE,,,,,,,kg,,
wp-63542203000,Brake line,Brake line,WP,Vehicles & Parts > Vehicle Parts & Accessories > Motor Vehicle Parts,WP - Spare Parts,WP - Pro Components,TRUE,Title,Default Title,,,,,63542203000,,shopify,,continue,manual,174.24,,TRUE,TRUE,9010152732538,https://cdn.shopify.com/s/files/1/0511/7820/9461/files/pho_fallback_fallback_no_picture__sall__awsg__v1.jpg?v=1774382207,1,Brake line,FALSE,Brake line,Brake line,Motor Vehicle Parts,,Adult,63542203000,WP - Spare Parts,WP - Pro Components,new,FALSE,,,,,,,kg,,
wp-63601042000,Thrust washer,Thrust washer,WP,Vehicles & Parts > Vehicle Parts & Accessories > Motor Vehicle Parts,WP - Spare Parts,WP - Pro Components,TRUE,Title,Default Title,,,,,63601042000,,shopify,,continue,manual,3.33,,TRUE,TRUE,9010152732507,,,,FALSE,Thrust washer,Thrust washer,Motor Vehicle Parts,,Adult,63601042000,WP - Spare Parts,WP - Pro Components,new,FALSE,,,,,,,kg,,
wp-63612955044,Lowering kit,<ul><li>25 mm lower seat height with unchanged ride dynamics</li><li>Standard mounted side stand can still be used</li></ul>,WP,Vehicles & Parts > Vehicle Parts & Accessories > Motor Vehicle Parts,WP - Lowering kit,WP - Technical Accessories,TRUE,Title,Default Title,,,,,63612955044,,shopify,,continue,manual,299.05,,TRUE,TRUE,9010152732033,https://cdn.shopify.com/s/files/1/0511/7820/9461/files/pho_nmon_63612955044_lowering_kit__sall__awsg__v1.jpg?v=1680287432,1,Lowering kit,FALSE,Lowering kit,25 mm lower seat height with unchanged ride dynamics Standard mounted side stand can still be used,Motor Vehicle Parts,,Adult,63612955044,WP - Lowering kit,WP - Technical Accessories,new,FALSE,,,,,,,kg,,
wp-6410199914430b,Factory triple clamp,"<ul><li class=""li-square"">CNC-machined aluminium triple clamp for pure race feeling</li><li class=""li-square"">Manufactured from high-strength aluminium</li><li class=""li-square"">High quality, black/silver anodised surface finish</li><li class=""li-square"">Stiffer than the standard triple clampMore precise handling in hard braking manoeuvres</li><li class=""li-square"">Less fork wear in the clamp area, thanks to better pressure distribution</li></ul>",WP,Vehicles & Parts > Vehicle Parts & Accessories > Motor Vehicle Parts,WP - Triple clamp,WP - Technical Accessories,TRUE,Title,Default Title,,,,,6410199914430B,,shopify,,continue,manual,599.07,,TRUE,TRUE,9010152731258,https://cdn.shopify.com/s/files/1/0511/7820/9461/files/pho_wp_nmon_ktm_pho_nmon_6410199918830b_6410199904430b_triple_clamp__sall__awsg__v1.jpg?v=1680287313,1,Factory triple clamp,FALSE,Factory triple clamp,"CNC-machined aluminium triple clamp for pure race feeling Manufactured from high-strength aluminium High quality, black/silver anodised surface finish Stiffer than the standard triple clampMore precise handling in hard braking manoeuvres Less fork wear in the clamp area, thanks to better pressure distribution",Motor Vehicle Parts,,Adult,6410199914430B,WP - Triple clamp,WP - Technical Accessories,new,FALSE,,,,,,,kg,,
wp-6410199914430b,,,,,,,,,,,,,,,,,,,,,,,,,https://cdn.shopify.com/s/files/1/0511/7820/9461/files/pho_nmon_6410199904430b_triple_clamp__sall__awsg__v1.jpg?v=1650464552,2,Factory triple clamp,,,,,,,,,,,,,,,,,,,,
wp-6410199918830b,Factory triple clamp,<ul><li>CNC milled aluminum triple clamp</li><li>Made of high-strength aluminum</li><li>Elegant anodised surface</li><li>Stiffer than the standard triple clamp</li><li>Lighter than the standard triple clamp</li><li>More precise handling during hard braking maneuvers</li><li>Better pressure distribution in the clamping area of the fork</li><li>Perfect for use on the race track</li></ul><p></p>,WP,Vehicles & Parts > Vehicle Parts & Accessories > Motor Vehicle Parts,WP - Triple clamp,WP - Technical Accessories,TRUE,Title,Default Title,,,,,6410199918830B,,shopify,,continue,manual,599.07,,TRUE,TRUE,9010544356502,https://cdn.shopify.com/s/files/1/0511/7820/9461/files/pho_nmon_6410199918830b_factory_triple_clamp__sall__awsg__v2.png?v=1705043607,1,Factory triple clamp,FALSE,Factory triple clamp,CNC milled aluminum triple clamp Made of high-strength aluminum Elegant anodised surface Stiffer than the standard triple clamp Lighter than the standard triple clamp More precise handling during hard braking maneuvers Better pressure distribution in the clamping area of the fork Perfect for use on the race track,Motor Vehicle Parts,,Adult,6410199918830B,WP - Triple clamp,WP - Technical Accessories,new,FALSE,,,,,,,kg,,
wp-64112955044,Lowering kit,<ul><li>Developed together with the vehicle</li><li>25 mm lower seat height</li><li>No restrictions on riding dynamics</li></ul>,WP,Vehicles & Parts > Vehicle Parts & Accessories > Motor Vehicle Parts,WP - Lowering kit,WP - Technical Accessories,TRUE,Title,Default Title,,,,,64112955044,,shopify,,continue,manual,299.05,,TRUE,TRUE,9010152728692,https://cdn.shopify.com/s/files/1/0511/7820/9461/files/pho_nmon_64112955044_lowering_kit__sall__awsg__v1.jpg?v=1683881057,1,Lowering kit,FALSE,Lowering kit,Developed together with the vehicle 25 mm lower seat height No restrictions on riding dynamics,Motor Vehicle Parts,,Adult,64112955044,WP - Lowering kit,WP - Technical Accessories,new,FALSE,,,,,,,kg,,
wp-70009082000,"Collar screw M20x1,5","Collar screw M20x1,5",WP,Vehicles & Parts > Vehicle Parts & Accessories > Motor Vehicle Parts,WP - Spare Parts,WP - Pro Components,TRUE,Title,Default Title,,,,,70009082000,,shopify,,continue,manual,9.80,,TRUE,TRUE,9010152713865,https://cdn.shopify.com/s/files/1/0511/7820/9461/files/pho_fallback_fallback_no_picture__sall__awsg__v1.jpg?v=1774382207,1,"Collar screw M20x1,5",FALSE,"Collar screw M20x1,5","Collar screw M20x1,5",Motor Vehicle Parts,,Adult,70009082000,WP - Spare Parts,WP - Pro Components,new,FALSE,,,,,,,kg,,
wp-72112955044,Lowering kit,<ul><li>Made of the highest quality materials</li><li>Tested in the toughest conditions</li><li>Developed together with the vehicle</li><li>Enables shorter drivers to also achieve the optimum seat height</li><li>Perfect compromise between maximum chassis performance and lowest possible vehicle height</li><li>No restrictions on riding dynamics</li></ul><p></p>,WP,Vehicles & Parts > Vehicle Parts & Accessories > Motor Vehicle Parts,WP - Lowering kit,WP - Technical Accessories,FALSE,Title,Default Title,,,,,72112955044,,shopify,,continue,manual,169.04,,TRUE,TRUE,9010152702586,https://cdn.shopify.com/s/files/1/0511/7820/9461/files/pho_nmon_72012955033_lower_suspension_kit__sall__awsg__v1.jpg?v=1680287452,1,Lowering kit,FALSE,Lowering kit,Made of the highest quality materials Tested in the toughest conditions Developed together with the vehicle Enables shorter drivers to also achieve the optimum seat height Perfect compromise between maximum chassis performance and lowest possible vehicle height No restrictions on riding dynamics,Motor Vehicle Parts,,Adult,72112955044,WP - Lowering kit,WP - Technical Accessories,new,FALSE,,,,,,,kg,,
wp-72512955044,Lowering kit,"The low suspension kits specially developed by KTM in collaboration with WP are the perfect compromise between maximum chassis performance and minimum possible seat height. Just like the standard parts, the components used here are manufactured from the highest quality materials and, just like the standard parts, they have been specially tuned for offroad use in intensive endurance tests. To ensure best possible function of the suspension kits, we only recommend use with a rider weight of up to 70 kg.",WP,Vehicles & Parts > Vehicle Parts & Accessories > Motor Vehicle Parts,WP - Lowering kit,WP - Technical Accessories,FALSE,Title,Default Title,,,,,72512955044,,shopify,,continue,manual,169.04,,TRUE,TRUE,9010152700940,https://cdn.shopify.com/s/files/1/0511/7820/9461/files/pho_nmon_72012955033_lower_suspension_kit__sall__awsg__v1.jpg?v=1680287452,1,Lowering kit,FALSE,Lowering kit,"The low suspension kits specially developed by KTM in collaboration with WP are the perfect compromise between maximum chassis performance and minimum possible seat height. Just like the standard parts, the components used here are manufactured from the highest quality materials and, just like the standard parts, they…",Motor Vehicle Parts,,Adult,72512955044,WP - Lowering kit,WP - Technical Accessories,new,FALSE,,,,,,,kg,,
wp-76012955033,Lowering kit,25 mm lower seat height with unchanged ride dynamics.,WP,Vehicles & Parts > Vehicle Parts & Accessories > Motor Vehicle Parts,WP - Lowering kit,WP - Technical Accessories,FALSE,Title,Default Title,,,,,76012955033,,shopify,,continue,manual,499.06,,TRUE,TRUE,9010152812469,https://cdn.shopify.com/s/files/1/0511/7820/9461/files/pho_wp_nmon_127829_76012955033_low_chassis_kit__sall__awsg__v1.jpg?v=1779132730,1,Lowering kit,FALSE,Lowering kit,25 mm lower seat height with unchanged ride dynamics.,Motor Vehicle Parts,,Adult,76012955033,WP - Lowering kit,WP - Technical Accessories,new,FALSE,,,,,,,kg,,
wp-76409071240c1,Spoke,Spoke,WP,Vehicles & Parts > Vehicle Parts & Accessories > Motor Vehicle Parts,WP - Spare Parts,WP - Pro Components,TRUE,Title,Default Title,,,,,76409071240C1,,shopify,,continue,manual,4.54,,TRUE,TRUE,9010544401288,,,,FALSE,Spoke,Spoke,Motor Vehicle Parts,,Adult,76409071240C1,WP - Spare Parts,WP - Pro Components,new,FALSE,,,,,,,kg,,
wp-76512905000,Steering damper kit,<ul><li>Gain in stability at the front wheel</li><li>Fully adjustable</li><li>Top performance/price ratio</li><li>Well thought-out mounting of the damper enables individual handlebar adjustment</li></ul><p></p>,WP,Vehicles & Parts > Vehicle Parts & Accessories > Motor Vehicle Parts,WP - Offroad,WP - Steering Damper,FALSE,Title,Default Title,,,,,76512905000,,shopify,,continue,manual,699.08,,TRUE,TRUE,9010152800541,https://cdn.shopify.com/s/files/1/0511/7820/9461/files/pho_wp_nmon_76512905000_steering_damper_kit__sall__awsg__v2.jpg?v=1680287313,1,Steering damper kit,FALSE,Steering damper kit,Gain in stability at the front wheel Fully adjustable Top performance/price ratio Well thought-out mounting of the damper enables individual handlebar adjustment,Motor Vehicle Parts,,Adult,76512905000,WP - Offroad,WP - Steering Damper,new,FALSE,,,,,,,kg,,
wp-76912955044,Lowering kit,<ul><li>Perfect compromise between maximum chassis performance and minimum possible seat height</li><li>Highest quality workmanship</li><li>Manufactured from the highest quality materials</li></ul>,WP,Vehicles & Parts > Vehicle Parts & Accessories > Motor Vehicle Parts,WP - Lowering kit,WP - Technical Accessories,TRUE,Title,Default Title,,,,,76912955044,,shopify,,continue,manual,299.05,,TRUE,TRUE,9010152793058,https://cdn.shopify.com/s/files/1/0511/7820/9461/files/pho_nmon_76912955044_76912955544_low_chassis_kit__sall__awsg__v1.jpg?v=1650464727,1,Lowering kit,FALSE,Lowering kit,Perfect compromise between maximum chassis performance and minimum possible seat height Highest quality workmanship Manufactured from the highest quality materials,Motor Vehicle Parts,,Adult,76912955044,WP - Lowering kit,WP - Technical Accessories,new,FALSE,,,,,,,kg,,
wp-76912955044,,,,,,,,,,,,,,,,,,,,,,,,,https://cdn.shopify.com/s/files/1/0511/7820/9461/files/pho_wp_nmon_76912955044_76912955544_low_chassis_kit__sall__awsg__v1.jpg?v=1779132829,2,Lowering kit,,,,,,,,,,,,,,,,,,,,
wp-76912955544,Lowering kit,<ul><li>Perfect compromise between maximum chassis performance and minimum possible seat height</li><li>Highest quality workmanship</li><li>Manufactured from the highest quality materials</li></ul>,WP,Vehicles & Parts > Vehicle Parts & Accessories > Motor Vehicle Parts,WP - Lowering kit,WP - Technical Accessories,TRUE,Title,Default Title,,,,,76912955544,,shopify,,continue,manual,299.05,,TRUE,TRUE,9010152793034,https://cdn.shopify.com/s/files/1/0511/7820/9461/files/pho_nmon_76912955044_76912955544_low_chassis_kit__sall__awsg__v1.jpg?v=1650464727,1,Lowering kit,FALSE,Lowering kit,Perfect compromise between maximum chassis performance and minimum possible seat height Highest quality workmanship Manufactured from the highest quality materials,Motor Vehicle Parts,,Adult,76912955544,WP - Lowering kit,WP - Technical Accessories,new,FALSE,,,,,,,kg,,
wp-77012005050,Steering damper repair kit,Steering damper repair kit,WP,Vehicles & Parts > Vehicle Parts & Accessories > Motor Vehicle Parts,WP - Spare Parts,WP - Pro Components,TRUE,Title,Default Title,,,,,77012005050,,shopify,,continue,manual,9.98,,TRUE,TRUE,9010152789242,https://cdn.shopify.com/s/files/1/0511/7820/9461/files/pho_nmon_77012005050_steering_damper_reapir_kit__sall__awsg__v1.jpg?v=1650460575,1,Steering damper repair kit,FALSE,Steering damper repair kit,Steering damper repair kit,Motor Vehicle Parts,,Adult,77012005050,WP - Spare Parts,WP - Pro Components,new,FALSE,,,,,,,kg,,
wp-77012005144,Factory steering damper bracket,Factory steering damper bracket,WP,Vehicles & Parts > Vehicle Parts & Accessories > Motor Vehicle Parts,WP - Offroad,WP - Steering Damper,TRUE,Title,Default Title,,,,,77012005144,,shopify,,continue,manual,69.09,,TRUE,TRUE,9010152789235,https://cdn.shopify.com/s/files/1/0511/7820/9461/files/pho_wp_nmon_77012005144_clamp_for_steering_damper__sall__awsg__v1.jpg?v=1680287313,1,Factory steering damper bracket,FALSE,Factory steering damper bracket,Factory steering damper bracket,Motor Vehicle Parts,,Adult,77012005144,WP - Offroad,WP - Steering Damper,new,FALSE,,,,,,,kg,,
wp-77012005144,,,,,,,,,,,,,,,,,,,,,,,,,https://cdn.shopify.com/s/files/1/0511/7820/9461/files/pho_nmon_77012005144_clamp_for_steering_damper__sall__awsg__v1.jpg?v=1650465336,2,Factory steering damper bracket,,,,,,,,,,,,,,,,,,,,
wp-77012005544,Factory steering damper bracket,"<ul><li class=""li-square"">When used with SX models, TC/FC models from model year 16, and TX 300/FX models starting with MJ 17 the post mount 77212905444 must be installed.</li><li class=""li-square"">Can be used only in combination with the factory triple clamp.</li></ul>",WP,Vehicles & Parts > Vehicle Parts & Accessories > Motor Vehicle Parts,WP - Offroad,WP - Steering Damper,TRUE,Title,Default Title,,,,,77012005544,,shopify,,continue,manual,69.09,,TRUE,TRUE,9010152789211,https://cdn.shopify.com/s/files/1/0511/7820/9461/files/pho_wp_nmon_77012005144_clamp_for_steering_damper__sall__awsg__v1.jpg?v=1680287313,1,Factory steering damper bracket,FALSE,Factory steering damper bracket,"When used with SX models, TC/FC models from model year 16, and TX 300/FX models starting with MJ 17 the post mount 77212905444 must be installed. Can be used only in combination with the factory triple clamp.",Motor Vehicle Parts,,Adult,77012005544,WP - Offroad,WP - Steering Damper,new,FALSE,,,,,,,kg,,
wp-77012005544,,,,,,,,,,,,,,,,,,,,,,,,,https://cdn.shopify.com/s/files/1/0511/7820/9461/files/pho_nmon_77012005144_clamp_for_steering_damper__sall__awsg__v1.jpg?v=1650465336,2,Factory steering damper bracket,,,,,,,,,,,,,,,,,,,,
wp-77012005644,PHDS bracket for Factory steering damper,"<ul><li class=""li-square"">This bracket is required for fitting the progressive handlebar damping system (PHDS) SXS.07125200 in conjunction with factory steering damper 77012005000 or steering damper 58512050100, whereby the latter is only permissible if steering damper bracket 58512050144 or 58512050544 is used.</li><li class=""li-square"">Required for fitting PHDS handlebar support SXS14125200 when using steering damper 81312905000.</li></ul>",WP,Vehicles & Parts > Vehicle Parts & Accessories > Motor Vehicle Parts,WP - Offroad,WP - Steering Damper,TRUE,Title,Default Title,,,,,77012005644,,shopify,,continue,manual,49.07,,TRUE,TRUE,9010152789204,https://cdn.shopify.com/s/files/1/0511/7820/9461/files/pho_wp_nmon_77012005644_handlebar_riserkit__sall__awsg__v1.jpg?v=1680287314,1,PHDS bracket for Factory steering damper,FALSE,PHDS bracket for Factory steering damper,"This bracket is required for fitting the progressive handlebar damping system (PHDS) SXS.07125200 in conjunction with factory steering damper 77012005000 or steering damper 58512050100, whereby the latter is only permissible if steering damper bracket 58512050144 or 58512050544 is used. Required for fitting PHDS handl…",Motor Vehicle Parts,,Adult,77012005644,WP - Offroad,WP - Steering Damper,new,FALSE,,,,,,,kg,,
wp-77012005644,,,,,,,,,,,,,,,,,,,,,,,,,https://cdn.shopify.com/s/files/1/0511/7820/9461/files/pho_nmon_77012005644_handlebar_riserkit__sall__awsg__v1.jpg?v=1650466551,2,PHDS bracket for Factory steering damper,,,,,,,,,,,,,,,,,,,,
wp-77109072000c1s,Spoke nipple,Spoke nipple,WP,Vehicles & Parts > Vehicle Parts & Accessories > Motor Vehicle Parts,WP - Spare Parts,WP - Pro Components,TRUE,Title,Default Title,,,,,77109072000C1S,,shopify,,continue,manual,3.57,,TRUE,TRUE,9010544375602,,,,FALSE,Spoke nipple,Spoke nipple,Motor Vehicle Parts,,Adult,77109072000C1S,WP - Spare Parts,WP - Pro Components,new,FALSE,,,,,,,kg,,
wp-77110071193,Spoke,Spoke,WP,Vehicles & Parts > Vehicle Parts & Accessories > Motor Vehicle Parts,WP - Spare Parts,WP - Pro Components,TRUE,Title,Default Title,,,,,77110071193,,shopify,,continue,manual,4.48,,TRUE,TRUE,9010152782311,,,,FALSE,Spoke,Spoke,Motor Vehicle Parts,,Adult,77110071193,WP - Spare Parts,WP - Pro Components,new,FALSE,,,,,,,kg,,
wp-7711007120530,Spoke,Spoke,WP,Vehicles & Parts > Vehicle Parts & Accessories > Motor Vehicle Parts,WP - Spare Parts,WP - Pro Components,TRUE,Title,Default Title,,,,,7711007120530,,shopify,,continue,manual,4.48,,TRUE,TRUE,9010152782281,,,,FALSE,Spoke,Spoke,Motor Vehicle Parts,,Adult,7711007120530,WP - Spare Parts,WP - Pro Components,new,FALSE,,,,,,,kg,,
wp-77212905444,Steering damper counter bearing,Steering damper counter bearing,WP,Vehicles & Parts > Vehicle Parts & Accessories > Motor Vehicle Parts,WP - Offroad,WP - Steering Damper,TRUE,Title,Default Title,,,,,77212905444,,shopify,,continue,manual,179.08,,TRUE,TRUE,9010152777645,https://cdn.shopify.com/s/files/1/0511/7820/9461/files/pho_wp_nmon_81212005344_bracket_for_steering_damper__sall__awsg__v1.jpg?v=1680287313,1,Steering damper counter bearing,FALSE,Steering damper counter bearing,Steering damper counter bearing,Motor Vehicle Parts,,Adult,77212905444,WP - Offroad,WP - Steering Damper,new,FALSE,,,,,,,kg,,
wp-77212905444,,,,,,,,,,,,,,,,,,,,,,,,,https://cdn.shopify.com/s/files/1/0511/7820/9461/files/pho_nmon_81212005344_bracket_for_steering_damper__sall__awsg__v1.jpg?v=1656931989,2,Steering damper counter bearing,,,,,,,,,,,,,,,,,,,,
wp-77701084000,O-ring support with sealing lip,O-ring support with sealing lip,WP,Vehicles & Parts > Vehicle Parts & Accessories > Motor Vehicle Parts,WP - Spare Parts,WP - Pro Components,TRUE,Title,Default Title,,,,,77701084000,,shopify,,continue,manual,15.31,,TRUE,TRUE,9010152765109,https://cdn.shopify.com/s/files/1/0511/7820/9461/files/pho_fallback_fallback_no_picture__sall__awsg__v1.jpg?v=1774382207,1,O-ring support with sealing lip,FALSE,O-ring support with sealing lip,O-ring support with sealing lip,Motor Vehicle Parts,,Adult,77701084000,WP - Spare Parts,WP - Pro Components,new,FALSE,,,,,,,kg,,
wp-777019390x0,Handlebar riser,"<div class=""gs01l"">These CNC-machined, high-strength aluminum handlebar risers are extremely robust thanks to their special screw fastening (from below) on the triple clamp. Twisting and bending are therefore practically impossible. Use of these handlebar risers is only possible on CNC-machined triple clamps. Available in three different heights.</div>",WP,Vehicles & Parts > Vehicle Parts & Accessories > Motor Vehicle Parts,WP - Special parts,WP - Technical Accessories,TRUE,Article,77701939010,,,,,77701939010,,shopify,,continue,manual,59.05,,TRUE,TRUE,9010152764270,https://cdn.shopify.com/s/files/1/0511/7820/9461/files/pho_nmon_77701939010_77701939020_77701939030_cnc_handlebar_riser__sall__awsg__v1.jpg?v=1774382166,1,Handlebar riser - Article: 77701939010,FALSE,Handlebar riser,"These CNC-machined, high-strength aluminum handlebar risers are extremely robust thanks to their special screw fastening (from below) on the triple clamp. Twisting and bending are therefore practically impossible. Use of these handlebar risers is only possible on CNC-machined triple clamps. Available in three differen…",Motor Vehicle Parts,,Adult,77701939010,WP - Special parts,WP - Technical Accessories,new,FALSE,,,,,,,kg,,
wp-777019390x0,,,WP,,,,TRUE,Article,77701939020,,,,,77701939020,,shopify,,continue,manual,59.05,,TRUE,TRUE,9010152764263,,,,FALSE,,,,,Adult,77701939020,WP - Special parts,WP - Technical Accessories,new,FALSE,,,,,,,kg,,
wp-777019390x0,,,WP,,,,TRUE,Article,77701939030,,,,,77701939030,,shopify,,continue,manual,59.05,,TRUE,TRUE,9010152764256,,,,FALSE,,,,,Adult,77701939030,WP - Special parts,WP - Technical Accessories,new,FALSE,,,,,,,kg,,
wp-77719910100,C-Spanner,Practical tool for setting preload on the shock absorber without having to remove it.,WP,Hardware > Tools,WP - Tools,WP - Tool/transport,TRUE,Title,Default Title,,,,,77719910100,,shopify,,continue,manual,29.95,,TRUE,TRUE,9010544242508,https://cdn.shopify.com/s/files/1/0511/7820/9461/files/pho_wp_nmon_77719910100_hook_wrench__sall__awsg__v1.jpg?v=1680287313,1,C-Spanner,FALSE,C-Spanner,Practical tool for setting preload on the shock absorber without having to remove it.,Tools,,Adult,77719910100,WP - Tools,WP - Tool/transport,new,FALSE,,,,,,,kg,,
wp-77719910100,,,,,,,,,,,,,,,,,,,,,,,,,https://cdn.shopify.com/s/files/1/0511/7820/9461/files/pho_nmon_77719910100_hook_wrench__sall__awsg__v1.jpg?v=1650464178,2,C-Spanner,,,,,,,,,,,,,,,,,,,,
wp-78010070000c1,"Rim 2,5x18"" EXCEL","Rim 2,5x18"" EXCEL",WP,Vehicles & Parts > Vehicle Parts & Accessories > Motor Vehicle Parts,WP - Spare Parts,WP - Pro Components,TRUE,Title,Default Title,,,,,78010070000C1,,shopify,,continue,manual,174.24,,TRUE,TRUE,9010544401295,,,,FALSE,"Rim 2,5x18"" EXCEL","Rim 2,5x18"" EXCEL",Motor Vehicle Parts,,Adult,78010070000C1,WP - Spare Parts,WP - Pro Components,new,FALSE,,,,,,,kg,,
wp-79001939500,Progressive handlebar damping system (PHDS),"<ul><li>CNC milled handlebar mount with damping rubber inserts</li><li>Gentle on wrists and shoulder joints</li><li>Damping of hard shocks</li><li>Absorption of chassis and engine vibrations</li><li>Additional handlebar damping in horizontal direction</li><li>Optimum steering precision</li><li>Further dampers available in three different degrees of hardness (soft, medium, hard) for individual adjustment</li><li>Replaces the standard damping rubbers used in the handlebar mount</li></ul><p></p>",WP,Vehicles & Parts > Vehicle Parts & Accessories > Motor Vehicle Parts,WP - Special parts,WP - Technical Accessories,TRUE,Title,Default Title,,,,,79001939500,,shopify,,continue,manual,199.04,,TRUE,TRUE,9010152889218,https://cdn.shopify.com/s/files/1/0511/7820/9461/files/pho_nmon_79001939500_phds_progressive_handlebar_damping_system__sall__awsg__v1.jpg?v=1680287506,1,Progressive handlebar damping system (PHDS),FALSE,Progressive handlebar damping system (PHDS),"CNC milled handlebar mount with damping rubber inserts Gentle on wrists and shoulder joints Damping of hard shocks Absorption of chassis and engine vibrations Additional handlebar damping in horizontal direction Optimum steering precision Further dampers available in three different degrees of hardness (soft, medium,…",Motor Vehicle Parts,,Adult,79001939500,WP - Special parts,WP - Technical Accessories,new,FALSE,,,,,,,kg,,
wp-79001940144,Handlebar mount bushing kit,"<ul><li class=""li-square"">Conversion of the standard damped handlebar mount into a rigid one </li></ul>",WP,Vehicles & Parts > Vehicle Parts & Accessories > Motor Vehicle Parts,WP - Special parts,WP - Technical Accessories,TRUE,Title,Default Title,,,,,79001940144,,shopify,,continue,manual,39.99,,TRUE,TRUE,9010152889188,https://cdn.shopify.com/s/files/1/0511/7820/9461/files/pho_nmon_79001940044_bushing_kit_for_handlebar_mount__sall__awsg__v1.jpg?v=1650466270,1,Handlebar mount bushing kit,FALSE,Handlebar mount bushing kit,Conversion of the standard damped handlebar mount into a rigid one,Motor Vehicle Parts,,Adult,79001940144,WP - Special parts,WP - Technical Accessories,new,FALSE,,,,,,,kg,,
wp-7900199400049,Fork protector kit,<ul><li>For all 48 mm forks</li><li>Made of high-quality carbon</li></ul><p></p>,WP,Vehicles & Parts > Vehicle Parts & Accessories > Motor Vehicle Parts,WP - Protection,WP - Technical Accessories,TRUE,Title,Default Title,,,,,7900199400049,,shopify,,continue,manual,129.05,,TRUE,TRUE,9010152889133,https://cdn.shopify.com/s/files/1/0511/7820/9461/files/pho_nmon_8130199400049_carbon_fork_guards__sall__awsg__v1.jpg?v=1650465966,1,Fork protector kit,FALSE,Fork protector kit,For all 48 mm forks Made of high-quality carbon,Motor Vehicle Parts,,Adult,7900199400049,WP - Protection,WP - Technical Accessories,new,FALSE,,,,,,,kg,,
wp-79012970100,Steering damper counter bearing,Steering damper counter bearing,WP,Vehicles & Parts > Vehicle Parts & Accessories > Motor Vehicle Parts,WP - Offroad,WP - Steering Damper,TRUE,Title,Default Title,,,,,79012970100,,shopify,,continue,manual,179.08,,TRUE,TRUE,9010152882288,https://cdn.shopify.com/s/files/1/0511/7820/9461/files/pho_wp_nmon_79012970100_steering_damper_bracket__2___sall__awsg__v1.jpg?v=1680287313,1,Steering damper counter bearing,FALSE,Steering damper counter bearing,Steering damper counter bearing,Motor Vehicle Parts,,Adult,79012970100,WP - Offroad,WP - Steering Damper,new,FALSE,,,,,,,kg,,
wp-79012970100,,,,,,,,,,,,,,,,,,,,,,,,,https://cdn.shopify.com/s/files/1/0511/7820/9461/files/pho_nmon_79012970100_steering_damper_bracket__2___sall__awsg__v1.jpg?v=1650461279,2,Steering damper counter bearing,,,,,,,,,,,,,,,,,,,,
wp-79101900100,Bleeder valve,<ul><li>Specially developed for WP forks</li><li>Fork bleeding using finger pressure</li><li>Developed together with the vehicle</li></ul><p></p>,WP,Vehicles & Parts > Vehicle Parts & Accessories > Motor Vehicle Parts,WP - Special parts,WP - Technical Accessories,TRUE,Title,Default Title,,,,,79101900100,,shopify,,continue,manual,17.97,,TRUE,TRUE,9010544258134,https://cdn.shopify.com/s/files/1/0511/7820/9461/files/pho_nmon_25101900000_bleeder_valve__sall__awsg__v1.jpg?v=1650464996,1,Bleeder valve,FALSE,Bleeder valve,Specially developed for WP forks Fork bleeding using finger pressure Developed together with the vehicle,Motor Vehicle Parts,,Adult,79101900100,WP - Special parts,WP - Technical Accessories,new,FALSE,,,,,,,kg,,
wp-79101900100,,,,,,,,,,,,,,,,,,,,,,,,,https://cdn.shopify.com/s/files/1/0511/7820/9461/files/pho_nmon_25101900000_bleeder_valve_rear__sall__awsg__v1.jpg?v=1650464996,2,Bleeder valve,,,,,,,,,,,,,,,,,,,,
wp-79101933000,Steering stem,Steering stem,WP,Vehicles & Parts > Vehicle Parts & Accessories > Motor Vehicle Parts,WP - Spare Parts,WP - Pro Components,TRUE,Title,Default Title,,,,,79101933000,,shopify,,continue,manual,85.06,,TRUE,TRUE,9010152880123,https://cdn.shopify.com/s/files/1/0511/7820/9461/files/pho_fallback_fallback_no_picture__sall__awsg__v1.jpg?v=1774382207,1,Steering stem,FALSE,Steering stem,Steering stem,Motor Vehicle Parts,,Adult,79101933000,WP - Spare Parts,WP - Pro Components,new,FALSE,,,,,,,kg,,
wp-79101999021c1a,Factory Racing triple clamp,"<ul><li>Elegant anodised surface</li><li>CNC milled aluminum triple clamp</li><li>Optimally tuned steering stem stiffness</li><li>100% alignment of the fork tubes</li><li>Ideal flexibility – precisely customised to the WP fork</li><li>Specially optimised geometry of the fork clamping</li><li>No ovalization of the fork outer tube</li><li>Highly precise and smooth fork response</li><li>Maximum handling gain</li><li>Gain in stability at the front wheel</li><li>Overall, more homogeneous force flows in the entire vehicle</li><li>Simple offset adjustment</li><li>Including steering stem with steering head bearing already pressed on</li></ul><p></p><ul><li class=""li-square"">Very simple offset adjustment of 20 or 22 mm</li><li class=""li-square"">Shorter offset: Stability on fast straights</li><li class=""li-square"">Longer offset: easier and quicker cornering in curves</li></ul><p>Color differences between the upper and lower triple clamp cannot be technically ruled out.</p>",WP,Vehicles & Parts > Vehicle Parts & Accessories > Motor Vehicle Parts,WP - Triple clamp,WP - Technical Accessories,TRUE,Title,Default Title,,,,,79101999021C1A,,shopify,,continue,manual,549.04,,TRUE,TRUE,9010152880093,https://cdn.shopify.com/s/files/1/0511/7820/9461/files/pho_nmon_79101999021c1a_factory_gabelbr_cke_mx__sall__awsg__v1.jpg?v=1650464727,1,Factory Racing triple clamp,FALSE,Factory Racing triple clamp,Elegant anodised surface CNC milled aluminum triple clamp Optimally tuned steering stem stiffness 100% alignment of the fork tubes Ideal flexibility – precisely customised to the WP fork Specially optimised geometry of the fork clamping No ovalization of the fork outer tube Highly precise and smooth fork response Maxi…,Motor Vehicle Parts,,Adult,79101999021C1A,WP - Triple clamp,WP - Technical Accessories,new,FALSE,,,,,,,kg,,
wp-79104983000,Shock absorber linkage protection,<ul><li>Protects the linkage from damage</li><li>Simple and quick assembly</li></ul>,WP,Vehicles & Parts > Vehicle Parts & Accessories > Motor Vehicle Parts,WP - Protection,WP - Technical Accessories,TRUE,Title,Default Title,,,,,79104983000,,shopify,,continue,manual,27.95,,TRUE,TRUE,9010152879455,https://cdn.shopify.com/s/files/1/0511/7820/9461/files/pho_nmon_79104983000_linkage_protection__sall__awsg__v1.jpg?v=1650465049,1,Shock absorber linkage protection,FALSE,Shock absorber linkage protection,Protects the linkage from damage Simple and quick assembly,Motor Vehicle Parts,,Adult,79104983000,WP - Protection,WP - Technical Accessories,new,FALSE,,,,,,,kg,,
wp-79104983000,,,,,,,,,,,,,,,,,,,,,,,,,https://cdn.shopify.com/s/files/1/0511/7820/9461/files/pho_nmon_79104983000_shock_absorber_linkage_protection__sall__awsg__v1.jpg?v=1650465049,2,Shock absorber linkage protection,,,,,,,,,,,,,,,,,,,,
wp-7910907000030,"Rim 1,6x21"" EXCEL","Rim 1,6x21"" EXCEL",WP,Vehicles & Parts > Vehicle Parts & Accessories > Motor Vehicle Parts,WP - Spare Parts,WP - Pro Components,TRUE,Title,Default Title,,,,,7910907000030,,shopify,,continue,manual,194.39,,TRUE,TRUE,9010152877529,,,,FALSE,"Rim 1,6x21"" EXCEL","Rim 1,6x21"" EXCEL",Motor Vehicle Parts,,Adult,7910907000030,WP - Spare Parts,WP - Pro Components,new,FALSE,,,,,,,kg,,
wp-7911007000030,"Rim 2,5x19"" EXCEL","Rim 2,5x19"" EXCEL",WP,Vehicles & Parts > Vehicle Parts & Accessories > Motor Vehicle Parts,WP - Spare Parts,WP - Pro Components,TRUE,Title,Default Title,,,,,7911007000030,,shopify,,continue,manual,201.59,,TRUE,TRUE,9010152877345,,,,FALSE,"Rim 2,5x19"" EXCEL","Rim 2,5x19"" EXCEL",Motor Vehicle Parts,,Adult,7911007000030,WP - Spare Parts,WP - Pro Components,new,FALSE,,,,,,,kg,,
wp-79129955000bj,Bike stand,Bike stand,WP,Vehicles & Parts > Vehicle Parts & Accessories > Motor Vehicle Parts,WP - Spare Parts,WP - Pro Components,TRUE,Title,Default Title,,,,,79129955000BJ,,shopify,,continue,manual,129.05,,TRUE,TRUE,9010544273120,https://cdn.shopify.com/s/files/1/0511/7820/9461/files/pho_nmon_79129955000bj_bike_stand__sall__awsg__v1.jpg?v=1649961452,1,Bike stand,FALSE,Bike stand,Bike stand,Motor Vehicle Parts,,Adult,79129955000BJ,WP - Spare Parts,WP - Pro Components,new,FALSE,,,,,,,kg,,
wp-79129955000bjc,Bike stand,"<ul><li>Robust, solid construction</li><li>Modern and simple design</li><li>Easy to mount</li></ul><p></p><ul><li class=""li-square"">New bike stand generation</li><li class=""li-square"">Plastic - aluminum combined for highest stiffness</li><li class=""li-square"">Extremely stable due to a broad stand design</li><li class=""li-square"">Top plate in 2k injection molding technology</li><li class=""li-square"">Side plates for graphics mounting</li><li class=""li-square"">Use either the supplied, or your own graphics</li></ul>",WP,Hardware > Tools,WP - Stands,WP - Tool/transport,TRUE,Title,Default Title,,,,,79129955000BJC,,shopify,,continue,manual,139.03,,TRUE,TRUE,9010544288179,https://cdn.shopify.com/s/files/1/0511/7820/9461/files/pho_nmon_79129955000bjc_bike_stand__sall__awsg__v1.jpg?v=1650460575,1,Bike stand,FALSE,Bike stand,"Robust, solid construction Modern and simple design Easy to mount New bike stand generation Plastic - aluminum combined for highest stiffness Extremely stable due to a broad stand design Top plate in 2k injection molding technology Side plates for graphics mounting Use either the supplied, or your own graphics",Tools,,Adult,79129955000BJC,WP - Stands,WP - Tool/transport,new,FALSE,,,,,,,kg,,
wp-79129955014,Sticker kit,Sticker kit,WP,Vehicles & Parts > Vehicle Parts & Accessories > Motor Vehicle Parts,WP - Spare Parts,WP - Pro Components,TRUE,Title,Default Title,,,,,79129955014,,shopify,,continue,manual,37.99,,TRUE,TRUE,9010544286083,https://cdn.shopify.com/s/files/1/0511/7820/9461/files/pho_nmon_79129955014_sticker_kit_wp__sall__awsg__v1.jpg?v=1680287312,1,Sticker kit,FALSE,Sticker kit,Sticker kit,Motor Vehicle Parts,,Adult,79129955014,WP - Spare Parts,WP - Pro Components,new,FALSE,,,,,,,kg,,
wp-79129955020c1,Top plate,Top plate,WP,Vehicles & Parts > Vehicle Parts & Accessories > Motor Vehicle Parts,WP - Spare Parts,WP - Pro Components,FALSE,Title,Default Title,,,,,79129955020C1,,shopify,,continue,manual,29.95,,TRUE,TRUE,9010544290622,,,,FALSE,Top plate,Top plate,Motor Vehicle Parts,,Adult,79129955020C1,WP - Spare Parts,WP - Pro Components,new,FALSE,,,,,,,kg,,
wp-79129955030bj,Side part,Side part,WP,Vehicles & Parts > Vehicle Parts & Accessories > Motor Vehicle Parts,WP - Spare Parts,WP - Pro Components,FALSE,Title,Default Title,,,,,79129955030BJ,,shopify,,continue,manual,12.95,,TRUE,TRUE,9010544290370,https://cdn.shopify.com/s/files/1/0511/7820/9461/files/pho_nmon_79129955030_side_part__sall__awsg__v1.jpg?v=1680287312,1,Side part,FALSE,Side part,Side part,Motor Vehicle Parts,,Adult,79129955030BJ,WP - Spare Parts,WP - Pro Components,new,FALSE,,,,,,,kg,,
wp-7912995504001,Aluminum tube,Aluminum tube,WP,Vehicles & Parts > Vehicle Parts & Accessories > Motor Vehicle Parts,WP - Spare Parts,WP - Pro Components,FALSE,Title,Default Title,,,,,7912995504001,,shopify,,continue,manual,17.00,,TRUE,TRUE,9010544290639,https://cdn.shopify.com/s/files/1/0511/7820/9461/files/pho_nmon_79129955040_aluminum_rail__sall__awsg__v1.jpg?v=1680287312,1,Aluminum tube,FALSE,Aluminum tube,Aluminum tube,Motor Vehicle Parts,,Adult,7912995504001,WP - Spare Parts,WP - Pro Components,new,FALSE,,,,,,,kg,,
wp-79129955050ab,Sticker panel,Sticker panel,WP,Vehicles & Parts > Vehicle Parts & Accessories > Motor Vehicle Parts,WP - Spare Parts,WP - Pro Components,TRUE,Title,Default Title,,,,,79129955050AB,,shopify,,continue,manual,9.98,,TRUE,TRUE,9010544290394,https://cdn.shopify.com/s/files/1/0511/7820/9461/files/pho_nmon_79129955050ab_sticker_panel__sall__awsg__v1.jpg?v=1650461374,1,Sticker panel,FALSE,Sticker panel,Sticker panel,Motor Vehicle Parts,,Adult,79129955050AB,WP - Spare Parts,WP - Pro Components,new,FALSE,,,,,,,kg,,
wp-79401905000,Preload adjuster set,<ul><li>Tool-free adjustment of the preload adjuster from outside</li><li>The preload adjuster can be offset by +3 mm and +6 mm</li></ul>,WP,Vehicles & Parts > Vehicle Parts & Accessories > Motor Vehicle Parts,WP - Preload adjuster,WP - Technical Accessories,FALSE,Title,Default Title,,,,,79401905000,,shopify,,continue,manual,198.98,,TRUE,TRUE,9010152871695,https://cdn.shopify.com/s/files/1/0511/7820/9461/files/pho_nmon_79401905000_pre_load_adjuster_set__sall__awsg__v1.jpg?v=1680287506,1,Preload adjuster set,FALSE,Preload adjuster set,Tool-free adjustment of the preload adjuster from outside The preload adjuster can be offset by +3 mm and +6 mm,Motor Vehicle Parts,,Adult,79401905000,WP - Preload adjuster,WP - Technical Accessories,new,FALSE,,,,,,,kg,,
wp-79412966100,Fork airpump,<ul><li>Convenient and easy to use</li><li>Very easy operation</li><li>Adjusting the air pressure</li></ul>Pump for adjusting fork air pressure on the air suspension fork,WP,Hardware > Tools,WP - Air pump,WP - Special tools,TRUE,Title,Default Title,,,,,79412966100,,shopify,,continue,manual,99.04,,TRUE,TRUE,9010152870216,https://cdn.shopify.com/s/files/1/0511/7820/9461/files/pho_wp_nmon_t1317_79412966000__sall__awsg__v1.png?v=1680287592,1,Fork airpump,FALSE,Fork airpump,Convenient and easy to use Very easy operation Adjusting the air pressure Pump for adjusting fork air pressure on the air suspension fork,Tools,,Adult,79412966100,WP - Air pump,WP - Special tools,new,FALSE,,,,,,,kg,,
wp-79412966100,,,,,,,,,,,,,,,,,,,,,,,,,https://cdn.shopify.com/s/files/1/0511/7820/9461/files/pho_nmon_79412966000_air_pump_for_airfork__sall__awsg__v1.jpg?v=1650465314,2,Fork airpump,,,,,,,,,,,,,,,,,,,,
wp-79601905000,Preload adjuster set,<ul><li>Tool-free adjustment of the preload adjuster from outside</li><li>The preload adjuster can be offset by +3 mm and +6 mm</li></ul>,WP,Vehicles & Parts > Vehicle Parts & Accessories > Motor Vehicle Parts,WP - Preload adjuster,WP - Technical Accessories,TRUE,Title,Default Title,,,,,79601905000,,shopify,,continue,manual,199.04,,TRUE,TRUE,9010152864925,https://cdn.shopify.com/s/files/1/0511/7820/9461/files/pho_nmon_79401905000_pre_load_adjuster_set__sall__awsg__v1.jpg?v=1680287506,1,Preload adjuster set,FALSE,Preload adjuster set,Tool-free adjustment of the preload adjuster from outside The preload adjuster can be offset by +3 mm and +6 mm,Motor Vehicle Parts,,Adult,79601905000,WP - Preload adjuster,WP - Technical Accessories,new,FALSE,,,,,,,kg,,
wp-79601994000,Fork shoe protection kit,<ul><li>Protects the fork shoes from damage</li><li>Easy to mount</li></ul><p></p>,WP,Vehicles & Parts > Vehicle Parts & Accessories > Motor Vehicle Parts,WP - Protection,WP - Technical Accessories,TRUE,Title,Default Title,,,,,79601994000,,shopify,,continue,manual,29.95,,TRUE,TRUE,9010152864918,https://cdn.shopify.com/s/files/1/0511/7820/9461/files/pho_nmon_7960199400030_fork_protection_set__sall__awsg__v1.jpg?v=1650465364,1,Fork shoe protection kit,FALSE,Fork shoe protection kit,Protects the fork shoes from damage Easy to mount,Motor Vehicle Parts,,Adult,79601994000,WP - Protection,WP - Technical Accessories,new,FALSE,,,,,,,kg,,
wp-79612955144,Lowering kit,<ul><li>Made of the highest quality materials</li><li>Tested in the toughest conditions</li><li>Developed together with the vehicle</li><li>Perfect compromise between maximum chassis performance and lowest possible vehicle height</li><li>No restrictions on riding dynamics</li><li>Enables shorter drivers to also achieve the optimum seat height</li></ul>,WP,Vehicles & Parts > Vehicle Parts & Accessories > Motor Vehicle Parts,WP - Lowering kit,WP - Technical Accessories,TRUE,Title,Default Title,,,,,79612955144,,shopify,,continue,manual,199.04,,TRUE,TRUE,9010152862839,https://cdn.shopify.com/s/files/1/0511/7820/9461/files/pho_nmon_79612955044_low_suspension_kit__sall__awsg__v1.jpg?v=1650465709,1,Lowering kit,FALSE,Lowering kit,Made of the highest quality materials Tested in the toughest conditions Developed together with the vehicle Perfect compromise between maximum chassis performance and lowest possible vehicle height No restrictions on riding dynamics Enables shorter drivers to also achieve the optimum seat height,Motor Vehicle Parts,,Adult,79612955144,WP - Lowering kit,WP - Technical Accessories,new,FALSE,,,,,,,kg,,
wp-79612955544,Lowering kit,<ul><li>Made of the highest quality materials</li><li>Tested in the toughest conditions</li><li>Developed together with the vehicle</li><li>Perfect compromise between maximum chassis performance and lowest possible vehicle height</li><li>No restrictions on riding dynamics</li><li>Enables shorter drivers to also achieve the optimum seat height</li></ul>,WP,Vehicles & Parts > Vehicle Parts & Accessories > Motor Vehicle Parts,WP - Lowering kit,WP - Technical Accessories,TRUE,Title,Default Title,,,,,79612955544,,shopify,,continue,manual,239.10,,TRUE,TRUE,9010152862815,https://cdn.shopify.com/s/files/1/0511/7820/9461/files/pho_nmon_79612955544_low_suspension_kit_neu__sall__awsg__v1.jpg?v=1680287376,1,Lowering kit,FALSE,Lowering kit,Made of the highest quality materials Tested in the toughest conditions Developed together with the vehicle Perfect compromise between maximum chassis performance and lowest possible vehicle height No restrictions on riding dynamics Enables shorter drivers to also achieve the optimum seat height,Motor Vehicle Parts,,Adult,79612955544,WP - Lowering kit,WP - Technical Accessories,new,FALSE,,,,,,,kg,,
wp-79619910000,C-Spanner,Practical tool for setting preload on the shock absorber,WP,Hardware > Tools,WP - Wrench,WP - Special tools,TRUE,Title,Default Title,,,,,79619910000,,shopify,,continue,manual,29.95,,TRUE,TRUE,9010152862594,https://cdn.shopify.com/s/files/1/0511/7820/9461/files/pho_wp_nmon_79619910000_spanner_wrench__sall__awsg__v1.jpg?v=1680287432,1,C-Spanner,FALSE,C-Spanner,Practical tool for setting preload on the shock absorber,Tools,,Adult,79619910000,WP - Wrench,WP - Special tools,new,FALSE,,,,,,,kg,,
wp-79619910000,,,,,,,,,,,,,,,,,,,,,,,,,https://cdn.shopify.com/s/files/1/0511/7820/9461/files/pho_nmon_79619910000_spanner_wrench__sall__awsg__v1.jpg?v=1650465336,2,C-Spanner,,,,,,,,,,,,,,,,,,,,
wp-79701905000,Preload adjuster set,Allows external setting of the spring preload,WP,Vehicles & Parts > Vehicle Parts & Accessories > Motor Vehicle Parts,WP - Preload adjuster,WP - Technical Accessories,TRUE,Title,Default Title,,,,,79701905000,,shopify,,continue,manual,199.04,,TRUE,TRUE,9010152862259,https://cdn.shopify.com/s/files/1/0511/7820/9461/files/pho_nmon_79701905000_preload_adjuster__sall__awsg__v1.jpg?v=1650657186,1,Preload adjuster set,FALSE,Preload adjuster set,Allows external setting of the spring preload,Motor Vehicle Parts,,Adult,79701905000,WP - Preload adjuster,WP - Technical Accessories,new,FALSE,,,,,,,kg,,
wp-78901939x44,Handlebar mount kit,"<ul><li class=""li-square"">Available in five different heights</li><li class=""li-square"">Included in the kit are 2x handlebar support lower parts and 2x fastening bolts</li><li class=""li-square"">The upper parts and bolts required for clamping the handlebar are taken from the original handlebar support</li></ul>",WP,Vehicles & Parts > Vehicle Parts & Accessories > Motor Vehicle Parts,WP - Special parts,WP - Technical Accessories,FALSE,Article,79701939044,,,,,79701939044,,shopify,,continue,manual,49.07,,TRUE,TRUE,9010152862242,https://cdn.shopify.com/s/files/1/0511/7820/9461/files/pho_nmon_78901939044_78901939144_78901939244_78901939344_handlebar_support__sall__awsg__v1.jpg?v=1650466577,1,Handlebar mount kit - Article: 79701939044,FALSE,Handlebar mount kit,Available in five different heights Included in the kit are 2x handlebar support lower parts and 2x fastening bolts The upper parts and bolts required for clamping the handlebar are taken from the original handlebar support,Motor Vehicle Parts,,Adult,79701939044,WP - Special parts,WP - Technical Accessories,new,FALSE,,,,,,,kg,,
wp-78901939x44,,,WP,,,,FALSE,Article,79701939144,,,,,79701939144,,shopify,,continue,manual,49.07,,TRUE,TRUE,9010152862235,,,,FALSE,,,,,Adult,79701939144,WP - Special parts,WP - Technical Accessories,new,FALSE,,,,,,,kg,,
wp-78901939x44,,,WP,,,,FALSE,Article,79701939244,,,,,79701939244,,shopify,,continue,manual,49.07,,TRUE,TRUE,9010152862228,,,,FALSE,,,,,Adult,79701939244,WP - Special parts,WP - Technical Accessories,new,FALSE,,,,,,,kg,,
wp-78901939x44,,,WP,,,,TRUE,Article,79701939344,,,,,79701939344,,shopify,,continue,manual,49.07,,TRUE,TRUE,9010152862211,,,,FALSE,,,,,Adult,79701939344,WP - Special parts,WP - Technical Accessories,new,FALSE,,,,,,,kg,,
wp-78901939x44,,,WP,,,,TRUE,Article,79701939444,,,,,79701939444,,shopify,,continue,manual,49.07,,TRUE,TRUE,9010152862204,,,,FALSE,,,,,Adult,79701939444,WP - Special parts,WP - Technical Accessories,new,FALSE,,,,,,,kg,,
wp-79701999021c1a,Factory Racing triple clamp,"<ul><li>CNC milled aluminum triple clamp</li><li>Elegant anodised surface</li><li>Optimally tuned steering stem stiffness</li><li>100% alignment of the fork tubes</li><li>Ideal flexibility – precisely customised to the WP fork</li><li>Specially optimised geometry of the fork clamping</li><li>No ovalization of the fork outer tube</li><li>Highly precise and smooth fork response</li><li>Maximum handling gain</li><li>Gain in stability at the front wheel</li><li>Overall, more homogeneous force flows in the entire vehicle</li><li>Simple offset adjustment</li><li>Including steering stem with steering head bearing already pressed on</li></ul><p></p><ul><li class=""li-square"">Very simple offset adjustment of 20 or 22 mm</li><li class=""li-square"">Shorter offset: Stability on fast straights</li><li class=""li-square"">Longer offset: easier and quicker cornering in curves</li><li class=""li-square"">For use on Enduro MY21 and later (EU Version), the Factory fuel tank cap vent is required</li></ul>",WP,Vehicles & Parts > Vehicle Parts & Accessories > Motor Vehicle Parts,WP - Triple clamp,WP - Technical Accessories,FALSE,Title,Default Title,,,,,79701999021C1A,,shopify,,continue,manual,549.04,,TRUE,TRUE,9010544249514,https://cdn.shopify.com/s/files/1/0511/7820/9461/files/pho_nmon_79701999021c1a_factory_racing_triple_clamp__sall__awsg__v1.jpg?v=1650461477,1,Factory Racing triple clamp,FALSE,Factory Racing triple clamp,CNC milled aluminum triple clamp Elegant anodised surface Optimally tuned steering stem stiffness 100% alignment of the fork tubes Ideal flexibility – precisely customised to the WP fork Specially optimised geometry of the fork clamping No ovalization of the fork outer tube Highly precise and smooth fork response Maxi…,Motor Vehicle Parts,,Adult,79701999021C1A,WP - Triple clamp,WP - Technical Accessories,new,FALSE,,,,,,,kg,,
wp-90212955044,Lowering kit,25 mm lower seat with unchanged ride dynamics.,WP,Vehicles & Parts > Vehicle Parts & Accessories > Motor Vehicle Parts,WP - Lowering kit,WP - Technical Accessories,FALSE,Title,Default Title,,,,,90212955044,,shopify,,continue,manual,,,TRUE,TRUE,,https://cdn.shopify.com/s/files/1/0511/7820/9461/files/pho_wp_nmon_127841_90212955044_low_chasis_kit__sall__awsg__v1.jpg?v=1779132908,1,Lowering kit,FALSE,Lowering kit,25 mm lower seat with unchanged ride dynamics.,Motor Vehicle Parts,,Adult,90212955044,WP - Lowering kit,WP - Technical Accessories,new,FALSE,,,,,,,kg,,
wp-910101xx,Shock spring,<p>Can only be used with PRO COMPONENTS products.</p>,WP,Vehicles & Parts > Vehicle Parts & Accessories > Motor Vehicle Parts,WP - Spare Parts,WP - Pro Components,FALSE,Article,91010046,,,,,91010046,,shopify,,continue,manual,112.05,,TRUE,TRUE,9010544103595,https://cdn.shopify.com/s/files/1/0511/7820/9461/files/pho_nmon_91010xxx_shock_spring__sall__awsg__v1.jpg?v=1749622566,1,Shock spring - Article: 91010046,FALSE,Shock spring,Can only be used with PRO COMPONENTS products.,Motor Vehicle Parts,,Adult,91010046,WP - Spare Parts,WP - Pro Components,new,FALSE,,,,,,,kg,,
wp-910101xx,,,WP,,,,TRUE,Article,91010047,,,,,91010047,,shopify,,continue,manual,111.99,,TRUE,TRUE,9010544103588,,,,FALSE,,,,,Adult,91010047,WP - Spare Parts,WP - Pro Components,new,FALSE,,,,,,,kg,,
wp-910101xx,,,WP,,,,TRUE,Article,91010048,,,,,91010048,,shopify,,continue,manual,111.99,,TRUE,TRUE,9010544103571,,,,FALSE,,,,,Adult,91010048,WP - Spare Parts,WP - Pro Components,new,FALSE,,,,,,,kg,,
wp-910101xx,,,WP,,,,TRUE,Article,91010049,,,,,91010049,,shopify,,continue,manual,111.99,,TRUE,TRUE,9010544103564,,,,FALSE,,,,,Adult,91010049,WP - Spare Parts,WP - Pro Components,new,FALSE,,,,,,,kg,,
wp-910101xx,,,WP,,,,TRUE,Article,91010050,,,,,91010050,,shopify,,continue,manual,111.99,,TRUE,TRUE,9010544103557,,,,FALSE,,,,,Adult,91010050,WP - Spare Parts,WP - Pro Components,new,FALSE,,,,,,,kg,,
wp-910101xx,,,WP,,,,TRUE,Article,91010051,,,,,91010051,,shopify,,continue,manual,111.99,,TRUE,TRUE,9010544103540,,,,FALSE,,,,,Adult,91010051,WP - Spare Parts,WP - Pro Components,new,FALSE,,,,,,,kg,,
wp-910101xx,,,WP,,,,TRUE,Article,91010140,,,,,91010140,,shopify,,continue,manual,111.99,,TRUE,TRUE,9010544419887,,,,FALSE,,,,,Adult,91010140,WP - Spare Parts,WP - Pro Components,new,FALSE,,,,,,,kg,,
wp-910101xx,,,WP,,,,TRUE,Article,91010166,,,,,91010166,,shopify,,continue,manual,111.99,,TRUE,TRUE,9010544103267,,,,FALSE,,,,,Adult,91010166,WP - Spare Parts,WP - Pro Components,new,FALSE,,,,,,,kg,,
wp-91010xxxs,Shock absorber spring,WP shock absorber springs are high-performance springs and can be used to replace your original spring or to fine-tune your shock absorber to your own weight and height.,WP,Vehicles & Parts > Vehicle Parts & Accessories > Motor Vehicle Parts,WP - Spare Parts,WP - Pro Components,TRUE,Article,91010080,,,,,91010080,,shopify,,continue,manual,91.48,,TRUE,TRUE,9010544103458,https://cdn.shopify.com/s/files/1/0511/7820/9461/files/pho_nmon_shock_spring__sall__awsg__v1.jpg?v=1774381410,1,Shock absorber spring - Article: 91010080,FALSE,Shock absorber spring,WP shock absorber springs are high-performance springs and can be used to replace your original spring or to fine-tune your shock absorber to your own weight and height.,Motor Vehicle Parts,,Adult,91010080,WP - Spare Parts,WP - Pro Components,new,FALSE,,,,,,,kg,,
wp-91010xxxs,,,WP,,,,TRUE,Article,91010161S,,,,,91010161S,,shopify,,continue,manual,91.48,,TRUE,TRUE,9010544103304,,,,FALSE,,,,,Adult,91010161S,WP - Spare Parts,WP - Pro Components,new,FALSE,,,,,,,kg,,
wp-91010xxxs,,,WP,,,,TRUE,Article,91010170S,,,,,91010170S,,shopify,,continue,manual,111.08,,TRUE,TRUE,9010544103243,,,,FALSE,,,,,Adult,91010170S,WP - Spare Parts,WP - Pro Components,new,FALSE,,,,,,,kg,,
wp-91010xxxs,,,WP,,,,TRUE,Article,91010201,,,,,91010201,,shopify,,continue,manual,91.48,,TRUE,TRUE,9010544103175,,,,FALSE,,,,,Adult,91010201,WP - Spare Parts,WP - Pro Components,new,FALSE,,,,,,,kg,,
wp-91010xxxs,,,WP,,,,TRUE,Article,91010240S,,,,,91010240S,,shopify,,continue,manual,91.48,,TRUE,TRUE,9010544103106,,,,FALSE,,,,,Adult,91010240S,WP - Spare Parts,WP - Pro Components,new,FALSE,,,,,,,kg,,
wp-91010xxxs,,,WP,,,,TRUE,Article,91010271S,,,,,91010271S,,shopify,,continue,manual,91.48,,TRUE,TRUE,9010544103052,,,,FALSE,,,,,Adult,91010271S,WP - Spare Parts,WP - Pro Components,new,FALSE,,,,,,,kg,,
wp-910103xx,Shock spring,Shock spring,WP,Vehicles & Parts > Vehicle Parts & Accessories > Motor Vehicle Parts,WP - Spare Parts,WP - Pro Components,TRUE,Article,91010336,,,,,91010336,,shopify,,continue,manual,111.99,,TRUE,TRUE,9010544102673,https://cdn.shopify.com/s/files/1/0511/7820/9461/files/pho_wp_nmon_910103xx_shock_spring__sall__awsg__v1.jpg?v=1680287375,1,Shock spring - Article: 91010336,FALSE,Shock spring,Shock spring,Motor Vehicle Parts,,Adult,91010336,WP - Spare Parts,WP - Pro Components,new,FALSE,,,,,,,kg,,
wp-910103xx,,,WP,,,,TRUE,Article,91010337,,,,,91010337,,shopify,,continue,manual,111.08,,TRUE,TRUE,9010544102666,,,,FALSE,,,,,Adult,91010337,WP - Spare Parts,WP - Pro Components,new,FALSE,,,,,,,kg,,
wp-910103xx,,,WP,,,,TRUE,Article,91010338S,,,,,91010338S,,shopify,,continue,manual,111.08,,TRUE,TRUE,9010544102659,,,,FALSE,,,,,Adult,91010338S,WP - Spare Parts,WP - Pro Components,new,FALSE,,,,,,,kg,,
wp-910103xx,,,WP,,,,TRUE,Article,91010339,,,,,91010339,,shopify,,continue,manual,111.08,,TRUE,TRUE,9010544102642,,,,FALSE,,,,,Adult,91010339,WP - Spare Parts,WP - Pro Components,new,FALSE,,,,,,,kg,,
wp-910103xx,,,WP,,,,TRUE,Article,91010363,,,,,91010363,,shopify,,continue,manual,111.99,,TRUE,TRUE,9010544102529,,,,FALSE,,,,,Adult,91010363,WP - Spare Parts,WP - Pro Components,new,FALSE,,,,,,,kg,,
wp-910103xx,,,WP,,,,TRUE,Article,91010364,,,,,91010364,,shopify,,continue,manual,111.99,,TRUE,TRUE,9010544102512,,,,FALSE,,,,,Adult,91010364,WP - Spare Parts,WP - Pro Components,new,FALSE,,,,,,,kg,,
wp-910103xx,,,WP,,,,TRUE,Article,91010367,,,,,91010367,,shopify,,continue,manual,111.08,,TRUE,TRUE,9010544102482,,,,FALSE,,,,,Adult,91010367,WP - Spare Parts,WP - Pro Components,new,FALSE,,,,,,,kg,,
wp-910103xx,,,WP,,,,TRUE,Article,91010368,,,,,91010368,,shopify,,continue,manual,111.99,,TRUE,TRUE,9010544102475,,,,FALSE,,,,,Adult,91010368,WP - Spare Parts,WP - Pro Components,new,FALSE,,,,,,,kg,,
wp-91010375,Mainspring (59) 85-170-170 damper,Mainspring (59) 85-170-170 damper,WP,Vehicles & Parts > Vehicle Parts & Accessories > Motor Vehicle Parts,WP - Spare Parts,WP - Pro Components,TRUE,Title,Default Title,,,,,91010375,,shopify,,continue,manual,111.99,,TRUE,TRUE,9010544102468,https://cdn.shopify.com/s/files/1/0511/7820/9461/files/pho_wp_nmon_spare_part_91010375__sall__awsg__v1.jpg?v=1680287451,1,Mainspring (59) 85-170-170 damper,FALSE,Mainspring (59) 85-170-170 damper,Mainspring (59) 85-170-170 damper,Motor Vehicle Parts,,Adult,91010375,WP - Spare Parts,WP - Pro Components,new,FALSE,,,,,,,kg,,
wp-9101040x,Shock spring,Shock spring,WP,Vehicles & Parts > Vehicle Parts & Accessories > Motor Vehicle Parts,WP - Spare Parts,WP - Pro Components,TRUE,Article,91010401,,,,,91010401,,shopify,,continue,manual,111.99,,TRUE,TRUE,9010544102253,https://cdn.shopify.com/s/files/1/0511/7820/9461/files/pho_nmon_91010xxx_shock_spring__sall__awsg__v1.jpg?v=1749622566,1,Shock spring - Article: 91010401,FALSE,Shock spring,Shock spring,Motor Vehicle Parts,,Adult,91010401,WP - Spare Parts,WP - Pro Components,new,FALSE,,,,,,,kg,,
wp-9101040x,,,WP,,,,TRUE,Article,91010402S,,,,,91010402S,,shopify,,continue,manual,111.99,,TRUE,TRUE,9010544102246,,,,FALSE,,,,,Adult,91010402S,WP - Spare Parts,WP - Pro Components,new,FALSE,,,,,,,kg,,
wp-9101040x,,,WP,,,,TRUE,Article,91010403,,,,,91010403,,shopify,,continue,manual,111.99,,TRUE,TRUE,9010544102239,,,,FALSE,,,,,Adult,91010403,WP - Spare Parts,WP - Pro Components,new,FALSE,,,,,,,kg,,
wp-9101040x,,,WP,,,,TRUE,Article,91010404,,,,,91010404,,shopify,,continue,manual,111.99,,TRUE,TRUE,9010544102222,,,,FALSE,,,,,Adult,91010404,WP - Spare Parts,WP - Pro Components,new,FALSE,,,,,,,kg,,
wp-9101040x,,,WP,,,,TRUE,Article,S80982000500020,,,,,S80982000500020,,shopify,,continue,manual,111.99,,TRUE,TRUE,9010544215779,,,,FALSE,,,,,Adult,S80982000500020,WP - Spare Parts,WP - Pro Components,new,FALSE,,,,,,,kg,,
wp-91010xxx,Shock spring,Shock spring,WP,Vehicles & Parts > Vehicle Parts & Accessories > Motor Vehicle Parts,WP - Spare Parts,WP - Pro Components,TRUE,Article,91010407,,,,,91010407,,shopify,,continue,manual,127.78,,TRUE,TRUE,9010544102208,https://cdn.shopify.com/s/files/1/0511/7820/9461/files/pho_nmon_91010xxx_shock_spring__sall__awsg__v1.jpg?v=1749622566,1,Shock spring - Article: 91010407,FALSE,Shock spring,Shock spring,Motor Vehicle Parts,,Adult,91010407,WP - Spare Parts,WP - Pro Components,new,FALSE,,,,,,,kg,,
wp-91010xxx,,,WP,,,,TRUE,Article,91010408,,,,,91010408,,shopify,,continue,manual,127.78,,TRUE,TRUE,9010544637014,,,,FALSE,,,,,Adult,91010408,WP - Spare Parts,WP - Pro Components,new,FALSE,,,,,,,kg,,
wp-91010xxx,,,WP,,,,TRUE,Article,91010409,,,,,91010409,,shopify,,continue,manual,127.78,,TRUE,TRUE,9010544102185,,,,FALSE,,,,,Adult,91010409,WP - Spare Parts,WP - Pro Components,new,FALSE,,,,,,,kg,,
wp-91010xxx,,,WP,,,,TRUE,Article,91010410,,,,,91010410,,shopify,,continue,manual,127.78,,TRUE,TRUE,9010544102178,,,,FALSE,,,,,Adult,91010410,WP - Spare Parts,WP - Pro Components,new,FALSE,,,,,,,kg,,
wp-91010xxx,,,WP,,,,TRUE,Article,91010411,,,,,91010411,,shopify,,continue,manual,111.99,,TRUE,TRUE,9010544102161,,,,FALSE,,,,,Adult,91010411,WP - Spare Parts,WP - Pro Components,new,FALSE,,,,,,,kg,,
wp-91010xxx,,,WP,,,,TRUE,Article,91010412,,,,,91010412,,shopify,,continue,manual,111.99,,TRUE,TRUE,9010544102154,,,,FALSE,,,,,Adult,91010412,WP - Spare Parts,WP - Pro Components,new,FALSE,,,,,,,kg,,
wp-91010xxx,,,WP,,,,TRUE,Article,91010413,,,,,91010413,,shopify,,continue,manual,111.99,,TRUE,TRUE,9010544102147,,,,FALSE,,,,,Adult,91010413,WP - Spare Parts,WP - Pro Components,new,FALSE,,,,,,,kg,,
wp-91010xxx,,,WP,,,,TRUE,Article,91010414,,,,,91010414,,shopify,,continue,manual,111.99,,TRUE,TRUE,9010544102130,,,,FALSE,,,,,Adult,91010414,WP - Spare Parts,WP - Pro Components,new,FALSE,,,,,,,kg,,
wp-91010xxx,,,WP,,,,TRUE,Article,91010415,,,,,91010415,,shopify,,continue,manual,111.99,,TRUE,TRUE,9010544102123,,,,FALSE,,,,,Adult,91010415,WP - Spare Parts,WP - Pro Components,new,FALSE,,,,,,,kg,,
wp-91010xxx,,,WP,,,,TRUE,Article,91010416,,,,,91010416,,shopify,,continue,manual,127.78,,TRUE,TRUE,9010544102116,,,,FALSE,,,,,Adult,91010416,WP - Spare Parts,WP - Pro Components,new,FALSE,,,,,,,kg,,
wp-91010xxx,,,WP,,,,TRUE,Article,91010422,,,,,91010422,,shopify,,continue,manual,111.99,,TRUE,TRUE,9010544102109,,,,FALSE,,,,,Adult,91010422,WP - Spare Parts,WP - Pro Components,new,FALSE,,,,,,,kg,,
wp-91010xxx,,,WP,,,,TRUE,Article,91010423,,,,,91010423,,shopify,,continue,manual,111.99,,TRUE,TRUE,9010544102093,,,,FALSE,,,,,Adult,91010423,WP - Spare Parts,WP - Pro Components,new,FALSE,,,,,,,kg,,
wp-91010xxx,,,WP,,,,TRUE,Article,91010424,,,,,91010424,,shopify,,continue,manual,111.99,,TRUE,TRUE,9010544102086,,,,FALSE,,,,,Adult,91010424,WP - Spare Parts,WP - Pro Components,new,FALSE,,,,,,,kg,,
wp-91010xxx,,,WP,,,,TRUE,Article,S80982000000020,,,,,S80982000000020,,shopify,,continue,manual,111.99,,TRUE,TRUE,,,,,FALSE,,,,,Adult,S80982000000020,WP - Spare Parts,WP - Pro Components,new,FALSE,,,,,,,kg,,
wp-91010xxx,,,WP,,,,TRUE,Article,S80982000100020,,,,,S80982000100020,,shopify,,continue,manual,111.99,,TRUE,TRUE,,,,,FALSE,,,,,Adult,S80982000100020,WP - Spare Parts,WP - Pro Components,new,FALSE,,,,,,,kg,,
wp-91010xxx,,,WP,,,,TRUE,Article,S80982000200020,,,,,S80982000200020,,shopify,,continue,manual,111.99,,TRUE,TRUE,,,,,FALSE,,,,,Adult,S80982000200020,WP - Spare Parts,WP - Pro Components,new,FALSE,,,,,,,kg,,
wp-91010xxx,,,WP,,,,TRUE,Article,S80982000300020,,,,,S80982000300020,,shopify,,continue,manual,111.99,,TRUE,TRUE,,,,,FALSE,,,,,Adult,S80982000300020,WP - Spare Parts,WP - Pro Components,new,FALSE,,,,,,,kg,,
wp-91010xxx,,,WP,,,,TRUE,Article,S80982000400020,,,,,S80982000400020,,shopify,,continue,manual,111.99,,TRUE,TRUE,,,,,FALSE,,,,,Adult,S80982000400020,WP - Spare Parts,WP - Pro Components,new,FALSE,,,,,,,kg,,
wp-912101xx,Shock absorber spring,WP shock absorber springs are high-performance springs and can be used to replace your original spring or to fine-tune your shock absorber to your own weight and height.,WP,Vehicles & Parts > Vehicle Parts & Accessories > Motor Vehicle Parts,WP - Spare Parts,WP - Pro Components,TRUE,Article,91210100S,,,,,91210100S,,shopify,,continue,manual,111.08,,TRUE,TRUE,9010544100822,https://cdn.shopify.com/s/files/1/0511/7820/9461/files/pho_wp_nmon_daempfer_feder_liegend_gross__sall__awsg__v1.jpg?v=1680287433,1,Shock absorber spring - Article: 91210100S,FALSE,Shock absorber spring,WP shock absorber springs are high-performance springs and can be used to replace your original spring or to fine-tune your shock absorber to your own weight and height.,Motor Vehicle Parts,,Adult,91210100S,WP - Spare Parts,WP - Pro Components,new,FALSE,,,,,,,kg,,
wp-912101xx,,,WP,,,,TRUE,Article,91210101S,,,,,91210101S,,shopify,,continue,manual,111.08,,TRUE,TRUE,9010544001655,,,,FALSE,,,,,Adult,91210101S,WP - Spare Parts,WP - Pro Components,new,FALSE,,,,,,,kg,,
wp-912101xx,,,WP,,,,TRUE,Article,91210102S,,,,,91210102S,,shopify,,continue,manual,111.08,,TRUE,TRUE,9010544100815,,,,FALSE,,,,,Adult,91210102S,WP - Spare Parts,WP - Pro Components,new,FALSE,,,,,,,kg,,
wp-912101xx,,,WP,,,,TRUE,Article,91210103S,,,,,91210103S,,shopify,,continue,manual,111.08,,TRUE,TRUE,9010544100808,,,,FALSE,,,,,Adult,91210103S,WP - Spare Parts,WP - Pro Components,new,FALSE,,,,,,,kg,,
wp-912101xx,,,WP,,,,TRUE,Article,91210104S,,,,,91210104S,,shopify,,continue,manual,111.08,,TRUE,TRUE,9010544001952,,,,FALSE,,,,,Adult,91210104S,WP - Spare Parts,WP - Pro Components,new,FALSE,,,,,,,kg,,
wp-912101xx,,,WP,,,,TRUE,Article,91210105S,,,,,91210105S,,shopify,,continue,manual,111.08,,TRUE,TRUE,9010544100792,,,,FALSE,,,,,Adult,91210105S,WP - Spare Parts,WP - Pro Components,new,FALSE,,,,,,,kg,,
wp-912101xx,,,WP,,,,TRUE,Article,91210123S,,,,,91210123S,,shopify,,continue,manual,111.08,,TRUE,TRUE,9010544100624,,,,FALSE,,,,,Adult,91210123S,WP - Spare Parts,WP - Pro Components,new,FALSE,,,,,,,kg,,
wp-912101xx,,,WP,,,,TRUE,Article,91210124S,,,,,91210124S,,shopify,,continue,manual,111.08,,TRUE,TRUE,9010544100600,,,,FALSE,,,,,Adult,91210124S,WP - Spare Parts,WP - Pro Components,new,FALSE,,,,,,,kg,,
wp-912101xx,,,WP,,,,TRUE,Article,91210128S,,,,,91210128S,,shopify,,continue,manual,111.08,,TRUE,TRUE,9010544100570,,,,FALSE,,,,,Adult,91210128S,WP - Spare Parts,WP - Pro Components,new,FALSE,,,,,,,kg,,
wp-912101xx,,,,,,,,,,,,,,,,,,,,,,,,,https://cdn.shopify.com/s/files/1/0511/7820/9461/files/pho_nmon_shock_spring__sall__awsg__v1.jpg?v=1774381410,2,Shock absorber spring,,,,,,,,,,,,,,,,,,,,
wp-9121013x,Shock absorber spring,WP shock absorber springs are high-performance springs and can be used to replace your original spring or to fine-tune your shock absorber to your own weight and height.,WP,Vehicles & Parts > Vehicle Parts & Accessories > Motor Vehicle Parts,WP - Spare Parts,WP - Pro Components,TRUE,Article,91210126,,,,,91210126,,shopify,,continue,manual,111.08,,TRUE,TRUE,9010544100594,https://cdn.shopify.com/s/files/1/0511/7820/9461/files/pho_wp_nmon_daempfer_feder_liegend_gross__sall__awsg__v1.jpg?v=1680287433,1,Shock absorber spring - Article: 91210126,FALSE,Shock absorber spring,WP shock absorber springs are high-performance springs and can be used to replace your original spring or to fine-tune your shock absorber to your own weight and height.,Motor Vehicle Parts,,Adult,91210126,WP - Spare Parts,WP - Pro Components,new,FALSE,,,,,,,kg,,
wp-9121013x,,,WP,,,,TRUE,Article,91210129,,,,,91210129,,shopify,,continue,manual,111.08,,TRUE,TRUE,9010544100563,,,,FALSE,,,,,Adult,91210129,WP - Spare Parts,WP - Pro Components,new,FALSE,,,,,,,kg,,
wp-9121013x,,,WP,,,,TRUE,Article,91210130,,,,,91210130,,shopify,,continue,manual,111.08,,TRUE,TRUE,9010544350197,,,,FALSE,,,,,Adult,91210130,WP - Spare Parts,WP - Pro Components,new,FALSE,,,,,,,kg,,
wp-9121013x,,,WP,,,,TRUE,Article,91210131,,,,,91210131,,shopify,,continue,manual,111.08,,TRUE,TRUE,9010544350296,,,,FALSE,,,,,Adult,91210131,WP - Spare Parts,WP - Pro Components,new,FALSE,,,,,,,kg,,
wp-9121013x,,,WP,,,,TRUE,Article,91210132,,,,,91210132,,shopify,,continue,manual,111.08,,TRUE,TRUE,9010544350241,,,,FALSE,,,,,Adult,91210132,WP - Spare Parts,WP - Pro Components,new,FALSE,,,,,,,kg,,
wp-9121013x,,,WP,,,,TRUE,Article,91210133,,,,,91210133,,shopify,,continue,manual,111.08,,TRUE,TRUE,9010544350234,,,,FALSE,,,,,Adult,91210133,WP - Spare Parts,WP - Pro Components,new,FALSE,,,,,,,kg,,
wp-9121013x,,,WP,,,,TRUE,Article,91210134,,,,,91210134,,shopify,,continue,manual,111.08,,TRUE,TRUE,9010544350258,,,,FALSE,,,,,Adult,91210134,WP - Spare Parts,WP - Pro Components,new,FALSE,,,,,,,kg,,
wp-9121013x,,,WP,,,,TRUE,Article,91210135,,,,,91210135,,shopify,,continue,manual,111.08,,TRUE,TRUE,9010544350463,,,,FALSE,,,,,Adult,91210135,WP - Spare Parts,WP - Pro Components,new,FALSE,,,,,,,kg,,
wp-9121013x,,,WP,,,,TRUE,Article,91210136,,,,,91210136,,shopify,,continue,manual,111.08,,TRUE,TRUE,9010544391862,,,,FALSE,,,,,Adult,91210136,WP - Spare Parts,WP - Pro Components,new,FALSE,,,,,,,kg,,
wp-9121013x,,,,,,,,,,,,,,,,,,,,,,,,,https://cdn.shopify.com/s/files/1/0511/7820/9461/files/pho_nmon_shock_spring__sall__awsg__v1.jpg?v=1774381410,2,Shock absorber spring,,,,,,,,,,,,,,,,,,,,
wp-91410xxxs,Fork spring set,WP fork springs are high-performance springs and can be used to replace your original spring or to fine-tune your fork to your own weight and height.,WP,Vehicles & Parts > Vehicle Parts & Accessories > Motor Vehicle Parts,WP - Spare Parts,WP - Pro Components,TRUE,Article,91410098S,,,,,91410098S,,shopify,,continue,manual,111.08,,TRUE,TRUE,9010544099324,https://cdn.shopify.com/s/files/1/0511/7820/9461/files/pho_nmon_fork_spring__sall__awsg__v1.jpg?v=1774382397,1,Fork spring set - Article: 91410098S,FALSE,Fork spring set,WP fork springs are high-performance springs and can be used to replace your original spring or to fine-tune your fork to your own weight and height.,Motor Vehicle Parts,,Adult,91410098S,WP - Spare Parts,WP - Pro Components,new,FALSE,,,,,,,kg,,
wp-91410xxxs,,,WP,,,,TRUE,Article,91410099S,,,,,91410099S,,shopify,,continue,manual,111.08,,TRUE,TRUE,9010544099317,,,,FALSE,,,,,Adult,91410099S,WP - Spare Parts,WP - Pro Components,new,FALSE,,,,,,,kg,,
wp-91410xxxs,,,WP,,,,TRUE,Article,91410100S,,,,,91410100S,,shopify,,continue,manual,111.08,,TRUE,TRUE,9010544099300,,,,FALSE,,,,,Adult,91410100S,WP - Spare Parts,WP - Pro Components,new,FALSE,,,,,,,kg,,
wp-91410xxxs,,,WP,,,,TRUE,Article,91410101S,,,,,91410101S,,shopify,,continue,manual,111.08,,TRUE,TRUE,9010544099294,,,,FALSE,,,,,Adult,91410101S,WP - Spare Parts,WP - Pro Components,new,FALSE,,,,,,,kg,,
wp-91410xxxs,,,WP,,,,TRUE,Article,91410102S,,,,,91410102S,,shopify,,continue,manual,111.08,,TRUE,TRUE,9010544099287,,,,FALSE,,,,,Adult,91410102S,WP - Spare Parts,WP - Pro Components,new,FALSE,,,,,,,kg,,
wp-91410xxxs,,,WP,,,,TRUE,Article,91410103S,,,,,91410103S,,shopify,,continue,manual,111.08,,TRUE,TRUE,9010544099270,,,,FALSE,,,,,Adult,91410103S,WP - Spare Parts,WP - Pro Components,new,FALSE,,,,,,,kg,,
wp-91410xxxs,,,WP,,,,TRUE,Article,91410104S,,,,,91410104S,,shopify,,continue,manual,111.08,,TRUE,TRUE,9010544099263,,,,FALSE,,,,,Adult,91410104S,WP - Spare Parts,WP - Pro Components,new,FALSE,,,,,,,kg,,
wp-91410xxxs,,,WP,,,,TRUE,Article,91410105S,,,,,91410105S,,shopify,,continue,manual,111.08,,TRUE,TRUE,9010544099256,,,,FALSE,,,,,Adult,91410105S,WP - Spare Parts,WP - Pro Components,new,FALSE,,,,,,,kg,,
wp-91410xxxs,,,WP,,,,TRUE,Article,91410106S,,,,,91410106S,,shopify,,continue,manual,111.08,,TRUE,TRUE,9010544099249,,,,FALSE,,,,,Adult,91410106S,WP - Spare Parts,WP - Pro Components,new,FALSE,,,,,,,kg,,
wp-914101xx,Fork spring set,<p>Can only be used with PRO COMPONENTS products.</p>,WP,Vehicles & Parts > Vehicle Parts & Accessories > Motor Vehicle Parts,WP - Spare Parts,WP - Pro Components,TRUE,Article,91410111,,,,,91410111,,shopify,,continue,manual,111.99,,TRUE,TRUE,9010544099225,https://cdn.shopify.com/s/files/1/0511/7820/9461/files/pho_nmon_fork_spring__sall__awsg__v1.jpg?v=1774382397,1,Fork spring set - Article: 91410111,FALSE,Fork spring set,Can only be used with PRO COMPONENTS products.,Motor Vehicle Parts,,Adult,91410111,WP - Spare Parts,WP - Pro Components,new,FALSE,,,,,,,kg,,
wp-914101xx,,,WP,,,,TRUE,Article,91410112,,,,,91410112,,shopify,,continue,manual,111.99,,TRUE,TRUE,9010544099218,,,,FALSE,,,,,Adult,91410112,WP - Spare Parts,WP - Pro Components,new,FALSE,,,,,,,kg,,
wp-914101xx,,,WP,,,,TRUE,Article,91410113,,,,,91410113,,shopify,,continue,manual,108.30,,TRUE,TRUE,9010544099201,,,,FALSE,,,,,Adult,91410113,WP - Spare Parts,WP - Pro Components,new,FALSE,,,,,,,kg,,
wp-914101xx,,,WP,,,,TRUE,Article,91410114,,,,,91410114,,shopify,,continue,manual,108.30,,TRUE,TRUE,9010544099195,,,,FALSE,,,,,Adult,91410114,WP - Spare Parts,WP - Pro Components,new,FALSE,,,,,,,kg,,
wp-914101xx,,,WP,,,,TRUE,Article,91410115,,,,,91410115,,shopify,,continue,manual,111.99,,TRUE,TRUE,9010544099188,,,,FALSE,,,,,Adult,91410115,WP - Spare Parts,WP - Pro Components,new,FALSE,,,,,,,kg,,
wp-914101xx,,,WP,,,,TRUE,Article,91410116,,,,,91410116,,shopify,,continue,manual,111.99,,TRUE,TRUE,9010544099171,,,,FALSE,,,,,Adult,91410116,WP - Spare Parts,WP - Pro Components,new,FALSE,,,,,,,kg,,
wp-914101xx,,,WP,,,,TRUE,Article,91410117,,,,,91410117,,shopify,,continue,manual,108.30,,TRUE,TRUE,9010544099164,,,,FALSE,,,,,Adult,91410117,WP - Spare Parts,WP - Pro Components,new,FALSE,,,,,,,kg,,
wp-914101xx,,,WP,,,,TRUE,Article,91410118,,,,,91410118,,shopify,,continue,manual,108.30,,TRUE,TRUE,9010544099157,,,,FALSE,,,,,Adult,91410118,WP - Spare Parts,WP - Pro Components,new,FALSE,,,,,,,kg,,
wp-914101xx,,,WP,,,,TRUE,Article,91410119,,,,,91410119,,shopify,,continue,manual,108.30,,TRUE,TRUE,9010544099140,,,,FALSE,,,,,Adult,91410119,WP - Spare Parts,WP - Pro Components,new,FALSE,,,,,,,kg,,
wp-914101xx,,,WP,,,,TRUE,Article,91410146,,,,,91410146,,shopify,,continue,manual,108.30,,TRUE,TRUE,9010544098945,,,,FALSE,,,,,Adult,91410146,WP - Spare Parts,WP - Pro Components,new,FALSE,,,,,,,kg,,
wp-914101xx,,,WP,,,,TRUE,Article,S80992001600000,,,,,S80992001600000,,shopify,,continue,manual,113.86,,TRUE,TRUE,9010544659115,,,,FALSE,,,,,Adult,S80992001600000,WP - Spare Parts,WP - Pro Components,new,FALSE,,,,,,,kg,,
wp-9141012x,Fork spring,Can only be used with PRO COMPONENTS products.,WP,Vehicles & Parts > Vehicle Parts & Accessories > Motor Vehicle Parts,WP - Spare Parts,WP - Pro Components,TRUE,Article,91410124,,,,,91410124,,shopify,,continue,manual,111.99,,TRUE,TRUE,9010544099119,https://cdn.shopify.com/s/files/1/0511/7820/9461/files/pho_wp_nmon_91410127_fork_spring__sall__awsg__v1.jpg?v=1680287312,1,Fork spring - Article: 91410124,FALSE,Fork spring,Can only be used with PRO COMPONENTS products.,Motor Vehicle Parts,,Adult,91410124,WP - Spare Parts,WP - Pro Components,new,FALSE,,,,,,,kg,,
wp-9141012x,,,WP,,,,TRUE,Article,91410125,,,,,91410125,,shopify,,continue,manual,111.99,,TRUE,TRUE,9010544099102,,,,FALSE,,,,,Adult,91410125,WP - Spare Parts,WP - Pro Components,new,FALSE,,,,,,,kg,,
wp-9141012x,,,WP,,,,FALSE,Article,91410126,,,,,91410126,,shopify,,continue,manual,111.99,,TRUE,TRUE,9010544099096,,,,FALSE,,,,,Adult,91410126,WP - Spare Parts,WP - Pro Components,new,FALSE,,,,,,,kg,,
wp-9141012x,,,WP,,,,TRUE,Article,91410127,,,,,91410127,,shopify,,continue,manual,111.99,,TRUE,TRUE,9010544099089,,,,FALSE,,,,,Adult,91410127,WP - Spare Parts,WP - Pro Components,new,FALSE,,,,,,,kg,,
wp-9141012x,,,WP,,,,TRUE,Article,91410128,,,,,91410128,,shopify,,continue,manual,111.99,,TRUE,TRUE,9010544099072,,,,FALSE,,,,,Adult,91410128,WP - Spare Parts,WP - Pro Components,new,FALSE,,,,,,,kg,,
wp-9141012x,,,WP,,,,TRUE,Article,91410129,,,,,91410129,,shopify,,continue,manual,111.99,,TRUE,TRUE,9010544099065,,,,FALSE,,,,,Adult,91410129,WP - Spare Parts,WP - Pro Components,new,FALSE,,,,,,,kg,,
wp-9141012x,,,WP,,,,TRUE,Article,91410130,,,,,91410130,,shopify,,continue,manual,111.99,,TRUE,TRUE,9010544099058,,,,FALSE,,,,,Adult,91410130,WP - Spare Parts,WP - Pro Components,new,FALSE,,,,,,,kg,,
wp-9141012x,,,WP,,,,TRUE,Article,91410131,,,,,91410131,,shopify,,continue,manual,111.99,,TRUE,TRUE,9010544099041,,,,FALSE,,,,,Adult,91410131,WP - Spare Parts,WP - Pro Components,new,FALSE,,,,,,,kg,,
wp-9141012x,,,WP,,,,TRUE,Article,S80992000000000,,,,,S80992000000000,,shopify,,continue,manual,111.99,,TRUE,TRUE,9010544651188,,,,FALSE,,,,,Adult,S80992000000000,WP - Spare Parts,WP - Pro Components,new,FALSE,,,,,,,kg,,
wp-91410132,Fork spring set 4.4N/mm,To be used with low suspension kit 79612955544.,WP,Vehicles & Parts > Vehicle Parts & Accessories > Motor Vehicle Parts,WP - Spare Parts,WP - Pro Components,TRUE,Title,Default Title,,,,,91410132,,shopify,,continue,manual,128.68,,TRUE,TRUE,9010544099034,https://cdn.shopify.com/s/files/1/0511/7820/9461/files/pho_nmon_9141002xs_spring__sall__awsg__v1.jpg?v=1650464250,1,Fork spring set 4.4N/mm,FALSE,Fork spring set 4.4N/mm,To be used with low suspension kit 79612955544.,Motor Vehicle Parts,,Adult,91410132,WP - Spare Parts,WP - Pro Components,new,FALSE,,,,,,,kg,,
wp-91410133,Fork spring set hard 4.6N/mm,To be used with low suspension kit 79612955544.,WP,Vehicles & Parts > Vehicle Parts & Accessories > Motor Vehicle Parts,WP - Spare Parts,WP - Pro Components,FALSE,Title,Default Title,,,,,91410133,,shopify,,continue,manual,128.68,,TRUE,TRUE,9010544099027,https://cdn.shopify.com/s/files/1/0511/7820/9461/files/pho_nmon_9141002xs_spring__sall__awsg__v1.jpg?v=1650464250,1,Fork spring set hard 4.6N/mm,FALSE,Fork spring set hard 4.6N/mm,To be used with low suspension kit 79612955544.,Motor Vehicle Parts,,Adult,91410133,WP - Spare Parts,WP - Pro Components,new,FALSE,,,,,,,kg,,
wp-91410134,Fork spring set hard 4.8N/mm,To be used with low suspension kit 79612955544.,WP,Vehicles & Parts > Vehicle Parts & Accessories > Motor Vehicle Parts,WP - Spare Parts,WP - Pro Components,TRUE,Title,Default Title,,,,,91410134,,shopify,,continue,manual,128.68,,TRUE,TRUE,9010544099010,https://cdn.shopify.com/s/files/1/0511/7820/9461/files/pho_nmon_9141002xs_spring__sall__awsg__v1.jpg?v=1650464250,1,Fork spring set hard 4.8N/mm,FALSE,Fork spring set hard 4.8N/mm,To be used with low suspension kit 79612955544.,Motor Vehicle Parts,,Adult,91410134,WP - Spare Parts,WP - Pro Components,new,FALSE,,,,,,,kg,,
wp-91410139,"Mainspring (36,5) 5-8-320","Mainspring (36,5) 5-8-320",WP,Vehicles & Parts > Vehicle Parts & Accessories > Motor Vehicle Parts,WP - Spare Parts,WP - Pro Components,TRUE,Title,Default Title,,,,,91410139,,shopify,,continue,manual,111.99,,TRUE,TRUE,9010544098990,https://cdn.shopify.com/s/files/1/0511/7820/9461/files/pho_wp_nmon_spare_part_91410139__sall__awsg__v1.jpg?v=1680287451,1,"Mainspring (36,5) 5-8-320",FALSE,"Mainspring (36,5) 5-8-320","Mainspring (36,5) 5-8-320",Motor Vehicle Parts,,Adult,91410139,WP - Spare Parts,WP - Pro Components,new,FALSE,,,,,,,kg,,
wp-91410140,Fork spring set soft 4.0N/mm,To be used with low suspension kit 79612955544.,WP,Vehicles & Parts > Vehicle Parts & Accessories > Motor Vehicle Parts,WP - Spare Parts,WP - Pro Components,TRUE,Title,Default Title,,,,,91410140,,shopify,,continue,manual,128.68,,TRUE,TRUE,9010544098983,https://cdn.shopify.com/s/files/1/0511/7820/9461/files/pho_nmon_9141002xs_spring__sall__awsg__v1.jpg?v=1650464250,1,Fork spring set soft 4.0N/mm,FALSE,Fork spring set soft 4.0N/mm,To be used with low suspension kit 79612955544.,Motor Vehicle Parts,,Adult,91410140,WP - Spare Parts,WP - Pro Components,new,FALSE,,,,,,,kg,,
wp-91410141,Fork spring set soft 4.2N/mm,To be used with low suspension kit 79612955544.,WP,Vehicles & Parts > Vehicle Parts & Accessories > Motor Vehicle Parts,WP - Spare Parts,WP - Pro Components,TRUE,Title,Default Title,,,,,91410141,,shopify,,continue,manual,128.68,,TRUE,TRUE,9010544098976,https://cdn.shopify.com/s/files/1/0511/7820/9461/files/pho_nmon_9141002xs_spring__sall__awsg__v1.jpg?v=1650464250,1,Fork spring set soft 4.2N/mm,FALSE,Fork spring set soft 4.2N/mm,To be used with low suspension kit 79612955544.,Motor Vehicle Parts,,Adult,91410141,WP - Spare Parts,WP - Pro Components,new,FALSE,,,,,,,kg,,
wp-914101xxs,Fork spring set,WP fork springs are high-performance springs and can be used to replace your original spring or to fine-tune your fork to your own weight and height.,WP,Vehicles & Parts > Vehicle Parts & Accessories > Motor Vehicle Parts,WP - Spare Parts,WP - Pro Components,TRUE,Article,91410149S,,,,,91410149S,,shopify,,continue,manual,111.99,,TRUE,TRUE,9010544198898,https://cdn.shopify.com/s/files/1/0511/7820/9461/files/pho_nmon_beispiel_gabelfeder__sall__awsg__v1.jpg?v=1774382513,1,Fork spring set - Article: 91410149S,FALSE,Fork spring set,WP fork springs are high-performance springs and can be used to replace your original spring or to fine-tune your fork to your own weight and height.,Motor Vehicle Parts,,Adult,91410149S,WP - Spare Parts,WP - Pro Components,new,FALSE,,,,,,,kg,,
wp-914101xxs,,,WP,,,,TRUE,Article,91410150S,,,,,91410150S,,shopify,,continue,manual,111.99,,TRUE,TRUE,9010544098938,,,,FALSE,,,,,Adult,91410150S,WP - Spare Parts,WP - Pro Components,new,FALSE,,,,,,,kg,,
wp-914101xxs,,,WP,,,,TRUE,Article,91410151S,,,,,91410151S,,shopify,,continue,manual,111.99,,TRUE,TRUE,9010544098921,,,,FALSE,,,,,Adult,91410151S,WP - Spare Parts,WP - Pro Components,new,FALSE,,,,,,,kg,,
wp-914101xxs,,,WP,,,,TRUE,Article,91410152S,,,,,91410152S,,shopify,,continue,manual,111.99,,TRUE,TRUE,9010544098914,,,,FALSE,,,,,Adult,91410152S,WP - Spare Parts,WP - Pro Components,new,FALSE,,,,,,,kg,,
wp-914101xxs,,,WP,,,,TRUE,Article,91410153S,,,,,91410153S,,shopify,,continue,manual,111.99,,TRUE,TRUE,9010544098907,,,,FALSE,,,,,Adult,91410153S,WP - Spare Parts,WP - Pro Components,new,FALSE,,,,,,,kg,,
wp-914101xxs,,,WP,,,,TRUE,Article,91410154S,,,,,91410154S,,shopify,,continue,manual,111.99,,TRUE,TRUE,9010544098891,,,,FALSE,,,,,Adult,91410154S,WP - Spare Parts,WP - Pro Components,new,FALSE,,,,,,,kg,,
wp-9301021xs,Shock absorber spring,WP shock absorber springs are high-performance springs and can be used to replace your original spring or to fine-tune your shock absorber to your own weight and height.,WP,Vehicles & Parts > Vehicle Parts & Accessories > Motor Vehicle Parts,WP - Spare Parts,WP - Pro Components,TRUE,Article,93010217S,,,,,93010217S,,shopify,,continue,manual,91.48,,TRUE,TRUE,9010544096040,https://cdn.shopify.com/s/files/1/0511/7820/9461/files/pho_wp_nmon_910103xx_shock_spring__sall__awsg__v1.jpg?v=1680287375,1,Shock absorber spring - Article: 93010217S,FALSE,Shock absorber spring,WP shock absorber springs are high-performance springs and can be used to replace your original spring or to fine-tune your shock absorber to your own weight and height.,Motor Vehicle Parts,,Adult,93010217S,WP - Spare Parts,WP - Pro Components,new,FALSE,,,,,,,kg,,
wp-9301021xs,,,WP,,,,TRUE,Article,93010218S,,,,,93010218S,,shopify,,continue,manual,91.48,,TRUE,TRUE,9010544096033,,,,FALSE,,,,,Adult,93010218S,WP - Spare Parts,WP - Pro Components,new,FALSE,,,,,,,kg,,
wp-9301021xs,,,WP,,,,TRUE,Article,93010219S,,,,,93010219S,,shopify,,continue,manual,91.48,,TRUE,TRUE,9010544096026,,,,FALSE,,,,,Adult,93010219S,WP - Spare Parts,WP - Pro Components,new,FALSE,,,,,,,kg,,
wp-9301021xs,,,WP,,,,TRUE,Article,93010227,,,,,93010227,,shopify,,continue,manual,91.48,,TRUE,TRUE,9010544242003,,,,FALSE,,,,,Adult,93010227,WP - Spare Parts,WP - Pro Components,new,FALSE,,,,,,,kg,,
wp-9301021xs,,,,,,,,,,,,,,,,,,,,,,,,,https://cdn.shopify.com/s/files/1/0511/7820/9461/files/pho_wp_nmon_daempfer_feder_liegend_gross__sall__awsg__v1.jpg?v=1680287433,2,Shock absorber spring,,,,,,,,,,,,,,,,,,,,
wp-9301021xs,,,,,,,,,,,,,,,,,,,,,,,,,https://cdn.shopify.com/s/files/1/0511/7820/9461/files/pho_nmon_shock_spring__sall__awsg__v1.jpg?v=1774381410,3,Shock absorber spring,,,,,,,,,,,,,,,,,,,,
wp-93012955044,Lowering kit,<ul><li>25 mm lower seat height</li><li>No restrictions on riding dynamics</li><li>Developed together with the vehicle</li></ul><p></p>,WP,Vehicles & Parts > Vehicle Parts & Accessories > Motor Vehicle Parts,WP - Lowering kit,WP - Technical Accessories,FALSE,Title,Default Title,,,,,93012955044,,shopify,,continue,manual,299.05,,TRUE,TRUE,9010544095524,https://cdn.shopify.com/s/files/1/0511/7820/9461/files/pho_nmon_93312955044_low_chassis_kit__sall__awsg__v1.jpg?v=1680287451,1,Lowering kit,FALSE,Lowering kit,25 mm lower seat height No restrictions on riding dynamics Developed together with the vehicle,Motor Vehicle Parts,,Adult,93012955044,WP - Lowering kit,WP - Technical Accessories,new,FALSE,,,,,,,kg,,
wp-93312955033,Lowering kit,<ul><li>25 mm lower seat height</li><li>No restrictions on riding dynamics</li><li>Developed together with the vehicle</li></ul><p></p>,WP,Vehicles & Parts > Vehicle Parts & Accessories > Motor Vehicle Parts,WP - Lowering kit,WP - Technical Accessories,TRUE,Title,Default Title,,,,,93312955033,,shopify,,continue,manual,199.04,,TRUE,TRUE,9010544259346,https://cdn.shopify.com/s/files/1/0511/7820/9461/files/pho_nmon_93312955033_low_chassis_kit__sall__awsg__v1.jpg?v=1774462133,1,Lowering kit,FALSE,Lowering kit,25 mm lower seat height No restrictions on riding dynamics Developed together with the vehicle,Motor Vehicle Parts,,Adult,93312955033,WP - Lowering kit,WP - Technical Accessories,new,FALSE,,,,,,,kg,,
wp-93312955044,Lowering Kit,<ul><li>25 mm lower seat height</li><li>No restrictions on riding dynamics</li><li>Developed together with the vehicle</li></ul><p></p>,WP,Vehicles & Parts > Vehicle Parts & Accessories > Motor Vehicle Parts,WP - Lowering kit,WP - Technical Accessories,FALSE,Title,Default Title,,,,,93312955044,,shopify,,continue,manual,299.05,,TRUE,TRUE,9010544093285,https://cdn.shopify.com/s/files/1/0511/7820/9461/files/pho_nmon_93312955044_28512955044_low_chassis_kit__sall__awsg__v1.jpg?v=1650464974,1,Lowering Kit,FALSE,Lowering Kit,25 mm lower seat height No restrictions on riding dynamics Developed together with the vehicle,Motor Vehicle Parts,,Adult,93312955044,WP - Lowering kit,WP - Technical Accessories,new,FALSE,,,,,,,kg,,
wp-9501003xs,Fork spring set,WP fork springs are high-performance springs and can be used to replace your original spring or to fine-tune your fork to your own weight and height.,WP,Vehicles & Parts > Vehicle Parts & Accessories > Motor Vehicle Parts,WP - Spare Parts,WP - Pro Components,TRUE,Article,95010029S,,,,,95010029S,,shopify,,continue,manual,91.48,,TRUE,TRUE,9010544089516,https://cdn.shopify.com/s/files/1/0511/7820/9461/files/pho_nmon_fork_spring__sall__awsg__v1.jpg?v=1774382397,1,Fork spring set - Article: 95010029S,FALSE,Fork spring set,WP fork springs are high-performance springs and can be used to replace your original spring or to fine-tune your fork to your own weight and height.,Motor Vehicle Parts,,Adult,95010029S,WP - Spare Parts,WP - Pro Components,new,FALSE,,,,,,,kg,,
wp-9501003xs,,,WP,,,,TRUE,Article,95010030S,,,,,95010030S,,shopify,,continue,manual,91.48,,TRUE,TRUE,9010544089509,,,,FALSE,,,,,Adult,95010030S,WP - Spare Parts,WP - Pro Components,new,FALSE,,,,,,,kg,,
wp-9501003xs,,,WP,,,,TRUE,Article,95010031S,,,,,95010031S,,shopify,,continue,manual,91.48,,TRUE,TRUE,9010544089493,,,,FALSE,,,,,Adult,95010031S,WP - Spare Parts,WP - Pro Components,new,FALSE,,,,,,,kg,,
wp-9501003xs,,,WP,,,,TRUE,Article,95010032S,,,,,95010032S,,shopify,,continue,manual,91.48,,TRUE,TRUE,9010544089486,,,,FALSE,,,,,Adult,95010032S,WP - Spare Parts,WP - Pro Components,new,FALSE,,,,,,,kg,,
wp-9501003xs,,,WP,,,,TRUE,Article,95010033S,,,,,95010033S,,shopify,,continue,manual,91.48,,TRUE,TRUE,9010544089479,,,,FALSE,,,,,Adult,95010033S,WP - Spare Parts,WP - Pro Components,new,FALSE,,,,,,,kg,,
wp-950100xxx,Fork spring set,Fork spring set,WP,Vehicles & Parts > Vehicle Parts & Accessories > Motor Vehicle Parts,WP - Spare Parts,WP - Pro Components,TRUE,Article,95010044S,,,,,95010044S,,shopify,,continue,manual,91.48,,TRUE,TRUE,9010544089431,https://cdn.shopify.com/s/files/1/0511/7820/9461/files/pho_nmon_fork_spring__sall__awsg__v1.jpg?v=1774382397,1,Fork spring set - Article: 95010044S,FALSE,Fork spring set,Fork spring set,Motor Vehicle Parts,,Adult,95010044S,WP - Spare Parts,WP - Pro Components,new,FALSE,,,,,,,kg,,
wp-950100xxx,,,WP,,,,TRUE,Article,95010056S,,,,,95010056S,,shopify,,continue,manual,91.48,,TRUE,TRUE,9010544089356,,,,FALSE,,,,,Adult,95010056S,WP - Spare Parts,WP - Pro Components,new,FALSE,,,,,,,kg,,
wp-950100xxx,,,WP,,,,TRUE,Article,95010057S,,,,,95010057S,,shopify,,continue,manual,91.48,,TRUE,TRUE,9010544089349,,,,FALSE,,,,,Adult,95010057S,WP - Spare Parts,WP - Pro Components,new,FALSE,,,,,,,kg,,
wp-950100xxx,,,WP,,,,TRUE,Article,S80990000900000,,,,,S80990000900000,,shopify,,continue,manual,111.99,,TRUE,TRUE,9010544355246,,,,FALSE,,,,,Adult,S80990000900000,WP - Spare Parts,WP - Pro Components,new,FALSE,,,,,,,kg,,
wp-950100xxx,,,WP,,,,TRUE,Article,S80990001000000,,,,,S80990001000000,,shopify,,continue,manual,108.30,,TRUE,TRUE,9010544355239,,,,FALSE,,,,,Adult,S80990001000000,WP - Spare Parts,WP - Pro Components,new,FALSE,,,,,,,kg,,
wp-9501005xs,Fork spring set,Fork spring set,WP,Vehicles & Parts > Vehicle Parts & Accessories > Motor Vehicle Parts,WP - Spare Parts,WP - Pro Components,TRUE,Article,95010051S,,,,,95010051S,,shopify,,continue,manual,91.48,,TRUE,TRUE,9010544089400,https://cdn.shopify.com/s/files/1/0511/7820/9461/files/pho_nmon_fork_spring__sall__awsg__v1.jpg?v=1774382397,1,Fork spring set - Article: 95010051S,FALSE,Fork spring set,Fork spring set,Motor Vehicle Parts,,Adult,95010051S,WP - Spare Parts,WP - Pro Components,new,FALSE,,,,,,,kg,,
wp-9501005xs,,,WP,,,,TRUE,Article,95010052S,,,,,95010052S,,shopify,,continue,manual,91.48,,TRUE,TRUE,9010544089394,,,,FALSE,,,,,Adult,95010052S,WP - Spare Parts,WP - Pro Components,new,FALSE,,,,,,,kg,,
wp-9501005xs,,,WP,,,,TRUE,Article,95010055S,,,,,95010055S,,shopify,,continue,manual,91.48,,TRUE,TRUE,9010544089363,,,,FALSE,,,,,Adult,95010055S,WP - Spare Parts,WP - Pro Components,new,FALSE,,,,,,,kg,,
wp-9501009xs,Fork spring set,<p>Can only be used with PRO COMPONENTS products.</p>,WP,Vehicles & Parts > Vehicle Parts & Accessories > Motor Vehicle Parts,WP - Spare Parts,WP - Pro Components,TRUE,Article,95010090S,,,,,95010090S,,shopify,,continue,manual,111.99,,TRUE,TRUE,9010544089240,https://cdn.shopify.com/s/files/1/0511/7820/9461/files/pho_nmon_phbeispiel_gabelfeder__sall__awsg__v1.jpg?v=1754031270,1,Fork spring set - Article: 95010090S,FALSE,Fork spring set,Can only be used with PRO COMPONENTS products.,Motor Vehicle Parts,,Adult,95010090S,WP - Spare Parts,WP - Pro Components,new,FALSE,,,,,,,kg,,
wp-9501009xs,,,WP,,,,TRUE,Article,95010091S,,,,,95010091S,,shopify,,continue,manual,111.99,,TRUE,TRUE,9010544089233,,,,FALSE,,,,,Adult,95010091S,WP - Spare Parts,WP - Pro Components,new,FALSE,,,,,,,kg,,
wp-9501009xs,,,WP,,,,TRUE,Article,95010092S,,,,,95010092S,,shopify,,continue,manual,111.99,,TRUE,TRUE,9010544089226,,,,FALSE,,,,,Adult,95010092S,WP - Spare Parts,WP - Pro Components,new,FALSE,,,,,,,kg,,
wp-9501009xs,,,WP,,,,TRUE,Article,95010093S,,,,,95010093S,,shopify,,continue,manual,111.99,,TRUE,TRUE,9010544089219,,,,FALSE,,,,,Adult,95010093S,WP - Spare Parts,WP - Pro Components,new,FALSE,,,,,,,kg,,
wp-9501009xs,,,WP,,,,TRUE,Article,95010094S,,,,,95010094S,,shopify,,continue,manual,111.99,,TRUE,TRUE,9010544089202,,,,FALSE,,,,,Adult,95010094S,WP - Spare Parts,WP - Pro Components,new,FALSE,,,,,,,kg,,
wp-9501009xs,,,WP,,,,TRUE,Article,95010095S,,,,,95010095S,,shopify,,continue,manual,111.99,,TRUE,TRUE,9010544089196,,,,FALSE,,,,,Adult,95010095S,WP - Spare Parts,WP - Pro Components,new,FALSE,,,,,,,kg,,
wp-9501009xs,,,WP,,,,TRUE,Article,95010096S,,,,,95010096S,,shopify,,continue,manual,111.99,,TRUE,TRUE,9010544089189,,,,FALSE,,,,,Adult,95010096S,WP - Spare Parts,WP - Pro Components,new,FALSE,,,,,,,kg,,
wp-9501009xs,,,WP,,,,TRUE,Article,95010097S,,,,,95010097S,,shopify,,continue,manual,111.99,,TRUE,TRUE,9010544089172,,,,FALSE,,,,,Adult,95010097S,WP - Spare Parts,WP - Pro Components,new,FALSE,,,,,,,kg,,
wp-9501009xs,,,WP,,,,TRUE,Article,95010098S,,,,,95010098S,,shopify,,continue,manual,111.99,,TRUE,TRUE,9010544089165,,,,FALSE,,,,,Adult,95010098S,WP - Spare Parts,WP - Pro Components,new,FALSE,,,,,,,kg,,
wp-95812955044,Lowering kit,"<ul><li class=""li-square"">No restrictions on riding dynamics </li><li class=""li-square"">25 mm lower seat height </li><li class=""li-square"">Developed together with the vehicle </li></ul>",WP,Vehicles & Parts > Vehicle Parts & Accessories > Motor Vehicle Parts,WP - Lowering kit,WP - Technical Accessories,TRUE,Title,Default Title,,,,,95812955044,,shopify,,continue,manual,299.05,,TRUE,TRUE,9010544636260,https://cdn.shopify.com/s/files/1/0511/7820/9461/files/pho_nmon_95812955044_lowering_kit__sall__awsg__v1.jpg?v=1680287376,1,Lowering kit,FALSE,Lowering kit,No restrictions on riding dynamics 25 mm lower seat height Developed together with the vehicle,Motor Vehicle Parts,,Adult,95812955044,WP - Lowering kit,WP - Technical Accessories,new,FALSE,,,,,,,kg,,
wp-96312955044,Lowering kit,<ul><li>Developed together with the vehicle</li><li>25 mm lower seat height</li><li>No restrictions on riding dynamics</li></ul><p></p>,WP,Vehicles & Parts > Vehicle Parts & Accessories > Motor Vehicle Parts,WP - Lowering kit,WP - Technical Accessories,TRUE,Title,Default Title,,,,,96312955044,,shopify,,continue,manual,299.05,,TRUE,TRUE,9010544588705,https://cdn.shopify.com/s/files/1/0511/7820/9461/files/pho_nmon_96312955044_low_chassis_kit__sall__awsg__v1.jpg?v=1774461649,1,Lowering kit,FALSE,Lowering kit,Developed together with the vehicle 25 mm lower seat height No restrictions on riding dynamics,Motor Vehicle Parts,,Adult,96312955044,WP - Lowering kit,WP - Technical Accessories,new,FALSE,,,,,,,kg,,
wp-970100xx,Fork spring set,WP fork springs are high-performance springs and can be used to replace your original spring or to fine-tune your fork to your own weight and height.,WP,Vehicles & Parts > Vehicle Parts & Accessories > Motor Vehicle Parts,WP - Spare Parts,WP - Pro Components,TRUE,Article,97010031,,,,,97010031,,shopify,,continue,manual,127.78,,TRUE,TRUE,9010544088762,https://cdn.shopify.com/s/files/1/0511/7820/9461/files/pho_wp_nmon_gabel_federn_klein_1759__sall__awsg__v1.jpg?v=1749622567,1,Fork spring set - Article: 97010031,FALSE,Fork spring set,WP fork springs are high-performance springs and can be used to replace your original spring or to fine-tune your fork to your own weight and height.,Motor Vehicle Parts,,Adult,97010031,WP - Spare Parts,WP - Pro Components,new,FALSE,,,,,,,kg,,
wp-970100xx,,,WP,,,,TRUE,Article,97010032,,,,,97010032,,shopify,,continue,manual,127.78,,TRUE,TRUE,9010544088755,,,,FALSE,,,,,Adult,97010032,WP - Spare Parts,WP - Pro Components,new,FALSE,,,,,,,kg,,
wp-970100xx,,,WP,,,,TRUE,Article,97010033,,,,,97010033,,shopify,,continue,manual,127.78,,TRUE,TRUE,9010544088748,,,,FALSE,,,,,Adult,97010033,WP - Spare Parts,WP - Pro Components,new,FALSE,,,,,,,kg,,
wp-970100xx,,,WP,,,,TRUE,Article,97010034,,,,,97010034,,shopify,,continue,manual,127.78,,TRUE,TRUE,9010544088731,,,,FALSE,,,,,Adult,97010034,WP - Spare Parts,WP - Pro Components,new,FALSE,,,,,,,kg,,
wp-970100xx,,,WP,,,,TRUE,Article,97010035,,,,,97010035,,shopify,,continue,manual,127.78,,TRUE,TRUE,9010544088724,,,,FALSE,,,,,Adult,97010035,WP - Spare Parts,WP - Pro Components,new,FALSE,,,,,,,kg,,
wp-970100xx,,,WP,,,,TRUE,Article,97010036,,,,,97010036,,shopify,,continue,manual,127.78,,TRUE,TRUE,9010544088717,,,,FALSE,,,,,Adult,97010036,WP - Spare Parts,WP - Pro Components,new,FALSE,,,,,,,kg,,
wp-970100xx,,,WP,,,,TRUE,Article,97010037,,,,,97010037,,shopify,,continue,manual,127.78,,TRUE,TRUE,9010544088700,,,,FALSE,,,,,Adult,97010037,WP - Spare Parts,WP - Pro Components,new,FALSE,,,,,,,kg,,
wp-970100xx,,,WP,,,,TRUE,Article,97010038,,,,,97010038,,shopify,,continue,manual,127.78,,TRUE,TRUE,9010544088694,,,,FALSE,,,,,Adult,97010038,WP - Spare Parts,WP - Pro Components,new,FALSE,,,,,,,kg,,
wp-970100xx,,,WP,,,,TRUE,Article,97010039,,,,,97010039,,shopify,,continue,manual,127.78,,TRUE,TRUE,9010544088687,,,,FALSE,,,,,Adult,97010039,WP - Spare Parts,WP - Pro Components,new,FALSE,,,,,,,kg,,
wp-970100xx,,,WP,,,,TRUE,Article,97010040,,,,,97010040,,shopify,,continue,manual,127.78,,TRUE,TRUE,9010544088670,,,,FALSE,,,,,Adult,97010040,WP - Spare Parts,WP - Pro Components,new,FALSE,,,,,,,kg,,
wp-970100xx,,,WP,,,,TRUE,Article,97010041,,,,,97010041,,shopify,,continue,manual,127.78,,TRUE,TRUE,9010544088663,,,,FALSE,,,,,Adult,97010041,WP - Spare Parts,WP - Pro Components,new,FALSE,,,,,,,kg,,
wp-a360c101w403220,XACT PRO 7548 Spring fork,"<ul><li><a href=""https://www.wp-suspension.com/autorisierte-zentren/"">This product is exclusively available through WP authorized centers.</a> </li></ul><p></p><ul><li>Unique valve system</li><li>Greater comfort</li><li>Higher bottoming resistance</li><li>Better response</li><li>Friction optimized components</li><li>High quality coating</li><li>All adjustments can be made externally</li><li>Adjustable spring preload</li><li>Adjustable rebound damping</li><li>Adjustable compression damping</li></ul><p></p><strong>Setting</strong><br />Item is delivered with basic setting TC 125 and 4.4 N/mm fork spring, further settings can be found under documents.<br /><strong>In case spring fork is mounted on 4-stroke bike, new suspension set up is required.</strong><p><strong>Scope of delivery</strong></p><ul><li class=""li-square"">Spring fork</li><li class=""li-square"">Sticker</li><li class=""li-square"">Tools</li></ul><p><strong>Note</strong></p><ul><li class=""li-square"">Fork length: 940mm</li><li class=""li-square"">Stroke: 299mm</li></ul>",WP,Vehicles & Parts > Vehicle Parts & Accessories > Motor Vehicle Parts,WP - Offroad,WP - Fork,TRUE,Title,Default Title,,,,,A360C101W403220,,shopify,,continue,manual,3299.91,,TRUE,TRUE,9010544378832,https://cdn.shopify.com/s/files/1/0511/7820/9461/files/pho_nmon_a460c109w403220__c101w403220__a360c109w403220__c101w403220_xact_pro_7548_spring_fork__sall__awsg__v1.jpg?v=1779132816,1,XACT PRO 7548 Spring fork,FALSE,XACT PRO 7548 Spring fork,This product is exclusively available through WP authorized centers. Unique valve system Greater comfort Higher bottoming resistance Better response Friction optimized components High quality coating All adjustments can be made externally Adjustable spring preload Adjustable rebound damping Adjustable compression damp…,Motor Vehicle Parts,,Adult,A360C101W403220,WP - Offroad,WP - Fork,new,FALSE,,,,,,,kg,,
wp-a360c107u002220,XACT PRO 6500 Cartridge,<ul><li>Improved response and feedback from riding surface in every riding situation</li><li>Pressurized system reduces cavitation risk – no damping loss</li><li>Extreme durability due to use of highest quality materials</li><li>All adjustments can be made externally</li><li>Closed cartridge technology</li><li>Fully adjustable with standard tools</li><li>Handcrafted with the greatest of care</li><li>Adjustable spring preload</li></ul><p></p>,WP,Vehicles & Parts > Vehicle Parts & Accessories > Motor Vehicle Parts,WP - Offroad,WP - Cartridge,TRUE,Title,Default Title,,,,,A360C107U002220,,shopify,,continue,manual,1199.05,,TRUE,TRUE,9010544327427,https://cdn.shopify.com/s/files/1/0511/7820/9461/files/pho_nmon_0797c167u002220_xplor_pro_6500_cartridge__sall__awsg__v2.png?v=1779132801,1,XACT PRO 6500 Cartridge,FALSE,XACT PRO 6500 Cartridge,Improved response and feedback from riding surface in every riding situation Pressurized system reduces cavitation risk – no damping loss Extreme durability due to use of highest quality materials All adjustments can be made externally Closed cartridge technology Fully adjustable with standard tools Handcrafted with t…,Motor Vehicle Parts,,Adult,A360C107U002220,WP - Offroad,WP - Cartridge,new,FALSE,,,,,,,kg,,
wp-a360c109w403220,XACT PRO 7548 Spring fork,"<ul><li>Unique valve system</li><li>Greater comfort</li><li>Higher bottoming resistance</li><li>Better response</li><li>Friction optimized components</li><li>High quality coating</li><li>All adjustments can be made externally</li><li>Adjustable spring preload</li><li>Adjustable rebound damping</li><li>Adjustable compression damping</li></ul><p></p><strong>Setting</strong><br />Item is delivered with basic setting Husqvarna FC 450 and 5.0 N/mm fork spring, further settings can be found under documents.<p><strong>Scope of delivery</strong></p><ul><li class=""li-square"">Spring fork</li><li class=""li-square"">Sticker</li><li class=""li-square"">Tools</li></ul><p><strong>Note</strong></p><ul><li class=""li-square"">Fork length: 940mm</li><li class=""li-square"">Stroke: 299mm</li></ul>",WP,Vehicles & Parts > Vehicle Parts & Accessories > Motor Vehicle Parts,WP - Offroad,WP - Fork,FALSE,Title,Default Title,,,,,A360C109W403220,,shopify,,continue,manual,,,TRUE,TRUE,,https://cdn.shopify.com/s/files/1/0511/7820/9461/files/pho_nmon_a460c109w403220__c101w403220__a360c109w403220__c101w403220_xact_pro_7548_spring_fork__sall__awsg__v1.jpg?v=1779132816,1,XACT PRO 7548 Spring fork,FALSE,XACT PRO 7548 Spring fork,Unique valve system Greater comfort Higher bottoming resistance Better response Friction optimized components High quality coating All adjustments can be made externally Adjustable spring preload Adjustable rebound damping Adjustable compression damping Setting Item is delivered with basic setting Husqvarna FC 450 and…,Motor Vehicle Parts,,Adult,A360C109W403220,WP - Offroad,WP - Fork,new,FALSE,,,,,,,kg,,
wp-a360c401w411220,XACT PRO 8950 Shock absorber,"<ul><li><a href=""https://www.wp-suspension.com/autorisierte-zentren/"">This product is exclusively available through WP authorized centers.</a> </li></ul><p></p><ul><li>Supertrax technology</li><li>Improved and calmer ride</li><li>Greater comfort</li><li>Greater confidence in all situations</li><li>Lower physical strain</li><li>Friction optimized components</li><li>Adjustable spring preload</li><li>Adjustable high-speed compression damping</li><li>Adjustable low-speed compression damping</li><li>Adjustable rebound damping</li><li>Greater grip and traction</li></ul><p></p><strong>Setting</strong><br />Item is delivered with basic setting TC 125 and 39 N/mm shock spring, further settings can be found under documents.<br /><strong>In case shock is mounted on 4-stroke bike, new suspension set up is required.</strong><p><strong>Scope of delivery</strong></p><ul><li class=""li-square"">Shock absorber</li><li class=""li-square"">Sticker</li></ul><p><strong>Note</strong><br />Stroke: 134,9mm</p>",WP,Vehicles & Parts > Vehicle Parts & Accessories > Motor Vehicle Parts,WP - Offroad,WP - Shock,TRUE,Title,Default Title,,,,,A360C401W411220,,shopify,,continue,manual,2199.90,,TRUE,TRUE,9010544378733,https://cdn.shopify.com/s/files/1/0511/7820/9461/files/pho_nmon_a460c409w411220_xact_pro_8950_shock_absorber__sall__awsg__v3.jpg?v=1779132766,1,XACT PRO 8950 Shock absorber,FALSE,XACT PRO 8950 Shock absorber,This product is exclusively available through WP authorized centers. Supertrax technology Improved and calmer ride Greater comfort Greater confidence in all situations Lower physical strain Friction optimized components Adjustable spring preload Adjustable high-speed compression damping Adjustable low-speed compressio…,Motor Vehicle Parts,,Adult,A360C401W411220,WP - Offroad,WP - Shock,new,FALSE,,,,,,,kg,,
wp-a360c409w411220,XACT PRO 8950 Shock absorber,"<ul><li>Supertrax technology</li><li>Improved and calmer ride</li><li>Greater comfort</li><li>Greater confidence in all situations</li><li>Lower physical strain</li><li>Friction optimized components</li><li>Adjustable spring preload</li><li>Adjustable high-speed compression damping</li><li>Adjustable low-speed compression damping</li><li>Adjustable rebound damping</li><li>Greater grip and traction</li></ul><p></p><strong>Setting</strong><br />Item is delivered with basic setting Husqvarna FC 450 and 45 N/mm shock spring, further settings can be found under documents.<p><strong>Scope of delivery</strong></p><ul><li class=""li-square"">Shock absorber</li><li class=""li-square"">Sticker</li></ul><p><strong>Note</strong></p><ul><li class=""li-square"">Stroke: 134,9mm</li></ul>",WP,Vehicles & Parts > Vehicle Parts & Accessories > Motor Vehicle Parts,WP - Offroad,WP - Shock,FALSE,Title,Default Title,,,,,A360C409W411220,,shopify,,continue,manual,,,TRUE,TRUE,,https://cdn.shopify.com/s/files/1/0511/7820/9461/files/pho_nmon_a460c409w411220_xact_pro_8950_shock_absorber__sall__awsg__v3.jpg?v=1779132766,1,XACT PRO 8950 Shock absorber,FALSE,XACT PRO 8950 Shock absorber,Supertrax technology Improved and calmer ride Greater comfort Greater confidence in all situations Lower physical strain Friction optimized components Adjustable spring preload Adjustable high-speed compression damping Adjustable low-speed compression damping Adjustable rebound damping Greater grip and traction Settin…,Motor Vehicle Parts,,Adult,A360C409W411220,WP - Offroad,WP - Shock,new,FALSE,,,,,,,kg,,
wp-a390c167x403220,XPLOR PRO 7548 Spring Fork,"<ul><li><a href=""https://www.wp-suspension.com/autorisierte-zentren/"">This product is exclusively available through WP authorized centers.</a> </li></ul><p></p><ul><li>Friction optimized components</li><li>Adjustable spring preload</li><li>Adjustable rebound damping</li><li>Adjustable compression damping</li><li>Closed cartridge technology</li><li>Fully adjustable with standard tools</li><li>Unique valve system</li><li>Better response</li><li>Consistent performance</li><li>Improved damping behavior</li><li>Improved and calmer ride</li><li>Improved handling</li></ul><p></p>New hydrostop for better end progression<br />Basevalve tap with low speed circuit, for better damping control<br /><br />Setting<br />Item is delivered with basic setting FE 350 und 4.6 N/mm fork spring, further settings can be found under documents.<br /><br />Scope of delivery<br />Spring fork<br />Sticker<br />Tools",WP,Vehicles & Parts > Vehicle Parts & Accessories > Motor Vehicle Parts,WP - Offroad,WP - Fork,TRUE,Title,Default Title,,,,,A390C167X403220,,shopify,,continue,manual,3299.91,,TRUE,TRUE,9010544456837,https://cdn.shopify.com/s/files/1/0511/7820/9461/files/pho_nmon_a490c167x403220__a390c167x403220_xplor_pro_7548_spring_fork__sall__awsg__v1.jpg?v=1779132955,1,XPLOR PRO 7548 Spring Fork,FALSE,XPLOR PRO 7548 Spring Fork,This product is exclusively available through WP authorized centers. Friction optimized components Adjustable spring preload Adjustable rebound damping Adjustable compression damping Closed cartridge technology Fully adjustable with standard tools Unique valve system Better response Consistent performance Improved dam…,Motor Vehicle Parts,,Adult,A390C167X403220,WP - Offroad,WP - Fork,new,FALSE,,,,,,,kg,,
wp-a390c467x411220,XPLOR PRO 8950 Shock absorber,"<ul><li><a href=""https://www.wp-suspension.com/autorisierte-zentren/"">This product is exclusively available through WP authorized centers.</a> </li></ul><p></p><ul><li>Adjustable spring preload</li><li>Adjustable high-speed compression damping</li><li>Adjustable low-speed compression damping</li><li>Adjustable rebound damping</li><li>Greater grip and traction</li><li>Supertrax technology</li><li>Greater comfort</li></ul><p></p><strong>Setting</strong><br /><br />Item is delivered with basic setting HQV FE 350 / GG EC 350F und 45 N/mm shock spring, further settings can be found under documents.<br /><br /><strong>Scope of delivery</strong><br /><br />Shock absorber<br />Sticker",WP,Vehicles & Parts > Vehicle Parts & Accessories > Motor Vehicle Parts,WP - Offroad,WP - Shock,TRUE,Title,Default Title,,,,,A390C467X411220,,shopify,,continue,manual,2199.90,,TRUE,TRUE,9010544456790,https://cdn.shopify.com/s/files/1/0511/7820/9461/files/pho_mon_a390c467x411220_xplor_pro_8950_shock_absorber_8902__sall__awsg__v1.jpg?v=1779133036,1,XPLOR PRO 8950 Shock absorber,FALSE,XPLOR PRO 8950 Shock absorber,This product is exclusively available through WP authorized centers. Adjustable spring preload Adjustable high-speed compression damping Adjustable low-speed compression damping Adjustable rebound damping Greater grip and traction Supertrax technology Greater comfort Setting Item is delivered with basic setting HQV FE…,Motor Vehicle Parts,,Adult,A390C467X411220,WP - Offroad,WP - Shock,new,FALSE,,,,,,,kg,,
wp-a40001999022c1a,Factory triple clamp,"<ul><li>Elegant anodised surface</li><li>CNC milled aluminum triple clamp</li><li>Optimally tuned steering stem stiffness</li><li>100% alignment of the fork tubes</li><li>Ideal flexibility – precisely customised to the WP fork</li><li>Specially optimised geometry of the fork clamping</li><li>No ovalization of the fork outer tube</li><li>Highly precise and smooth fork response</li><li>Maximum handling gain</li><li>Gain in stability at the front wheel</li><li>Overall, more homogeneous force flows in the entire vehicle</li><li>Including steering stem with steering head bearing already pressed on</li></ul><p></p>",WP,Vehicles & Parts > Vehicle Parts & Accessories > Motor Vehicle Parts,WP - Triple clamp,WP - Technical Accessories,TRUE,Title,Default Title,,,,,A40001999022C1A,,shopify,,continue,manual,449.03,,TRUE,TRUE,9010544512212,https://cdn.shopify.com/s/files/1/0511/7820/9461/files/pho_nmon_555699_a40001999022c1a___a40501999022c1a__factory_triple_clamp_studio_pictures_offroad__sall__awsg__v2.jpg?v=1748370839,1,Factory triple clamp,FALSE,Factory triple clamp,Elegant anodised surface CNC milled aluminum triple clamp Optimally tuned steering stem stiffness 100% alignment of the fork tubes Ideal flexibility – precisely customised to the WP fork Specially optimised geometry of the fork clamping No ovalization of the fork outer tube Highly precise and smooth fork response Maxi…,Motor Vehicle Parts,,Adult,A40001999022C1A,WP - Triple clamp,WP - Technical Accessories,new,FALSE,,,,,,,kg,,
wp-a40012955044,Lowering kit,<ul><li>Made of the highest quality materials</li><li>Tested in the toughest conditions</li><li>Enables shorter drivers to also achieve the optimum seat height</li><li>Perfect compromise between maximum chassis performance and lowest possible vehicle height</li><li>No restrictions on riding dynamics</li></ul><p></p>,WP,Vehicles & Parts > Vehicle Parts & Accessories > Motor Vehicle Parts,WP - Lowering kit,WP - Technical Accessories,TRUE,Title,Default Title,,,,,A40012955044,,shopify,,continue,manual,169.04,,TRUE,TRUE,9010544679076,https://cdn.shopify.com/s/files/1/0511/7820/9461/files/pho_nmon_328209_45412955044s_lowering_kit_studio_pictures_offroad__sall__awsg__v1.jpg?v=1779127127,1,Lowering kit,FALSE,Lowering kit,Made of the highest quality materials Tested in the toughest conditions Enables shorter drivers to also achieve the optimum seat height Perfect compromise between maximum chassis performance and lowest possible vehicle height No restrictions on riding dynamics,Motor Vehicle Parts,,Adult,A40012955044,WP - Lowering kit,WP - Technical Accessories,new,FALSE,,,,,,,kg,,
wp-a40012955144,Lowering kit,<ul><li>Made of the highest quality materials</li><li>Tested in the toughest conditions</li><li>Enables shorter drivers to also achieve the optimum seat height</li><li>Perfect compromise between maximum chassis performance and lowest possible vehicle height</li><li>No restrictions on riding dynamics</li></ul><p></p>,WP,Vehicles & Parts > Vehicle Parts & Accessories > Motor Vehicle Parts,WP - Lowering kit,WP - Technical Accessories,FALSE,Title,Default Title,,,,,A40012955144,,shopify,,continue,manual,,,TRUE,TRUE,,https://cdn.shopify.com/s/files/1/0511/7820/9461/files/pho_nmon_328209_45412955044s_lowering_kit_studio_pictures_offroad__1___sall__awsg__v1.jpg?v=1779126163,1,Lowering kit,FALSE,Lowering kit,Made of the highest quality materials Tested in the toughest conditions Enables shorter drivers to also achieve the optimum seat height Perfect compromise between maximum chassis performance and lowest possible vehicle height No restrictions on riding dynamics,Motor Vehicle Parts,,Adult,A40012955144,WP - Lowering kit,WP - Technical Accessories,new,FALSE,,,,,,,kg,,
wp-a400c102z003220,XACT PRO 7500 Cartridge,<ul><li>Friction optimized components</li><li>Adjustable spring preload</li><li>Adjustable rebound damping</li><li>Adjustable compression damping</li><li>Open cartridge technology</li><li>Unique valve system</li><li>Better response</li><li>Greater confidence in all situations</li><li>Greater comfort</li><li>Higher bottoming resistance</li><li>Cone valve technology</li></ul><p></p>,WP,Vehicles & Parts > Vehicle Parts & Accessories > Motor Vehicle Parts,WP - Offroad,WP - Cartridge,TRUE,Title,Default Title,,,,,A400C102Z003220,,shopify,,continue,manual,849.90,,TRUE,TRUE,9010544682052,https://cdn.shopify.com/s/files/1/0511/7820/9461/files/pho_nmon_a400c102z003220_a05c103z003220_act_pro_7500_cartridge_12139__sall__awsg__v1.jpg?v=1779132875,1,XACT PRO 7500 Cartridge,FALSE,XACT PRO 7500 Cartridge,Friction optimized components Adjustable spring preload Adjustable rebound damping Adjustable compression damping Open cartridge technology Unique valve system Better response Greater confidence in all situations Greater comfort Higher bottoming resistance Cone valve technology,Motor Vehicle Parts,,Adult,A400C102Z003220,WP - Offroad,WP - Cartridge,new,FALSE,,,,,,,kg,,
wp-a400c402x113220,XACT PRO 6736 Shock absorber,"<ul><li><a href=""https://www.wp-suspension.com/autorisierte-zentren/"">This product is exclusively available through WP authorized centers.</a> </li></ul><p></p><ul><li>Friction optimized components</li><li>Adjustable spring preload</li><li>Adjustable high-speed compression damping</li><li>Adjustable low-speed compression damping</li><li>Adjustable rebound damping</li><li>Greater grip and traction</li><li>All adjustments can be made externally</li><li>Greater confidence in all situations</li></ul><p></p>",WP,Vehicles & Parts > Vehicle Parts & Accessories > Motor Vehicle Parts,WP - Offroad,WP - Shock,TRUE,Title,Default Title,,,,,A400C402X113220,,shopify,,continue,manual,899.94,,TRUE,TRUE,9010544479430,https://cdn.shopify.com/s/files/1/0511/7820/9461/files/pho_nmon_a400c402x113220_xact_pro_6736_shock_absorber_8903__sall__awsg__v2.jpg?v=1779133036,1,XACT PRO 6736 Shock absorber,FALSE,XACT PRO 6736 Shock absorber,This product is exclusively available through WP authorized centers. Friction optimized components Adjustable spring preload Adjustable high-speed compression damping Adjustable low-speed compression damping Adjustable rebound damping Greater grip and traction All adjustments can be made externally Greater confidence…,Motor Vehicle Parts,,Adult,A400C402X113220,WP - Offroad,WP - Shock,new,FALSE,,,,,,,kg,,
wp-a40501999022c1a,Factory triple clamp,"<ul><li>Elegant anodised surface</li><li>CNC milled aluminum triple clamp</li><li>Optimally tuned steering stem stiffness</li><li>100% alignment of the fork tubes</li><li>Ideal flexibility – precisely customised to the WP fork</li><li>Specially optimised geometry of the fork clamping</li><li>No ovalization of the fork outer tube</li><li>Highly precise and smooth fork response</li><li>Maximum handling gain</li><li>Gain in stability at the front wheel</li><li>Overall, more homogeneous force flows in the entire vehicle</li><li>Including steering stem with steering head bearing already pressed on</li></ul><p></p>",WP,Vehicles & Parts > Vehicle Parts & Accessories > Motor Vehicle Parts,WP - Triple clamp,WP - Technical Accessories,TRUE,Title,Default Title,,,,,A40501999022C1A,,shopify,,continue,manual,449.03,,TRUE,TRUE,9010544512229,https://cdn.shopify.com/s/files/1/0511/7820/9461/files/pho_nmon_555699_a40001999022c1a___a40501999022c1a__factory_triple_clamp_studio_pictures_offroad__sall__awsg__v2.jpg?v=1748370839,1,Factory triple clamp,FALSE,Factory triple clamp,Elegant anodised surface CNC milled aluminum triple clamp Optimally tuned steering stem stiffness 100% alignment of the fork tubes Ideal flexibility – precisely customised to the WP fork Specially optimised geometry of the fork clamping No ovalization of the fork outer tube Highly precise and smooth fork response Maxi…,Motor Vehicle Parts,,Adult,A40501999022C1A,WP - Triple clamp,WP - Technical Accessories,new,FALSE,,,,,,,kg,,
wp-a405c103z003220,XACT PRO 7500 Cartridge,<ul><li>Friction optimized components</li><li>Adjustable spring preload</li><li>Adjustable rebound damping</li><li>Adjustable compression damping</li><li>Open cartridge technology</li><li>Unique valve system</li><li>Better response</li><li>Greater confidence in all situations</li><li>Greater comfort</li><li>Higher bottoming resistance</li><li>Cone valve technology</li></ul><p></p>,WP,Vehicles & Parts > Vehicle Parts & Accessories > Motor Vehicle Parts,WP - Offroad,WP - Cartridge,TRUE,Title,Default Title,,,,,A405C103Z003220,,shopify,,continue,manual,849.90,,TRUE,TRUE,9010544682045,https://cdn.shopify.com/s/files/1/0511/7820/9461/files/pho_nmon_a400c102z003220_a05c103z003220_act_pro_7500_cartridge_12139__sall__awsg__v1.jpg?v=1779132875,1,XACT PRO 7500 Cartridge,FALSE,XACT PRO 7500 Cartridge,Friction optimized components Adjustable spring preload Adjustable rebound damping Adjustable compression damping Open cartridge technology Unique valve system Better response Greater confidence in all situations Greater comfort Higher bottoming resistance Cone valve technology,Motor Vehicle Parts,,Adult,A405C103Z003220,WP - Offroad,WP - Cartridge,new,FALSE,,,,,,,kg,,
wp-a405c403x111220,XACT PRO 8936 Shock absorber,"<ul><li><a href=""https://www.wp-suspension.com/autorisierte-zentren/"">This product is exclusively available through WP authorized centers.</a> </li></ul><p></p><ul><li>Friction optimized components</li><li>Adjustable spring preload</li><li>Adjustable high-speed compression damping</li><li>Adjustable low-speed compression damping</li><li>Greater grip and traction</li><li>All adjustments can be made externally</li><li>Greater confidence in all situations</li><li>Adjustable high-speed rebound damping</li><li>Adjustable low-speed rebound damping</li></ul><p></p>",WP,Vehicles & Parts > Vehicle Parts & Accessories > Motor Vehicle Parts,WP - Offroad,WP - Shock,TRUE,Title,Default Title,,,,,A405C403X111220,,shopify,,continue,manual,1299.90,,TRUE,TRUE,9010544479423,https://cdn.shopify.com/s/files/1/0511/7820/9461/files/pho_nmon_a4050c403x111220_xact_pro_8936_shock_absorber_8904__sall__awsg__v1.png?v=1779132923,1,XACT PRO 8936 Shock absorber,FALSE,XACT PRO 8936 Shock absorber,This product is exclusively available through WP authorized centers. Friction optimized components Adjustable spring preload Adjustable high-speed compression damping Adjustable low-speed compression damping Greater grip and traction All adjustments can be made externally Greater confidence in all situations Adjustabl…,Motor Vehicle Parts,,Adult,A405C403X111220,WP - Offroad,WP - Shock,new,FALSE,,,,,,,kg,,
wp-a405c403z111220,XACT PRO 8936 Shock absorber,"<ul><li><a href=""https://www.wp-suspension.com/autorisierte-zentren/"">This product is exclusively available through WP authorized centers.</a> </li></ul><p></p><ul><li>Adjustable high-speed compression damping</li><li>Adjustable low-speed compression damping</li><li>Greater grip and traction</li><li>All adjustments can be made externally</li><li>Greater confidence in all situations</li><li>Adjustable high-speed rebound damping</li><li>Adjustable low-speed rebound damping</li><li>Friction optimized components</li><li>Adjustable spring preload</li></ul><p></p>",WP,Vehicles & Parts > Vehicle Parts & Accessories > Motor Vehicle Parts,WP - Offroad,WP - Shock,TRUE,Title,Default Title,,,,,A405C403Z111220,,shopify,,continue,manual,1299.90,,TRUE,TRUE,9010544685251,https://cdn.shopify.com/s/files/1/0511/7820/9461/files/pho_nmon_a4050c403x111220_xact_pro_8936_shock_absorber_8904__sall__awsg__v1.png?v=1779132923,1,XACT PRO 8936 Shock absorber,FALSE,XACT PRO 8936 Shock absorber,This product is exclusively available through WP authorized centers. Adjustable high-speed compression damping Adjustable low-speed compression damping Greater grip and traction All adjustments can be made externally Greater confidence in all situations Adjustable high-speed rebound damping Adjustable low-speed reboun…,Motor Vehicle Parts,,Adult,A405C403Z111220,WP - Offroad,WP - Shock,new,FALSE,,,,,,,kg,,
wp-a41001999014c1a,Factory triple clamp,"<ul><li>100% alignment of the fork tubes</li><li>CNC milled aluminum triple clamp</li><li>Elegant anodised surface</li><li>Highly precise and smooth fork response</li><li>Including steering stem with steering head bearing already pressed on</li><li>Overall, more homogeneous force flows in the entire vehicle</li><li>No ovalization of the fork outer tube</li><li>Maximum handling gain</li><li>Optimally tuned steering stem stiffness</li><li>Ideal flexibility – precisely customised to the WP fork</li><li>Specially optimised geometry of the fork clamping</li><li>Gain in stability at the front wheel</li></ul><p></p>",WP,Vehicles & Parts > Vehicle Parts & Accessories > Motor Vehicle Parts,WP - Triple clamp,WP - Technical Accessories,TRUE,Title,Default Title,,,,,A41001999014C1A,,shopify,,continue,manual,499.06,,TRUE,TRUE,9010544608823,https://cdn.shopify.com/s/files/1/0511/7820/9461/files/pho_nmon_a41001999014c1a_factory_triple_clamp_studio_pictures_offroad__sall__awsg__v1.jpg?v=1736333912,1,Factory triple clamp,FALSE,Factory triple clamp,"100% alignment of the fork tubes CNC milled aluminum triple clamp Elegant anodised surface Highly precise and smooth fork response Including steering stem with steering head bearing already pressed on Overall, more homogeneous force flows in the entire vehicle No ovalization of the fork outer tube Maximum handling gai…",Motor Vehicle Parts,,Adult,A41001999014C1A,WP - Triple clamp,WP - Technical Accessories,new,FALSE,,,,,,,kg,,
wp-a410c104y002220,XACT PRO 6500 Cartridge,"<ul><li><a href=""https://www.wp-suspension.com/autorisierte-zentren/"">This product is exclusively available through WP authorized centers.</a> </li></ul><p></p><ul><li>Adjustable rebound damping</li><li>Adjustable compression damping</li><li>Closed cartridge technology</li><li>Fully adjustable with standard tools</li><li>All adjustments can be made externally</li><li>Improved and calmer ride</li><li>Fully adjustable to rider’s requirements and circuit conditions</li><li>Improved response and feedback from riding surface in every riding situation</li><li>Extreme durability due to use of highest quality materials</li><li>Handcrafted with the greatest of care</li><li>Adjustable spring preload</li></ul><p></p><strong>Scope of delivery</strong><ul><li class=""li-square"">Cartridge</li><li class=""li-square"">Sticker</li><li class=""li-square"">Tools</li><li class=""li-square"">Spring spacer</li><li class=""li-square"">Axle clamp le. incl. Inner tube</li></ul>Front fork springs need to be ordered separately.<p>Note<br />00010000362 is required for installation in MY18-20.</p>",WP,Vehicles & Parts > Vehicle Parts & Accessories > Motor Vehicle Parts,WP - Offroad,WP - Cartridge,TRUE,Title,Default Title,,,,,A410C104Y002220,,shopify,,continue,manual,1399.06,,TRUE,TRUE,9010544570328,https://cdn.shopify.com/s/files/1/0511/7820/9461/files/pho_nmon_a410c104y002220_cartridge_9971__sall__awsg__v1.png?v=1779133051,1,XACT PRO 6500 Cartridge,FALSE,XACT PRO 6500 Cartridge,This product is exclusively available through WP authorized centers. Adjustable rebound damping Adjustable compression damping Closed cartridge technology Fully adjustable with standard tools All adjustments can be made externally Improved and calmer ride Fully adjustable to rider’s requirements and circuit conditions…,Motor Vehicle Parts,,Adult,A410C104Y002220,WP - Offroad,WP - Cartridge,new,FALSE,,,,,,,kg,,
wp-a410c104y203220,XACT PRO 7543 Spring fork,"<ul><li><a href=""https://www.wp-suspension.com/autorisierte-zentren/"">This product is exclusively available through WP authorized centers.</a> </li></ul><p></p><ul><li>Unique valve system</li><li>Greater comfort</li><li>Higher bottoming resistance</li><li>Better response</li><li>Greater confidence in all situations</li><li>Friction optimized components</li><li>High quality coating</li><li>All adjustments can be made externally</li><li>Adjustable spring preload</li><li>Adjustable rebound damping</li><li>Adjustable compression damping</li></ul><p></p><strong>Scope of delivery</strong><ul><li class=""li-square"">Spring fork incl. 3.2 N/mm Fork spring</li><li class=""li-square"">Sticker</li><li class=""li-square"">Tools</li></ul><p><strong>Note</strong><br />00010000362 is required for installation in MY18-20.<br />MY25 setting see ""Documents - Setting list"".<br /></p>",WP,Vehicles & Parts > Vehicle Parts & Accessories > Motor Vehicle Parts,WP - Offroad,WP - Fork,TRUE,Title,Default Title,,,,,A410C104Y203220,,shopify,,continue,manual,2499.07,,TRUE,TRUE,9010544570434,https://cdn.shopify.com/s/files/1/0511/7820/9461/files/pho_nmon_a410c104y203220_cact_pro_7543_fork_9972__sall__awsg__v1.jpg?v=1779132845,1,XACT PRO 7543 Spring fork,FALSE,XACT PRO 7543 Spring fork,This product is exclusively available through WP authorized centers. Unique valve system Greater comfort Higher bottoming resistance Better response Greater confidence in all situations Friction optimized components High quality coating All adjustments can be made externally Adjustable spring preload Adjustable reboun…,Motor Vehicle Parts,,Adult,A410C104Y203220,WP - Offroad,WP - Fork,new,FALSE,,,,,,,kg,,
wp-a410c404y311220,XACT PRO 8946 Shock absorber,"<ul><li><a href=""https://www.wp-suspension.com/autorisierte-zentren/"">This product is exclusively available through WP authorized centers.</a> </li></ul><p></p><ul><li>Friction optimized components</li><li>Adjustable spring preload</li><li>Adjustable high-speed compression damping</li><li>Adjustable low-speed compression damping</li><li>Greater grip and traction</li><li>Supertrax technology</li><li>All adjustments can be made externally</li><li>Greater confidence in all situations</li><li>Adjustable high-speed rebound damping</li><li>Adjustable low-speed rebound damping</li></ul><p></p>",WP,Vehicles & Parts > Vehicle Parts & Accessories > Motor Vehicle Parts,WP - Offroad,WP - Shock,TRUE,Title,Default Title,,,,,A410C404Y311220,,shopify,,continue,manual,1769.93,,TRUE,TRUE,9010544570441,https://cdn.shopify.com/s/files/1/0511/7820/9461/files/pho_nmon_a410c404y311220_xact_pro_8936_shock_absorber_9706__1___sall__awsg__v1.png?v=1721980998,1,XACT PRO 8946 Shock absorber,FALSE,XACT PRO 8946 Shock absorber,This product is exclusively available through WP authorized centers. Friction optimized components Adjustable spring preload Adjustable high-speed compression damping Adjustable low-speed compression damping Greater grip and traction Supertrax technology All adjustments can be made externally Greater confidence in all…,Motor Vehicle Parts,,Adult,A410C404Y311220,WP - Offroad,WP - Shock,new,FALSE,,,,,,,kg,,
wp-a46001939500,Progressive handlebar damping system (PHDS),<ul><li>CNC milled handlebar mount with damping rubber inserts</li><li>Gentle on wrists and shoulder joints</li><li>Damping of hard shocks</li><li>Absorption of chassis and engine vibrations</li><li>Additional handlebar damping in horizontal direction</li><li>Optimum steering precision</li></ul><p></p>,WP,Vehicles & Parts > Vehicle Parts & Accessories > Motor Vehicle Parts,WP - Special parts,WP - Technical Accessories,TRUE,Title,Default Title,,,,,A46001939500,,shopify,,continue,manual,229.05,,TRUE,TRUE,9010544386936,https://cdn.shopify.com/s/files/1/0511/7820/9461/files/pho_nmon_a46001939500_progressive_handlebar_damping_system__phds___sall__awsg__v1.jpg?v=1656931989,1,Progressive handlebar damping system (PHDS),FALSE,Progressive handlebar damping system (PHDS),CNC milled handlebar mount with damping rubber inserts Gentle on wrists and shoulder joints Damping of hard shocks Absorption of chassis and engine vibrations Additional handlebar damping in horizontal direction Optimum steering precision,Motor Vehicle Parts,,Adult,A46001939500,WP - Special parts,WP - Technical Accessories,new,FALSE,,,,,,,kg,,
wp-a46001995000,Fork protector,<ul><li>For all 48 mm forks</li><li>Ideal protection for sealing the fork</li><li>For use with an open fork protector</li></ul><p></p>,WP,Vehicles & Parts > Vehicle Parts & Accessories > Motor Vehicle Parts,WP - Protection,WP - Technical Accessories,TRUE,Title,Default Title,,,,,A46001995000,,shopify,,continue,manual,29.04,,TRUE,TRUE,9010544418323,https://cdn.shopify.com/s/files/1/0511/7820/9461/files/pho_nmon_a46001995000_fork_protector__sall__awsg__v1.jpg?v=1665995079,1,Fork protector,FALSE,Fork protector,For all 48 mm forks Ideal protection for sealing the fork For use with an open fork protector,Motor Vehicle Parts,,Adult,A46001995000,WP - Protection,WP - Technical Accessories,new,FALSE,,,,,,,kg,,
wp-a46001996000,Fork protector,<ul><li>For all 48 mm forks</li><li>Ideal protection for sealing the fork</li><li>For use with an open fork protector</li></ul><p></p>,WP,Vehicles & Parts > Vehicle Parts & Accessories > Motor Vehicle Parts,WP - Protection,WP - Technical Accessories,TRUE,Title,Default Title,,,,,A46001996000,,shopify,,continue,manual,29.04,,TRUE,TRUE,9010544418804,https://cdn.shopify.com/s/files/1/0511/7820/9461/files/pho_nmon_a46001996000_fork_protector__sall__awsg__v1.jpg?v=1665995087,1,Fork protector,FALSE,Fork protector,For all 48 mm forks Ideal protection for sealing the fork For use with an open fork protector,Motor Vehicle Parts,,Adult,A46001996000,WP - Protection,WP - Technical Accessories,new,FALSE,,,,,,,kg,,
wp-a46001999021c1a,Factory Racing triple clamp,"<ul><li>CNC milled aluminum triple clamp</li><li>Elegant anodised surface</li><li>Optimally tuned steering stem stiffness</li><li>100% alignment of the fork tubes</li><li>Ideal flexibility – precisely customised to the WP fork</li><li>Specially optimised geometry of the fork clamping</li><li>No ovalization of the fork outer tube</li><li>Highly precise and smooth fork response</li><li>Maximum handling gain</li><li>Gain in stability at the front wheel</li><li>Overall, more homogeneous force flows in the entire vehicle</li><li>Simple offset adjustment</li><li>Including steering stem with steering head bearing already pressed on</li></ul><p></p><ul><li class=""li-square"">Very simple offset adjustment of 20 or 22 mm</li><li class=""li-square"">Shorter offset: Stability on fast straights</li><li class=""li-square"">Longer offset: easier and quicker cornering in curves</li></ul><p>Color differences between the upper and lower triple clamp cannot be technically ruled out.</p>",WP,Vehicles & Parts > Vehicle Parts & Accessories > Motor Vehicle Parts,WP - Triple clamp,WP - Technical Accessories,TRUE,Title,Default Title,,,,,A46001999021C1A,,shopify,,continue,manual,549.04,,TRUE,TRUE,9010544350852,https://cdn.shopify.com/s/files/1/0511/7820/9461/files/pho_nmon_416355_a46001999021c1a_factory_racing_triple_clamp__sall__awsg__v1.jpg?v=1656931860,1,Factory Racing triple clamp,FALSE,Factory Racing triple clamp,CNC milled aluminum triple clamp Elegant anodised surface Optimally tuned steering stem stiffness 100% alignment of the fork tubes Ideal flexibility – precisely customised to the WP fork Specially optimised geometry of the fork clamping No ovalization of the fork outer tube Highly precise and smooth fork response Maxi…,Motor Vehicle Parts,,Adult,A46001999021C1A,WP - Triple clamp,WP - Technical Accessories,new,FALSE,,,,,,,kg,,
wp-a46002922044,Steering damper kit,<ul><li>High-end WP suspension steering damper</li><li>Gain in stability at the front wheel</li><li>Well thought-out mounting of the damper enables individual handlebar adjustment</li><li>Fully adjustable</li></ul><p></p>,WP,Vehicles & Parts > Vehicle Parts & Accessories > Motor Vehicle Parts,WP - Offroad,WP - Steering Damper,TRUE,Title,Default Title,,,,,A46002922044,,shopify,,continue,manual,499.06,,TRUE,TRUE,9010544413366,https://cdn.shopify.com/s/files/1/0511/7820/9461/files/pho_nmon_a46002922044_steering_damper_kit__sall__awsg__v1.jpg?v=1736333865,1,Steering damper kit,FALSE,Steering damper kit,High-end WP suspension steering damper Gain in stability at the front wheel Well thought-out mounting of the damper enables individual handlebar adjustment Fully adjustable,Motor Vehicle Parts,,Adult,A46002922044,WP - Offroad,WP - Steering Damper,new,FALSE,,,,,,,kg,,
wp-a46004925033,Adjuster rebound,"<ul><li>CNC milled from high-strength aluminum</li><li>Elegant anodised surface</li><li>Robust, solid construction</li></ul><p></p>",WP,Vehicles & Parts > Vehicle Parts & Accessories > Motor Vehicle Parts,WP - Special parts,WP - Technical Accessories,TRUE,Title,Default Title,,,,,A46004925033,,shopify,,continue,manual,29.89,,TRUE,TRUE,9010544594782,https://cdn.shopify.com/s/files/1/0511/7820/9461/files/pho_nmon_a46004925033_rebound_adjuster_2_studio_pictures_offroad__sall__awsg__v1.jpg?v=1713549970,1,Adjuster rebound,FALSE,Adjuster rebound,"CNC milled from high-strength aluminum Elegant anodised surface Robust, solid construction",Motor Vehicle Parts,,Adult,A46004925033,WP - Special parts,WP - Technical Accessories,new,FALSE,,,,,,,kg,,
wp-a46004925066,Dual compression control adjuster,"<ul><li>CNC milled from high-strength aluminum</li><li>Elegant anodised surface</li><li>Robust, solid construction</li></ul><p></p>",WP,Vehicles & Parts > Vehicle Parts & Accessories > Motor Vehicle Parts,WP - Special parts,WP - Technical Accessories,TRUE,Title,Default Title,,,,,A46004925066,,shopify,,continue,manual,44.95,,TRUE,TRUE,9010544594911,https://cdn.shopify.com/s/files/1/0511/7820/9461/files/pho_nmon_a46004925066_adjuster_dcc_studio_pictures_offroad__sall__awsg__v1.jpg?v=1713549961,1,Dual compression control adjuster,FALSE,Dual compression control adjuster,"CNC milled from high-strength aluminum Elegant anodised surface Robust, solid construction",Motor Vehicle Parts,,Adult,A46004925066,WP - Special parts,WP - Technical Accessories,new,FALSE,,,,,,,kg,,
wp-a46009901544c1a,Factory Racing front wheel 1.6x21&quot;,"<ul><li>Anodised hub milled from a whole piece</li><li>Maximum gain in handling and, at the same time, stability in challenging off-road situations</li><li>Anodised aluminum spoke nipples</li></ul><p></p>Reinforced spokes for higher impact resistance",WP,Vehicles & Parts > Vehicle Parts & Accessories > Motor Vehicle Parts,WP - Wheels,WP - Technical Accessories,TRUE,Title,Default Title,,,,,A46009901544C1A,,shopify,,continue,manual,499.06,,TRUE,TRUE,9010544409246,https://cdn.shopify.com/s/files/1/0511/7820/9461/files/pho_nmon_430720_a46009901544c1a_factory_racing_front_wheel_1_6x21___sall__awsg__v1.jpg?v=1675957002,1,Factory Racing front wheel 1.6x21&quot;,FALSE,Factory Racing front wheel 1.6x21&quot;,"Anodised hub milled from a whole piece Maximum gain in handling and, at the same time, stability in challenging off-road situations Anodised aluminum spoke nipples Reinforced spokes for higher impact resistance",Motor Vehicle Parts,,Adult,A46009901544C1A,WP - Wheels,WP - Technical Accessories,new,FALSE,,,,,,,kg,,
wp-a46009910044c1a,Front wheel hub,Front wheel hub,WP,Vehicles & Parts > Vehicle Parts & Accessories > Motor Vehicle Parts,WP - Spare Parts,WP - Pro Components,TRUE,Title,Default Title,,,,,A46009910044C1A,,shopify,,continue,manual,249.02,,TRUE,TRUE,9010544401332,,,,FALSE,Front wheel hub,Front wheel hub,Motor Vehicle Parts,,Adult,A46009910044C1A,WP - Spare Parts,WP - Pro Components,new,FALSE,,,,,,,kg,,
wp-a46010901544c1a,Factory Racing rear wheel 2.15x19&quot;,"<ul><li>Anodised hub milled from a whole piece</li><li>Maximum gain in handling and, at the same time, stability in challenging off-road situations</li><li>Anodised aluminum spoke nipples</li></ul><p></p>Reinforced spokes for higher impact resistance",WP,Vehicles & Parts > Vehicle Parts & Accessories > Motor Vehicle Parts,WP - Wheels,WP - Technical Accessories,TRUE,Title,Default Title,,,,,A46010901544C1A,,shopify,,continue,manual,599.07,,TRUE,TRUE,9010544409253,https://cdn.shopify.com/s/files/1/0511/7820/9461/files/pho_nmon_430721_a46010901544c1a_factory_racing_rear_wheel_2_15x19___sall__awsg__v1.jpg?v=1675957001,1,Factory Racing rear wheel 2.15x19&quot;,FALSE,Factory Racing rear wheel 2.15x19&quot;,"Anodised hub milled from a whole piece Maximum gain in handling and, at the same time, stability in challenging off-road situations Anodised aluminum spoke nipples Reinforced spokes for higher impact resistance",Motor Vehicle Parts,,Adult,A46010901544C1A,WP - Wheels,WP - Technical Accessories,new,FALSE,,,,,,,kg,,
wp-a46010910044c1a,Rear wheel hub,Rear wheel hub,WP,Vehicles & Parts > Vehicle Parts & Accessories > Motor Vehicle Parts,WP - Spare Parts,WP - Pro Components,TRUE,Title,Default Title,,,,,A46010910044C1A,,shopify,,continue,manual,319.08,,TRUE,TRUE,9010544401325,,,,FALSE,Rear wheel hub,Rear wheel hub,Motor Vehicle Parts,,Adult,A46010910044C1A,WP - Spare Parts,WP - Pro Components,new,FALSE,,,,,,,kg,,
wp-a46019909000,Spoke torque wrench,"On this spoke wrench, the torque is preset at 6 Nm. This prevents over-tightening of the spoke nipples. <br />Too much torque when tightening the spoke nipples is the most frequent cause of broken spokes. <br />Wrench size 6.8 mm.",WP,Hardware > Tools,WP - Tools,WP - Tool/transport,TRUE,Title,Default Title,,,,,A46019909000,,shopify,,continue,manual,219.07,,TRUE,TRUE,9010544512083,https://cdn.shopify.com/s/files/1/0511/7820/9461/files/pho_nmon_a46019909000_spoke_torque_wrench__sall__awsg__v1.jpg?v=1700839836,1,Spoke torque wrench,FALSE,Spoke torque wrench,"On this spoke wrench, the torque is preset at 6 Nm. This prevents over-tightening of the spoke nipples. Too much torque when tightening the spoke nipples is the most frequent cause of broken spokes. Wrench size 6.8 mm.",Tools,,Adult,A46019909000,WP - Tools,WP - Tool/transport,new,FALSE,,,,,,,kg,,
wp-a460c101w403220,XACT PRO 7548 Spring fork,"<ul><li><a href=""https://www.wp-suspension.com/autorisierte-zentren/"">This product is exclusively available through WP authorized centers.</a> </li></ul><p></p><ul><li>Unique valve system</li><li>Greater comfort</li><li>Higher bottoming resistance</li><li>Better response</li><li>Friction optimized components</li><li>High quality coating</li><li>All adjustments can be made externally</li><li>Adjustable spring preload</li><li>Adjustable rebound damping</li><li>Adjustable compression damping</li></ul><p></p><strong>Setting</strong><br />Item is delivered with basic setting 125 SX, XC and 4.4 N/mm fork spring, further settings can be found under documents.<br /><strong>In case spring fork is mounted on 4-stroke bike, new suspension set up is required.</strong><p><strong>Scope of delivery</strong></p><ul><li class=""li-square"">Spring fork</li><li class=""li-square"">Sticker</li><li class=""li-square"">Tools</li></ul><p><strong>Note</strong></p><ul><li class=""li-square"">Fork length: 950mm</li><li class=""li-square"">Stroke: 309mm</li></ul>",WP,Vehicles & Parts > Vehicle Parts & Accessories > Motor Vehicle Parts,WP - Offroad,WP - Fork,TRUE,Title,Default Title,,,,,A460C101W403220,,shopify,,continue,manual,3327.20,,TRUE,TRUE,9010544378825,https://cdn.shopify.com/s/files/1/0511/7820/9461/files/pho_nmon_a460c109w403220_7614__sall__awsg__v1.jpg?v=1779132789,1,XACT PRO 7548 Spring fork,FALSE,XACT PRO 7548 Spring fork,This product is exclusively available through WP authorized centers. Unique valve system Greater comfort Higher bottoming resistance Better response Friction optimized components High quality coating All adjustments can be made externally Adjustable spring preload Adjustable rebound damping Adjustable compression damp…,Motor Vehicle Parts,,Adult,A460C101W403220,WP - Offroad,WP - Fork,new,FALSE,,,,,,,kg,,
wp-a460c107t002220,XACT PRO 6500 Cartridge,"<ul><li><a href=""https://www.wp-suspension.com/autorisierte-zentren/"">This product is exclusively available through WP authorized centers.</a> </li></ul><p></p><ul><li>Extreme durability due to use of highest quality materials</li><li>Improved response and feedback from riding surface in every riding situation</li><li>Pressurized system reduces cavitation risk – no damping loss</li><li>All adjustments can be made externally</li><li>Closed cartridge technology</li><li>Fully adjustable with standard tools</li><li>Handcrafted with the greatest of care</li><li>Adjustable spring preload</li></ul><p></p><strong>Scope of delivery</strong><ul><li class=""li-square"">Cartridge</li><li class=""li-square"">Fork shoe left</li><li class=""li-square"">Fork shoe right</li><li class=""li-square"">Sticker</li><li class=""li-square"">Tools</li><li class=""li-square"">Spring spacer</li></ul>Front fork springs need to be ordered separately.",WP,Vehicles & Parts > Vehicle Parts & Accessories > Motor Vehicle Parts,WP - Offroad,WP - Cartridge,TRUE,Title,Default Title,,,,,A460C107T002220,,shopify,,continue,manual,1349.94,,TRUE,TRUE,9010544329599,https://cdn.shopify.com/s/files/1/0511/7820/9461/files/pho_nmon_a460c107t002220_xact_pro_6500_cartridge__sall__awsg__v1.jpg?v=1779132846,1,XACT PRO 6500 Cartridge,FALSE,XACT PRO 6500 Cartridge,This product is exclusively available through WP authorized centers. Extreme durability due to use of highest quality materials Improved response and feedback from riding surface in every riding situation Pressurized system reduces cavitation risk – no damping loss All adjustments can be made externally Closed cartrid…,Motor Vehicle Parts,,Adult,A460C107T002220,WP - Offroad,WP - Cartridge,new,FALSE,,,,,,,kg,,
wp-a460c107u002220,XACT PRO 6500 Cartridge,"<ul><li>Improved response and feedback from riding surface in every riding situation</li><li>Pressurized system reduces cavitation risk – no damping loss</li><li>Extreme durability due to use of highest quality materials</li><li>All adjustments can be made externally</li><li>Closed cartridge technology</li><li>Fully adjustable with standard tools</li><li>Handcrafted with the greatest of care</li><li>Adjustable spring preload</li><li>Adjustable rebound damping</li><li>Adjustable compression damping</li></ul><p></p><strong>Scope of delivery</strong><ul><li class=""li-square"">Cartridge</li><li class=""li-square"">Sticker</li><li class=""li-square"">Tools</li><li class=""li-square"">Spring spacer</li></ul>Front fork springs need to be ordered separately.",WP,Vehicles & Parts > Vehicle Parts & Accessories > Motor Vehicle Parts,WP - Offroad,WP - Cartridge,TRUE,Title,Default Title,,,,,A460C107U002220,,shopify,,continue,manual,1199.05,,TRUE,TRUE,9010544284942,https://cdn.shopify.com/s/files/1/0511/7820/9461/files/pho_nmon_0797c167u002220_xplor_pro_6500_cartridge__sall__awsg__v2.png?v=1779132801,1,XACT PRO 6500 Cartridge,FALSE,XACT PRO 6500 Cartridge,Improved response and feedback from riding surface in every riding situation Pressurized system reduces cavitation risk – no damping loss Extreme durability due to use of highest quality materials All adjustments can be made externally Closed cartridge technology Fully adjustable with standard tools Handcrafted with t…,Motor Vehicle Parts,,Adult,A460C107U002220,WP - Offroad,WP - Cartridge,new,FALSE,,,,,,,kg,,
wp-a460c109w403220,XACT PRO 7548 Spring fork,"<ul><li>Unique valve system</li><li>Greater comfort</li><li>Higher bottoming resistance</li><li>Better response</li><li>Friction optimized components</li><li>High quality coating</li><li>All adjustments can be made externally</li><li>Adjustable spring preload</li><li>Adjustable rebound damping</li><li>Adjustable compression damping</li></ul><p></p><strong>Setting</strong><br />Item is delivered with basic setting KTM 450 SX-F, XC-F, Husqvarna FX 450 and 5.0 N/mm fork spring, further settings can be found under documents.<p><strong>Scope of delivery</strong></p><ul><li class=""li-square"">Spring fork</li><li class=""li-square"">Sticker</li><li class=""li-square"">Tools</li></ul><p><strong>Note</strong></p><ul><li class=""li-square"">Fork length: 950mm</li><li class=""li-square"">Stroke: 309mm</li></ul>",WP,Vehicles & Parts > Vehicle Parts & Accessories > Motor Vehicle Parts,WP - Offroad,WP - Fork,FALSE,Title,Default Title,,,,,A460C109W403220,,shopify,,continue,manual,,,TRUE,TRUE,,https://cdn.shopify.com/s/files/1/0511/7820/9461/files/pho_nmon_a460c109w403220__c101w403220__a360c109w403220__c101w403220_xact_pro_7548_spring_fork__sall__awsg__v1.jpg?v=1779132816,1,XACT PRO 7548 Spring fork,FALSE,XACT PRO 7548 Spring fork,"Unique valve system Greater comfort Higher bottoming resistance Better response Friction optimized components High quality coating All adjustments can be made externally Adjustable spring preload Adjustable rebound damping Adjustable compression damping Setting Item is delivered with basic setting KTM 450 SX-F, XC-F,…",Motor Vehicle Parts,,Adult,A460C109W403220,WP - Offroad,WP - Fork,new,FALSE,,,,,,,kg,,
wp-a460c199x400220,XACT PRO Cairoli Edition,"The set comprises a travel case to carry this special edition of the XACT PRO 8950 Shock absorber and the XACT PRO 7548 Fork, featuring laser-cut details, including Antonio Cairoli's signature, while the sleek black finish makes it one of the most high-end suspension kits on the market.<br />SET consist of fork A460C199X403200 and shock A460C499X411200",WP,Vehicles & Parts > Vehicle Parts & Accessories > Motor Vehicle Parts,WP - Special parts,WP - Technical Accessories,FALSE,Title,Default Title,,,,,A460C199X400220,,shopify,,continue,manual,7222.19,,TRUE,TRUE,9010544456868,https://cdn.shopify.com/s/files/1/0511/7820/9461/files/pho_wp_nmon_a460c199x400220_xact_pro__cairoli_edition_koffer_8588__sall__awsg__v1.jpg?v=1749622569,1,XACT PRO Cairoli Edition,FALSE,XACT PRO Cairoli Edition,"The set comprises a travel case to carry this special edition of the XACT PRO 8950 Shock absorber and the XACT PRO 7548 Fork, featuring laser-cut details, including Antonio Cairoli's signature, while the sleek black finish makes it one of the most high-end suspension kits on the market. SET consist of fork A460C199X40…",Motor Vehicle Parts,,Adult,A460C199X400220,WP - Special parts,WP - Technical Accessories,new,FALSE,,,,,,,kg,,
wp-a460c199x400220,,,,,,,,,,,,,,,,,,,,,,,,,https://cdn.shopify.com/s/files/1/0511/7820/9461/files/pho_wp_nmon_a460c199x400220_xact_pro__cairoli_edition_8589__sall__awsg__v1.jpg?v=1749622568,2,XACT PRO Cairoli Edition,,,,,,,,,,,,,,,,,,,,
wp-a460c401w411220,XACT PRO 8950 Shock absorber,"<ul><li><a href=""https://www.wp-suspension.com/autorisierte-zentren/"">This product is exclusively available through WP authorized centers.</a> </li></ul><p></p><ul><li>Supertrax technology</li><li>Improved and calmer ride</li><li>Greater comfort</li><li>Greater confidence in all situations</li><li>Lower physical strain</li><li>Friction optimized components</li><li>Adjustable spring preload</li><li>Adjustable high-speed compression damping</li><li>Adjustable low-speed compression damping</li><li>Adjustable rebound damping</li><li>Greater grip and traction</li></ul><p></p><strong>Setting</strong><br />Item is delivered with basic setting 125 SX and 39 N/mm shock spring, further settings can be found under documents.<br /><strong>In case shock is mounted on 4-stroke bike, new suspension set up is required.</strong><p><strong>Scope of delivery</strong></p><ul><li class=""li-square"">Shock absorber</li><li class=""li-square"">Sticker</li></ul><p><strong>Note</strong><br />Stroke: 139,3mm</p>",WP,Vehicles & Parts > Vehicle Parts & Accessories > Motor Vehicle Parts,WP - Offroad,WP - Shock,TRUE,Title,Default Title,,,,,A460C401W411220,,shopify,,continue,manual,2199.90,,TRUE,TRUE,9010544378849,https://cdn.shopify.com/s/files/1/0511/7820/9461/files/pho_nmon_a460c409w411220_xact_pro_8950_shock_absorber__sall__awsg__v3.jpg?v=1779132766,1,XACT PRO 8950 Shock absorber,FALSE,XACT PRO 8950 Shock absorber,This product is exclusively available through WP authorized centers. Supertrax technology Improved and calmer ride Greater comfort Greater confidence in all situations Lower physical strain Friction optimized components Adjustable spring preload Adjustable high-speed compression damping Adjustable low-speed compressio…,Motor Vehicle Parts,,Adult,A460C401W411220,WP - Offroad,WP - Shock,new,FALSE,,,,,,,kg,,
wp-a460c409w411220,XACT PRO 8950 Shock absorber,"<ul><li>Supertrax technology</li><li>Improved and calmer ride</li><li>Greater comfort</li><li>Greater confidence in all situations</li><li>Lower physical strain</li><li>Friction optimized components</li><li>Adjustable spring preload</li><li>Adjustable high-speed compression damping</li><li>Adjustable low-speed compression damping</li><li>Adjustable rebound damping</li><li>Greater grip and traction</li></ul><p></p><strong>Setting</strong><br />Item is delivered with basic setting KTM 450 SX-F, XC-F, Husqvarna FC 450 and 45 N/mm shock spring, further settings can be found under documents.<p><strong>Scope of delivery</strong></p><ul><li class=""li-square"">Shock absorber</li><li class=""li-square"">Sticker</li></ul><p><strong>Note</strong></p><ul><li class=""li-square"">Stroke: 139,3mm</li></ul>",WP,Vehicles & Parts > Vehicle Parts & Accessories > Motor Vehicle Parts,WP - Offroad,WP - Shock,FALSE,Title,Default Title,,,,,A460C409W411220,,shopify,,continue,manual,,,TRUE,TRUE,,https://cdn.shopify.com/s/files/1/0511/7820/9461/files/pho_nmon_a460c409w411220_xact_pro_8950_shock_absorber__sall__awsg__v3.jpg?v=1779132766,1,XACT PRO 8950 Shock absorber,FALSE,XACT PRO 8950 Shock absorber,Supertrax technology Improved and calmer ride Greater comfort Greater confidence in all situations Lower physical strain Friction optimized components Adjustable spring preload Adjustable high-speed compression damping Adjustable low-speed compression damping Adjustable rebound damping Greater grip and traction Settin…,Motor Vehicle Parts,,Adult,A460C409W411220,WP - Offroad,WP - Shock,new,FALSE,,,,,,,kg,,
wp-a48009072000c1s,Spoke nipple,Spoke nipple,WP,Vehicles & Parts > Vehicle Parts & Accessories > Motor Vehicle Parts,WP - Spare Parts,WP - Pro Components,TRUE,Title,Default Title,,,,,A48009072000C1S,,shopify,,continue,manual,3.69,,TRUE,TRUE,9010544628760,,,,FALSE,Spoke nipple,Spoke nipple,Motor Vehicle Parts,,Adult,A48009072000C1S,WP - Spare Parts,WP - Pro Components,new,FALSE,,,,,,,kg,,
wp-a480c108w002220,XACT PRO 6500 Cartridge,"<ul><li>Adjustable spring preload</li><li>Adjustable rebound damping</li><li>Adjustable compression damping</li><li>Closed cartridge technology</li><li>Fully adjustable with standard tools</li><li>All adjustments can be made externally</li><li>Improved and calmer ride</li><li>Fully adjustable to rider’s requirements and circuit conditions</li><li>Improved response and feedback from riding surface in every riding situation</li><li>Extreme durability due to use of highest quality materials</li><li>Handcrafted with the greatest of care</li></ul><p></p><strong>Scope of delivery</strong><ul><li class=""li-square"">Cartridge</li><li class=""li-square"">Sticker</li><li class=""li-square"">Tools</li><li class=""li-square"">Spring spacer<br /></li></ul>Front fork springs need to be ordered separately.<p>Setting was created for MY from 23</p><p>When using the XACT PRO 8950 Shock absorber, 1 pcs. S82902000400000 holder d40x13 reboundspring is also required to shorten it to the optimal length.</p>",WP,Vehicles & Parts > Vehicle Parts & Accessories > Motor Vehicle Parts,WP - Street,WP - Cartridge,FALSE,Title,Default Title,,,,,A480C108W002220,,shopify,,continue,manual,1299.90,,TRUE,TRUE,9010544409581,https://cdn.shopify.com/s/files/1/0511/7820/9461/files/pho_wp_nmon_a48c108w002220_xact_pro_6500_cartridge__sall__awsg__v1.jpg?v=1680287286,1,XACT PRO 6500 Cartridge,FALSE,XACT PRO 6500 Cartridge,Adjustable spring preload Adjustable rebound damping Adjustable compression damping Closed cartridge technology Fully adjustable with standard tools All adjustments can be made externally Improved and calmer ride Fully adjustable to rider’s requirements and circuit conditions Improved response and feedback from riding…,Motor Vehicle Parts,,Adult,A480C108W002220,WP - Street,WP - Cartridge,new,FALSE,,,,,,,kg,,
wp-a49001997000,Dirt scraper,<ul><li>Resistant to the toughest stresses and strains</li><li>Ideal protection for sealing the fork</li><li>Mounted directly on the fork</li></ul><p></p>,WP,Vehicles & Parts > Vehicle Parts & Accessories > Motor Vehicle Parts,WP - Protection,WP - Technical Accessories,TRUE,Title,Default Title,,,,,A49001997000,,shopify,,continue,manual,34.97,,TRUE,TRUE,9010544477467,https://cdn.shopify.com/s/files/1/0511/7820/9461/files/pho_nmon_a49001997000_dirt_scraper_studio_pictures_offroad__sall__awsg__v1.jpg?v=1694068529,1,Dirt scraper,FALSE,Dirt scraper,Resistant to the toughest stresses and strains Ideal protection for sealing the fork Mounted directly on the fork,Motor Vehicle Parts,,Adult,A49001997000,WP - Protection,WP - Technical Accessories,new,FALSE,,,,,,,kg,,
wp-a49010901544c1a,Factory Racing rear wheel 2.15x18&quot;,"<ul><li>Anodised hub milled from a whole piece</li><li>Maximum gain in handling and, at the same time, stability in challenging off-road situations</li><li>Anodised aluminum spoke nipples</li></ul><p></p>Reinforced spokes for higher impact resistance",WP,Vehicles & Parts > Vehicle Parts & Accessories > Motor Vehicle Parts,WP - Wheels,WP - Technical Accessories,TRUE,Title,Default Title,,,,,A49010901544C1A,,shopify,,continue,manual,599.07,,TRUE,TRUE,9010544409260,https://cdn.shopify.com/s/files/1/0511/7820/9461/files/pho_nmon_430722_a49010901544c1a_factory_racing_rear_wheel_2_15x19_1__sall__awsg__v1.jpg?v=1675957001,1,Factory Racing rear wheel 2.15x18&quot;,FALSE,Factory Racing rear wheel 2.15x18&quot;,"Anodised hub milled from a whole piece Maximum gain in handling and, at the same time, stability in challenging off-road situations Anodised aluminum spoke nipples Reinforced spokes for higher impact resistance",Motor Vehicle Parts,,Adult,A49010901544C1A,WP - Wheels,WP - Technical Accessories,new,FALSE,,,,,,,kg,,
wp-a49012906000,Service pit mat,"<ul><li>This mat is already mandatory for many races</li><li>The special material mix absorbs overflowing fuel</li><li>The mat also facilitates the retrieval of tools, screws and other small parts during service work</li><li>Complies with FIM regulations</li><li>Rubberised back</li></ul><p></p>Size: 200 cm x 100 cm",WP,Hardware > Tools,WP - Transportation,WP - Tool/transport,TRUE,Title,Default Title,,,,,A49012906000,,shopify,,continue,manual,139.03,,TRUE,TRUE,9010544512489,https://cdn.shopify.com/s/files/1/0511/7820/9461/files/pho_nmon_a49012906000_service_pit_mat__sall__awsg__v1.jpg?v=1736333864,1,Service pit mat,FALSE,Service pit mat,"This mat is already mandatory for many races The special material mix absorbs overflowing fuel The mat also facilitates the retrieval of tools, screws and other small parts during service work Complies with FIM regulations Rubberised back Size: 200 cm x 100 cm",Tools,,Adult,A49012906000,WP - Transportation,WP - Tool/transport,new,FALSE,,,,,,,kg,,
wp-a49012955044,Lowering kit,<ul><li>Made of the highest quality materials</li><li>Tested in the toughest conditions</li><li>Developed together with the vehicle</li><li>Enables shorter drivers to also achieve the optimum seat height</li><li>Perfect compromise between maximum chassis performance and lowest possible vehicle height</li><li>No restrictions on riding dynamics</li></ul><p></p>,WP,Vehicles & Parts > Vehicle Parts & Accessories > Motor Vehicle Parts,WP - Lowering kit,WP - Technical Accessories,TRUE,Title,Default Title,,,,,A49012955044,,shopify,,continue,manual,199.04,,TRUE,TRUE,9010544555950,https://cdn.shopify.com/s/files/1/0511/7820/9461/files/pho_nmon_523052_a49012955044_lowering_kit_studio_pictures_offroad__sall__awsg__v2.jpg?v=1705043404,1,Lowering kit,FALSE,Lowering kit,Made of the highest quality materials Tested in the toughest conditions Developed together with the vehicle Enables shorter drivers to also achieve the optimum seat height Perfect compromise between maximum chassis performance and lowest possible vehicle height No restrictions on riding dynamics,Motor Vehicle Parts,,Adult,A49012955044,WP - Lowering kit,WP - Technical Accessories,new,FALSE,,,,,,,kg,,
wp-a49012955544,Lowering kit,<ul><li>Made of the highest quality materials</li><li>Tested in the toughest conditions</li><li>Developed together with the vehicle</li><li>Enables shorter drivers to also achieve the optimum seat height</li><li>Perfect compromise between maximum chassis performance and lowest possible vehicle height</li><li>No restrictions on riding dynamics</li></ul><p></p>,WP,Vehicles & Parts > Vehicle Parts & Accessories > Motor Vehicle Parts,WP - Lowering kit,WP - Technical Accessories,TRUE,Title,Default Title,,,,,A49012955544,,shopify,,continue,manual,239.10,,TRUE,TRUE,9010544555943,https://cdn.shopify.com/s/files/1/0511/7820/9461/files/pho_nmon_523053_a49012955544_lowering_kit_studio_pictures_offroad__sall__awsg__v1.jpg?v=1705062247,1,Lowering kit,FALSE,Lowering kit,Made of the highest quality materials Tested in the toughest conditions Developed together with the vehicle Enables shorter drivers to also achieve the optimum seat height Perfect compromise between maximum chassis performance and lowest possible vehicle height No restrictions on riding dynamics,Motor Vehicle Parts,,Adult,A49012955544,WP - Lowering kit,WP - Technical Accessories,new,FALSE,,,,,,,kg,,
wp-a49012955644,Lowering kit,<ul><li>Made of the highest quality materials</li><li>Tested in the toughest conditions</li><li>Developed together with the vehicle</li><li>Enables shorter drivers to also achieve the optimum seat height</li><li>Perfect compromise between maximum chassis performance and lowest possible vehicle height</li><li>No restrictions on riding dynamics</li></ul><p></p>,WP,Vehicles & Parts > Vehicle Parts & Accessories > Motor Vehicle Parts,WP - Lowering kit,WP - Technical Accessories,TRUE,Title,Default Title,,,,,A49012955644,,shopify,,continue,manual,239.10,,TRUE,TRUE,9010544680485,https://cdn.shopify.com/s/files/1/0511/7820/9461/files/pho_nmon_523053_a49012955544_lowering_kit_studio_pictures_offroad__sall__awsg__v1.jpg?v=1705062247,1,Lowering kit,FALSE,Lowering kit,Made of the highest quality materials Tested in the toughest conditions Developed together with the vehicle Enables shorter drivers to also achieve the optimum seat height Perfect compromise between maximum chassis performance and lowest possible vehicle height No restrictions on riding dynamics,Motor Vehicle Parts,,Adult,A49012955644,WP - Lowering kit,WP - Technical Accessories,new,FALSE,,,,,,,kg,,
wp-a490c167x003220,XPLOR PRO 7500 Cartridge,"<ul><li><a href=""https://www.wp-suspension.com/autorisierte-zentren/"">This product is exclusively available through WP authorized centers.</a> </li></ul><p></p><ul><li>Adjustable spring preload</li><li>Closed cartridge technology</li><li>Fully adjustable with standard tools</li><li>All adjustments can be made externally</li><li>Improved response and feedback from riding surface in every riding situation</li><li>Pressurized system reduces cavitation risk – no damping loss</li><li>Extreme durability due to use of highest quality materials</li><li>Handcrafted with the greatest of care</li><li>Cone valve technology</li><li>Adjustable rebound damping</li><li>Adjustable compression damping</li></ul><p></p><strong>Setting</strong><br />Item is delivered with basic setting KTM 250/350 EXC-F / HQV FE 250/350, further settings can be found under documents.<p><strong>Scope of delivery</strong><br />Cartridge<br />Sticker<br />Tools<br />Spring spacer<br />Front fork springs need to be ordered separately.</p>",WP,Vehicles & Parts > Vehicle Parts & Accessories > Motor Vehicle Parts,WP - Offroad,WP - Cartridge,TRUE,Title,Default Title,,,,,A490C167X003220,,shopify,,continue,manual,1499.98,,TRUE,TRUE,9010544456851,https://cdn.shopify.com/s/files/1/0511/7820/9461/files/pho_nmon_a490c167x003220_xplor_pro_7500_cartridge_9445__sall__awsg__v1.png?v=1779133082,1,XPLOR PRO 7500 Cartridge,FALSE,XPLOR PRO 7500 Cartridge,This product is exclusively available through WP authorized centers. Adjustable spring preload Closed cartridge technology Fully adjustable with standard tools All adjustments can be made externally Improved response and feedback from riding surface in every riding situation Pressurized system reduces cavitation risk…,Motor Vehicle Parts,,Adult,A490C167X003220,WP - Offroad,WP - Cartridge,new,FALSE,,,,,,,kg,,
wp-a490c167x003220,,,,,,,,,,,,,,,,,,,,,,,,,https://cdn.shopify.com/s/files/1/0511/7820/9461/files/pho_nmon_a490c167x003220_xplor_pro_7500_cartridge_vari_9444__sall__awsg__v1.png?v=1779132791,2,XPLOR PRO 7500 Cartridge,,,,,,,,,,,,,,,,,,,,
wp-a490c167x403220,XPLOR PRO 7548 Spring Fork,"<ul><li><a href=""https://www.wp-suspension.com/autorisierte-zentren/"">This product is exclusively available through WP authorized centers.</a> </li></ul><p></p><ul><li>Friction optimized components</li><li>Adjustable spring preload</li><li>Adjustable rebound damping</li><li>Adjustable compression damping</li><li>Closed cartridge technology</li><li>Fully adjustable with standard tools</li><li>Unique valve system</li><li>Better response</li><li>Consistent performance</li><li>Improved damping behavior</li><li>Improved and calmer ride</li><li>Improved handling</li></ul><p></p>",WP,Vehicles & Parts > Vehicle Parts & Accessories > Motor Vehicle Parts,WP - Offroad,WP - Fork,TRUE,Title,Default Title,,,,,A490C167X403220,,shopify,,continue,manual,3299.91,,TRUE,TRUE,9010544456806,https://cdn.shopify.com/s/files/1/0511/7820/9461/files/pho_nmon_a490c167x403220__a390c167x403220_xplor_pro_7548_spring_fork__sall__awsg__v1.jpg?v=1779132955,1,XPLOR PRO 7548 Spring Fork,FALSE,XPLOR PRO 7548 Spring Fork,This product is exclusively available through WP authorized centers. Friction optimized components Adjustable spring preload Adjustable rebound damping Adjustable compression damping Closed cartridge technology Fully adjustable with standard tools Unique valve system Better response Consistent performance Improved dam…,Motor Vehicle Parts,,Adult,A490C167X403220,WP - Offroad,WP - Fork,new,FALSE,,,,,,,kg,,
wp-a490c467x311220,XPLOR PRO 8946 shock absorber,"<ul><li>Adjustable spring preload</li><li>Adjustable high-speed compression damping</li><li>Adjustable low-speed compression damping</li><li>Adjustable rebound damping</li><li>Greater grip and traction</li><li>Supertrax technology</li><li>Greater comfort</li></ul><p></p>New SKF seal bushings<br />All adjusters reachable from one side<br />Flow optimized compression adjusters, big highspeed compression adjuster and small low speed compression adjuster<br />New flow optimized main piston for better damping response<br /><br />Setting<br />Item is delivered with basic setting KTM 350 EXC-F and 69 N/mm shock spring, further settings can be found under documents.<br /><br />Scope of delivery<br />Shock absorber<br />Sticker",WP,Vehicles & Parts > Vehicle Parts & Accessories > Motor Vehicle Parts,WP - Offroad,WP - Shock,TRUE,Title,Default Title,,,,,A490C467X311220,,shopify,,continue,manual,2199.90,,TRUE,TRUE,9010544456820,https://cdn.shopify.com/s/files/1/0511/7820/9461/files/pho_nmon_a490c467x311220_xplor_pro_8946_shock_absorber___sall__awsg__v1.jpg?v=1779133000,1,XPLOR PRO 8946 shock absorber,FALSE,XPLOR PRO 8946 shock absorber,"Adjustable spring preload Adjustable high-speed compression damping Adjustable low-speed compression damping Adjustable rebound damping Greater grip and traction Supertrax technology Greater comfort New SKF seal bushings All adjusters reachable from one side Flow optimized compression adjusters, big highspeed compress…",Motor Vehicle Parts,,Adult,A490C467X311220,WP - Offroad,WP - Shock,new,FALSE,,,,,,,kg,,
wp-a490c467x311220,,,,,,,,,,,,,,,,,,,,,,,,,https://cdn.shopify.com/s/files/1/0511/7820/9461/files/pho_nmon_a490c467x311220_xplor_pro_8946_shock_absorber_8917_8940__sall__awsg__v1.jpg?v=1779132769,2,XPLOR PRO 8946 shock absorber,,,,,,,,,,,,,,,,,,,,
wp-a490c467y311220,XPLOR PRO 8946 shock absorber,"<ul><li><a href=""https://www.wp-suspension.com/autorisierte-zentren/"">This product is exclusively available through WP authorized centers.</a> </li></ul><p></p><ul><li>Adjustable spring preload</li><li>Adjustable high-speed compression damping</li><li>Adjustable low-speed compression damping</li><li>Adjustable rebound damping</li><li>Greater grip and traction</li><li>Supertrax technology</li><li>Greater comfort</li></ul><p></p>New SKF seal bushings<br />All adjusters reachable from one side<br />Flow optimized compression adjusters, big highspeed compression adjuster and small low speed compression adjuster<br />New flow optimized main piston for better damping response<br /><br />Setting<br />Item is delivered with basic setting KTM 350 EXC-F and 69 N/mm shock spring, further settings can be found under documents.<br /><br />Scope of delivery<br />Shock absorber<br />Sticker",WP,Vehicles & Parts > Vehicle Parts & Accessories > Motor Vehicle Parts,WP - Offroad,WP - Shock,TRUE,Title,Default Title,,,,,A490C467Y311220,,shopify,,continue,manual,2199.90,,TRUE,TRUE,9010544605181,https://cdn.shopify.com/s/files/1/0511/7820/9461/files/pho_nmon_a490c467x311220_xplor_pro_8946_shock_absorber___sall__awsg__v1.jpg?v=1779133000,1,XPLOR PRO 8946 shock absorber,FALSE,XPLOR PRO 8946 shock absorber,This product is exclusively available through WP authorized centers. Adjustable spring preload Adjustable high-speed compression damping Adjustable low-speed compression damping Adjustable rebound damping Greater grip and traction Supertrax technology Greater comfort New SKF seal bushings All adjusters reachable from…,Motor Vehicle Parts,,Adult,A490C467Y311220,WP - Offroad,WP - Shock,new,FALSE,,,,,,,kg,,
wp-a490c467y311220,,,,,,,,,,,,,,,,,,,,,,,,,https://cdn.shopify.com/s/files/1/0511/7820/9461/files/pho_nmon_a490c467x311220_xplor_pro_8946_shock_absorber_8917_8940__sall__awsg__v1.jpg?v=1779132769,2,XPLOR PRO 8946 shock absorber,,,,,,,,,,,,,,,,,,,,
wp-a54001996000faa,Factory start device,<ul><li>Provides more traction when starting</li><li>Made of high-strength aluminum</li><li>Elegant anodised surface</li><li>Pure race feeling</li><li>Mounted directly on the OEM-fork</li></ul><p></p>,WP,Vehicles & Parts > Vehicle Parts & Accessories > Motor Vehicle Parts,WP - Factory start,WP - Technical Accessories,TRUE,Title,Default Title,,,,,A54001996000FAA,,shopify,,continue,manual,99.04,,TRUE,TRUE,9010544260298,https://cdn.shopify.com/s/files/1/0511/7820/9461/files/pho_nmon_a54001996000faa_factory_start_device__sall__awsg__v1.jpg?v=1650461373,1,Factory start device,FALSE,Factory start device,Provides more traction when starting Made of high-strength aluminum Elegant anodised surface Pure race feeling Mounted directly on the OEM-fork,Motor Vehicle Parts,,Adult,A54001996000FAA,WP - Factory start,WP - Technical Accessories,new,FALSE,,,,,,,kg,,
wp-a54001996500faa,Factory start device,"<ul><li>Provides more traction when starting</li><li>Made of high-strength aluminum</li><li>Elegant anodised surface</li><li>Pure race feeling</li><li>Mounted directly on the OEM-fork</li></ul><p></p><ul><li class=""li-square"">Two different selectable preloads, without additional effort in mounting</li><li class=""li-square"">Simple mounting of the fork ring due to two part design</li><li class=""li-square"">No longer necessary to remove the fork</li></ul>",WP,Vehicles & Parts > Vehicle Parts & Accessories > Motor Vehicle Parts,WP - Factory start,WP - Technical Accessories,TRUE,Title,Default Title,,,,,A54001996500FAA,,shopify,,continue,manual,99.04,,TRUE,TRUE,9010544260359,https://cdn.shopify.com/s/files/1/0511/7820/9461/files/pho_nmon_a54001996500faa_factory_start_device__sall__awsg__v1.jpg?v=1650461430,1,Factory start device,FALSE,Factory start device,"Provides more traction when starting Made of high-strength aluminum Elegant anodised surface Pure race feeling Mounted directly on the OEM-fork Two different selectable preloads, without additional effort in mounting Simple mounting of the fork ring due to two part design No longer necessary to remove the fork",Motor Vehicle Parts,,Adult,A54001996500FAA,WP - Factory start,WP - Technical Accessories,new,FALSE,,,,,,,kg,,
wp-a54004905000faa,Preload adjuster,<ul><li>Fast preload adjustment</li><li>Use of the entire length of the thread on the shock absorber</li><li>Very easy operation</li><li>Extremely low weight</li><li>Dirt-resistance</li><li>Mechanical drive</li></ul><p></p>,WP,Vehicles & Parts > Vehicle Parts & Accessories > Motor Vehicle Parts,WP - Preload adjuster,WP - Technical Accessories,TRUE,Title,Default Title,,,,,A54004905000FAA,,shopify,,continue,manual,179.08,,TRUE,TRUE,9010544258035,https://cdn.shopify.com/s/files/1/0511/7820/9461/files/pho_nmon_a54004905000faa_preload_adjuster___sall__awsg__v1.jpg?v=1650461478,1,Preload adjuster,FALSE,Preload adjuster,Fast preload adjustment Use of the entire length of the thread on the shock absorber Very easy operation Extremely low weight Dirt-resistance Mechanical drive,Motor Vehicle Parts,,Adult,A54004905000FAA,WP - Preload adjuster,WP - Technical Accessories,new,FALSE,,,,,,,kg,,
wp-a54004905500faa,Preload adjuster,<ul><li>Fast preload adjustment</li><li>Use of the entire length of the thread on the shock absorber</li><li>Very easy operation</li><li>Extremely low weight</li><li>Dirt-resistance</li><li>Mechanical drive</li></ul><p></p>,WP,Vehicles & Parts > Vehicle Parts & Accessories > Motor Vehicle Parts,WP - Preload adjuster,WP - Technical Accessories,TRUE,Title,Default Title,,,,,A54004905500FAA,,shopify,,continue,manual,179.08,,TRUE,TRUE,9010544283693,https://cdn.shopify.com/s/files/1/0511/7820/9461/files/pho_nmon_a54004905500faa_preload_adjuster__sall__awsg__v1.jpg?v=1650461478,1,Preload adjuster,FALSE,Preload adjuster,Fast preload adjustment Use of the entire length of the thread on the shock absorber Very easy operation Extremely low weight Dirt-resistance Mechanical drive,Motor Vehicle Parts,,Adult,A54004905500FAA,WP - Preload adjuster,WP - Technical Accessories,new,FALSE,,,,,,,kg,,
wp-a54007930000c1,Factory fuel cap vent,<ul><li>CNC milled from high-strength aluminum</li><li>Elegant anodised surface</li></ul><p></p>,WP,Vehicles & Parts > Vehicle Parts & Accessories > Motor Vehicle Parts,WP - Special parts,WP - Technical Accessories,TRUE,Title,Default Title,,,,,A54007930000C1,,shopify,,continue,manual,9.98,,TRUE,TRUE,9010544257717,https://cdn.shopify.com/s/files/1/0511/7820/9461/files/pho_nmon_a54007930000c1_factory_fuel_cap_vent__sall__awsg__v1.jpg?v=1650461430,1,Factory fuel cap vent,FALSE,Factory fuel cap vent,CNC milled from high-strength aluminum Elegant anodised surface,Motor Vehicle Parts,,Adult,A54007930000C1,WP - Special parts,WP - Technical Accessories,new,FALSE,,,,,,,kg,,
wp-a54012905000faa,Factory steering damper,"<ul><li>Gain in stability at the front wheel</li><li>Fully adjustable</li><li>Top performance/price ratio</li><li>Well thought-out mounting of the damper enables individual handlebar adjustment</li></ul><p></p><ul><li class=""li-square"">00050000929 handle bar support kit required for use on MY16 and on XC from MY16.</li><li class=""li-square"">For use on Enduro MY21 and later (EU Version), the Factory fuel tank cap vent is required</li></ul>",WP,Vehicles & Parts > Vehicle Parts & Accessories > Motor Vehicle Parts,WP - Offroad,WP - Steering Damper,FALSE,Title,Default Title,,,,,A54012905000FAA,,shopify,,continue,manual,479.04,,TRUE,TRUE,9010544285901,https://cdn.shopify.com/s/files/1/0511/7820/9461/files/pho_nmon_a54012905000faa_factory_steering_damper__sall__awsg__v1.jpg?v=1650461477,1,Factory steering damper,FALSE,Factory steering damper,"Gain in stability at the front wheel Fully adjustable Top performance/price ratio Well thought-out mounting of the damper enables individual handlebar adjustment 00050000929 handle bar support kit required for use on MY16 and on XC from MY16. For use on Enduro MY21 and later (EU Version), the Factory fuel tank cap ven…",Motor Vehicle Parts,,Adult,A54012905000FAA,WP - Offroad,WP - Steering Damper,new,FALSE,,,,,,,kg,,
wp-a54012905000faa,,,,,,,,,,,,,,,,,,,,,,,,,https://cdn.shopify.com/s/files/1/0511/7820/9461/files/pho_wp_nmon_a54012905000faa_factory_steering_damper__sall__awsg__v1.jpg?v=1680287313,2,Factory steering damper,,,,,,,,,,,,,,,,,,,,
wp-a54012928000,Case,"<ul><li>Perfect for all on the move</li><li>Exceptionally robust</li></ul><p></p><strong>Note</strong><ul><li class=""li-square"">Can be used with XACT/ XPLOR forks and shocks</li><li class=""li-square"">Dimensions L=44,09 inch / W=16,14 inch / H=6,30 inch</li></ul>",WP,Hardware > Tools,WP - Transportation,WP - Tool/transport,FALSE,Title,Default Title,,,,,A54012928000,,shopify,,continue,manual,499.06,,TRUE,TRUE,9010544345285,https://cdn.shopify.com/s/files/1/0511/7820/9461/files/pho_wp_nmon_a54012928000_case_closed__sall__awsg__v1.jpg?v=1680287285,1,Case,FALSE,Case,"Perfect for all on the move Exceptionally robust Note Can be used with XACT/ XPLOR forks and shocks Dimensions L=44,09 inch / W=16,14 inch / H=6,30 inch",Tools,,Adult,A54012928000,WP - Transportation,WP - Tool/transport,new,FALSE,,,,,,,kg,,
wp-a54012928000,,,,,,,,,,,,,,,,,,,,,,,,,https://cdn.shopify.com/s/files/1/0511/7820/9461/files/pho_wp_nmon_a54012928000_case_open__sall__awsg__v1.jpg?v=1680287286,2,Case,,,,,,,,,,,,,,,,,,,,
wp-a54012928000,,,,,,,,,,,,,,,,,,,,,,,,,https://cdn.shopify.com/s/files/1/0511/7820/9461/files/pho_nmon_a54012928000_case_closed__sall__awsg__v1.jpg?v=1656931989,3,Case,,,,,,,,,,,,,,,,,,,,
wp-a54012928000,,,,,,,,,,,,,,,,,,,,,,,,,https://cdn.shopify.com/s/files/1/0511/7820/9461/files/pho_nmon_a54012928000_case_open__sall__awsg__v1.jpg?v=1656931989,4,Case,,,,,,,,,,,,,,,,,,,,
wp-a54029935000c1,Mud removal tool,"<ul><li class=""li-square"">Use this to remove the dirt from your last mud battle with ease!</li><li class=""li-square"">A motorcycle grip rubber (not included) can be fitted to the grip.</li></ul>",WP,Hardware > Tools,WP - Tools,WP - Tool/transport,TRUE,Title,Default Title,,,,,A54029935000C1,,shopify,,continue,manual,8.95,,TRUE,TRUE,9010544409000,https://cdn.shopify.com/s/files/1/0511/7820/9461/files/pho_nmon_a54029935000c1_mud_removal_tool__sall__awsg__v1.jpg?v=1679119736,1,Mud removal tool,FALSE,Mud removal tool,Use this to remove the dirt from your last mud battle with ease! A motorcycle grip rubber (not included) can be fitted to the grip.,Tools,,Adult,A54029935000C1,WP - Tools,WP - Tool/transport,new,FALSE,,,,,,,kg,,
wp-a54029935000c1,,,,,,,,,,,,,,,,,,,,,,,,,https://cdn.shopify.com/s/files/1/0511/7820/9461/files/pho_nmon_a54029935000c1_mud_removal_tool_with_handle__sall__awsg__v1.jpg?v=1679119737,2,Mud removal tool,,,,,,,,,,,,,,,,,,,,
wp-a54029963000,Measuring cup,"<ul><li class=""li-square"">With scaling for both the fluid level and different mixture ratios.</li><li class=""li-square"">Perfect for changing the oil and for preparing larger quantities of 2-stroke mixture in the canister.</li><li class=""li-square"">Simple handling thanks to the ergonomic design.</li></ul>",WP,Hardware > Tools,WP - Tools,WP - Tool/transport,TRUE,Title,Default Title,,,,,A54029963000,,shopify,,continue,manual,12.95,,TRUE,TRUE,9010544409123,https://cdn.shopify.com/s/files/1/0511/7820/9461/files/pho_nmon_78029063000_measuring_cup__sall__awsg__v1.jpg?v=1650466494,1,Measuring cup,FALSE,Measuring cup,With scaling for both the fluid level and different mixture ratios. Perfect for changing the oil and for preparing larger quantities of 2-stroke mixture in the canister. Simple handling thanks to the ergonomic design.,Tools,,Adult,A54029963000,WP - Tools,WP - Tool/transport,new,FALSE,,,,,,,kg,,
wp-a54029994000c1,Fork support,<ul><li>Stabilises the motorcycle during transport</li><li>Protects the fork shaft sealing rings and fork springs against damage due to tension belts being tightened too much</li><li>Is clamped between the bottom of the front fender and tyre</li></ul><p></p>,WP,Hardware > Tools,WP - Tools,WP - Tool/transport,TRUE,Title,Default Title,,,,,A54029994000C1,,shopify,,continue,manual,16.94,,TRUE,TRUE,9010544409116,https://cdn.shopify.com/s/files/1/0511/7820/9461/files/pho_nmon_a54029994000c1_fork_support__sall__awsg__v1.jpg?v=1680287285,1,Fork support,FALSE,Fork support,Stabilises the motorcycle during transport Protects the fork shaft sealing rings and fork springs against damage due to tension belts being tightened too much Is clamped between the bottom of the front fender and tyre,Tools,,Adult,A54029994000C1,WP - Tools,WP - Tool/transport,new,FALSE,,,,,,,kg,,
wp-a54029994500,Fork seal doctor,"<ul><li class=""li-square"">This clever tool is a must for every motorcycle toolbox</li><li class=""li-square"">With it, you can remove dirt from your fork seals effortlessly</li><li class=""li-square"">No matter whether it's in the garage or directly at the racetrack this tool extends the life of your seals many times over</li><li class=""li-square"">For all 48 mm forks</li></ul>",WP,Hardware > Tools,WP - Tools,WP - Tool/transport,TRUE,Title,Default Title,,,,,A54029994500,,shopify,,continue,manual,29.95,,TRUE,TRUE,9010544384659,https://cdn.shopify.com/s/files/1/0511/7820/9461/files/pho_wp_nmon_a54029994500_fork_seal_doctor__sall__awsg__v1.jpg?v=1680287285,1,Fork seal doctor,FALSE,Fork seal doctor,"This clever tool is a must for every motorcycle toolbox With it, you can remove dirt from your fork seals effortlessly No matter whether it's in the garage or directly at the racetrack this tool extends the life of your seals many times over For all 48 mm forks",Tools,,Adult,A54029994500,WP - Tools,WP - Tool/transport,new,FALSE,,,,,,,kg,,
wp-a54029994500,,,,,,,,,,,,,,,,,,,,,,,,,https://cdn.shopify.com/s/files/1/0511/7820/9461/files/pho_nmon_a54029994500_fork_seal_doctor__sall__awsg__v1.jpg?v=1658131561,2,Fork seal doctor,,,,,,,,,,,,,,,,,,,,
wp-a59012955544,Lowering kit,<ul><li>Made of the highest quality materials</li><li>Tested in the toughest conditions</li><li>Developed together with the vehicle</li><li>Enables shorter drivers to also achieve the optimum seat height</li><li>Perfect compromise between maximum chassis performance and lowest possible vehicle height</li><li>No restrictions on riding dynamics</li></ul><p></p>,WP,Vehicles & Parts > Vehicle Parts & Accessories > Motor Vehicle Parts,WP - Lowering kit,WP - Technical Accessories,TRUE,Title,Default Title,,,,,A59012955544,,shopify,,continue,manual,199.04,,TRUE,TRUE,9010544556766,https://cdn.shopify.com/s/files/1/0511/7820/9461/files/pho_nmon_a59012955544_lowering_kit__sall__awsg__v1.jpg?v=1721981018,1,Lowering kit,FALSE,Lowering kit,Made of the highest quality materials Tested in the toughest conditions Developed together with the vehicle Enables shorter drivers to also achieve the optimum seat height Perfect compromise between maximum chassis performance and lowest possible vehicle height No restrictions on riding dynamics,Motor Vehicle Parts,,Adult,A59012955544,WP - Lowering kit,WP - Technical Accessories,new,FALSE,,,,,,,kg,,
wp-a601c142y001220,XPLOR PRO 6500 Cartridge,"<ul><li>Adjustable spring preload</li><li>Adjustable rebound damping</li><li>Adjustable compression damping</li><li>Open cartridge technology</li><li>Greater stability</li><li>Improved damping behavior</li><li>Improved and calmer ride</li><li>Greater comfort</li><li>Improved handling</li></ul><p></p>Scope of delivery<ul><li class=""li-square"">Cartridge</li><li class=""li-square"">Sticker</li></ul><p>Front fork springs need to be ordered separately.</p>",WP,Vehicles & Parts > Vehicle Parts & Accessories > Motor Vehicle Parts,WP - Street,WP - Cartridge,TRUE,Title,Default Title,,,,,A601C142Y001220,,shopify,,continue,manual,799.99,,TRUE,TRUE,9010544620276,https://cdn.shopify.com/s/files/1/0511/7820/9461/files/pho_nmon_0963c104w001220_cartridge_150_390_duke_9563__1___sall__awsg__v1.jpg?v=1736341245,1,XPLOR PRO 6500 Cartridge,FALSE,XPLOR PRO 6500 Cartridge,Adjustable spring preload Adjustable rebound damping Adjustable compression damping Open cartridge technology Greater stability Improved damping behavior Improved and calmer ride Greater comfort Improved handling Scope of delivery Cartridge Sticker Front fork springs need to be ordered separately.,Motor Vehicle Parts,,Adult,A601C142Y001220,WP - Street,WP - Cartridge,new,FALSE,,,,,,,kg,,
wp-a601c442y313220,XPLOR PRO 6746 Federbein,"<ul><li>Adjustable spring preload</li><li>Adjustable high-speed compression damping</li><li>Adjustable low-speed compression damping</li><li>Greater grip and traction</li><li>Excellent cooling properties</li><li>Consistent performance</li><li>Greater comfort</li><li>Improved handling</li><li>Adjustable low-speed rebound damping</li></ul><p></p>Scope of delivery<ul><li class=""li-square"">Shock absorber incl. 110 N/mm shock spring</li><li class=""li-square"">Sticker</li><li class=""li-square"">Ausgleichsbehälterschelle mit Befestigungsmaterial</li></ul>",WP,Vehicles & Parts > Vehicle Parts & Accessories > Motor Vehicle Parts,WP - Street,WP - Shock,TRUE,Title,Default Title,,,,,A601C442Y313220,,shopify,,continue,manual,1299.06,,TRUE,TRUE,9010544620283,https://cdn.shopify.com/s/files/1/0511/7820/9461/files/pho_nmon__aa610c442y313220_xplor_pro_6746_shock_absorber_11810__sall__awsg__v1.jpg?v=1774461799,1,XPLOR PRO 6746 Federbein,FALSE,XPLOR PRO 6746 Federbein,Adjustable spring preload Adjustable high-speed compression damping Adjustable low-speed compression damping Greater grip and traction Excellent cooling properties Consistent performance Greater comfort Improved handling Adjustable low-speed rebound damping Scope of delivery Shock absorber incl. 110 N/mm shock spring…,Motor Vehicle Parts,,Adult,A601C442Y313220,WP - Street,WP - Shock,new,FALSE,,,,,,,kg,,
wp-a606c141y401102,Fork 690 SMC R 2025,Fork 690 SMC R 2025,WP,Vehicles & Parts > Vehicle Parts & Accessories > Motor Vehicle Parts,WP - Street,WP - Fork,FALSE,Title,Default Title,,,,,A606C141Y401102,,shopify,,continue,manual,,,TRUE,TRUE,,,,,FALSE,Fork 690 SMC R 2025,Fork 690 SMC R 2025,Motor Vehicle Parts,,Adult,A606C141Y401102,WP - Street,WP - Fork,new,FALSE,,,,,,,kg,,
wp-a606c410y313000,Shock absorber 690 Enduro R 2025,Shock absorber 690 Enduro R 2025,WP,Vehicles & Parts > Vehicle Parts & Accessories > Motor Vehicle Parts,WP - Street,WP - Shock,FALSE,Title,Default Title,,,,,A606C410Y313000,,shopify,,continue,manual,,,TRUE,TRUE,,,,,FALSE,Shock absorber 690 Enduro R 2025,Shock absorber 690 Enduro R 2025,Motor Vehicle Parts,,Adult,A606C410Y313000,WP - Street,WP - Shock,new,FALSE,,,,,,,kg,,
wp-a60712955044,Lowering kit,<ul><li>Developed together with the vehicle</li><li>25 mm lower seat height</li><li>No restrictions on riding dynamics</li></ul><p></p>,WP,Vehicles & Parts > Vehicle Parts & Accessories > Motor Vehicle Parts,WP - Lowering kit,WP - Technical Accessories,TRUE,Title,Default Title,,,,,A60712955044,,shopify,,continue,manual,399.00,,TRUE,TRUE,9010544552812,https://cdn.shopify.com/s/files/1/0511/7820/9461/files/pho_nmon_64112955044_lowering_kit__sall__awsg__v1.jpg?v=1683881057,1,Lowering kit,FALSE,Lowering kit,Developed together with the vehicle 25 mm lower seat height No restrictions on riding dynamics,Motor Vehicle Parts,,Adult,A60712955044,WP - Lowering kit,WP - Technical Accessories,new,FALSE,,,,,,,kg,,
wp-a607c126x001220,APEX PRO 6500 Cartridge,"<ul><li>Adjustable spring preload</li><li>Adjustable rebound damping</li><li>Adjustable compression damping</li><li>Open cartridge technology</li><li>Greater stability</li><li>Improved damping behavior</li><li>Improved and calmer ride</li><li>Greater comfort</li></ul><p></p><strong>Scope of delivery</strong><br /><ul><li class=""li-square"">Cartridge</li><li class=""li-square"">Sticker</li></ul><p>Front fork springs need to be ordered separately.</p>",WP,Vehicles & Parts > Vehicle Parts & Accessories > Motor Vehicle Parts,WP - Street,WP - Cartridge,TRUE,Title,Default Title,,,,,A607C126X001220,,shopify,,continue,manual,999.10,,TRUE,TRUE,9010544509205,https://cdn.shopify.com/s/files/1/0511/7820/9461/files/pho_nmon_a607c126x001220_apex_pro_6500_cartridge__sall__awsg__v1.jpg?v=1736341245,1,APEX PRO 6500 Cartridge,FALSE,APEX PRO 6500 Cartridge,Adjustable spring preload Adjustable rebound damping Adjustable compression damping Open cartridge technology Greater stability Improved damping behavior Improved and calmer ride Greater comfort Scope of delivery Cartridge Sticker Front fork springs need to be ordered separately.,Motor Vehicle Parts,,Adult,A607C126X001220,WP - Street,WP - Cartridge,new,FALSE,,,,,,,kg,,
wp-a607c249x100200,APEX PRO 7117 Steering damper kit,<ul><li>Developed for use on the race track</li><li>Prevents unpleasant handlebar hits</li><li>High-end WP suspension steering damper</li><li>Tested in the IDM and Moto3™</li></ul><p></p>,WP,Vehicles & Parts > Vehicle Parts & Accessories > Motor Vehicle Parts,WP - Street,WP - Steering Damper,TRUE,Title,Default Title,,,,,A607C249X100200,,shopify,,continue,manual,399.00,,TRUE,TRUE,9010544545647,https://cdn.shopify.com/s/files/1/0511/7820/9461/files/pho_nmon_a607c249x100200_steering_damper_studio_pictures_street__sall__awsg__v1.png?v=1736333916,1,APEX PRO 7117 Steering damper kit,FALSE,APEX PRO 7117 Steering damper kit,Developed for use on the race track Prevents unpleasant handlebar hits High-end WP suspension steering damper Tested in the IDM and Moto3™,Motor Vehicle Parts,,Adult,A607C249X100200,WP - Street,WP - Steering Damper,new,FALSE,,,,,,,kg,,
wp-a607c249x100200,,,,,,,,,,,,,,,,,,,,,,,,,https://cdn.shopify.com/s/files/1/0511/7820/9461/files/pho_wp_nmon_16181t01e_apex_pro_7117_steering_damper_kit__sall__awsg__v3.jpg?v=1721980997,2,APEX PRO 7117 Steering damper kit,,,,,,,,,,,,,,,,,,,,
wp-a607c249x100200,,,,,,,,,,,,,,,,,,,,,,,,,https://cdn.shopify.com/s/files/1/0511/7820/9461/files/pho_nmon_16181t01e_apex_pro_7117_steering_damper_kit_d1__sall__awsg__v1.jpg?v=1779127382,3,APEX PRO 7117 Steering damper kit,,,,,,,,,,,,,,,,,,,,
wp-a607c249x100200,,,,,,,,,,,,,,,,,,,,,,,,,https://cdn.shopify.com/s/files/1/0511/7820/9461/files/pho_nmon_16181t01e_apex_pro_7117_steering_damper_kit_d2__sall__awsg__v1.jpg?v=1779126294,4,APEX PRO 7117 Steering damper kit,,,,,,,,,,,,,,,,,,,,
wp-a607c249x100200,,,,,,,,,,,,,,,,,,,,,,,,,https://cdn.shopify.com/s/files/1/0511/7820/9461/files/pho_nmon_16181t01e_montiert__sall__awsg__v1.jpg?v=1779127005,5,APEX PRO 7117 Steering damper kit,,,,,,,,,,,,,,,,,,,,
wp-a607c249x100200,,,,,,,,,,,,,,,,,,,,,,,,,https://cdn.shopify.com/s/files/1/0511/7820/9461/files/pho_nmon_16181t01e_apex_pro_7117_steering_damper_kit_grid__sall__awsg__v1.jpg?v=1779127037,6,APEX PRO 7117 Steering damper kit,,,,,,,,,,,,,,,,,,,,
wp-a607c426x313220,APEX PRO 6746 shock absorber,"<ul><li>Adjustable spring preload</li><li>Adjustable high-speed compression damping</li><li>Adjustable low-speed compression damping</li><li>Excellent cooling properties</li><li>Consistent performance</li><li>Greater comfort</li><li>Adjustable low-speed rebound damping</li></ul><p></p><strong>Scope of delivery</strong><br /><ul><li class=""li-square"">Shock absorber incl. 150 N/mm shock spring</li><li class=""li-square"">Sticker</li></ul>",WP,Vehicles & Parts > Vehicle Parts & Accessories > Motor Vehicle Parts,WP - Street,WP - Shock,TRUE,Title,Default Title,,,,,A607C426X313220,,shopify,,continue,manual,1299.06,,TRUE,TRUE,9010544509243,https://cdn.shopify.com/s/files/1/0511/7820/9461/files/pho_nmon_a607c426x313220_shock_990_duke__sall__awsg__v1.jpg?v=1736341246,1,APEX PRO 6746 shock absorber,FALSE,APEX PRO 6746 shock absorber,Adjustable spring preload Adjustable high-speed compression damping Adjustable low-speed compression damping Excellent cooling properties Consistent performance Greater comfort Adjustable low-speed rebound damping Scope of delivery Shock absorber incl. 150 N/mm shock spring Sticker,Motor Vehicle Parts,,Adult,A607C426X313220,WP - Street,WP - Shock,new,FALSE,,,,,,,kg,,
wp-a610c155x403220,XPLOR PRO 7548 Spring fork,"<ul><li>Friction optimized components</li><li>Adjustable spring preload</li><li>Adjustable rebound damping</li><li>Adjustable compression damping</li><li>Closed cartridge technology</li><li>Fully adjustable with standard tools</li><li>Unique valve system</li><li>Better response</li><li>Consistent performance</li><li>Improved damping behavior</li><li>Improved and calmer ride</li><li>Improved handling</li></ul><p></p>Scope of delivery<ul><li class=""li-square"">Spring fork with 6.4 N/mm fork spring</li><li class=""li-square"">Sticker</li><li class=""li-square"">Tools</li></ul><p><br />Notes</p><ul><li class=""li-square"">Fork length: 942mm</li><li class=""li-square"">Stroke: 270mm</li></ul><p><br />When mounting on KTM 890 Adventure R brake hose 63542203000 and side stand 63503223000C1 are also required.</p><p><br />Can only be used in conjunction with A610C455X305220.</p>",WP,Vehicles & Parts > Vehicle Parts & Accessories > Motor Vehicle Parts,WP - Street,WP - Fork,TRUE,Title,Default Title,,,,,A610C155X403220,,shopify,,continue,manual,3299.91,,TRUE,TRUE,9010544507256,https://cdn.shopify.com/s/files/1/0511/7820/9461/files/pho_nmon_14182s10set_14182s08set_xplor_pro_7548_federgabel__sall__awsg__v1.png?v=1736355106,1,XPLOR PRO 7548 Spring fork,FALSE,XPLOR PRO 7548 Spring fork,Friction optimized components Adjustable spring preload Adjustable rebound damping Adjustable compression damping Closed cartridge technology Fully adjustable with standard tools Unique valve system Better response Consistent performance Improved damping behavior Improved and calmer ride Improved handling Scope of del…,Motor Vehicle Parts,,Adult,A610C155X403220,WP - Street,WP - Fork,new,FALSE,,,,,,,kg,,
wp-a610c455x305220,XPLOR PRO 6746 Shock absorber,"<ul><li>Friction optimized components</li><li>Adjustable spring preload</li><li>Adjustable high-speed compression damping</li><li>Adjustable low-speed compression damping</li><li>Adjustable rebound damping</li><li>Optimized WP Pro Components setting</li><li>Separate high and low-speed compression damping</li><li>Optimal oil circulation</li><li>Improved damping behavior</li></ul><p></p>Scope of delivery<ul><li class=""li-square"">Shock absorber incl. 92 N/mm shock spring</li><li class=""li-square"">Sticker</li></ul><p>Notes</p><ul><li class=""li-square"">Shock length: 390mm</li><li class=""li-square"">Stroke: 97,5mm</li></ul><p>When mounting on KTM 890 Adventure R brake hose 63542203000 and side stand 63503223000C1 are also required.</p><p>Can only be used in conjunction with A610C455X305220.</p>",WP,Vehicles & Parts > Vehicle Parts & Accessories > Motor Vehicle Parts,WP - Street,WP - Shock,TRUE,Title,Default Title,,,,,A610C455X305220,,shopify,,continue,manual,1699.99,,TRUE,TRUE,9010544506969,https://cdn.shopify.com/s/files/1/0511/7820/9461/files/pho_nmon_12180s08set_12180s10set_xplor_pro_6746__sall__awsg__v3.png?v=1736355108,1,XPLOR PRO 6746 Shock absorber,FALSE,XPLOR PRO 6746 Shock absorber,Friction optimized components Adjustable spring preload Adjustable high-speed compression damping Adjustable low-speed compression damping Adjustable rebound damping Optimized WP Pro Components setting Separate high and low-speed compression damping Optimal oil circulation Improved damping behavior Scope of delivery S…,Motor Vehicle Parts,,Adult,A610C455X305220,WP - Street,WP - Shock,new,FALSE,,,,,,,kg,,
wp-a624c122x702220,APEX PRO 8500 Cartridge,"<ul><li>CNC milled from high-strength aluminum</li></ul><p></p><ul><li>Improved contact with the ground</li><li>Closed cartridge technology</li><li>Later braking and earlier acceleration possible</li><li>Greater comfort</li><li>Greater stability</li><li>Motorsport expertise for the street</li><li>Improved response and feedback from riding surface in every riding situation</li><li>Adjustable spring preload</li><li>Adjustable rebound damping</li><li>Adjustable compression damping</li></ul><p></p><strong>Scope of delivery</strong><br /><ul><li class=""li-square"">Cartridge</li><li class=""li-square"">Sticker</li><li class=""li-square"">Tools</li></ul><p>Front fork springs and spring retainer need to be ordered separately.</p><p>Delivered with standard setting for KTM 990 RC R.</p>",WP,Vehicles & Parts > Vehicle Parts & Accessories > Motor Vehicle Parts,WP - Street,WP - Cartridge,TRUE,Title,Default Title,,,,,A624C122X702220,,shopify,,continue,manual,1999.04,,TRUE,TRUE,9010544484656,https://cdn.shopify.com/s/files/1/0511/7820/9461/files/pho_nmon_a624c122x702220_apex_pro_7500_cartridge_9544_9588__sall__awsg__v1.jpg?v=1776721111,1,APEX PRO 8500 Cartridge,FALSE,APEX PRO 8500 Cartridge,CNC milled from high-strength aluminum Improved contact with the ground Closed cartridge technology Later braking and earlier acceleration possible Greater comfort Greater stability Motorsport expertise for the street Improved response and feedback from riding surface in every riding situation Adjustable spring preloa…,Motor Vehicle Parts,,Adult,A624C122X702220,WP - Street,WP - Cartridge,new,FALSE,,,,,,,kg,,
wp-a624c422x413220,APEX PRO 8750 shock absorber,<ul><li>Adjustable spring preload</li><li>Adjustable high-speed compression damping</li><li>Adjustable low-speed compression damping</li><li>Greater grip and traction</li><li>Motorsport expertise for the street</li><li>Improved feel for rear tires</li><li>Later braking and earlier acceleration possible</li><li>Greater confidence in all situations</li><li>Improved contact with the ground</li><li>Greater comfort</li><li>Improved response and feedback from riding surface in every riding situation</li><li>Adjustable low-speed rebound damping</li></ul><p></p>Scope of delivery<br />Shock absorber incl. 86 N/mm shock spring<br />Sticker,WP,Vehicles & Parts > Vehicle Parts & Accessories > Motor Vehicle Parts,WP - Street,WP - Shock,TRUE,Title,Default Title,,,,,A624C422X413220,,shopify,,continue,manual,2199.05,,TRUE,TRUE,9010544484663,https://cdn.shopify.com/s/files/1/0511/7820/9461/files/pho_nmon_a624c422x413220_apex_pro_7500_shock_absorber_9546_9586__sall__awsg__v1.jpg?v=1736341246,1,APEX PRO 8750 shock absorber,FALSE,APEX PRO 8750 shock absorber,Adjustable spring preload Adjustable high-speed compression damping Adjustable low-speed compression damping Greater grip and traction Motorsport expertise for the street Improved feel for rear tires Later braking and earlier acceleration possible Greater confidence in all situations Improved contact with the ground G…,Motor Vehicle Parts,,Adult,A624C422X413220,WP - Street,WP - Shock,new,FALSE,,,,,,,kg,,
wp-a624c422x413220,,,,,,,,,,,,,,,,,,,,,,,,,https://cdn.shopify.com/s/files/1/0511/7820/9461/files/pho_nmon_a624c422x413220_apex_pro_7500_shock_absorber_right_9545_9587__sall__awsg__v1.jpg?v=1736341247,2,APEX PRO 8750 shock absorber,,,,,,,,,,,,,,,,,,,,
wp-a62612903010,Air compressor,"<ul><li>Practical companion for national and international trips</li><li>Convenient and easy to use</li><li>Extremely low weight</li></ul><p></p>- 7,4 V air compressor<br />- Maximum air pressure: 7,59 bar / 110 PSI / 759 kPa<br />- Power: 7,4 V; 6 A; 44,4 Watt<br />- Maximum duration: 15 Minuten (enough to re-fill both tyres)<br />- Integrated litium-Ion battery with 7,4 V, 2.200 mAh<br />- Hose and adapters can be stored inside the housing<br />- Charging with USB-C-connection<br />- Dimensions: 131 x 80 x 40 mm<br />- Weight: 0,33 kg",WP,Hardware > Tools,WP - Tools,WP - Tool/transport,TRUE,Title,Default Title,,,,,A62612903010,,shopify,,continue,manual,69.09,,TRUE,TRUE,9010544614633,https://cdn.shopify.com/s/files/1/0511/7820/9461/files/pho_nmon_a62612903010_air_compressor__sall__awsg__v1.png?v=1736333917,1,Air compressor,FALSE,Air compressor,"Practical companion for national and international trips Convenient and easy to use Extremely low weight - 7,4 V air compressor - Maximum air pressure: 7,59 bar / 110 PSI / 759 kPa - Power: 7,4 V; 6 A; 44,4 Watt - Maximum duration: 15 Minuten (enough to re-fill both tyres) - Integrated litium-Ion battery with 7,4 V, 2…",Tools,,Adult,A62612903010,WP - Tools,WP - Tool/transport,new,FALSE,,,,,,,kg,,
wp-a674c101y702220,APEX PRO 8500 Cartridge,<ul><li>CNC milled from high-strength aluminum</li></ul><p></p><ul><li>Adjustable spring preload</li><li>Adjustable rebound damping</li><li>Adjustable compression damping</li><li>Closed cartridge technology</li><li>Greater stability</li><li>Motorsport expertise for the street</li><li>Later braking and earlier acceleration possible</li><li>Improved contact with the ground</li><li>Greater comfort</li><li>Improved response and feedback from riding surface in every riding situation</li></ul><p></p>Scope of delivery<br />Cartridge<br />Sticker<br />Tools<p>Front fork springs need to be ordered separately.</p><p>Front fork springs and spring retainer need to be ordered separately.</p><p>Delivered with standard setting for KTM 990 RC R.</p>,WP,Vehicles & Parts > Vehicle Parts & Accessories > Motor Vehicle Parts,WP - Street,WP - Cartridge,TRUE,Title,Default Title,,,,,A674C101Y702220,,shopify,,continue,manual,1999.95,,TRUE,TRUE,9010544620306,https://cdn.shopify.com/s/files/1/0511/7820/9461/files/pho_nmon_a624c122x702220_apex_pro_7500_cartridge_9544_9588__sall__awsg__v1.jpg?v=1776721111,1,APEX PRO 8500 Cartridge,FALSE,APEX PRO 8500 Cartridge,CNC milled from high-strength aluminum Adjustable spring preload Adjustable rebound damping Adjustable compression damping Closed cartridge technology Greater stability Motorsport expertise for the street Later braking and earlier acceleration possible Improved contact with the ground Greater comfort Improved response…,Motor Vehicle Parts,,Adult,A674C101Y702220,WP - Street,WP - Cartridge,new,FALSE,,,,,,,kg,,
wp-a674c401y413220,APEX PRO 8750 Shock absorber,<ul><li>CNC milled from high-strength aluminum</li></ul><p></p><ul><li>Adjustable spring preload</li><li>Adjustable high-speed compression damping</li><li>Adjustable low-speed compression damping</li><li>Adjustable rebound damping</li><li>Greater grip and traction</li><li>Motorsport expertise for the street</li><li>Improved feel for rear tires</li><li>Later braking and earlier acceleration possible</li><li>Greater confidence in all situations</li><li>Improved contact with the ground</li><li>Greater comfort</li><li>Improved response and feedback from riding surface in every riding situation</li></ul><p></p>Scope of delivery<br />Shock absorber incl. 82 N/mm shock spring<br />Sticker<p>Delivered with standard setting for KTM 990 RC R.</p>,WP,Vehicles & Parts > Vehicle Parts & Accessories > Motor Vehicle Parts,WP - Street,WP - Shock,TRUE,Title,Default Title,,,,,A674C401Y413220,,shopify,,continue,manual,2199.05,,TRUE,TRUE,9010544621112,https://cdn.shopify.com/s/files/1/0511/7820/9461/files/pho_nmon__a674c401y413220_apex_pro_7150_shock_absorber_11809__sall__awsg__v1.jpg?v=1774381837,1,APEX PRO 8750 Shock absorber,FALSE,APEX PRO 8750 Shock absorber,CNC milled from high-strength aluminum Adjustable spring preload Adjustable high-speed compression damping Adjustable low-speed compression damping Adjustable rebound damping Greater grip and traction Motorsport expertise for the street Improved feel for rear tires Later braking and earlier acceleration possible Great…,Motor Vehicle Parts,,Adult,A674C401Y413220,WP - Street,WP - Shock,new,FALSE,,,,,,,kg,,
wp-a67912955044,Lowering kit,<ul><li>Developed together with the vehicle</li><li>25 mm lower seat height</li><li>No restrictions on riding dynamics</li></ul><p></p>,WP,Vehicles & Parts > Vehicle Parts & Accessories > Motor Vehicle Parts,WP - Lowering kit,WP - Technical Accessories,TRUE,Title,Default Title,,,,,A67912955044,,shopify,,continue,manual,299.05,,TRUE,TRUE,9010544613223,https://cdn.shopify.com/s/files/1/0511/7820/9461/files/pho_nmon_64112955044_lowering_kit__sall__awsg__v1.jpg?v=1683881057,1,Lowering kit,FALSE,Lowering kit,Developed together with the vehicle 25 mm lower seat height No restrictions on riding dynamics,Motor Vehicle Parts,,Adult,A67912955044,WP - Lowering kit,WP - Technical Accessories,new,FALSE,,,,,,,kg,,
wp-a681c422y413200,Shock absorber 1390 Super Duke RR 2025,Shock absorber 1390 Super Duke RR 2025,WP,Vehicles & Parts > Vehicle Parts & Accessories > Motor Vehicle Parts,WP - Street,WP - Shock,FALSE,Title,Default Title,,,,,A681C422Y413200,,shopify,,continue,manual,,,TRUE,TRUE,,,,,FALSE,Shock absorber 1390 Super Duke RR 2025,Shock absorber 1390 Super Duke RR 2025,Motor Vehicle Parts,,Adult,A681C422Y413200,WP - Street,WP - Shock,new,FALSE,,,,,,,kg,,
wp-a719c122y402200,Fork 1390 Super Duke RR Track 2025,Fork 1390 Super Duke RR Track 2025,WP,Vehicles & Parts > Vehicle Parts & Accessories > Motor Vehicle Parts,WP - Street,WP - Fork,FALSE,Title,Default Title,,,,,A719C122Y402200,,shopify,,continue,manual,,,TRUE,TRUE,,,,,FALSE,Fork 1390 Super Duke RR Track 2025,Fork 1390 Super Duke RR Track 2025,Motor Vehicle Parts,,Adult,A719C122Y402200,WP - Street,WP - Fork,new,FALSE,,,,,,,kg,,
wp-a719c122y402220,WP Apex Pro Fork,"<ul><li>CNC milled from high-strength aluminum</li></ul><p></p><ul><li>Adjustable spring preload</li><li>Adjustable rebound damping</li><li>Adjustable compression damping</li><li>Closed cartridge technology</li><li>Greater stability</li><li>Later braking and earlier acceleration possible</li><li>Improved contact with the ground</li><li>Improved response and feedback from riding surface in every riding situation</li></ul><p></p>Scope of delivery:<ul><li class=""li-square"">Fork</li><li class=""li-square"">Stickers</li><li class=""li-square"">Tool</li></ul><p>When mounting on KTM 1390 Superduke R following parts are mandatory:</p><p>4x 69008021060<br />1x 6170891000001A<br />2x 60111094100</p><p>When mounting on KTM 1390 Superduke RR only 4x 69008021060 have to be used. Brake cooling ducts can't be used.<br />Delivered with standard setting for KTM 1390 Superduke RR Track.</p>",WP,Vehicles & Parts > Vehicle Parts & Accessories > Motor Vehicle Parts,WP - Street,WP - Fork,TRUE,Title,Default Title,,,,,A719C122Y402220,,shopify,,continue,manual,3599.02,,TRUE,TRUE,9010544670134,https://cdn.shopify.com/s/files/1/0511/7820/9461/files/pho_nmon_a719c122y402220_wp_apex_pro_fork_12350__sall__awsg__v1.jpg,1,WP Apex Pro Fork,FALSE,WP Apex Pro Fork,CNC milled from high-strength aluminum Adjustable spring preload Adjustable rebound damping Adjustable compression damping Closed cartridge technology Greater stability Later braking and earlier acceleration possible Improved contact with the ground Improved response and feedback from riding surface in every riding si…,Motor Vehicle Parts,,Adult,A719C122Y402220,WP - Street,WP - Fork,new,FALSE,,,,,,,kg,,
wp-a719c122y402220,,,,,,,,,,,,,,,,,,,,,,,,,https://cdn.shopify.com/s/files/1/0511/7820/9461/files/pho_nmon_a719c122y402220_wp_apex_pro_fork_faust_12352__sall__awsg__v1.jpg?v=1779132802,2,WP Apex Pro Fork,,,,,,,,,,,,,,,,,,,,
wp-a719c122y402220,,,,,,,,,,,,,,,,,,,,,,,,,https://cdn.shopify.com/s/files/1/0511/7820/9461/files/pho_nmon_a719c122y402220_wp_apex_pro_fork_top_cap_12351__sall__awsg__v1.jpg?v=1779132859,3,WP Apex Pro Fork,,,,,,,,,,,,,,,,,,,,
wp-a719c423y413220,WP Apex Pro Shock,"<ul><li>CNC milled from high-strength aluminum</li></ul><p></p><ul><li>Adjustable spring preload</li><li>Adjustable high-speed compression damping</li><li>Adjustable low-speed compression damping</li><li>Adjustable rebound damping</li><li>Greater grip and traction</li><li>Improved feel for rear tires</li><li>Later braking and earlier acceleration possible</li><li>Greater confidence in all situations</li><li>Improved contact with the ground</li><li>Improved response and feedback from riding surface in every riding situation</li></ul><p></p><p>Scope of delivery:</p><ul><li class=""li-square"">Shock absorber incl. 86 N/mm shock spring</li></ul><p>Delivered with standard setting for KTM 1390 Superduke RR Track.<br />Riding with pillion or luggage is not advised.</p>",WP,Vehicles & Parts > Vehicle Parts & Accessories > Motor Vehicle Parts,WP - Street,WP - Shock,TRUE,Title,Default Title,,,,,A719C423Y413220,,shopify,,continue,manual,2199.05,,TRUE,TRUE,9010544670141,https://cdn.shopify.com/s/files/1/0511/7820/9461/files/pho_nmon_a719c423y413220_wp_apex_pro_shock_12349__sall__awsg__v1.jpg?v=1779132703,1,WP Apex Pro Shock,FALSE,WP Apex Pro Shock,CNC milled from high-strength aluminum Adjustable spring preload Adjustable high-speed compression damping Adjustable low-speed compression damping Adjustable rebound damping Greater grip and traction Improved feel for rear tires Later braking and earlier acceleration possible Greater confidence in all situations Impr…,Motor Vehicle Parts,,Adult,A719C423Y413220,WP - Street,WP - Shock,new,FALSE,,,,,,,kg,,
wp-ag180001int,Tent Frame 3 x 3 m,"<ul><li class=""li-square"">EXPOTENT Aluminium-tent-frame „PREMIUM“</li><li class=""li-square"">Octagon profiles 38 mm</li><li class=""li-square"">Reinforced scissor-profiles  12 x 26 mm</li><li class=""li-square"">Incl. transportbag, 4 tightening-ribbon</li><li class=""li-square"">4 stakes,  sparepart-kit</li><li class=""li-square"">Incl. transport wheels-system</li><li class=""li-square"">Walk-through-height adjustable 2,0 – 2,3 m</li><li class=""li-square"">Weight: 31 kg</li></ul>",WP,Vehicles & Parts > Vehicle Parts & Accessories > Motor Vehicle Parts,WP - Event material,WP - Retail &amp; Marketing Material,TRUE,Title,Default Title,,,,,AG180001INT,,shopify,,continue,manual,493.20,,TRUE,TRUE,9010544086003,https://cdn.shopify.com/s/files/1/0511/7820/9461/files/pho_ds_nmon_ag180001int_zeltgestell_3x3m__sall__awsg__v1.jpg?v=1650465133,1,Tent Frame 3 x 3 m,FALSE,Tent Frame 3 x 3 m,"EXPOTENT Aluminium-tent-frame „PREMIUM“ Octagon profiles 38 mm Reinforced scissor-profiles 12 x 26 mm Incl. transportbag, 4 tightening-ribbon 4 stakes, sparepart-kit Incl. transport wheels-system Walk-through-height adjustable 2,0 – 2,3 m Weight: 31 kg",Motor Vehicle Parts,,Adult,AG180001INT,WP - Event material,WP - Retail &amp; Marketing Material,new,FALSE,,,,,,,kg,,
wp-ag180001int,,,,,,,,,,,,,,,,,,,,,,,,,https://cdn.shopify.com/s/files/1/0511/7820/9461/files/pho_ds_nmon_ag180001int_zeltgestell_3x3m_verpackung__sall__awsg__v1.jpg?v=1650465133,2,Tent Frame 3 x 3 m,,,,,,,,,,,,,,,,,,,,
wp-ag180002int,Tent Frame 6 x 3 m,"<ul><li>EXPOTENT Aluminium-tent-frame „PROFESSIONAL“</li><li>Octagon profiles 42 mm</li><li>Reinforced scissor-profiles  20 x 39 mm</li><li>Incl. transportbag, 6 tightening-ribbon</li><li>6 stakes,  sparepart-kit</li><li>Incl. transport wheels-system</li><li>Walk-through-height adjustable 2,0 – 2,3 m</li><li>Weight: 65 kg</li></ul>",WP,Vehicles & Parts > Vehicle Parts & Accessories > Motor Vehicle Parts,WP - Event material,WP - Retail &amp; Marketing Material,TRUE,Title,Default Title,,,,,AG180002INT,,shopify,,continue,manual,998.98,,TRUE,TRUE,9010544085990,https://cdn.shopify.com/s/files/1/0511/7820/9461/files/pho_ds_nmon_ag180002int_zeltgestell_6x3m__sall__awsg__v1.jpg?v=1650465133,1,Tent Frame 6 x 3 m,FALSE,Tent Frame 6 x 3 m,"EXPOTENT Aluminium-tent-frame „PROFESSIONAL“ Octagon profiles 42 mm Reinforced scissor-profiles 20 x 39 mm Incl. transportbag, 6 tightening-ribbon 6 stakes, sparepart-kit Incl. transport wheels-system Walk-through-height adjustable 2,0 – 2,3 m Weight: 65 kg",Motor Vehicle Parts,,Adult,AG180002INT,WP - Event material,WP - Retail &amp; Marketing Material,new,FALSE,,,,,,,kg,,
wp-ag180002int,,,,,,,,,,,,,,,,,,,,,,,,,https://cdn.shopify.com/s/files/1/0511/7820/9461/files/pho_ds_nmon_ag180002int_zeltgestell_6x3m_verpackung__sall__awsg__v1.jpg?v=1650465133,2,Tent Frame 6 x 3 m,,,,,,,,,,,,,,,,,,,,
wp-ag180003int,Rainwater Gutter Small,"<ul><li class=""li-square"">If two or more tents are connected together</li><li class=""li-square"">Easy fixing with velcro on cover</li><li class=""li-square"">Packed in a carrybag</li><li class=""li-square"">Made of PVC material</li><li class=""li-square"">Weight: 1 kg</li></ul>",WP,Vehicles & Parts > Vehicle Parts & Accessories > Motor Vehicle Parts,WP - Event material,WP - Retail &amp; Marketing Material,TRUE,Title,Default Title,,,,,AG180003INT,,shopify,,continue,manual,40.47,,TRUE,TRUE,9010544085983,https://cdn.shopify.com/s/files/1/0511/7820/9461/files/pho_ds_nmon_regenrinne_frontal__sall__awsg__v1.jpg?v=1650465134,1,Rainwater Gutter Small,FALSE,Rainwater Gutter Small,If two or more tents are connected together Easy fixing with velcro on cover Packed in a carrybag Made of PVC material Weight: 1 kg,Motor Vehicle Parts,,Adult,AG180003INT,WP - Event material,WP - Retail &amp; Marketing Material,new,FALSE,,,,,,,kg,,
wp-ag180003int,,,,,,,,,,,,,,,,,,,,,,,,,https://cdn.shopify.com/s/files/1/0511/7820/9461/files/pho_ds_nmon_regenrinne_1__sall__awsg__v1.jpg?v=1650465133,2,Rainwater Gutter Small,,,,,,,,,,,,,,,,,,,,
wp-ag180003int,,,,,,,,,,,,,,,,,,,,,,,,,https://cdn.shopify.com/s/files/1/0511/7820/9461/files/pho_ds_nmon_regenrinne_vertikal__sall__awsg__v1.jpg?v=1650465133,3,Rainwater Gutter Small,,,,,,,,,,,,,,,,,,,,
wp-ag180004int,Rainwater Gutter Big,"<ul><li class=""li-square"">If two or more tents are connected together</li><li class=""li-square"">Easy fixing with velcro on cover</li><li class=""li-square"">Packed in a carrybag</li><li class=""li-square"">Made of PVC material</li><li class=""li-square"">Weight: 1,5 kg</li></ul>",WP,Vehicles & Parts > Vehicle Parts & Accessories > Motor Vehicle Parts,WP - Event material,WP - Retail &amp; Marketing Material,TRUE,Title,Default Title,,,,,AG180004INT,,shopify,,continue,manual,59.47,,TRUE,TRUE,9010544085976,https://cdn.shopify.com/s/files/1/0511/7820/9461/files/pho_ds_nmon_regenrinne_frontal__sall__awsg__v1.jpg?v=1650465134,1,Rainwater Gutter Big,FALSE,Rainwater Gutter Big,"If two or more tents are connected together Easy fixing with velcro on cover Packed in a carrybag Made of PVC material Weight: 1,5 kg",Motor Vehicle Parts,,Adult,AG180004INT,WP - Event material,WP - Retail &amp; Marketing Material,new,FALSE,,,,,,,kg,,
wp-ag180004int,,,,,,,,,,,,,,,,,,,,,,,,,https://cdn.shopify.com/s/files/1/0511/7820/9461/files/pho_ds_nmon_regenrinne_1__sall__awsg__v1.jpg?v=1650465133,2,Rainwater Gutter Big,,,,,,,,,,,,,,,,,,,,
wp-ag180004int,,,,,,,,,,,,,,,,,,,,,,,,,https://cdn.shopify.com/s/files/1/0511/7820/9461/files/pho_ds_nmon_regenrinne_vertikal__sall__awsg__v1.jpg?v=1650465133,3,Rainwater Gutter Big,,,,,,,,,,,,,,,,,,,,
wp-ag180005int,Tent Roof Interior 3 x 3 m,"<ul><li class=""li-square"">Is reducing the „black-shining“ inside the tent about 70% whereby the outside is still the original cover-colour</li><li class=""li-square"">It is fixed on top of the scissor-profiles whereby the profiles are still visible and available for hanging cables, lights, shirts etc. on it</li><li class=""li-square"">The sky can stay on the frame and does not need to be removed during take-down of the tent</li><li class=""li-square"">Weight: 2 kg</li></ul>",WP,Vehicles & Parts > Vehicle Parts & Accessories > Motor Vehicle Parts,WP - Event material,WP - Retail &amp; Marketing Material,TRUE,Title,Default Title,,,,,AG180005INT,,shopify,,continue,manual,150.52,,TRUE,TRUE,9010544085969,https://cdn.shopify.com/s/files/1/0511/7820/9461/files/pho_ds_nmon_expotent_sky_interior_2__sall__awsg__v1.jpg?v=1650465049,1,Tent Roof Interior 3 x 3 m,FALSE,Tent Roof Interior 3 x 3 m,"Is reducing the „black-shining“ inside the tent about 70% whereby the outside is still the original cover-colour It is fixed on top of the scissor-profiles whereby the profiles are still visible and available for hanging cables, lights, shirts etc. on it The sky can stay on the frame and does not need to be removed du…",Motor Vehicle Parts,,Adult,AG180005INT,WP - Event material,WP - Retail &amp; Marketing Material,new,FALSE,,,,,,,kg,,
wp-ag180006int,Tent Roof Interior 6 x 3 m,"<ul><li class=""li-square"">Is reducing the „black-shining“ inside the tent about 70% whereby the outside is still the original cover-colour</li><li class=""li-square"">It is fixed on top of the scissor-profiles whereby the profiles are still visible and available for hanging cables, lights, shirts etc. on it</li><li class=""li-square"">The sky can stay on the frame and does not need to be removed during take-down of the tent</li><li class=""li-square"">Weight: 3 kg</li></ul>",WP,Vehicles & Parts > Vehicle Parts & Accessories > Motor Vehicle Parts,WP - Event material,WP - Retail &amp; Marketing Material,TRUE,Title,Default Title,,,,,AG180006INT,,shopify,,continue,manual,213.75,,TRUE,TRUE,9010544085952,https://cdn.shopify.com/s/files/1/0511/7820/9461/files/pho_ds_nmon_expotent_sky_interior_2__sall__awsg__v1.jpg?v=1650465049,1,Tent Roof Interior 6 x 3 m,FALSE,Tent Roof Interior 6 x 3 m,"Is reducing the „black-shining“ inside the tent about 70% whereby the outside is still the original cover-colour It is fixed on top of the scissor-profiles whereby the profiles are still visible and available for hanging cables, lights, shirts etc. on it The sky can stay on the frame and does not need to be removed du…",Motor Vehicle Parts,,Adult,AG180006INT,WP - Event material,WP - Retail &amp; Marketing Material,new,FALSE,,,,,,,kg,,
wp-ag180007int,Ground Plate for Beachflag,"<ul><li>40 x 40 cm</li><li>10,2 kg</li><li>Steel, powder-coated</li><li>Silver grey</li></ul>",WP,Vehicles & Parts > Vehicle Parts & Accessories > Motor Vehicle Parts,WP - Event material,WP - Retail &amp; Marketing Material,TRUE,Title,Default Title,,,,,AG180007INT,,shopify,,continue,manual,94.32,,TRUE,TRUE,9010544085945,https://cdn.shopify.com/s/files/1/0511/7820/9461/files/pho_ds_nmon_ag180007int_bodenplatte__sall__awsg__v1.jpg?v=1650465133,1,Ground Plate for Beachflag,FALSE,Ground Plate for Beachflag,"40 x 40 cm 10,2 kg Steel, powder-coated Silver grey",Motor Vehicle Parts,,Adult,AG180007INT,WP - Event material,WP - Retail &amp; Marketing Material,new,FALSE,,,,,,,kg,,
wp-ag180008int,Ground Spike for Beachflag,"<ul><li>Length: 60 cm</li><li>Diameter: 1,2 cm</li><li>Steel, galvanized</li></ul>",WP,Vehicles & Parts > Vehicle Parts & Accessories > Motor Vehicle Parts,WP - Event material,WP - Retail &amp; Marketing Material,FALSE,Title,Default Title,,,,,AG180008INT,,shopify,,continue,manual,,,TRUE,TRUE,,https://cdn.shopify.com/s/files/1/0511/7820/9461/files/pho_ds_nmon_ag180008int_erdspie___sall__awsg__v1.jpg?v=1650465133,1,Ground Spike for Beachflag,FALSE,Ground Spike for Beachflag,"Length: 60 cm Diameter: 1,2 cm Steel, galvanized",Motor Vehicle Parts,,Adult,AG180008INT,WP - Event material,WP - Retail &amp; Marketing Material,new,FALSE,,,,,,,kg,,
wp-ap01c001u400set,XACT PRO KAWASAKI SUSPENSION SET,Fits on:<br />Kawasaki KXF250 21-<br />Kawasaki KXF450 20-23,WP,Vehicles & Parts > Vehicle Parts & Accessories > Motor Vehicle Parts,WP - Sale,WP - Pro Components,TRUE,Title,Default Title,,,,,AP01C001U400SET,,shopify,,continue,manual,4199.00,,TRUE,TRUE,9010544578713,https://cdn.shopify.com/s/files/1/0511/7820/9461/files/pho_wp_nmon_ap01c001u400set_kawasaki_motocross_suspension_set__sall__awsg__v2.png?v=1721980997,1,XACT PRO KAWASAKI SUSPENSION SET,FALSE,XACT PRO KAWASAKI SUSPENSION SET,Fits on: Kawasaki KXF250 21- Kawasaki KXF450 20-23,Motor Vehicle Parts,,Adult,AP01C001U400SET,WP - Sale,WP - Pro Components,new,FALSE,,,,,,,kg,,
wp-ap01c101u403220,XACT PRO 7548 Spring fork,"<ul><li>Unique valve system</li><li>Greater comfort</li><li>Higher bottoming resistance</li><li>Better response</li><li>Greater confidence in all situations</li><li>Friction optimized components</li><li>High quality coating</li><li>All adjustments can be made externally</li></ul><p></p><strong>Scope of delivery</strong><ul><li class=""li-square"">Spring fork incl. 4.6 N/mm Fork spring</li><li class=""li-square"">Sticker</li><li class=""li-square"">Tools</li></ul>",WP,Vehicles & Parts > Vehicle Parts & Accessories > Motor Vehicle Parts,WP - Offroad,WP - Fork,TRUE,Title,Default Title,,,,,AP01C101U403220,,shopify,,continue,manual,3299.91,,TRUE,TRUE,9010544285017,https://cdn.shopify.com/s/files/1/0511/7820/9461/files/pho_wp_nmon_14182t07set_14152u07set_ap01c101u403220_xact_pro_7548__sall__awsg__v2.png?v=1680287573,1,XACT PRO 7548 Spring fork,FALSE,XACT PRO 7548 Spring fork,Unique valve system Greater comfort Higher bottoming resistance Better response Greater confidence in all situations Friction optimized components High quality coating All adjustments can be made externally Scope of delivery Spring fork incl. 4.6 N/mm Fork spring Sticker Tools,Motor Vehicle Parts,,Adult,AP01C101U403220,WP - Offroad,WP - Fork,new,FALSE,,,,,,,kg,,
wp-ap01c401u411220,XACT PRO 8950 Shock absorber,"<ul><li>Supertrax technology</li><li>Improved and calmer ride</li><li>Greater comfort</li><li>Greater confidence in all situations</li><li>Lower physical strain</li><li>Friction optimized components</li><li>Adjustable spring preload</li><li>Adjustable high-speed compression damping</li><li>Adjustable low-speed compression damping</li><li>Adjustable rebound damping</li><li>Greater grip and traction</li></ul><p></p><strong>Scope of delivery</strong><ul><li class=""li-square"">Shock absorber incl. 48 N/mm shock spring</li><li class=""li-square"">Sticker</li></ul>",WP,Vehicles & Parts > Vehicle Parts & Accessories > Motor Vehicle Parts,WP - Offroad,WP - Shock,TRUE,Title,Default Title,,,,,AP01C401U411220,,shopify,,continue,manual,2199.90,,TRUE,TRUE,9010544284928,https://cdn.shopify.com/s/files/1/0511/7820/9461/files/pho_wp_nmon_ap01c401u411220_xact_pro_8950_shock_absorber__sall__awsg__v2.png?v=1680287572,1,XACT PRO 8950 Shock absorber,FALSE,XACT PRO 8950 Shock absorber,Supertrax technology Improved and calmer ride Greater comfort Greater confidence in all situations Lower physical strain Friction optimized components Adjustable spring preload Adjustable high-speed compression damping Adjustable low-speed compression damping Adjustable rebound damping Greater grip and traction Scope…,Motor Vehicle Parts,,Adult,AP01C401U411220,WP - Offroad,WP - Shock,new,FALSE,,,,,,,kg,,
wp-ap06c100u001220,APEX PRO 6500 Cartridge,"<ul><li>Open cartridge technology</li><li>Adjustable spring preload</li><li>Adjustable rebound damping</li><li>Adjustable compression damping</li><li>Greater stability</li><li>Improved damping behavior</li><li>Improved and calmer ride</li><li>Greater comfort</li></ul><p></p><strong>Scope of delivery</strong><ul><li class=""li-square"">Cartridge incl. 6.0 N/mm fork spring</li><li class=""li-square"">Sticker</li></ul>",WP,Vehicles & Parts > Vehicle Parts & Accessories > Motor Vehicle Parts,WP - Street,WP - Cartridge,TRUE,Title,Default Title,,,,,AP06C100U001220,,shopify,,continue,manual,674.94,,TRUE,TRUE,9010544346534,https://cdn.shopify.com/s/files/1/0511/7820/9461/files/pho_nmon_ap06c100u001220_aepx_pro_6500_cartridge__sall__awsg__v1.jpg?v=1736367232,1,APEX PRO 6500 Cartridge,FALSE,APEX PRO 6500 Cartridge,Open cartridge technology Adjustable spring preload Adjustable rebound damping Adjustable compression damping Greater stability Improved damping behavior Improved and calmer ride Greater comfort Scope of delivery Cartridge incl. 6.0 N/mm fork spring Sticker,Motor Vehicle Parts,,Adult,AP06C100U001220,WP - Street,WP - Cartridge,new,FALSE,,,,,,,kg,,
wp-ap06c100u001221,APEX PRO 6500 Cartridge,"<ul><li>Open cartridge technology</li><li>Adjustable spring preload</li><li>Adjustable rebound damping</li><li>Adjustable compression damping</li><li>Greater stability</li><li>Improved damping behavior</li><li>Improved and calmer ride</li><li>Greater comfort</li></ul><p></p><strong>Scope of delivery</strong><ul><li class=""li-square"">Cartridge incl. 6.0 N/mm fork spring</li><li class=""li-square"">Sticker</li></ul><p><strong>Notes</strong><br />When used with KTM RC 125-390 you have to adjust the setting according to the alternative setting list. Settings can be found under documents.</p>",WP,Vehicles & Parts > Vehicle Parts & Accessories > Motor Vehicle Parts,WP - Street,WP - Cartridge,TRUE,Title,Default Title,,,,,AP06C100U001221,,shopify,,continue,manual,650.56,,TRUE,TRUE,9010544351873,https://cdn.shopify.com/s/files/1/0511/7820/9461/files/pho_nmon_ap06c100u001220_ap06c100u001221_aepx_pro_6500_cartridge__sall__awsg__v1.jpg?v=1736367232,1,APEX PRO 6500 Cartridge,FALSE,APEX PRO 6500 Cartridge,Open cartridge technology Adjustable spring preload Adjustable rebound damping Adjustable compression damping Greater stability Improved damping behavior Improved and calmer ride Greater comfort Scope of delivery Cartridge incl. 6.0 N/mm fork spring Sticker Notes When used with KTM RC 125-390 you have to adjust the se…,Motor Vehicle Parts,,Adult,AP06C100U001221,WP - Street,WP - Cartridge,new,FALSE,,,,,,,kg,,
wp-ap06c400u313220,APEX PRO 6746 Shock absorber,"<ul><li>Excellent cooling properties</li><li>Consistent performance</li><li>Greater comfort</li><li>Adjustable rebound damping</li><li>Adjustable compression damping</li><li>Adjustable spring preload</li></ul><p></p><strong>Scope of delivery</strong><ul><li class=""li-square"">Shock absorber incl. 120 N/mm shock spring</li><li class=""li-square"">Sticker</li></ul><p><strong>Notes</strong><br />When used with KTM RC 125-390 you have to adjust the setting according to the alternative setting list. Settings can be found under documents.</p>",WP,Vehicles & Parts > Vehicle Parts & Accessories > Motor Vehicle Parts,WP - Street,WP - Shock,TRUE,Title,Default Title,,,,,AP06C400U313220,,shopify,,continue,manual,809.97,,TRUE,TRUE,9010544346541,https://cdn.shopify.com/s/files/1/0511/7820/9461/files/pho_nmon_ap06c400u313220_apex_pro_6746_shock_absorber__sall__awsg__v1.jpg?v=1736367232,1,APEX PRO 6746 Shock absorber,FALSE,APEX PRO 6746 Shock absorber,Excellent cooling properties Consistent performance Greater comfort Adjustable rebound damping Adjustable compression damping Adjustable spring preload Scope of delivery Shock absorber incl. 120 N/mm shock spring Sticker Notes When used with KTM RC 125-390 you have to adjust the setting according to the alternative se…,Motor Vehicle Parts,,Adult,AP06C400U313220,WP - Street,WP - Shock,new,FALSE,,,,,,,kg,,
wp-ap08c102v001220,XACT PRO 7500 Cartridge,"<ul><li><a href=""https://www.wp-suspension.com/autorisierte-zentren/"">This product is exclusively available through WP authorized centers.</a> </li></ul><p></p><ul><li>Friction optimized components</li><li>Unique valve system</li><li>Better response</li><li>Greater confidence in all situations</li><li>Greater comfort</li><li>Higher bottoming resistance</li><li>Cone valve technology</li><li>Open cartridge technology</li><li>Adjustable spring preload</li><li>Adjustable rebound damping</li><li>Adjustable compression damping</li></ul><p></p><strong>Scope of delivery</strong>Cartridge<br />Sticker<br />Tools<br />2.0 N/mm Fork spring set",WP,Vehicles & Parts > Vehicle Parts & Accessories > Motor Vehicle Parts,WP - Offroad,WP - Cartridge,TRUE,Title,Default Title,,,,,AP08C102V001220,,shopify,,continue,manual,849.90,,TRUE,TRUE,9010544346411,https://cdn.shopify.com/s/files/1/0511/7820/9461/files/pho_nmon_ap09c103v001220_xact_pro_7500_cartridge__sall__awsg__v1.jpg?v=1779132936,1,XACT PRO 7500 Cartridge,FALSE,XACT PRO 7500 Cartridge,This product is exclusively available through WP authorized centers. Friction optimized components Unique valve system Better response Greater confidence in all situations Greater comfort Higher bottoming resistance Cone valve technology Open cartridge technology Adjustable spring preload Adjustable rebound damping Ad…,Motor Vehicle Parts,,Adult,AP08C102V001220,WP - Offroad,WP - Cartridge,new,FALSE,,,,,,,kg,,
wp-ap09c103v001220,XACT PRO 7500 Cartridge,"<ul><li><a href=""https://www.wp-suspension.com/autorisierte-zentren/"">This product is exclusively available through WP authorized centers.</a> </li></ul><p></p><ul><li>Friction optimized components</li><li>Unique valve system</li><li>Better response</li><li>Greater confidence in all situations</li><li>Greater comfort</li><li>Higher bottoming resistance</li><li>Cone valve technology</li><li>Open cartridge technology</li><li>Adjustable spring preload</li><li>Adjustable rebound damping</li><li>Adjustable compression damping</li></ul><p></p><strong>Scope of delivery</strong>Cartridge<br />Sticker<br />Tools<br />3.0 N/mm Fork spring set",WP,Vehicles & Parts > Vehicle Parts & Accessories > Motor Vehicle Parts,WP - Offroad,WP - Cartridge,FALSE,Title,Default Title,,,,,AP09C103V001220,,shopify,,continue,manual,849.90,,TRUE,TRUE,9010544346428,https://cdn.shopify.com/s/files/1/0511/7820/9461/files/pho_nmon_ap09c103v001220_xact_pro_7500_cartridge__sall__awsg__v1.jpg?v=1779132936,1,XACT PRO 7500 Cartridge,FALSE,XACT PRO 7500 Cartridge,This product is exclusively available through WP authorized centers. Friction optimized components Unique valve system Better response Greater confidence in all situations Greater comfort Higher bottoming resistance Cone valve technology Open cartridge technology Adjustable spring preload Adjustable rebound damping Ad…,Motor Vehicle Parts,,Adult,AP09C103V001220,WP - Offroad,WP - Cartridge,new,FALSE,,,,,,,kg,,
wp-ap13c002v400set,XACT PRO HONDA SUSPENSION SET,Fits on:<br />Honda CRF250R 22-<br />Honda CRF250RX 22-<br />Honda CRF450R 21-<br />Honda CRF450RX 22-,WP,Vehicles & Parts > Vehicle Parts & Accessories > Motor Vehicle Parts,WP - Sale,WP - Pro Components,TRUE,Title,Default Title,,,,,AP13C002V400SET,,shopify,,continue,manual,4199.00,,TRUE,TRUE,9010544578508,https://cdn.shopify.com/s/files/1/0511/7820/9461/files/pho_wp_nmon_ap13c002v400set_honda_motocross_suspension_set__sall__awsg__v2.png?v=1721980997,1,XACT PRO HONDA SUSPENSION SET,FALSE,XACT PRO HONDA SUSPENSION SET,Fits on: Honda CRF250R 22- Honda CRF250RX 22- Honda CRF450R 21- Honda CRF450RX 22-,Motor Vehicle Parts,,Adult,AP13C002V400SET,WP - Sale,WP - Pro Components,new,FALSE,,,,,,,kg,,
wp-ap13c102v403220,XACT PRO 7548 Spring fork,<ul><li>Unique valve system</li><li>Greater comfort</li><li>Higher bottoming resistance</li><li>Better response</li><li>Greater confidence in all situations</li><li>Friction optimized components</li><li>High quality coating</li><li>All adjustments can be made externally</li></ul><p></p>,WP,Vehicles & Parts > Vehicle Parts & Accessories > Motor Vehicle Parts,WP - Offroad,WP - Fork,TRUE,Title,Default Title,,,,,AP13C102V403220,,shopify,,continue,manual,3299.91,,TRUE,TRUE,9010544382402,https://cdn.shopify.com/s/files/1/0511/7820/9461/files/pho_wp_nmon_ap13c102v403220_xact_pro_7548_spring_fork__sall__awsg__v1.jpg?v=1680287285,1,XACT PRO 7548 Spring fork,FALSE,XACT PRO 7548 Spring fork,Unique valve system Greater comfort Higher bottoming resistance Better response Greater confidence in all situations Friction optimized components High quality coating All adjustments can be made externally,Motor Vehicle Parts,,Adult,AP13C102V403220,WP - Offroad,WP - Fork,new,FALSE,,,,,,,kg,,
wp-ap13c402v411220,XACT PRO 8950 Shock absorber,<ul><li>Supertrax technology</li><li>Improved and calmer ride</li><li>Greater comfort</li><li>Greater confidence in all situations</li><li>Lower physical strain</li><li>Friction optimized components</li><li>Adjustable spring preload</li><li>Adjustable high-speed compression damping</li><li>Adjustable low-speed compression damping</li><li>Adjustable rebound damping</li><li>Greater grip and traction</li></ul><p></p>,WP,Vehicles & Parts > Vehicle Parts & Accessories > Motor Vehicle Parts,WP - Offroad,WP - Shock,TRUE,Title,Default Title,,,,,AP13C402V411220,,shopify,,continue,manual,2199.90,,TRUE,TRUE,9010544381962,https://cdn.shopify.com/s/files/1/0511/7820/9461/files/pho_wp_nmon_ap13c402v411220_xact_pro_7548_shock_absorber__sall__awsg__v1.jpg?v=1680287286,1,XACT PRO 8950 Shock absorber,FALSE,XACT PRO 8950 Shock absorber,Supertrax technology Improved and calmer ride Greater comfort Greater confidence in all situations Lower physical strain Friction optimized components Adjustable spring preload Adjustable high-speed compression damping Adjustable low-speed compression damping Adjustable rebound damping Greater grip and traction,Motor Vehicle Parts,,Adult,AP13C402V411220,WP - Offroad,WP - Shock,new,FALSE,,,,,,,kg,,
wp-r12012,heim joint kit,heim joint kit,WP,Vehicles & Parts > Vehicle Parts & Accessories > Motor Vehicle Parts,WP - Spare Parts,WP - Pro Components,TRUE,Title,Default Title,,,,,R12012,,shopify,,continue,manual,37.03,,TRUE,TRUE,9010544149012,https://cdn.shopify.com/s/files/1/0511/7820/9461/files/pho_wp_wpers_nmon_r12012__sall__awsg__v1.png?v=1680287591,1,heim joint kit,FALSE,heim joint kit,heim joint kit,Motor Vehicle Parts,,Adult,R12012,WP - Spare Parts,WP - Pro Components,new,FALSE,,,,,,,kg,,
wp-r14042,fork repair kit,fork repair kit,WP,Vehicles & Parts > Vehicle Parts & Accessories > Motor Vehicle Parts,WP - Spare Parts,WP - Pro Components,TRUE,Title,Default Title,,,,,R14042,,shopify,,continue,manual,26.74,,TRUE,TRUE,9010544148510,https://cdn.shopify.com/s/files/1/0511/7820/9461/files/pho_wp_wpers_nmon_r14047__sall__awsg__v1.png?v=1680287591,1,fork repair kit,FALSE,fork repair kit,fork repair kit,Motor Vehicle Parts,,Adult,R14042,WP - Spare Parts,WP - Pro Components,new,FALSE,,,,,,,kg,,
wp-r14042t,Pilot bushing set,Pilot bushing set,WP,Vehicles & Parts > Vehicle Parts & Accessories > Motor Vehicle Parts,WP - Spare Parts,WP - Pro Components,TRUE,Title,Default Title,,,,,R14042T,,shopify,,continue,manual,34.30,,TRUE,TRUE,9010544209662,,,,FALSE,Pilot bushing set,Pilot bushing set,Motor Vehicle Parts,,Adult,R14042T,WP - Spare Parts,WP - Pro Components,new,FALSE,,,,,,,kg,,
wp-r14046,Fork repair kit,Fork repair kit,WP,Vehicles & Parts > Vehicle Parts & Accessories > Motor Vehicle Parts,WP - Spare Parts,WP - Pro Components,TRUE,Title,Default Title,,,,,R14046,,shopify,,continue,manual,60.68,,TRUE,TRUE,9010544148480,https://cdn.shopify.com/s/files/1/0511/7820/9461/files/pho_wp_wpers_nmon_r14046__sall__awsg__v1.png?v=1680287592,1,Fork repair kit,FALSE,Fork repair kit,Fork repair kit,Motor Vehicle Parts,,Adult,R14046,WP - Spare Parts,WP - Pro Components,new,FALSE,,,,,,,kg,,
wp-r14047,fork repair kit,fork repair kit,WP,Vehicles & Parts > Vehicle Parts & Accessories > Motor Vehicle Parts,WP - Spare Parts,WP - Pro Components,TRUE,Title,Default Title,,,,,R14047,,shopify,,continue,manual,26.74,,TRUE,TRUE,9010544148473,https://cdn.shopify.com/s/files/1/0511/7820/9461/files/pho_wp_wpers_nmon_r14047__sall__awsg__v1.png?v=1680287591,1,fork repair kit,FALSE,fork repair kit,fork repair kit,Motor Vehicle Parts,,Adult,R14047,WP - Spare Parts,WP - Pro Components,new,FALSE,,,,,,,kg,,
wp-r14047t,Fork repair kit,Fork repair kit,WP,Vehicles & Parts > Vehicle Parts & Accessories > Motor Vehicle Parts,WP - Spare Parts,WP - Pro Components,TRUE,Title,Default Title,,,,,R14047T,,shopify,,continue,manual,34.30,,TRUE,TRUE,9010544148466,https://cdn.shopify.com/s/files/1/0511/7820/9461/files/pho_fallback_fallback_no_picture__sall__awsg__v1.jpg?v=1774382207,1,Fork repair kit,FALSE,Fork repair kit,Fork repair kit,Motor Vehicle Parts,,Adult,R14047T,WP - Spare Parts,WP - Pro Components,new,FALSE,,,,,,,kg,,
wp-r14054t,Spacer kit,"<ul><li class=""li-square"">The handlebar width increases slightly by 6mm.</li></ul>",WP,Vehicles & Parts > Vehicle Parts & Accessories > Motor Vehicle Parts,WP - Spare Parts,WP - Pro Components,TRUE,Title,Default Title,,,,,R14054T,,shopify,,continue,manual,19.78,,TRUE,TRUE,9010544460391,https://cdn.shopify.com/s/files/1/0511/7820/9461/files/pho_nmon_r14054t__sall__awsg__v1.jpg?v=1776722704,1,Spacer kit,FALSE,Spacer kit,The handlebar width increases slightly by 6mm.,Motor Vehicle Parts,,Adult,R14054T,WP - Spare Parts,WP - Pro Components,new,FALSE,,,,,,,kg,,
wp-r516,Fork repair kit,Fork repair kit,WP,Vehicles & Parts > Vehicle Parts & Accessories > Motor Vehicle Parts,WP - Spare Parts,WP - Pro Components,TRUE,Title,Default Title,,,,,R516,,shopify,,continue,manual,60.68,,TRUE,TRUE,9010544147773,https://cdn.shopify.com/s/files/1/0511/7820/9461/files/pho_wp_wpers_nmon_r14046__sall__awsg__v1.png?v=1680287592,1,Fork repair kit,FALSE,Fork repair kit,Fork repair kit,Motor Vehicle Parts,,Adult,R516,WP - Spare Parts,WP - Pro Components,new,FALSE,,,,,,,kg,,
wp-r516t,Fork gasket kit 43 mm,Fork gasket kit 43 mm,WP,Vehicles & Parts > Vehicle Parts & Accessories > Motor Vehicle Parts,WP - Spare Parts,WP - Pro Components,TRUE,Title,Default Title,,,,,R516T,,shopify,,continue,manual,70.72,,TRUE,TRUE,9010544147766,,,,FALSE,Fork gasket kit 43 mm,Fork gasket kit 43 mm,Motor Vehicle Parts,,Adult,R516T,WP - Spare Parts,WP - Pro Components,new,FALSE,,,,,,,kg,,
wp-rp10006,fork repair kit,fork repair kit,WP,Vehicles & Parts > Vehicle Parts & Accessories > Motor Vehicle Parts,WP - Spare Parts,WP - Pro Components,TRUE,Title,Default Title,,,,,RP10006,,shopify,,continue,manual,22.08,,TRUE,TRUE,9010544147605,https://cdn.shopify.com/s/files/1/0511/7820/9461/files/pho_wp_wpers_nmon_r14047__sall__awsg__v1.png?v=1680287591,1,fork repair kit,FALSE,fork repair kit,fork repair kit,Motor Vehicle Parts,,Adult,RP10006,WP - Spare Parts,WP - Pro Components,new,FALSE,,,,,,,kg,,
wp-rp10007,fork repair kit,fork repair kit,WP,Vehicles & Parts > Vehicle Parts & Accessories > Motor Vehicle Parts,WP - Spare Parts,WP - Pro Components,TRUE,Title,Default Title,,,,,RP10007,,shopify,,continue,manual,48.70,,TRUE,TRUE,9010544147599,https://cdn.shopify.com/s/files/1/0511/7820/9461/files/pho_wp_wpers_nmon_r14046__sall__awsg__v1.png?v=1680287592,1,fork repair kit,FALSE,fork repair kit,fork repair kit,Motor Vehicle Parts,,Adult,RP10007,WP - Spare Parts,WP - Pro Components,new,FALSE,,,,,,,kg,,
wp-rp10012,Fork repair kit,Fork repair kit,WP,Vehicles & Parts > Vehicle Parts & Accessories > Motor Vehicle Parts,WP - Spare Parts,WP - Pro Components,TRUE,Title,Default Title,,,,,RP10012,,shopify,,continue,manual,60.68,,TRUE,TRUE,9010544147544,https://cdn.shopify.com/s/files/1/0511/7820/9461/files/pho_wp_wpers_nmon_r14046__sall__awsg__v1.png?v=1680287592,1,Fork repair kit,FALSE,Fork repair kit,Fork repair kit,Motor Vehicle Parts,,Adult,RP10012,WP - Spare Parts,WP - Pro Components,new,FALSE,,,,,,,kg,,
wp-rp10048t,Fork repair kit,Fork repair kit,WP,Vehicles & Parts > Vehicle Parts & Accessories > Motor Vehicle Parts,WP - Spare Parts,WP - Pro Components,TRUE,Title,Default Title,,,,,RP10048T,,shopify,,continue,manual,72.18,,TRUE,TRUE,9010544402131,,,,FALSE,Fork repair kit,Fork repair kit,Motor Vehicle Parts,,Adult,RP10048T,WP - Spare Parts,WP - Pro Components,new,FALSE,,,,,,,kg,,
wp-s03852000300000,Preload adjuster,<ul><li>Fast preload adjustment</li><li>Use of the entire length of the thread on the shock absorber</li><li>Very easy operation</li><li>Extremely low weight</li><li>Dirt-resistance</li><li>Mechanical drive</li></ul><p></p>,WP,Vehicles & Parts > Vehicle Parts & Accessories > Motor Vehicle Parts,WP - Preload adjuster,WP - Technical Accessories,TRUE,Title,Default Title,,,,,S03852000300000,,shopify,,continue,manual,199.04,,TRUE,TRUE,9010544386875,https://cdn.shopify.com/s/files/1/0511/7820/9461/files/pho_nmon_s03852000300000_preload_adjuster__sall__awsg__v1.jpg?v=1656931989,1,Preload adjuster,FALSE,Preload adjuster,Fast preload adjustment Use of the entire length of the thread on the shock absorber Very easy operation Extremely low weight Dirt-resistance Mechanical drive,Motor Vehicle Parts,,Adult,S03852000300000,WP - Preload adjuster,WP - Technical Accessories,new,FALSE,,,,,,,kg,,
wp-s20920000200000,O-ring 64x3 HNBR70,O-ring 64x3 HNBR70,WP,Vehicles & Parts > Vehicle Parts & Accessories > Motor Vehicle Parts,WP - Spare Parts,WP - Pro Components,TRUE,Title,Default Title,,,,,S20920000200000,,shopify,,continue,manual,2.72,,TRUE,TRUE,9010544352429,,,,FALSE,O-ring 64x3 HNBR70,O-ring 64x3 HNBR70,Motor Vehicle Parts,,Adult,S20920000200000,WP - Spare Parts,WP - Pro Components,new,FALSE,,,,,,,kg,,
wp-s23922000000000,Spring Ring 72.6x2,Spring Ring 72.6x2,WP,Vehicles & Parts > Vehicle Parts & Accessories > Motor Vehicle Parts,WP - Spare Parts,WP - Pro Components,TRUE,Title,Default Title,,,,,S23922000000000,,shopify,,continue,manual,3.51,,TRUE,TRUE,9010544413519,,,,FALSE,Spring Ring 72.6x2,Spring Ring 72.6x2,Motor Vehicle Parts,,Adult,S23922000000000,WP - Spare Parts,WP - Pro Components,new,FALSE,,,,,,,kg,,
wp-s634820001s00fa,Protective ring kit,Protective ring kit,WP,Vehicles & Parts > Vehicle Parts & Accessories > Motor Vehicle Parts,WP - Protection,WP - Technical Accessories,TRUE,Title,Default Title,,,,,S634820001S00FA,,shopify,,continue,manual,69.94,,TRUE,TRUE,9010544687408,https://cdn.shopify.com/s/files/1/0511/7820/9461/files/pho_wp_nmon_xxxx_fork_protection_ring_set_12140__sall__awsg__v1.jpg?v=1779132714,1,Protective ring kit,FALSE,Protective ring kit,Protective ring kit,Motor Vehicle Parts,,Adult,S634820001S00FA,WP - Protection,WP - Technical Accessories,new,FALSE,,,,,,,kg,,
wp-s7087200020000x,Stecknuss,Werkzeug zum Einstellen von Bauteilen,WP,Hardware > Tools,WP - Socket,WP - Special tools,TRUE,Article,S70872000200001,,,,,S70872000200001,,shopify,,continue,manual,21.84,,TRUE,TRUE,9010544574197,https://cdn.shopify.com/s/files/1/0511/7820/9461/files/pho_wp_nmon_s70872000200001__sall__awsg__v1.jpg?v=1721981245,1,Stecknuss - Article: S70872000200001,FALSE,Stecknuss,Werkzeug zum Einstellen von Bauteilen,Tools,,Adult,S70872000200001,WP - Socket,WP - Special tools,new,FALSE,,,,,,,kg,,
wp-s7087200020000x,,,WP,,,,TRUE,Article,S70872000200001,,,,,S70872000200001,,shopify,,continue,manual,21.84,,TRUE,TRUE,9010544574197,,,,FALSE,,,,,Adult,S70872000200001,WP - Socket,WP - Special tools,new,FALSE,,,,,,,kg,,
wp-s8098200170002x,SHOCK ABSORBER SPRING,<p>Can only be used with PRO COMPONENTS products.</p>,WP,Vehicles & Parts > Vehicle Parts & Accessories > Motor Vehicle Parts,WP - Original Spare Part Kits,WP - Dealer Shop WP,TRUE,Article,S80982001300020,,,,,S80982001300020,,shopify,,continue,manual,111.99,,TRUE,TRUE,9010544518290,https://cdn.shopify.com/s/files/1/0511/7820/9461/files/pho_nmon_convert_1200wx1200h_pho_nmon_91010xxx_shock_spring_sall_awsg_v1__sall__awsg__v1.jpg?v=1774382317,1,SHOCK ABSORBER SPRING - Article: S80982001300020,FALSE,SHOCK ABSORBER SPRING,Can only be used with PRO COMPONENTS products.,Motor Vehicle Parts,,Adult,S80982001300020,WP - Original Spare Part Kits,WP - Dealer Shop WP,new,FALSE,,,,,,,kg,,
wp-s8098200170002x,,,WP,,,,TRUE,Article,S80982001700020,,,,,S80982001700020,,shopify,,continue,manual,111.99,,TRUE,TRUE,9010544514148,,,,FALSE,,,,,Adult,S80982001700020,WP - Original Spare Part Kits,WP - Dealer Shop WP,new,FALSE,,,,,,,kg,,
wp-s8098200170002x,,,WP,,,,TRUE,Article,S80982002200020,,,,,S80982002200020,,shopify,,continue,manual,111.99,,TRUE,TRUE,9010544518412,,,,FALSE,,,,,Adult,S80982002200020,WP - Original Spare Part Kits,WP - Dealer Shop WP,new,FALSE,,,,,,,kg,,
wp-s80982002xs0020,SHOCK ABSORBER SPRING,SHOCK ABSORBER SPRING,WP,Vehicles & Parts > Vehicle Parts & Accessories > Motor Vehicle Parts,WP - Spare Parts,WP - Pro Components,TRUE,Article,S809820030S0020,,,,,S809820030S0020,,shopify,,continue,manual,112.11,,TRUE,TRUE,9010544677591,https://cdn.shopify.com/s/files/1/0511/7820/9461/files/pho_nmon_convert_1200wx1200h_pho_nmon_91010xxx_shock_spring_sall_awsg_v1__sall__awsg__v1.jpg?v=1774382317,1,SHOCK ABSORBER SPRING - Article: S809820030S0020,FALSE,SHOCK ABSORBER SPRING,SHOCK ABSORBER SPRING,Motor Vehicle Parts,,Adult,S809820030S0020,WP - Spare Parts,WP - Pro Components,new,FALSE,,,,,,,kg,,
wp-s80982002xs0020,,,WP,,,,TRUE,Article,S809820032S0020,,,,,S809820032S0020,,shopify,,continue,manual,112.11,,TRUE,TRUE,9010544677577,,,,FALSE,,,,,Adult,S809820032S0020,WP - Spare Parts,WP - Pro Components,new,FALSE,,,,,,,kg,,
wp-s80982002xs0020,,,WP,,,,TRUE,Article,S809820035S0020,,,,,S809820035S0020,,shopify,,continue,manual,112.17,,TRUE,TRUE,9010544686586,,,,FALSE,,,,,Adult,S809820035S0020,WP - Spare Parts,WP - Pro Components,new,FALSE,,,,,,,kg,,
wp-s80982004xs,Shock absorber spring,Shock absorber spring,WP,Vehicles & Parts > Vehicle Parts & Accessories > Motor Vehicle Parts,WP - Spare Parts,WP - Pro Components,TRUE,Article,S809820040S0020,,,,,S809820040S0020,,shopify,,continue,manual,129.05,,TRUE,TRUE,9010544670240,https://cdn.shopify.com/s/files/1/0511/7820/9461/files/pho_nmon_convert_1200wx1200h_pho_nmon_91010xxx_shock_spring_sall_awsg_v1__sall__awsg__v1.jpg?v=1774382317,1,Shock absorber spring - Article: S809820040S0020,FALSE,Shock absorber spring,Shock absorber spring,Motor Vehicle Parts,,Adult,S809820040S0020,WP - Spare Parts,WP - Pro Components,new,FALSE,,,,,,,kg,,
wp-s80982004xs,,,WP,,,,TRUE,Article,S809820041S0020,,,,,S809820041S0020,,shopify,,continue,manual,129.05,,TRUE,TRUE,9010544670202,,,,FALSE,,,,,Adult,S809820041S0020,WP - Spare Parts,WP - Pro Components,new,FALSE,,,,,,,kg,,
wp-s80982004xs,,,WP,,,,TRUE,Article,S809820042S0020,,,,,S809820042S0020,,shopify,,continue,manual,129.05,,TRUE,TRUE,9010544670226,,,,FALSE,,,,,Adult,S809820042S0020,WP - Spare Parts,WP - Pro Components,new,FALSE,,,,,,,kg,,
wp-s8098200410000x,FORK SPRING SET,Can only be used with PRO COMPONENTS products.,WP,Vehicles & Parts > Vehicle Parts & Accessories > Motor Vehicle Parts,WP - Spare Parts,WP - Pro Components,TRUE,Article,S80982004100000,,,,,S80982004100000,,shopify,,continue,manual,111.99,,TRUE,TRUE,9010544514599,https://cdn.shopify.com/s/files/1/0511/7820/9461/files/pho_nmon_beispiel_gabelfeder__sall__awsg__v1.jpg?v=1774382513,1,FORK SPRING SET - Article: S80982004100000,FALSE,FORK SPRING SET,Can only be used with PRO COMPONENTS products.,Motor Vehicle Parts,,Adult,S80982004100000,WP - Spare Parts,WP - Pro Components,new,FALSE,,,,,,,kg,,
wp-s8098200410000x,,,WP,,,,TRUE,Article,S80982004200000,,,,,S80982004200000,,shopify,,continue,manual,111.99,,TRUE,TRUE,9010544514377,,,,FALSE,,,,,Adult,S80982004200000,WP - Spare Parts,WP - Pro Components,new,FALSE,,,,,,,kg,,
wp-s8098200410000x,,,WP,,,,TRUE,Article,S80982004300000,,,,,S80982004300000,,shopify,,continue,manual,111.99,,TRUE,TRUE,9010544514605,,,,FALSE,,,,,Adult,S80982004300000,WP - Spare Parts,WP - Pro Components,new,FALSE,,,,,,,kg,,
wp-s8098200410000x,,,WP,,,,TRUE,Article,S80982004400000,,,,,S80982004400000,,shopify,,continue,manual,111.99,,TRUE,TRUE,9010544559477,,,,FALSE,,,,,Adult,S80982004400000,WP - Spare Parts,WP - Pro Components,new,FALSE,,,,,,,kg,,
wp-s809900036s0000,Fork spring set,Fork spring set,WP,Vehicles & Parts > Vehicle Parts & Accessories > Motor Vehicle Parts,WP - Spare Parts,WP - Pro Components,TRUE,Title,Default Title,,,,,S809900036S0000,,shopify,,continue,manual,111.08,,TRUE,TRUE,9010544450934,https://cdn.shopify.com/s/files/1/0511/7820/9461/files/pho_nmon_fork_spring__sall__awsg__v1.jpg?v=1774382397,1,Fork spring set,FALSE,Fork spring set,Fork spring set,Motor Vehicle Parts,,Adult,S809900036S0000,WP - Spare Parts,WP - Pro Components,new,FALSE,,,,,,,kg,,
wp-s809900047s0000,Hauptfeder (43.8) 5.0-450 Gabe,Hauptfeder (43.8) 5.0-450 Gabe,WP,Vehicles & Parts > Vehicle Parts & Accessories > Motor Vehicle Parts,WP - Original Spare Part Kits,WP - Dealer Shop WP,TRUE,Title,Default Title,,,,,S809900047S0000,,shopify,,continue,manual,111.08,,TRUE,TRUE,9010544615203,,,,FALSE,Hauptfeder (43.8) 5.0-450 Gabe,Hauptfeder (43.8) 5.0-450 Gabe,Motor Vehicle Parts,,Adult,S809900047S0000,WP - Original Spare Part Kits,WP - Dealer Shop WP,new,FALSE,,,,,,,kg,,
wp-s80992001x,FORK SPRING SET,FORK SPRING SET,WP,Vehicles & Parts > Vehicle Parts & Accessories > Motor Vehicle Parts,WP - Original Spare Part Kits,WP - Dealer Shop WP,TRUE,Article,S809920013S0000,,,,,S809920013S0000,,shopify,,continue,manual,112.11,,TRUE,TRUE,9010544670165,https://cdn.shopify.com/s/files/1/0511/7820/9461/files/pho_nmon_beispiel_gabelfeder__sall__awsg__v1.jpg?v=1774382513,1,FORK SPRING SET - Article: S809920013S0000,FALSE,FORK SPRING SET,FORK SPRING SET,Motor Vehicle Parts,,Adult,S809920013S0000,WP - Original Spare Part Kits,WP - Dealer Shop WP,new,FALSE,,,,,,,kg,,
wp-s80992001x,,,WP,,,,TRUE,Article,S809920014S0000,,,,,S809920014S0000,,shopify,,continue,manual,112.11,,TRUE,TRUE,9010544670233,,,,FALSE,,,,,Adult,S809920014S0000,WP - Original Spare Part Kits,WP - Dealer Shop WP,new,FALSE,,,,,,,kg,,
wp-s80992001x,,,WP,,,,TRUE,Article,S809920015S0000,,,,,S809920015S0000,,shopify,,continue,manual,112.11,,TRUE,TRUE,9010544670219,,,,FALSE,,,,,Adult,S809920015S0000,WP - Original Spare Part Kits,WP - Dealer Shop WP,new,FALSE,,,,,,,kg,,
wp-s8198000x00028,Shock Absorber Spring,Shock Absorber Spring,WP,Vehicles & Parts > Vehicle Parts & Accessories > Motor Vehicle Parts,WP - Spare Parts,WP - Pro Components,TRUE,Article,S81980000800028,,,,,S81980000800028,,shopify,,continue,manual,91.48,,TRUE,TRUE,9010544495942,https://cdn.shopify.com/s/files/1/0511/7820/9461/files/pho_nmon_shock_spring__sall__awsg__v1.jpg?v=1774381410,1,Shock Absorber Spring - Article: S81980000800028,FALSE,Shock Absorber Spring,Shock Absorber Spring,Motor Vehicle Parts,,Adult,S81980000800028,WP - Spare Parts,WP - Pro Components,new,FALSE,,,,,,,kg,,
wp-s8198000x00028,,,WP,,,,TRUE,Article,S81980000900028,,,,,S81980000900028,,shopify,,continue,manual,91.48,,TRUE,TRUE,9010544495959,,,,FALSE,,,,,Adult,S81980000900028,WP - Spare Parts,WP - Pro Components,new,FALSE,,,,,,,kg,,
wp-s8198000x00028,,,WP,,,,TRUE,Article,S81980001000028,,,,,S81980001000028,,shopify,,continue,manual,91.48,,TRUE,TRUE,9010544496017,,,,FALSE,,,,,Adult,S81980001000028,WP - Spare Parts,WP - Pro Components,new,FALSE,,,,,,,kg,,
wp-s8198000x00028,,,WP,,,,TRUE,Article,S81980001100028,,,,,S81980001100028,,shopify,,continue,manual,91.48,,TRUE,TRUE,9010544495935,,,,FALSE,,,,,Adult,S81980001100028,WP - Spare Parts,WP - Pro Components,new,FALSE,,,,,,,kg,,
wp-s8198000x00028,,,WP,,,,TRUE,Article,S81980001200028,,,,,S81980001200028,,shopify,,continue,manual,91.48,,TRUE,TRUE,9010544496000,,,,FALSE,,,,,Adult,S81980001200028,WP - Spare Parts,WP - Pro Components,new,FALSE,,,,,,,kg,,
wp-s82882000100000,Spring retainer,<p>Allows use with the OEM screw cap.</p>,WP,Vehicles & Parts > Vehicle Parts & Accessories > Motor Vehicle Parts,WP - Spare Parts,WP - Pro Components,TRUE,Title,Default Title,,,,,S82882000100000,,shopify,,continue,manual,19.96,,TRUE,TRUE,9010544352368,https://cdn.shopify.com/s/files/1/0511/7820/9461/files/pho_wp_nmon_s82882000100000_spring_retainer__sall__awsg__v1.jpg?v=1680287312,1,Spring retainer,FALSE,Spring retainer,Allows use with the OEM screw cap.,Motor Vehicle Parts,,Adult,S82882000100000,WP - Spare Parts,WP - Pro Components,new,FALSE,,,,,,,kg,,
wp-s82882000x000c1,spring retainer,spring retainer,WP,Vehicles & Parts > Vehicle Parts & Accessories > Motor Vehicle Parts,WP - Spare Parts,WP - Pro Components,TRUE,Article,S828820002000C1,,,,,S828820002000C1,,shopify,,continue,manual,19.96,,TRUE,TRUE,9010544513424,https://cdn.shopify.com/s/files/1/0511/7820/9461/files/pho_nmon_s8288200xxx_spring_retainer__sall__awsg__v1.jpg?v=1776721168,1,spring retainer - Article: S828820002000C1,FALSE,spring retainer,spring retainer,Motor Vehicle Parts,,Adult,S828820002000C1,WP - Spare Parts,WP - Pro Components,new,FALSE,,,,,,,kg,,
wp-s82882000x000c1,,,WP,,,,TRUE,Article,S828820003000C1,,,,,S828820003000C1,,shopify,,continue,manual,19.96,,TRUE,TRUE,9010544513448,,,,FALSE,,,,,Adult,S828820003000C1,WP - Spare Parts,WP - Pro Components,new,FALSE,,,,,,,kg,,
wp-s82882000x000c1,,,WP,,,,TRUE,Article,S828820004000C1,,,,,S828820004000C1,,shopify,,continue,manual,19.96,,TRUE,TRUE,9010544513486,,,,FALSE,,,,,Adult,S828820004000C1,WP - Spare Parts,WP - Pro Components,new,FALSE,,,,,,,kg,,
wp-s82882000x000c1,,,WP,,,,TRUE,Article,S828820005000C1,,,,,S828820005000C1,,shopify,,continue,manual,19.96,,TRUE,TRUE,9010544513530,,,,FALSE,,,,,Adult,S828820005000C1,WP - Spare Parts,WP - Pro Components,new,FALSE,,,,,,,kg,,
wp-s82882000x000c1,,,WP,,,,TRUE,Article,S828820006000C1,,,,,S828820006000C1,,shopify,,continue,manual,19.96,,TRUE,TRUE,9010544513455,,,,FALSE,,,,,Adult,S828820006000C1,WP - Spare Parts,WP - Pro Components,new,FALSE,,,,,,,kg,,
wp-s82882000x000c1,,,WP,,,,TRUE,Article,S828820017000C1,,,,,S828820017000C1,,shopify,,continue,manual,19.96,,TRUE,TRUE,9010544514452,,,,FALSE,,,,,Adult,S828820017000C1,WP - Spare Parts,WP - Pro Components,new,FALSE,,,,,,,kg,,
wp-s82882000x000c1,,,WP,,,,TRUE,Article,S828820018000C1,,,,,S828820018000C1,,shopify,,continue,manual,19.96,,TRUE,TRUE,9010544514476,,,,FALSE,,,,,Adult,S828820018000C1,WP - Spare Parts,WP - Pro Components,new,FALSE,,,,,,,kg,,
wp-s92082000100000,Loss protection,Loss protection,WP,Vehicles & Parts > Vehicle Parts & Accessories > Motor Vehicle Parts,WP - Spare Parts,WP - Pro Components,TRUE,Title,Default Title,,,,,S92082000100000,,shopify,,continue,manual,3.09,,TRUE,TRUE,9010544413274,,,,FALSE,Loss protection,Loss protection,Motor Vehicle Parts,,Adult,S92082000100000,WP - Spare Parts,WP - Pro Components,new,FALSE,,,,,,,kg,,
wp-s92922000000000,Bladder 68x63,Bladder 68x63,WP,Vehicles & Parts > Vehicle Parts & Accessories > Motor Vehicle Parts,WP - Spare Parts,WP - Pro Components,TRUE,Title,Default Title,,,,,S92922000000000,,shopify,,continue,manual,49.97,,TRUE,TRUE,9010544413526,,,,FALSE,Bladder 68x63,Bladder 68x63,Motor Vehicle Parts,,Adult,S92922000000000,WP - Spare Parts,WP - Pro Components,new,FALSE,,,,,,,kg,,
wp-s998020012s0000,Factory start device XACT PRO 7543,<ul><li>Provides more traction when starting</li><li>Mounted directly on the fork</li><li>Made of high-strength aluminum</li><li>Elegant anodised surface</li><li>Pure race feeling</li></ul><p></p>,WP,Vehicles & Parts > Vehicle Parts & Accessories > Motor Vehicle Parts,WP - Special parts,WP - Technical Accessories,TRUE,Title,Default Title,,,,,S998020012S0000,,shopify,,continue,manual,99.95,,TRUE,TRUE,9010544365870,https://cdn.shopify.com/s/files/1/0511/7820/9461/files/pho_wp_nmon_47201996100faa_factory_start_device__sall__awsg__v1.jpg?v=1680287313,1,Factory start device XACT PRO 7543,FALSE,Factory start device XACT PRO 7543,Provides more traction when starting Mounted directly on the fork Made of high-strength aluminum Elegant anodised surface Pure race feeling,Motor Vehicle Parts,,Adult,S998020012S0000,WP - Special parts,WP - Technical Accessories,new,FALSE,,,,,,,kg,,
wp-s998020013s000x,Einsteller,Werkzeug zum Einstellen von Bauteilen,WP,Hardware > Tools,WP - Adjuster tool,WP - Special tools,TRUE,Article,S998020013S0000,,,,,S998020013S0000,,shopify,,continue,manual,22.87,,TRUE,TRUE,9010544574111,https://cdn.shopify.com/s/files/1/0511/7820/9461/files/pho_wp_nmon_s998020013s0000__sall__awsg__v1.jpg?v=1721981020,1,Einsteller - Article: S998020013S0000,FALSE,Einsteller,Werkzeug zum Einstellen von Bauteilen,Tools,,Adult,S998020013S0000,WP - Adjuster tool,WP - Special tools,new,FALSE,,,,,,,kg,,
wp-s998020013s000x,,,WP,,,,TRUE,Article,S998020013S0000,,,,,S998020013S0000,,shopify,,continue,manual,22.87,,TRUE,TRUE,9010544574111,,,,FALSE,,,,,Adult,S998020013S0000,WP - Adjuster tool,WP - Special tools,new,FALSE,,,,,,,kg,,
wp-s99812001900000,Bracket,Bracket,WP,Vehicles & Parts > Vehicle Parts & Accessories > Motor Vehicle Parts,WP - Spare Parts,WP - Pro Components,TRUE,Title,Default Title,,,,,S99812001900000,,shopify,,continue,manual,69.94,,TRUE,TRUE,9010544679298,https://cdn.shopify.com/s/files/1/0511/7820/9461/files/pho_nmon_s99812001900000__sall__awsg__v1.jpg?v=1776721171,1,Bracket,FALSE,Bracket,Bracket,Motor Vehicle Parts,,Adult,S99812001900000,WP - Spare Parts,WP - Pro Components,new,FALSE,,,,,,,kg,,
wp-sxs05125203,Elastomer kit green/soft,Elastomer kit green/soft,WP,Vehicles & Parts > Vehicle Parts & Accessories > Motor Vehicle Parts,WP - Spare Parts,WP - Pro Components,TRUE,Title,Default Title,,,,,SXS05125203,,shopify,,continue,manual,10.71,,TRUE,TRUE,9010544144635,https://cdn.shopify.com/s/files/1/0511/7820/9461/files/pho_wp_nmon_elastomere_kit_48601269__sall__awsg__v1.png?v=1680287592,1,Elastomer kit green/soft,FALSE,Elastomer kit green/soft,Elastomer kit green/soft,Motor Vehicle Parts,,Adult,SXS05125203,WP - Spare Parts,WP - Pro Components,new,FALSE,,,,,,,kg,,
wp-sxs05125203,,,,,,,,,,,,,,,,,,,,,,,,,https://cdn.shopify.com/s/files/1/0511/7820/9461/files/pho_nmon_elastomere_kit_48601269__sall__awsg__v1.jpg?v=1650465229,2,Elastomer kit green/soft,,,,,,,,,,,,,,,,,,,,
wp-sxs05125204,Elastomer kit yellow/medium,Elastomer kit yellow/medium,WP,Vehicles & Parts > Vehicle Parts & Accessories > Motor Vehicle Parts,WP - Spare Parts,WP - Pro Components,TRUE,Title,Default Title,,,,,SXS05125204,,shopify,,continue,manual,10.71,,TRUE,TRUE,9010544144628,https://cdn.shopify.com/s/files/1/0511/7820/9461/files/pho_wp_nmon_elastomere_kit_48601268__sall__awsg__v1.png?v=1680287591,1,Elastomer kit yellow/medium,FALSE,Elastomer kit yellow/medium,Elastomer kit yellow/medium,Motor Vehicle Parts,,Adult,SXS05125204,WP - Spare Parts,WP - Pro Components,new,FALSE,,,,,,,kg,,
wp-sxs05125204,,,,,,,,,,,,,,,,,,,,,,,,,https://cdn.shopify.com/s/files/1/0511/7820/9461/files/pho_nmon_elastomere_kit_48601268__sall__awsg__v1.jpg?v=1650465229,2,Elastomer kit yellow/medium,,,,,,,,,,,,,,,,,,,,
wp-sxs05125205,Elastomer kit red/hard,Elastomer kit red/hard,WP,Vehicles & Parts > Vehicle Parts & Accessories > Motor Vehicle Parts,WP - Spare Parts,WP - Pro Components,TRUE,Title,Default Title,,,,,SXS05125205,,shopify,,continue,manual,10.71,,TRUE,TRUE,9010544144611,https://cdn.shopify.com/s/files/1/0511/7820/9461/files/pho_wp_nmon_elastomere_kit_48601270__sall__awsg__v1.png?v=1680287591,1,Elastomer kit red/hard,FALSE,Elastomer kit red/hard,Elastomer kit red/hard,Motor Vehicle Parts,,Adult,SXS05125205,WP - Spare Parts,WP - Pro Components,new,FALSE,,,,,,,kg,,
wp-sxs05125205,,,,,,,,,,,,,,,,,,,,,,,,,https://cdn.shopify.com/s/files/1/0511/7820/9461/files/pho_nmon_elastomere_kit_48601270__sall__awsg__v1.jpg?v=1650465229,2,Elastomer kit red/hard,,,,,,,,,,,,,,,,,,,,
wp-sxs07125200,Progressive handlebar damping system (PHDS),"<ul><li>CNC milled handlebar mount with damping rubber inserts</li><li>Gentle on wrists and shoulder joints</li><li>Damping of hard shocks</li><li>Absorption of chassis and engine vibrations</li><li>Additional handlebar damping in horizontal direction</li><li>Optimum steering precision</li><li>Further dampers available in three different degrees of hardness (soft, medium, hard) for individual adjustment</li></ul><p></p><ul><li class=""li-square"">Handlebar height adjustable to 2 positions</li></ul>",WP,Vehicles & Parts > Vehicle Parts & Accessories > Motor Vehicle Parts,WP - Special parts,WP - Technical Accessories,TRUE,Title,Default Title,,,,,SXS07125200,,shopify,,continue,manual,199.04,,TRUE,TRUE,9010544144154,https://cdn.shopify.com/s/files/1/0511/7820/9461/files/pho_nmon_sxs06125200_phds_progressive_handlebar_damping_system__sall__awsg__v1.jpg?v=1650466551,1,Progressive handlebar damping system (PHDS),FALSE,Progressive handlebar damping system (PHDS),"CNC milled handlebar mount with damping rubber inserts Gentle on wrists and shoulder joints Damping of hard shocks Absorption of chassis and engine vibrations Additional handlebar damping in horizontal direction Optimum steering precision Further dampers available in three different degrees of hardness (soft, medium,…",Motor Vehicle Parts,,Adult,SXS07125200,WP - Special parts,WP - Technical Accessories,new,FALSE,,,,,,,kg,,
wp-sxs14125200,Progressive handlebar damping system (PHDS),"The CNC-machined handlebar mounting with cushioning rubber inserts relieves wrist and shoulder joints. Further benefits of the PHDS: <ul><li>Cushioning of heavy knocks</li><li>Absorption of vibration from chassis and engine</li><li>Additional handlebar damping in horizontal direction</li><li>Optimum steering position</li><li>Handlebar height adjustable to 2 positions</li><li>Further damping elements available in three degrees of hardness (soft, medium, hard) for individual tuning</li></ul>",WP,Vehicles & Parts > Vehicle Parts & Accessories > Motor Vehicle Parts,WP - Special parts,WP - Technical Accessories,TRUE,Title,Default Title,,,,,SXS14125200,,shopify,,continue,manual,199.04,,TRUE,TRUE,9010544141085,https://cdn.shopify.com/s/files/1/0511/7820/9461/files/pho_nmon_sxs06125200_phds_progressive_handlebar_damping_system__sall__awsg__v1.jpg?v=1650466551,1,Progressive handlebar damping system (PHDS),FALSE,Progressive handlebar damping system (PHDS),The CNC-machined handlebar mounting with cushioning rubber inserts relieves wrist and shoulder joints. Further benefits of the PHDS: Cushioning of heavy knocks Absorption of vibration from chassis and engine Additional handlebar damping in horizontal direction Optimum steering position Handlebar height adjustable to 2…,Motor Vehicle Parts,,Adult,SXS14125200,WP - Special parts,WP - Technical Accessories,new,FALSE,,,,,,,kg,,
wp-t01076,Filling adaptor,Nitrogen filling adaptor tool<p>Can be used for XPLOR PRO 6746.</p>,WP,Hardware > Tools,WP - Filling tool,WP - Special tools,TRUE,Title,Default Title,,,,,T01076,,shopify,,continue,manual,26.38,,TRUE,TRUE,9010544286366,https://cdn.shopify.com/s/files/1/0511/7820/9461/files/pho_wp_nmon_t01076_filling_tool__sall__awsg__v1.jpg?v=1680287313,1,Filling adaptor,FALSE,Filling adaptor,Nitrogen filling adaptor tool Can be used for XPLOR PRO 6746.,Tools,,Adult,T01076,WP - Filling tool,WP - Special tools,new,FALSE,,,,,,,kg,,
wp-t01077,Adapter AM Enduro,"Adapter für Füllwerkzeug, zum Befüllen der Stoßdämpfer mit Stickstoff",WP,Hardware > Tools,WP - Adaptor,WP - Special tools,TRUE,Title,Default Title,,,,,T01077,,shopify,,continue,manual,49.79,,TRUE,TRUE,9010544567830,https://cdn.shopify.com/s/files/1/0511/7820/9461/files/pho_wp_nmon_t01077__sall__awsg__v1.jpg?v=1721981019,1,Adapter AM Enduro,FALSE,Adapter AM Enduro,"Adapter für Füllwerkzeug, zum Befüllen der Stoßdämpfer mit Stickstoff",Tools,,Adult,T01077,WP - Adaptor,WP - Special tools,new,FALSE,,,,,,,kg,,
wp-t03032,Adapter AM 65SX,"Adapter für Füllwerkzeug, zum Befüllen der Stoßdämpfer mit Stickstoff",WP,Hardware > Tools,WP - Adaptor,WP - Special tools,TRUE,Title,Default Title,,,,,T03032,,shopify,,continue,manual,57.29,,TRUE,TRUE,9010544574241,,,,FALSE,Adapter AM 65SX,"Adapter für Füllwerkzeug, zum Befüllen der Stoßdämpfer mit Stickstoff",Tools,,Adult,T03032,WP - Adaptor,WP - Special tools,new,FALSE,,,,,,,kg,,
wp-t03033,Adapter AM 50SX,"Adapter für Füllwerkzeug, zum Befüllen der Stoßdämpfer mit Stickstoff",WP,Hardware > Tools,WP - Adaptor,WP - Special tools,TRUE,Title,Default Title,,,,,T03033,,shopify,,continue,manual,71.75,,TRUE,TRUE,9010544575187,,,,FALSE,Adapter AM 50SX,"Adapter für Füllwerkzeug, zum Befüllen der Stoßdämpfer mit Stickstoff",Tools,,Adult,T03033,WP - Adaptor,WP - Special tools,new,FALSE,,,,,,,kg,,
wp-t05047,Special wrench,"<ul><li class=""li-square"">Special wrench for 43mm Cone Valve seal holder</li><li class=""li-square"">Diameter: 64,5mm </li></ul>",WP,Hardware > Tools,WP - Wrench,WP - Special tools,TRUE,Title,Default Title,,,,,T05047,,shopify,,continue,manual,60.50,,TRUE,TRUE,9010544261325,https://cdn.shopify.com/s/files/1/0511/7820/9461/files/pho_wp_nmon_t05047_special_wrench__sall__awsg__v1.jpg?v=1680287411,1,Special wrench,FALSE,Special wrench,"Special wrench for 43mm Cone Valve seal holder Diameter: 64,5mm",Tools,,Adult,T05047,WP - Wrench,WP - Special tools,new,FALSE,,,,,,,kg,,
wp-t05048,Special wrench,"<ul><li class=""li-square"">Special wrench for 48mm Cone Valve seal holder</li><li class=""li-square"">Diameter: 69,5mm (2,74 in)</li></ul>",WP,Hardware > Tools,WP - Wrench,WP - Special tools,TRUE,Title,Default Title,,,,,T05048,,shopify,,continue,manual,60.50,,TRUE,TRUE,9010544261318,https://cdn.shopify.com/s/files/1/0511/7820/9461/files/pho_wp_nmon_t05048__sall__awsg__v1.jpg?v=1721981018,1,Special wrench,FALSE,Special wrench,"Special wrench for 48mm Cone Valve seal holder Diameter: 69,5mm (2,74 in)",Tools,,Adult,T05048,WP - Wrench,WP - Special tools,new,FALSE,,,,,,,kg,,
wp-t05048,,,,,,,,,,,,,,,,,,,,,,,,,https://cdn.shopify.com/s/files/1/0511/7820/9461/files/pho_wp_nmon_t05048_special_wrench__sall__awsg__v1.jpg?v=1680287411,2,Special wrench,,,,,,,,,,,,,,,,,,,,
wp-t05049,Schraubdeckeladapter,Werkzeug zum Lösen und Festziehen von Bauteilen (Schraubdeckel),WP,Hardware > Tools,WP - Socket,WP - Special tools,TRUE,Title,Default Title,,,,,T05049,,shopify,,continue,manual,25.95,,TRUE,TRUE,9010544574166,https://cdn.shopify.com/s/files/1/0511/7820/9461/files/pho_wp_nmon_t05049__sall__awsg__v1.jpg?v=1721981245,1,Schraubdeckeladapter,FALSE,Schraubdeckeladapter,Werkzeug zum Lösen und Festziehen von Bauteilen (Schraubdeckel),Tools,,Adult,T05049,WP - Socket,WP - Special tools,new,FALSE,,,,,,,kg,,
wp-t05050,Ziehstab,Werkzeug zum Aus- und Einbauen von Bauteilen (Cartridge),WP,Hardware > Tools,WP - Mounting tool,WP - Special tools,TRUE,Title,Default Title,,,,,T05050,,shopify,,continue,manual,32.85,,TRUE,TRUE,9010544574128,https://cdn.shopify.com/s/files/1/0511/7820/9461/files/pho_wp_nmon_t05050__sall__awsg__v1.jpg?v=1721981245,1,Ziehstab,FALSE,Ziehstab,Werkzeug zum Aus- und Einbauen von Bauteilen (Cartridge),Tools,,Adult,T05050,WP - Mounting tool,WP - Special tools,new,FALSE,,,,,,,kg,,
wp-t05051,Klemmblock D8/D14,"<ul><li class=""li-square"">Werkzeug zum Einspannen von Bauteilen (Kolbenstange)</li><li class=""li-square"">Durchmesser: 14 mm</li><li class=""li-square"">Durchmesser: 8 mm</li></ul>",WP,Hardware > Tools,WP - Clamping stand,WP - Special tools,TRUE,Title,Default Title,,,,,T05051,,shopify,,continue,manual,36.91,,TRUE,TRUE,9010544574203,,,,FALSE,Klemmblock D8/D14,Werkzeug zum Einspannen von Bauteilen (Kolbenstange) Durchmesser: 14 mm Durchmesser: 8 mm,Tools,,Adult,T05051,WP - Clamping stand,WP - Special tools,new,FALSE,,,,,,,kg,,
wp-t05052s,Klemmbacken D= 32,"<ul><li class=""li-square"">Werkzeug zum Einspannen von Bauteilen (Patrone)</li><li class=""li-square"">Durchmesser: 32 mm</li></ul>",WP,Hardware > Tools,WP - Clamping stand,WP - Special tools,TRUE,Title,Default Title,,,,,T05052S,,shopify,,continue,manual,29.40,,TRUE,TRUE,9010544574135,,,,FALSE,Klemmbacken D= 32,Werkzeug zum Einspannen von Bauteilen (Patrone) Durchmesser: 32 mm,Tools,,Adult,T05052S,WP - Clamping stand,WP - Special tools,new,FALSE,,,,,,,kg,,
wp-t05053,Montagewerkzeug Dichtung,Werkzeug zum Montieren von Bauteilen (Dichtung),WP,Hardware > Tools,WP - Mounting tool,WP - Special tools,TRUE,Title,Default Title,,,,,T05053,,shopify,,continue,manual,16.27,,TRUE,TRUE,9010544574227,,,,FALSE,Montagewerkzeug Dichtung,Werkzeug zum Montieren von Bauteilen (Dichtung),Tools,,Adult,T05053,WP - Mounting tool,WP - Special tools,new,FALSE,,,,,,,kg,,
wp-t05054,Montagehülse Dichtung D=8,"<ul><li class=""li-square"">Werkzeug zum Montieren von Bauteilen (Dichtringträger auf Kolbenstange)</li><li class=""li-square"">Durchmesser: 8 mm</li></ul>",WP,Hardware > Tools,WP - Mounting tool,WP - Special tools,TRUE,Title,Default Title,,,,,T05054,,shopify,,continue,manual,23.35,,TRUE,TRUE,9010544574234,,,,FALSE,Montagehülse Dichtung D=8,Werkzeug zum Montieren von Bauteilen (Dichtringträger auf Kolbenstange) Durchmesser: 8 mm,Tools,,Adult,T05054,WP - Mounting tool,WP - Special tools,new,FALSE,,,,,,,kg,,
wp-t05055,Presswerkzeug Buchse D=8,Werkzeug zum Aus- und Einpressen von Bauteilen (Dichtringträger),WP,Hardware > Tools,WP - Drift,WP - Special tools,TRUE,Title,Default Title,,,,,T05055,,shopify,,continue,manual,21.60,,TRUE,TRUE,9010544574142,,,,FALSE,Presswerkzeug Buchse D=8,Werkzeug zum Aus- und Einpressen von Bauteilen (Dichtringträger),Tools,,Adult,T05055,WP - Drift,WP - Special tools,new,FALSE,,,,,,,kg,,
wp-t05056,Fülladapter M5,"<ul><li class=""li-square"">Werkzeug zum Entlüften und Befüllen der Patrone</li><li class=""li-square"">M5</li><li class=""li-square"">Durchmesser: 16 mm</li></ul>",WP,Hardware > Tools,WP - Adaptor,WP - Special tools,TRUE,Title,Default Title,,,,,T05056,,shopify,,continue,manual,22.02,,TRUE,TRUE,9010544574173,,,,FALSE,Fülladapter M5,Werkzeug zum Entlüften und Befüllen der Patrone M5 Durchmesser: 16 mm,Tools,,Adult,T05056,WP - Adaptor,WP - Special tools,new,FALSE,,,,,,,kg,,
wp-t07030,Socket,"<ul><li class=""li-square"">Socket for screw cap</li><li class=""li-square"">Wrench size: 40/39</li></ul>",WP,Hardware > Tools,WP - Socket,WP - Special tools,TRUE,Title,Default Title,,,,,T07030,,shopify,,continue,manual,35.94,,TRUE,TRUE,9010544140804,https://cdn.shopify.com/s/files/1/0511/7820/9461/files/pho_wp_nmon_t07030__sall__awsg__v1.jpg?v=1736367266,1,Socket,FALSE,Socket,Socket for screw cap Wrench size: 40/39,Tools,,Adult,T07030,WP - Socket,WP - Special tools,new,FALSE,,,,,,,kg,,
wp-t07033,Mounting tool,Mounting tool,WP,Hardware > Tools,WP - Mounting tool,WP - Special tools,TRUE,Title,Default Title,,,,,T07033,,shopify,,continue,manual,38.12,,TRUE,TRUE,9010544387216,https://cdn.shopify.com/s/files/1/0511/7820/9461/files/pho_wp_nmon_t07033__sall__awsg__v1.jpg?v=1721983126,1,Mounting tool,FALSE,Mounting tool,Mounting tool,Tools,,Adult,T07033,WP - Mounting tool,WP - Special tools,new,FALSE,,,,,,,kg,,
wp-t101s,Spring removal/fitting,"Special tool for spring removal/fitting, suitable for 3612, 4681 and PDS suspension strut.",WP,Hardware > Tools,WP - Mounting tool,WP - Special tools,TRUE,Title,Default Title,,,,,T101S,,shopify,,continue,manual,134.55,,TRUE,TRUE,9010544140798,https://cdn.shopify.com/s/files/1/0511/7820/9461/files/pho_wp_nmon_t101s__sall__awsg__v1.jpg?v=1680287628,1,Spring removal/fitting,FALSE,Spring removal/fitting,"Special tool for spring removal/fitting, suitable for 3612, 4681 and PDS suspension strut.",Tools,,Adult,T101S,WP - Mounting tool,WP - Special tools,new,FALSE,,,,,,,kg,,
wp-t103,Pin wrench,"<ul><li>Tool for work on piston rod (spring holder, preload adjuster)</li><li>Adjustable</li><li>Diameter: 4 mm (0.16 in)</li></ul>",WP,Hardware > Tools,WP - Mounting tool,WP - Special tools,TRUE,Title,Default Title,,,,,T103,,shopify,,continue,manual,23.72,,TRUE,TRUE,9010544140781,https://cdn.shopify.com/s/files/1/0511/7820/9461/files/pho_wp_nmon_t103__sall__awsg__v1.jpg?v=1680287631,1,Pin wrench,FALSE,Pin wrench,"Tool for work on piston rod (spring holder, preload adjuster) Adjustable Diameter: 4 mm (0.16 in)",Tools,,Adult,T103,WP - Mounting tool,WP - Special tools,new,FALSE,,,,,,,kg,,
wp-t104s,Clamping jaws,Clamping jaws,WP,Hardware > Tools,WP - Clamping stand,WP - Special tools,TRUE,Title,Default Title,,,,,T104S,,shopify,,continue,manual,19.24,,TRUE,TRUE,9010544140774,https://cdn.shopify.com/s/files/1/0511/7820/9461/files/pho_wp_nmon_t104s__sall__awsg__v1.jpg?v=1736367147,1,Clamping jaws,FALSE,Clamping jaws,Clamping jaws,Tools,,Adult,T104S,WP - Clamping stand,WP - Special tools,new,FALSE,,,,,,,kg,,
wp-t106s,Hook wrench,<ul><li>Tool for tensioning and releasing the springs (2 units)</li><li>Diameter: 68 - 75 mm (2.68 - 2.95 in)</li></ul>,WP,Hardware > Tools,WP - Wrench,WP - Special tools,TRUE,Title,Default Title,,,,,T106S,,shopify,,continue,manual,37.57,,TRUE,TRUE,9010544140743,https://cdn.shopify.com/s/files/1/0511/7820/9461/files/pho_wp_nmon_t106s__sall__awsg__v1.jpg?v=1680287635,1,Hook wrench,FALSE,Hook wrench,Tool for tensioning and releasing the springs (2 units) Diameter: 68 - 75 mm (2.68 - 2.95 in),Tools,,Adult,T106S,WP - Wrench,WP - Special tools,new,FALSE,,,,,,,kg,,
wp-t107s,Depth micrometer,<ul><li>Tool for determining distances</li></ul>,WP,Hardware > Tools,WP - Adjuster tool,WP - Special tools,TRUE,Title,Default Title,,,,,T107S,,shopify,,continue,manual,28.98,,TRUE,TRUE,9010544140729,https://cdn.shopify.com/s/files/1/0511/7820/9461/files/pho_wp_nmon_t107s__sall__awsg__v1.jpg?v=1680287633,1,Depth micrometer,FALSE,Depth micrometer,Tool for determining distances,Tools,,Adult,T107S,WP - Adjuster tool,WP - Special tools,new,FALSE,,,,,,,kg,,
wp-t120,Drift,<ul><li>Tool for driving components out (collar bushings)</li><li>Diameter: 8 mm (0.31 in)</li></ul>,WP,Hardware > Tools,WP - Mounting tool,WP - Special tools,TRUE,Title,Default Title,,,,,T120,,shopify,,continue,manual,29.34,,TRUE,TRUE,9010544140644,https://cdn.shopify.com/s/files/1/0511/7820/9461/files/pho_wp_nmon_t120__sall__awsg__v1.jpg?v=1680287636,1,Drift,FALSE,Drift,Tool for driving components out (collar bushings) Diameter: 8 mm (0.31 in),Tools,,Adult,T120,WP - Mounting tool,WP - Special tools,new,FALSE,,,,,,,kg,,
wp-t1201,Mounting sleeve,"D=54 mm bush removal/fitting tool, suitable for PDS shock absorbers.",WP,Hardware > Tools,WP - Mounting tool,WP - Special tools,TRUE,Title,Default Title,,,,,T1201,,shopify,,continue,manual,18.51,,TRUE,TRUE,9010544140637,https://cdn.shopify.com/s/files/1/0511/7820/9461/files/pho_wp_nmon_t1201__sall__awsg__v1.jpg?v=1680287635,1,Mounting sleeve,FALSE,Mounting sleeve,"D=54 mm bush removal/fitting tool, suitable for PDS shock absorbers.",Tools,,Adult,T1201,WP - Mounting tool,WP - Special tools,new,FALSE,,,,,,,kg,,
wp-t1201,,,,,,,,,,,,,,,,,,,,,,,,,https://cdn.shopify.com/s/files/1/0511/7820/9461/files/pho_fallback_fallback_no_picture__sall__awsg__v1.jpg?v=1774382207,2,Mounting sleeve,,,,,,,,,,,,,,,,,,,,
wp-t1202s,Clamping stand,Clamping stand,WP,Hardware > Tools,WP - Clamping stand,WP - Special tools,TRUE,Title,Default Title,,,,,T1202S,,shopify,,continue,manual,30.31,,TRUE,TRUE,9010544140613,https://cdn.shopify.com/s/files/1/0511/7820/9461/files/pho_wp_nmon_t1202s__sall__awsg__v1.jpg?v=1680287634,1,Clamping stand,FALSE,Clamping stand,Clamping stand,Tools,,Adult,T1202S,WP - Clamping stand,WP - Special tools,new,FALSE,,,,,,,kg,,
wp-t1205,Calibrating unit,<ul><li>Tool for calibrating components (DU bush)</li><li>Diameter: 18 mm (0.71 in)</li></ul>,WP,Hardware > Tools,WP - Drift,WP - Special tools,TRUE,Title,Default Title,,,,,T1205,,shopify,,continue,manual,21.48,,TRUE,TRUE,9010544140590,https://cdn.shopify.com/s/files/1/0511/7820/9461/files/pho_wp_nmon_t1205__sall__awsg__v2.jpg?v=1721981019,1,Calibrating unit,FALSE,Calibrating unit,Tool for calibrating components (DU bush) Diameter: 18 mm (0.71 in),Tools,,Adult,T1205,WP - Drift,WP - Special tools,new,FALSE,,,,,,,kg,,
wp-t1206,Pressing tool,<ul><li>Tool for pressing in components (helm joint)</li><li>Diameter: 15 - 30 mm (0.59 - 1.18 in)</li></ul>,WP,Hardware > Tools,WP - Mounting tool,WP - Special tools,TRUE,Title,Default Title,,,,,T1206,,shopify,,continue,manual,18.09,,TRUE,TRUE,9010544140583,https://cdn.shopify.com/s/files/1/0511/7820/9461/files/pho_wp_nmon_t1206__sall__awsg__v1.jpg?v=1680287636,1,Pressing tool,FALSE,Pressing tool,Tool for pressing in components (helm joint) Diameter: 15 - 30 mm (0.59 - 1.18 in),Tools,,Adult,T1206,WP - Mounting tool,WP - Special tools,new,FALSE,,,,,,,kg,,
wp-t1207s,Pressing tool,<ul><li>'Tool for pressing in components (helm joint)</li></ul>,WP,Hardware > Tools,WP - Mounting tool,WP - Special tools,TRUE,Title,Default Title,,,,,T1207S,,shopify,,continue,manual,26.44,,TRUE,TRUE,9010544140569,https://cdn.shopify.com/s/files/1/0511/7820/9461/files/pho_wp_nmon_t1207s__sall__awsg__v1.jpg?v=1680287637,1,Pressing tool,FALSE,Pressing tool,'Tool for pressing in components (helm joint),Tools,,Adult,T1207S,WP - Mounting tool,WP - Special tools,new,FALSE,,,,,,,kg,,
wp-t1208,Pressing tool,Pressing tool,WP,Hardware > Tools,WP - Mounting tool,WP - Special tools,TRUE,Title,Default Title,,,,,T1208,,shopify,,continue,manual,20.09,,TRUE,TRUE,9010544140552,https://cdn.shopify.com/s/files/1/0511/7820/9461/files/pho_wp_nmon_t1208__sall__awsg__v1.jpg?v=1680287632,1,Pressing tool,FALSE,Pressing tool,Pressing tool,Tools,,Adult,T1208,WP - Mounting tool,WP - Special tools,new,FALSE,,,,,,,kg,,
wp-t1209,Guide bush removal/fitting tool,"Guide bush removal/fitting tool, suitable for PDS suspension struts.",WP,Hardware > Tools,WP - Sale,WP - Special tools,TRUE,Title,Default Title,,,,,T1209,,shopify,,continue,manual,13.43,,TRUE,TRUE,9010544140545,,,,FALSE,Guide bush removal/fitting tool,"Guide bush removal/fitting tool, suitable for PDS suspension struts.",Tools,,Adult,T1209,WP - Sale,WP - Special tools,new,FALSE,,,,,,,kg,,
wp-t1211,Clamping jaw D= 54,Clamping jaw D= 54,WP,Hardware > Tools,WP - Clamping stand,WP - Special tools,TRUE,Title,Default Title,,,,,T1211,,shopify,,continue,manual,26.44,,TRUE,TRUE,9010544140514,https://cdn.shopify.com/s/files/1/0511/7820/9461/files/pho_wp_nmon_t1211__sall__awsg__v2.jpg?v=1721980998,1,Clamping jaw D= 54,FALSE,Clamping jaw D= 54,Clamping jaw D= 54,Tools,,Adult,T1211,WP - Clamping stand,WP - Special tools,new,FALSE,,,,,,,kg,,
wp-t12126s,Socket,Socket,WP,Hardware > Tools,WP - Socket,WP - Special tools,TRUE,Title,Default Title,,,,,T12126S,,shopify,,continue,manual,39.39,,TRUE,TRUE,9010544140507,https://cdn.shopify.com/s/files/1/0511/7820/9461/files/pho_wp_nmon_t12126s__sall__awsg__v1.jpg?v=1721981019,1,Socket,FALSE,Socket,Socket,Tools,,Adult,T12126S,WP - Socket,WP - Special tools,new,FALSE,,,,,,,kg,,
wp-t12127,Socket,Socket,WP,Hardware > Tools,WP - Socket,WP - Special tools,TRUE,Title,Default Title,,,,,T12127,,shopify,,continue,manual,34.79,,TRUE,TRUE,9010544140491,https://cdn.shopify.com/s/files/1/0511/7820/9461/files/pho_wp_nmon_t12127__sall__awsg__v1.jpg?v=1721981018,1,Socket,FALSE,Socket,Socket,Tools,,Adult,T12127,WP - Socket,WP - Special tools,new,FALSE,,,,,,,kg,,
wp-t12128,Filling adapter,Filling adapter,WP,Hardware > Tools,WP - Vacuum pump,WP - Special tools,TRUE,Title,Default Title,,,,,T12128,,shopify,,continue,manual,94.92,,TRUE,TRUE,9010544140484,https://cdn.shopify.com/s/files/1/0511/7820/9461/files/pho_wp_nmon_t12128__sall__awsg__v1.jpg?v=1721981018,1,Filling adapter,FALSE,Filling adapter,Filling adapter,Tools,,Adult,T12128,WP - Vacuum pump,WP - Special tools,new,FALSE,,,,,,,kg,,
wp-t12131s,Mounting tool,Mounting tool,WP,Hardware > Tools,WP - Mounting tool,WP - Special tools,TRUE,Title,Default Title,,,,,T12131S,,shopify,,continue,manual,62.86,,TRUE,TRUE,9010544140477,https://cdn.shopify.com/s/files/1/0511/7820/9461/files/pho_wp_nmon_t12131s_mouting_tool__sall__awsg__v1.jpg?v=1680287431,1,Mounting tool,FALSE,Mounting tool,Mounting tool,Tools,,Adult,T12131S,WP - Mounting tool,WP - Special tools,new,FALSE,,,,,,,kg,,
wp-t12133,pressing tool,pressing tool,WP,Hardware > Tools,WP - Reducing ring,WP - Special tools,TRUE,Title,Default Title,,,,,T12133,,shopify,,continue,manual,36.72,,TRUE,TRUE,9010544140460,https://cdn.shopify.com/s/files/1/0511/7820/9461/files/pho_wp_nmon_t12133__sall__awsg__v1.jpg?v=1721981018,1,pressing tool,FALSE,pressing tool,pressing tool,Tools,,Adult,T12133,WP - Reducing ring,WP - Special tools,new,FALSE,,,,,,,kg,,
wp-t12134,Adapter,Adapter,WP,Hardware > Tools,WP - Mounting tool,WP - Special tools,TRUE,Title,Default Title,,,,,T12134,,shopify,,continue,manual,29.64,,TRUE,TRUE,9010544406696,https://cdn.shopify.com/s/files/1/0511/7820/9461/files/pho_wp_nmon_t12134__sall__awsg__v1.jpg?v=1721981018,1,Adapter,FALSE,Adapter,Adapter,Tools,,Adult,T12134,WP - Mounting tool,WP - Special tools,new,FALSE,,,,,,,kg,,
wp-t12139,Filling adapter,"<ul><li class=""li-square"">Adapter for filling tool for filling the damper with nitrogen</li></ul>",WP,Hardware > Tools,WP - Filling tool,WP - Special tools,TRUE,Title,Default Title,,,,,T12139,,shopify,,continue,manual,36.54,,TRUE,TRUE,9010544391886,https://cdn.shopify.com/s/files/1/0511/7820/9461/files/pho_wp_nmon_t12139__sall__awsg__v1.jpg?v=1721982387,1,Filling adapter,FALSE,Filling adapter,Adapter for filling tool for filling the damper with nitrogen,Tools,,Adult,T12139,WP - Filling tool,WP - Special tools,new,FALSE,,,,,,,kg,,
wp-t1214,Centering sleeve,<ul><li>Tool for centering components (plunger of piston rod)</li><li>Diameter: 50 mm (1.97 in)</li></ul>,WP,Hardware > Tools,WP - Mounting tool,WP - Special tools,TRUE,Title,Default Title,,,,,T1214,,shopify,,continue,manual,22.38,,TRUE,TRUE,9010544140453,https://cdn.shopify.com/s/files/1/0511/7820/9461/files/pho_wp_nmon_t1214__sall__awsg__v1.jpg?v=1680287632,1,Centering sleeve,FALSE,Centering sleeve,Tool for centering components (plunger of piston rod) Diameter: 50 mm (1.97 in),Tools,,Adult,T1214,WP - Mounting tool,WP - Special tools,new,FALSE,,,,,,,kg,,
wp-t12140s,Stiftschlüssel 23.4x3,Werkzeug zum Lösen und Festziehen von Bauteilen (Druckstufeneinsteller),WP,Hardware > Tools,WP - Socket,WP - Special tools,TRUE,Title,Default Title,,,,,T12140S,,shopify,,continue,manual,26.08,,TRUE,TRUE,9010544574289,https://cdn.shopify.com/s/files/1/0511/7820/9461/files/pho_wp_nmon_t12140s__sall__awsg__v1.jpg?v=1721981020,1,Stiftschlüssel 23.4x3,FALSE,Stiftschlüssel 23.4x3,Werkzeug zum Lösen und Festziehen von Bauteilen (Druckstufeneinsteller),Tools,,Adult,T12140S,WP - Socket,WP - Special tools,new,FALSE,,,,,,,kg,,
wp-t12141,Nutmutternschlüssel,"<ul><li class=""li-square"">Werkzeug zum Lösen und Festziehen von Bauteilen (Schraubdeckel)</li><li class=""li-square"">Antrieb: 1/2 in</li><li class=""li-square"">Durchmesser schmal: 34 mm</li><li class=""li-square"">Durchmesser breit: 38 mm</li></ul>",WP,Hardware > Tools,WP - Socket,WP - Special tools,TRUE,Title,Default Title,,,,,T12141,,shopify,,continue,manual,40.29,,TRUE,TRUE,9010544512854,,,,FALSE,Nutmutternschlüssel,Werkzeug zum Lösen und Festziehen von Bauteilen (Schraubdeckel) Antrieb: 1/2 in Durchmesser schmal: 34 mm Durchmesser breit: 38 mm,Tools,,Adult,T12141,WP - Socket,WP - Special tools,new,FALSE,,,,,,,kg,,
wp-t1216,Pressing tool,"<ul><li class=""li-square"">Tool for pressing in components (seal ring retainer of piston rod)</li><li class=""li-square"">Diameter: 38 - 49 mm (1.5 - 1.93 in)</li></ul>",WP,Hardware > Tools,WP - Sale,WP - Special tools,TRUE,Title,Default Title,,,,,T1216,,shopify,,continue,manual,20.81,,TRUE,TRUE,9010544140439,https://cdn.shopify.com/s/files/1/0511/7820/9461/files/pho_wp_nmon_t1216__sall__awsg__v1.jpg?v=1721983058,1,Pressing tool,FALSE,Pressing tool,Tool for pressing in components (seal ring retainer of piston rod) Diameter: 38 - 49 mm (1.5 - 1.93 in),Tools,,Adult,T1216,WP - Sale,WP - Special tools,new,FALSE,,,,,,,kg,,
wp-t1218,Pin wrench,<ul><li>Tool for removing components (rebound daming adjustment of piston rod)</li><li>Adjustable</li><li>Diameter: 3 mm (0.12 in)</li></ul>,WP,Hardware > Tools,WP - Mounting tool,WP - Special tools,TRUE,Title,Default Title,,,,,T1218,,shopify,,continue,manual,34.61,,TRUE,TRUE,9010544140422,https://cdn.shopify.com/s/files/1/0511/7820/9461/files/pho_wp_nmon_t1218__sall__awsg__v1.jpg?v=1680287636,1,Pin wrench,FALSE,Pin wrench,Tool for removing components (rebound daming adjustment of piston rod) Adjustable Diameter: 3 mm (0.12 in),Tools,,Adult,T1218,WP - Mounting tool,WP - Special tools,new,FALSE,,,,,,,kg,,
wp-t1238,Socket,Socket,WP,Hardware > Tools,WP - Mounting tool,WP - Special tools,TRUE,Title,Default Title,,,,,T1238,,shopify,,continue,manual,53.72,,TRUE,TRUE,9010544422313,https://cdn.shopify.com/s/files/1/0511/7820/9461/files/pho_wp_nmon_t1238__sall__awsg__v1.jpg?v=1721983119,1,Socket,FALSE,Socket,Socket,Tools,,Adult,T1238,WP - Mounting tool,WP - Special tools,new,FALSE,,,,,,,kg,,
wp-t1240s,Vacuum pump,Vacuum pump,WP,Hardware > Tools,WP - Vacuum pump,WP - Special tools,TRUE,Title,Default Title,,,,,T1240S,,shopify,,continue,manual,2906.12,,TRUE,TRUE,9010544140330,https://cdn.shopify.com/s/files/1/0511/7820/9461/files/pho_wp_nmon_t1240s__sall__awsg__v1.jpg?v=1680287632,1,Vacuum pump,FALSE,Vacuum pump,Vacuum pump,Tools,,Adult,T1240S,WP - Vacuum pump,WP - Special tools,new,FALSE,,,,,,,kg,,
wp-t1245s,Filling adapter,Filling adapter,WP,Hardware > Tools,WP - Adaptor,WP - Special tools,TRUE,Title,Default Title,,,,,T1245S,,shopify,,continue,manual,103.82,,TRUE,TRUE,9010544140309,https://cdn.shopify.com/s/files/1/0511/7820/9461/files/pho_wp_nmon_t1245s__sall__awsg__v1.jpg?v=1680287642,1,Filling adapter,FALSE,Filling adapter,Filling adapter,Tools,,Adult,T1245S,WP - Adaptor,WP - Special tools,new,FALSE,,,,,,,kg,,
wp-t1252,Dorn guide bush holder,Dorn guide bush holder,WP,Hardware > Tools,WP - Mounting tool,WP - Special tools,FALSE,Title,Default Title,,,,,T1252,,shopify,,continue,manual,20.69,,TRUE,TRUE,9010544140248,https://cdn.shopify.com/s/files/1/0511/7820/9461/files/pho_wp_nmon_t1252__sall__awsg__v1.jpg?v=1680287631,1,Dorn guide bush holder,FALSE,Dorn guide bush holder,Dorn guide bush holder,Tools,,Adult,T1252,WP - Mounting tool,WP - Special tools,new,FALSE,,,,,,,kg,,
wp-t1255,Vacuum oil,Vacuum oil for vacuum/pressure pump T1240S available in 1 liter containers.,WP,Hardware > Tools,WP - Vacuum pump,WP - Special tools,FALSE,Title,Default Title,,,,,T1255,,shopify,,continue,manual,45.38,,TRUE,TRUE,9010544140224,https://cdn.shopify.com/s/files/1/0511/7820/9461/files/pho_wp_nmon_t1255__sall__awsg__v1.jpg?v=1680287643,1,Vacuum oil,FALSE,Vacuum oil,Vacuum oil for vacuum/pressure pump T1240S available in 1 liter containers.,Tools,,Adult,T1255,WP - Vacuum pump,WP - Special tools,new,FALSE,,,,,,,kg,,
wp-t1255,,,,,,,,,,,,,,,,,,,,,,,,,https://cdn.shopify.com/s/files/1/0511/7820/9461/files/pho_fallback_fallback_no_picture__sall__awsg__v1.jpg?v=1774382207,2,Vacuum oil,,,,,,,,,,,,,,,,,,,,
wp-t125s,Pin wrench,"T-handle wrench, suitable for 3612 and 4681 suspension struts.",WP,Hardware > Tools,WP - Socket,WP - Special tools,TRUE,Title,Default Title,,,,,T125S,,shopify,,continue,manual,39.20,,TRUE,TRUE,9010544140217,https://cdn.shopify.com/s/files/1/0511/7820/9461/files/pho_wp_nmon_t125s__sall__awsg__v1.jpg?v=1680287639,1,Pin wrench,FALSE,Pin wrench,"T-handle wrench, suitable for 3612 and 4681 suspension struts.",Tools,,Adult,T125S,WP - Socket,WP - Special tools,new,FALSE,,,,,,,kg,,
wp-t1260s,External tank for Vacuum pump,External tank for Vacuum pump,WP,Hardware > Tools,WP - Vacuum pump,WP - Special tools,FALSE,Title,Default Title,,,,,T1260S,,shopify,,continue,manual,694.84,,TRUE,TRUE,9010544140187,https://cdn.shopify.com/s/files/1/0511/7820/9461/files/pho_wp_nmon_t1260s__sall__awsg__v2.jpg?v=1721980998,1,External tank for Vacuum pump,FALSE,External tank for Vacuum pump,External tank for Vacuum pump,Tools,,Adult,T1260S,WP - Vacuum pump,WP - Special tools,new,FALSE,,,,,,,kg,,
wp-t1280,Trax key PDS2,Trax key PDS2,WP,Hardware > Tools,WP - Wrench,WP - Special tools,TRUE,Title,Default Title,,,,,T1280,,shopify,,continue,manual,31.94,,TRUE,TRUE,9010544140170,https://cdn.shopify.com/s/files/1/0511/7820/9461/files/pho_wp_nmon_t1280__sall__awsg__v2.jpg?v=1721980998,1,Trax key PDS2,FALSE,Trax key PDS2,Trax key PDS2,Tools,,Adult,T1280,WP - Wrench,WP - Special tools,new,FALSE,,,,,,,kg,,
wp-t1281,Clamping jaw Trax PDS2,Clamping jaw Trax PDS2,WP,Hardware > Tools,WP - Clamping stand,WP - Special tools,TRUE,Title,Default Title,,,,,T1281,,shopify,,continue,manual,37.15,,TRUE,TRUE,9010544140163,https://cdn.shopify.com/s/files/1/0511/7820/9461/files/pho_wp_nmon_t1281__sall__awsg__v2.jpg?v=1721980998,1,Clamping jaw Trax PDS2,FALSE,Clamping jaw Trax PDS2,Clamping jaw Trax PDS2,Tools,,Adult,T1281,WP - Clamping stand,WP - Special tools,new,FALSE,,,,,,,kg,,
wp-t1282,Trax Link key,Trax Link key,WP,Hardware > Tools,WP - Wrench,WP - Special tools,TRUE,Title,Default Title,,,,,T1282,,shopify,,continue,manual,33.15,,TRUE,TRUE,9010544140156,https://cdn.shopify.com/s/files/1/0511/7820/9461/files/pho_wp_nmon_t1282__sall__awsg__v1.jpg?v=1680287629,1,Trax Link key,FALSE,Trax Link key,Trax Link key,Tools,,Adult,T1282,WP - Wrench,WP - Special tools,new,FALSE,,,,,,,kg,,
wp-t1283,Clamping jaw Trax 5018,Clamping jaw Trax 5018,WP,Hardware > Tools,WP - Clamping stand,WP - Special tools,TRUE,Title,Default Title,,,,,T1283,,shopify,,continue,manual,37.03,,TRUE,TRUE,9010544140149,https://cdn.shopify.com/s/files/1/0511/7820/9461/files/pho_wp_nmon_t1283__sall__awsg__v1.jpg?v=1680287631,1,Clamping jaw Trax 5018,FALSE,Clamping jaw Trax 5018,Clamping jaw Trax 5018,Tools,,Adult,T1283,WP - Clamping stand,WP - Special tools,new,FALSE,,,,,,,kg,,
wp-t1285s,Mounting tool,Mounting tool,WP,Hardware > Tools,WP - Socket,WP - Special tools,TRUE,Title,Default Title,,,,,T1285S,,shopify,,continue,manual,35.63,,TRUE,TRUE,9010544140132,https://cdn.shopify.com/s/files/1/0511/7820/9461/files/pho_wp_nmon_t1285s__sall__awsg__v1.jpg?v=1680287636,1,Mounting tool,FALSE,Mounting tool,Mounting tool,Tools,,Adult,T1285S,WP - Socket,WP - Special tools,new,FALSE,,,,,,,kg,,
wp-t1286s,Counter torque wrenche reservoir cap,Counter torque wrenche reservoir cap,WP,Hardware > Tools,WP - Measuring tool,WP - Special tools,FALSE,Title,Default Title,,,,,T1286S,,shopify,,continue,manual,32.73,,TRUE,TRUE,9010544140125,https://cdn.shopify.com/s/files/1/0511/7820/9461/files/pho_wp_nmon_t1286s__sall__awsg__v1.jpg?v=1680287635,1,Counter torque wrenche reservoir cap,FALSE,Counter torque wrenche reservoir cap,Counter torque wrenche reservoir cap,Tools,,Adult,T1286S,WP - Measuring tool,WP - Special tools,new,FALSE,,,,,,,kg,,
wp-t1288,Steering piston holder,Steering piston holder,WP,Hardware > Tools,WP - Support tool,WP - Special tools,TRUE,Title,Default Title,,,,,T1288,,shopify,,continue,manual,21.66,,TRUE,TRUE,9010544140101,https://cdn.shopify.com/s/files/1/0511/7820/9461/files/pho_wp_nmon_t1288__sall__awsg__v1.jpg?v=1680287642,1,Steering piston holder,FALSE,Steering piston holder,Steering piston holder,Tools,,Adult,T1288,WP - Support tool,WP - Special tools,new,FALSE,,,,,,,kg,,
wp-t1289,Inner tube mounting tool D=46,Inner tube mounting tool D=46,WP,Hardware > Tools,WP - Socket,WP - Special tools,TRUE,Title,Default Title,,,,,T1289,,shopify,,continue,manual,26.86,,TRUE,TRUE,9010544140095,https://cdn.shopify.com/s/files/1/0511/7820/9461/files/pho_wp_nmon_t1289__sall__awsg__v2.jpg?v=1721980998,1,Inner tube mounting tool D=46,FALSE,Inner tube mounting tool D=46,Inner tube mounting tool D=46,Tools,,Adult,T1289,WP - Socket,WP - Special tools,new,FALSE,,,,,,,kg,,
wp-t129,Pressing tool,"<ul><li class=""li-square"">Tool for pressing in components (heim joint)</li><li class=""li-square"">Diameter: 15 - 30 mm (0.59 - 1.18 in)</li></ul>",WP,Hardware > Tools,WP - Sale,WP - Special tools,FALSE,Title,Default Title,,,,,T129,,shopify,,continue,manual,16.64,,TRUE,TRUE,9010544140088,https://cdn.shopify.com/s/files/1/0511/7820/9461/files/pho_wp_nmon_t129__sall__awsg__v1.jpg?v=1721983065,1,Pressing tool,FALSE,Pressing tool,Tool for pressing in components (heim joint) Diameter: 15 - 30 mm (0.59 - 1.18 in),Tools,,Adult,T129,WP - Sale,WP - Special tools,new,FALSE,,,,,,,kg,,
wp-t1290,Inner tube mounting tool D=43,Inner tube mounting tool D=43,WP,Hardware > Tools,WP - Socket,WP - Special tools,TRUE,Title,Default Title,,,,,T1290,,shopify,,continue,manual,26.08,,TRUE,TRUE,9010544140071,https://cdn.shopify.com/s/files/1/0511/7820/9461/files/pho_wp_nmon_t1290__sall__awsg__v2.jpg?v=1721980998,1,Inner tube mounting tool D=43,FALSE,Inner tube mounting tool D=43,Inner tube mounting tool D=43,Tools,,Adult,T1290,WP - Socket,WP - Special tools,new,FALSE,,,,,,,kg,,
wp-t1291,Measuring instrument,Measuring instrument,WP,Hardware > Tools,WP - Flow meter,WP - Special tools,TRUE,Title,Default Title,,,,,T1291,,shopify,,continue,manual,1936.91,,TRUE,TRUE,9010544140064,https://cdn.shopify.com/s/files/1/0511/7820/9461/files/pho_wp_nmon_t1291__sall__awsg__v1.jpg?v=1680287594,1,Measuring instrument,FALSE,Measuring instrument,Measuring instrument,Tools,,Adult,T1291,WP - Flow meter,WP - Special tools,new,FALSE,,,,,,,kg,,
wp-t1292,Reservoir Adapter PDS/ Link,Reservoir Adapter PDS/ Link,WP,Hardware > Tools,WP - Socket,WP - Special tools,TRUE,Title,Default Title,,,,,T1292,,shopify,,continue,manual,35.63,,TRUE,TRUE,9010544140057,https://cdn.shopify.com/s/files/1/0511/7820/9461/files/pho_wp_nmon_t1292__sall__awsg__v1.jpg?v=1680287642,1,Reservoir Adapter PDS/ Link,FALSE,Reservoir Adapter PDS/ Link,Reservoir Adapter PDS/ Link,Tools,,Adult,T1292,WP - Socket,WP - Special tools,new,FALSE,,,,,,,kg,,
wp-t1293,Springholder mounting tool Link,Springholder mounting tool Link,WP,Hardware > Tools,WP - Socket,WP - Special tools,TRUE,Title,Default Title,,,,,T1293,,shopify,,continue,manual,37.21,,TRUE,TRUE,9010544140040,https://cdn.shopify.com/s/files/1/0511/7820/9461/files/pho_wp_nmon_t1293__sall__awsg__v1.jpg?v=1680287642,1,Springholder mounting tool Link,FALSE,Springholder mounting tool Link,Springholder mounting tool Link,Tools,,Adult,T1293,WP - Socket,WP - Special tools,new,FALSE,,,,,,,kg,,
wp-t1295,Calibration tool,Calibration tool,WP,Hardware > Tools,WP - Flow meter,WP - Special tools,TRUE,Title,Default Title,,,,,T1295,,shopify,,continue,manual,38.66,,TRUE,TRUE,9010544140033,https://cdn.shopify.com/s/files/1/0511/7820/9461/files/pho_wp_nmon_t1295_kalibrierwerkzeug__sall__awsg__v1.jpg?v=1680287432,1,Calibration tool,FALSE,Calibration tool,Calibration tool,Tools,,Adult,T1295,WP - Flow meter,WP - Special tools,new,FALSE,,,,,,,kg,,
wp-t1296,Filling adapter,<ul><li>Adapter for filling tool for filling the damper with nitrogen</li></ul>,WP,Hardware > Tools,WP - Adaptor,WP - Special tools,TRUE,Title,Default Title,,,,,T1296,,shopify,,continue,manual,28.62,,TRUE,TRUE,9010544140026,https://cdn.shopify.com/s/files/1/0511/7820/9461/files/pho_fallback_fallback_no_picture__sall__awsg__v1.jpg?v=1774382207,1,Filling adapter,FALSE,Filling adapter,Adapter for filling tool for filling the damper with nitrogen,Tools,,Adult,T1296,WP - Adaptor,WP - Special tools,new,FALSE,,,,,,,kg,,
wp-t1297,Weft thorn Trax,Weft thorn Trax,WP,Hardware > Tools,WP - Drift,WP - Special tools,FALSE,Title,Default Title,,,,,T1297,,shopify,,continue,manual,20.69,,TRUE,TRUE,9010544140019,https://cdn.shopify.com/s/files/1/0511/7820/9461/files/pho_wp_nmon_t1297__sall__awsg__v1.jpg?v=1680287594,1,Weft thorn Trax,FALSE,Weft thorn Trax,Weft thorn Trax,Tools,,Adult,T1297,WP - Drift,WP - Special tools,new,FALSE,,,,,,,kg,,
wp-t1298,Positioning thorn Trax,Positioning thorn Trax,WP,Hardware > Tools,WP - Drift,WP - Special tools,TRUE,Title,Default Title,,,,,T1298,,shopify,,continue,manual,35.39,,TRUE,TRUE,9010544140002,https://cdn.shopify.com/s/files/1/0511/7820/9461/files/pho_wp_nmon_t1298__sall__awsg__v1.jpg?v=1680287638,1,Positioning thorn Trax,FALSE,Positioning thorn Trax,Positioning thorn Trax,Tools,,Adult,T1298,WP - Drift,WP - Special tools,new,FALSE,,,,,,,kg,,
wp-t1299s,Socket,Socket,WP,Hardware > Tools,WP - Socket,WP - Special tools,TRUE,Title,Default Title,,,,,T1299S,,shopify,,continue,manual,31.64,,TRUE,TRUE,9010544139990,https://cdn.shopify.com/s/files/1/0511/7820/9461/files/pho_wp_nmon_t1299s__sall__awsg__v1.jpg?v=1680287629,1,Socket,FALSE,Socket,Socket,Tools,,Adult,T1299S,WP - Socket,WP - Special tools,new,FALSE,,,,,,,kg,,
wp-t1300,Clamp for needle guiding Link,Clamp for needle guiding Link,WP,Hardware > Tools,WP - Clamping stand,WP - Special tools,FALSE,Title,Default Title,,,,,T1300,,shopify,,continue,manual,75.75,,TRUE,TRUE,9010544139983,https://cdn.shopify.com/s/files/1/0511/7820/9461/files/pho_wp_nmon_t1300__sall__awsg__v1.jpg?v=1680287638,1,Clamp for needle guiding Link,FALSE,Clamp for needle guiding Link,Clamp for needle guiding Link,Tools,,Adult,T1300,WP - Clamping stand,WP - Special tools,new,FALSE,,,,,,,kg,,
wp-t1301,Clamp for needle guiding PDS,Clamp for needle guiding PDS,WP,Hardware > Tools,WP - Clamping stand,WP - Special tools,FALSE,Title,Default Title,,,,,T1301,,shopify,,continue,manual,64.61,,TRUE,TRUE,9010544139976,https://cdn.shopify.com/s/files/1/0511/7820/9461/files/pho_wp_nmon_t1301__sall__awsg__v1.jpg?v=1680287638,1,Clamp for needle guiding PDS,FALSE,Clamp for needle guiding PDS,Clamp for needle guiding PDS,Tools,,Adult,T1301,WP - Clamping stand,WP - Special tools,new,FALSE,,,,,,,kg,,
wp-t1306,Preload key SW 41,Preload key SW 41,WP,Hardware > Tools,WP - Wrench,WP - Special tools,FALSE,Title,Default Title,,,,,T1306,,shopify,,continue,manual,24.38,,TRUE,TRUE,9010544139969,https://cdn.shopify.com/s/files/1/0511/7820/9461/files/pho_wp_nmon_t1306__sall__awsg__v1.jpg?v=1680287643,1,Preload key SW 41,FALSE,Preload key SW 41,Preload key SW 41,Tools,,Adult,T1306,WP - Wrench,WP - Special tools,new,FALSE,,,,,,,kg,,
wp-t1307,Preload spanner SW 27,Preload spanner SW 27,WP,Hardware > Tools,WP - Wrench,WP - Special tools,TRUE,Title,Default Title,,,,,T1307,,shopify,,continue,manual,20.15,,TRUE,TRUE,9010544139952,https://cdn.shopify.com/s/files/1/0511/7820/9461/files/pho_wp_nmon_t1307__sall__awsg__v1.jpg?v=1680287637,1,Preload spanner SW 27,FALSE,Preload spanner SW 27,Preload spanner SW 27,Tools,,Adult,T1307,WP - Wrench,WP - Special tools,new,FALSE,,,,,,,kg,,
wp-t1308,Reservoir Tool Link,Reservoir Tool Link,WP,Hardware > Tools,WP - Mounting tool,WP - Special tools,FALSE,Title,Default Title,,,,,T1308,,shopify,,continue,manual,41.87,,TRUE,TRUE,9010544139945,https://cdn.shopify.com/s/files/1/0511/7820/9461/files/pho_wp_nmon_t1308__sall__awsg__v1.jpg?v=1680287637,1,Reservoir Tool Link,FALSE,Reservoir Tool Link,Reservoir Tool Link,Tools,,Adult,T1308,WP - Mounting tool,WP - Special tools,new,FALSE,,,,,,,kg,,
wp-t1309,Mounting sleeve,Mounting sleeve,WP,Hardware > Tools,WP - Mounting tool,WP - Special tools,TRUE,Title,Default Title,,,,,T1309,,shopify,,continue,manual,41.81,,TRUE,TRUE,9010544139938,https://cdn.shopify.com/s/files/1/0511/7820/9461/files/pho_wp_nmon_t1309__sall__awsg__v1.jpg?v=1680287639,1,Mounting sleeve,FALSE,Mounting sleeve,Mounting sleeve,Tools,,Adult,T1309,WP - Mounting tool,WP - Special tools,new,FALSE,,,,,,,kg,,
wp-t131,Loctite 243 50ml,Loctite 243 50ml,WP,Hardware > Tools,WP - Loctite,WP - Special tools,FALSE,Title,Default Title,,,,,T131,,shopify,,continue,manual,57.66,,TRUE,TRUE,9010544139921,https://cdn.shopify.com/s/files/1/0511/7820/9461/files/pho_wp_nmon_t131__sall__awsg__v1.jpg?v=1680287642,1,Loctite 243 50ml,FALSE,Loctite 243 50ml,Loctite 243 50ml,Tools,,Adult,T131,WP - Loctite,WP - Special tools,new,FALSE,,,,,,,kg,,
wp-t1318s,Socket,Socket,WP,Hardware > Tools,WP - Socket,WP - Special tools,TRUE,Title,Default Title,,,,,T1318S,,shopify,,continue,manual,27.95,,TRUE,TRUE,9010544139907,https://cdn.shopify.com/s/files/1/0511/7820/9461/files/pho_wp_nmon_t1318s__sall__awsg__v1.jpg?v=1680287594,1,Socket,FALSE,Socket,Socket,Tools,,Adult,T1318S,WP - Socket,WP - Special tools,new,FALSE,,,,,,,kg,,
wp-t1319,Needle Adapter,Needle Adapter,WP,Hardware > Tools,WP - Adaptor,WP - Special tools,TRUE,Title,Default Title,,,,,T1319,,shopify,,continue,manual,30.86,,TRUE,TRUE,9010544139891,https://cdn.shopify.com/s/files/1/0511/7820/9461/files/pho_wp_nmon_t1319__sall__awsg__v1.jpg?v=1680287642,1,Needle Adapter,FALSE,Needle Adapter,Needle Adapter,Tools,,Adult,T1319,WP - Adaptor,WP - Special tools,new,FALSE,,,,,,,kg,,
wp-t132,Loctite 2701 50ml,Loctite 2701 50ml,WP,Hardware > Tools,WP - Loctite,WP - Special tools,FALSE,Title,Default Title,,,,,T132,,shopify,,continue,manual,64.55,,TRUE,TRUE,9010544139884,https://cdn.shopify.com/s/files/1/0511/7820/9461/files/pho_wp_nmon_t132__sall__awsg__v1.jpg?v=1680287641,1,Loctite 2701 50ml,FALSE,Loctite 2701 50ml,Loctite 2701 50ml,Tools,,Adult,T132,WP - Loctite,WP - Special tools,new,FALSE,,,,,,,kg,,
wp-t1320,Needle,Needle,WP,Hardware > Tools,WP - Needle,WP - Special tools,TRUE,Title,Default Title,,,,,T1320,,shopify,,continue,manual,5.14,,TRUE,TRUE,9010544139877,https://cdn.shopify.com/s/files/1/0511/7820/9461/files/pho_wp_nmon_t1320__sall__awsg__v1.jpg?v=1680287643,1,Needle,FALSE,Needle,Needle,Tools,,Adult,T1320,WP - Needle,WP - Special tools,new,FALSE,,,,,,,kg,,
wp-t1321,Impact thorn Igus bush,Impact thorn Igus bush,WP,Hardware > Tools,WP - Drift,WP - Special tools,TRUE,Title,Default Title,,,,,T1321,,shopify,,continue,manual,23.53,,TRUE,TRUE,9010544139860,https://cdn.shopify.com/s/files/1/0511/7820/9461/files/pho_wp_nmon_t1321__sall__awsg__v1.jpg?v=1680287594,1,Impact thorn Igus bush,FALSE,Impact thorn Igus bush,Impact thorn Igus bush,Tools,,Adult,T1321,WP - Drift,WP - Special tools,new,FALSE,,,,,,,kg,,
wp-t1323,Clamping bush,Clamping bush,WP,Hardware > Tools,WP - Reducing ring,WP - Special tools,TRUE,Title,Default Title,,,,,T1323,,shopify,,continue,manual,32.13,,TRUE,TRUE,9010544139846,https://cdn.shopify.com/s/files/1/0511/7820/9461/files/pho_wp_nmon_t1323__sall__awsg__v1.jpg?v=1680287642,1,Clamping bush,FALSE,Clamping bush,Clamping bush,Tools,,Adult,T1323,WP - Reducing ring,WP - Special tools,new,FALSE,,,,,,,kg,,
wp-t1324,"Clamp bush D= 65,2","Clamp bush D= 65,2",WP,Hardware > Tools,WP - Reducing ring,WP - Special tools,FALSE,Title,Default Title,,,,,T1324,,shopify,,continue,manual,31.58,,TRUE,TRUE,9010544139839,https://cdn.shopify.com/s/files/1/0511/7820/9461/files/pho_wp_nmon_t1324__sall__awsg__v1.jpg?v=1680287642,1,"Clamp bush D= 65,2",FALSE,"Clamp bush D= 65,2","Clamp bush D= 65,2",Tools,,Adult,T1324,WP - Reducing ring,WP - Special tools,new,FALSE,,,,,,,kg,,
wp-t137s,Air chamber bottle,Air chamber bottle,WP,Hardware > Tools,WP - Measuring tool,WP - Special tools,TRUE,Title,Default Title,,,,,T137S,,shopify,,continue,manual,34.85,,TRUE,TRUE,9010544139815,https://cdn.shopify.com/s/files/1/0511/7820/9461/files/pho_wp_nmon_t137s__sall__awsg__v1.jpg?v=1680287595,1,Air chamber bottle,FALSE,Air chamber bottle,Air chamber bottle,Tools,,Adult,T137S,WP - Measuring tool,WP - Special tools,new,FALSE,,,,,,,kg,,
wp-t1401,Protecting sleeve,<ul><li>Tool for protecting components (inside fork tube)</li><li>Diameter: 48 mm (1.89 in)</li></ul>,WP,Hardware > Tools,WP - Mounting tool,WP - Special tools,TRUE,Title,Default Title,,,,,T1401,,shopify,,continue,manual,19.24,,TRUE,TRUE,9010544139808,https://cdn.shopify.com/s/files/1/0511/7820/9461/files/pho_wp_nmon_t1401__sall__awsg__v1.jpg?v=1680287633,1,Protecting sleeve,FALSE,Protecting sleeve,Tool for protecting components (inside fork tube) Diameter: 48 mm (1.89 in),Tools,,Adult,T1401,WP - Mounting tool,WP - Special tools,new,FALSE,,,,,,,kg,,
wp-t14015s,Clamping stand,"<ul><li class=""li-square"">Tool for clamping components (cartridge)</li><li class=""li-square"">Diamter: 27 mm (1.06 in)</li></ul>",WP,Hardware > Tools,WP - Clamping stand,WP - Special tools,TRUE,Title,Default Title,,,,,T14015S,,shopify,,continue,manual,21.78,,TRUE,TRUE,9010544139785,https://cdn.shopify.com/s/files/1/0511/7820/9461/files/pho_wp_nmon_t14015s__sall__awsg__v1.jpg?v=1680287432,1,Clamping stand,FALSE,Clamping stand,Tool for clamping components (cartridge) Diamter: 27 mm (1.06 in),Tools,,Adult,T14015S,WP - Clamping stand,WP - Special tools,new,FALSE,,,,,,,kg,,
wp-t14016s,Clamping stand,<ul><li>Tool for clamping components (piston rod)</li><li>Diameter: 12 mm (0.47 in)</li></ul>,WP,Hardware > Tools,WP - Clamping stand,WP - Special tools,TRUE,Title,Default Title,,,,,T14016S,,shopify,,continue,manual,20.33,,TRUE,TRUE,9010544139761,https://cdn.shopify.com/s/files/1/0511/7820/9461/files/pho_fallback_fallback_no_picture__sall__awsg__v1.jpg?v=1774382207,1,Clamping stand,FALSE,Clamping stand,Tool for clamping components (piston rod) Diameter: 12 mm (0.47 in),Tools,,Adult,T14016S,WP - Clamping stand,WP - Special tools,new,FALSE,,,,,,,kg,,
wp-t14017,Ring wrench,<ul><li>Tool for loosening and tightening components (cartridge)</li><li>Hexagonal part: 50 mm (1.97 in)</li></ul>,WP,Hardware > Tools,WP - Wrench,WP - Special tools,TRUE,Title,Default Title,,,,,T14017,,shopify,,continue,manual,57.48,,TRUE,TRUE,9010544139754,https://cdn.shopify.com/s/files/1/0511/7820/9461/files/pho_wp_nmon_t14017__sall__awsg__v1.jpg?v=1680287638,1,Ring wrench,FALSE,Ring wrench,Tool for loosening and tightening components (cartridge) Hexagonal part: 50 mm (1.97 in),Tools,,Adult,T14017,WP - Wrench,WP - Special tools,new,FALSE,,,,,,,kg,,
wp-t14018,Screw cap adaptor,Screw cap adaptor,WP,Hardware > Tools,WP - Socket,WP - Special tools,FALSE,Title,Default Title,,,,,T14018,,shopify,,continue,manual,19.90,,TRUE,TRUE,9010544139747,https://cdn.shopify.com/s/files/1/0511/7820/9461/files/pho_wp_nmon_t14018__sall__awsg__v1.jpg?v=1680287633,1,Screw cap adaptor,FALSE,Screw cap adaptor,Screw cap adaptor,Tools,,Adult,T14018,WP - Socket,WP - Special tools,new,FALSE,,,,,,,kg,,
wp-t14020,Support tool,<ul><li>Tool for holding the piston rod</li></ul>,WP,Hardware > Tools,WP - Support tool,WP - Special tools,TRUE,Title,Default Title,,,,,T14020,,shopify,,continue,manual,11.98,,TRUE,TRUE,9010544139709,https://cdn.shopify.com/s/files/1/0511/7820/9461/files/pho_wp_nmon_t14020__sall__awsg__v1.jpg?v=1680287639,1,Support tool,FALSE,Support tool,Tool for holding the piston rod,Tools,,Adult,T14020,WP - Support tool,WP - Special tools,new,FALSE,,,,,,,kg,,
wp-t14021,Calibrating unit,<ul><li>Tool for calibrating components (DU bush)</li><li>Diameter: 12 mm (0.47 in)</li></ul>,WP,Hardware > Tools,WP - Drift,WP - Special tools,TRUE,Title,Default Title,,,,,T14021,,shopify,,continue,manual,24.20,,TRUE,TRUE,9010544139693,https://cdn.shopify.com/s/files/1/0511/7820/9461/files/pho_wp_nmon_t14021__sall__awsg__v1.jpg?v=1680287626,1,Calibrating unit,FALSE,Calibrating unit,Tool for calibrating components (DU bush) Diameter: 12 mm (0.47 in),Tools,,Adult,T14021,WP - Drift,WP - Special tools,new,FALSE,,,,,,,kg,,
wp-t14022b,Pressing tool,"<ul><li>Tool for removing and installing components (DU bush)</li><li>Diameter: 11,95 - 21,4 mm (0.4705 - 0.843 in)</li></ul>",WP,Hardware > Tools,WP - Drift,WP - Special tools,TRUE,Title,Default Title,,,,,T14022B,,shopify,,continue,manual,21.96,,TRUE,TRUE,9010544139686,https://cdn.shopify.com/s/files/1/0511/7820/9461/files/pho_wp_nmon_t14022b__sall__awsg__v1.jpg?v=1680287594,1,Pressing tool,FALSE,Pressing tool,"Tool for removing and installing components (DU bush) Diameter: 11,95 - 21,4 mm (0.4705 - 0.843 in)",Tools,,Adult,T14022B,WP - Drift,WP - Special tools,new,FALSE,,,,,,,kg,,
wp-t14023,Thread protection sleeve,"<ul><li class=""li-square"">Tool for protecting components (thread of screw sleeve)</li><li class=""li-square"">Diameter: 24,5 mm (0.965 in)</li></ul>",WP,Hardware > Tools,WP - Sale,WP - Special tools,TRUE,Title,Default Title,,,,,T14023,,shopify,,continue,manual,15.00,,TRUE,TRUE,9010544139679,https://cdn.shopify.com/s/files/1/0511/7820/9461/files/pho_wp_nmon_t14023__sall__awsg__v1.jpg?v=1721983040,1,Thread protection sleeve,FALSE,Thread protection sleeve,"Tool for protecting components (thread of screw sleeve) Diameter: 24,5 mm (0.965 in)",Tools,,Adult,T14023,WP - Sale,WP - Special tools,new,FALSE,,,,,,,kg,,
wp-t14025,Seal mounting adapter,Seal mounting adapter,WP,Hardware > Tools,WP - Mounting tool,WP - Special tools,FALSE,Title,Default Title,,,,,T14025,,shopify,,continue,manual,14.52,,TRUE,TRUE,9010544139655,https://cdn.shopify.com/s/files/1/0511/7820/9461/files/pho_wp_nmon_t14025__sall__awsg__v1.jpg?v=1680287632,1,Seal mounting adapter,FALSE,Seal mounting adapter,Seal mounting adapter,Tools,,Adult,T14025,WP - Mounting tool,WP - Special tools,new,FALSE,,,,,,,kg,,
wp-t14028,Ring wrench,Ring wrench,WP,Hardware > Tools,WP - Wrench,WP - Special tools,TRUE,Title,Default Title,,,,,T14028,,shopify,,continue,manual,20.45,,TRUE,TRUE,9010544139617,https://cdn.shopify.com/s/files/1/0511/7820/9461/files/pho_wp_nmon_t14028__sall__awsg__v1.jpg?v=1680287636,1,Ring wrench,FALSE,Ring wrench,Ring wrench,Tools,,Adult,T14028,WP - Wrench,WP - Special tools,new,FALSE,,,,,,,kg,,
wp-t14029,Mounting sleeve,"<ul><li>Tool for mouting components (seal ring)</li><li>Diameter: 12,45 mm (0.4902 in)</li></ul>",WP,Hardware > Tools,WP - Mounting tool,WP - Special tools,TRUE,Title,Default Title,,,,,T14029,,shopify,,continue,manual,23.96,,TRUE,TRUE,9010544139600,https://cdn.shopify.com/s/files/1/0511/7820/9461/files/pho_wp_nmon_t14029__sall__awsg__v1.jpg?v=1680287638,1,Mounting sleeve,FALSE,Mounting sleeve,"Tool for mouting components (seal ring) Diameter: 12,45 mm (0.4902 in)",Tools,,Adult,T14029,WP - Mounting tool,WP - Special tools,new,FALSE,,,,,,,kg,,
wp-t14030,Filling adapter,<ul><li>Tool for bleeding and filling cartridge</li><li>M4</li><li>Diameter: 16 mm (0.63 in)</li></ul>,WP,Hardware > Tools,WP - Adaptor,WP - Special tools,TRUE,Title,Default Title,,,,,T14030,,shopify,,continue,manual,16.88,,TRUE,TRUE,9010544139570,https://cdn.shopify.com/s/files/1/0511/7820/9461/files/pho_wp_nmon_t14030__sall__awsg__v1.jpg?v=1680287642,1,Filling adapter,FALSE,Filling adapter,Tool for bleeding and filling cartridge M4 Diameter: 16 mm (0.63 in),Tools,,Adult,T14030,WP - Adaptor,WP - Special tools,new,FALSE,,,,,,,kg,,
wp-t14031,Pressing tool,Pressing tool,WP,Hardware > Tools,WP - Drift,WP - Special tools,TRUE,Title,Default Title,,,,,T14031,,shopify,,continue,manual,17.18,,TRUE,TRUE,9010544139563,https://cdn.shopify.com/s/files/1/0511/7820/9461/files/pho_wp_nmon_t14031__sall__awsg__v1.jpg?v=1680287632,1,Pressing tool,FALSE,Pressing tool,Pressing tool,Tools,,Adult,T14031,WP - Drift,WP - Special tools,new,FALSE,,,,,,,kg,,
wp-t14032,Open end wrench,<ul><li>Tool for disassembling and assembling the fork legs</li><li>Jaw opening: 22 mm (0.87 in)</li></ul>,WP,Hardware > Tools,WP - Wrench,WP - Special tools,TRUE,Title,Default Title,,,,,T14032,,shopify,,continue,manual,22.75,,TRUE,TRUE,9010544139556,https://cdn.shopify.com/s/files/1/0511/7820/9461/files/pho_wp_nmon_t14032__sall__awsg__v1.jpg?v=1680287637,1,Open end wrench,FALSE,Open end wrench,Tool for disassembling and assembling the fork legs Jaw opening: 22 mm (0.87 in),Tools,,Adult,T14032,WP - Wrench,WP - Special tools,new,FALSE,,,,,,,kg,,
wp-t14033,Tweezers,"<ul><li class=""li-square"">Werkzeug zum Montieren von Bauteilen (Kontrollventil)</li></ul>",WP,Hardware > Tools,WP - Sale,WP - Special tools,TRUE,Title,Default Title,,,,,T14033,,shopify,,continue,manual,35.21,,TRUE,TRUE,9010544139549,https://cdn.shopify.com/s/files/1/0511/7820/9461/files/pho_wp_nmon_t14033__sall__awsg__v1.jpg?v=1721983073,1,Tweezers,FALSE,Tweezers,Werkzeug zum Montieren von Bauteilen (Kontrollventil),Tools,,Adult,T14033,WP - Sale,WP - Special tools,new,FALSE,,,,,,,kg,,
wp-t14034,Seal Grease,Seal Grease,WP,Hardware > Tools,WP - Grease,WP - Special tools,TRUE,Title,Default Title,,,,,T14034,,shopify,,continue,manual,34.97,,TRUE,TRUE,9010544139532,https://cdn.shopify.com/s/files/1/0511/7820/9461/files/pho_nmon_t14034_fuchs_grease_ipr2__sall__awsg__v1.jpg?v=1675956916,1,Seal Grease,FALSE,Seal Grease,Seal Grease,Tools,,Adult,T14034,WP - Grease,WP - Special tools,new,FALSE,,,,,,,kg,,
wp-t14034,,,,,,,,,,,,,,,,,,,,,,,,,https://cdn.shopify.com/s/files/1/0511/7820/9461/files/pho_nmon_t14034_fuchs_grease_ipr2_var__sall__awsg__v1.jpg?v=1675956916,2,Seal Grease,,,,,,,,,,,,,,,,,,,,
wp-t14038s,Tool cone piston position,Tool cone piston position,WP,Hardware > Tools,WP - Clamping stand,WP - Special tools,TRUE,Title,Default Title,,,,,T14038S,,shopify,,continue,manual,54.03,,TRUE,TRUE,9010544139525,https://cdn.shopify.com/s/files/1/0511/7820/9461/files/pho_wp_nmon_t14038s__sall__awsg__v1.jpg?v=1680287633,1,Tool cone piston position,FALSE,Tool cone piston position,Tool cone piston position,Tools,,Adult,T14038S,WP - Clamping stand,WP - Special tools,new,FALSE,,,,,,,kg,,
wp-t1403s,Clamping stand,"<ul><li>Tool for clamping components (fork legs, outer fork tube)</li><li>Diameter: 48 mm (1.89 in)</li><li>Diameter: 60 mm (2.36 in)</li></ul>",WP,Hardware > Tools,WP - Clamping stand,WP - Special tools,TRUE,Title,Default Title,,,,,T1403S,,shopify,,continue,manual,49.07,,TRUE,TRUE,9010544139518,https://cdn.shopify.com/s/files/1/0511/7820/9461/files/pho_wp_nmon_t1403s__sall__awsg__v1.jpg?v=1680287630,1,Clamping stand,FALSE,Clamping stand,"Tool for clamping components (fork legs, outer fork tube) Diameter: 48 mm (1.89 in) Diameter: 60 mm (2.36 in)",Tools,,Adult,T1403S,WP - Clamping stand,WP - Special tools,new,FALSE,,,,,,,kg,,
wp-t14040s,Mounting tool,<ul><li>Tool for holding when assembling fork legs</li><li>Diameter: 48 mm (1.89 in)</li></ul>,WP,Hardware > Tools,WP - Mounting tool,WP - Special tools,TRUE,Title,Default Title,,,,,T14040S,,shopify,,continue,manual,51.18,,TRUE,TRUE,9010544139501,https://cdn.shopify.com/s/files/1/0511/7820/9461/files/pho_wp_nmon_t14040s__sall__awsg__v1.jpg?v=1680287629,1,Mounting tool,FALSE,Mounting tool,Tool for holding when assembling fork legs Diameter: 48 mm (1.89 in),Tools,,Adult,T14040S,WP - Mounting tool,WP - Special tools,new,FALSE,,,,,,,kg,,
wp-t14042s,Wrench pin bore screw cap,Wrench pin bore screw cap,WP,Hardware > Tools,WP - Socket,WP - Special tools,FALSE,Title,Default Title,,,,,T14042S,,shopify,,continue,manual,123.18,,TRUE,TRUE,9010544139495,https://cdn.shopify.com/s/files/1/0511/7820/9461/files/pho_wp_nmon_t14042s__sall__awsg__v1.jpg?v=1680287642,1,Wrench pin bore screw cap,FALSE,Wrench pin bore screw cap,Wrench pin bore screw cap,Tools,,Adult,T14042S,WP - Socket,WP - Special tools,new,FALSE,,,,,,,kg,,
wp-t14045,Allen wrench screw cap,Allen wrench screw cap,WP,Hardware > Tools,WP - Socket,WP - Special tools,FALSE,Title,Default Title,,,,,T14045,,shopify,,continue,manual,39.75,,TRUE,TRUE,9010544139488,https://cdn.shopify.com/s/files/1/0511/7820/9461/files/pho_wp_nmon_t14045__sall__awsg__v1.jpg?v=1680287628,1,Allen wrench screw cap,FALSE,Allen wrench screw cap,Allen wrench screw cap,Tools,,Adult,T14045,WP - Socket,WP - Special tools,new,FALSE,,,,,,,kg,,
wp-t14046,Allen wrench spring preload,Allen wrench spring preload,WP,Hardware > Tools,WP - Socket,WP - Special tools,FALSE,Title,Default Title,,,,,T14046,,shopify,,continue,manual,36.42,,TRUE,TRUE,9010544139471,https://cdn.shopify.com/s/files/1/0511/7820/9461/files/pho_wp_nmon_t14046__sall__awsg__v1.jpg?v=1680287634,1,Allen wrench spring preload,FALSE,Allen wrench spring preload,Allen wrench spring preload,Tools,,Adult,T14046,WP - Socket,WP - Special tools,new,FALSE,,,,,,,kg,,
wp-t14047,Groove nut wrench,<ul><li>Tool for loosening and tightening components (screw cap)</li><li>Drive: 1/2 in</li><li>Narrow diameter: 34 mm (1.34 in)</li><li>Wide diameter: 42.7 mm (1.681 in)</li></ul>,WP,Hardware > Tools,WP - Socket,WP - Special tools,TRUE,Title,Default Title,,,,,T14047,,shopify,,continue,manual,37.27,,TRUE,TRUE,9010544139464,https://cdn.shopify.com/s/files/1/0511/7820/9461/files/pho_wp_nmon_t14047__sall__awsg__v1.jpg?v=1721981018,1,Groove nut wrench,FALSE,Groove nut wrench,Tool for loosening and tightening components (screw cap) Drive: 1/2 in Narrow diameter: 34 mm (1.34 in) Wide diameter: 42.7 mm (1.681 in),Tools,,Adult,T14047,WP - Socket,WP - Special tools,new,FALSE,,,,,,,kg,,
wp-t14048,Key SW 14,Key SW 14,WP,Hardware > Tools,WP - Wrench,WP - Special tools,FALSE,Title,Default Title,,,,,T14048,,shopify,,continue,manual,25.11,,TRUE,TRUE,9010544139457,https://cdn.shopify.com/s/files/1/0511/7820/9461/files/pho_wp_nmon_t14048__sall__awsg__v1.jpg?v=1680287642,1,Key SW 14,FALSE,Key SW 14,Key SW 14,Tools,,Adult,T14048,WP - Wrench,WP - Special tools,new,FALSE,,,,,,,kg,,
wp-t14049s,Clamping stand,"<ul><li>Tool for clamping components (piston rod, cartridge)</li><li>Diameter: 8 mm (0.31 in)</li><li>Diameter: 24,8 mm (0.976 in)</li></ul>",WP,Hardware > Tools,WP - Clamping stand,WP - Special tools,TRUE,Title,Default Title,,,,,T14049S,,shopify,,continue,manual,39.14,,TRUE,TRUE,9010544139440,https://cdn.shopify.com/s/files/1/0511/7820/9461/files/pho_wp_nmon_t14049s__sall__awsg__v1.jpg?v=1680287630,1,Clamping stand,FALSE,Clamping stand,"Tool for clamping components (piston rod, cartridge) Diameter: 8 mm (0.31 in) Diameter: 24,8 mm (0.976 in)",Tools,,Adult,T14049S,WP - Clamping stand,WP - Special tools,new,FALSE,,,,,,,kg,,
wp-t1404s,Mounting tool,"Inner pipe assembly tool, suitable for D=48 mm fork.",WP,Hardware > Tools,WP - Mounting tool,WP - Special tools,TRUE,Title,Default Title,,,,,T1404S,,shopify,,continue,manual,31.34,,TRUE,TRUE,9010544139433,https://cdn.shopify.com/s/files/1/0511/7820/9461/files/pho_wp_nmon_t1404s__sall__awsg__v1.jpg?v=1680287639,1,Mounting tool,FALSE,Mounting tool,"Inner pipe assembly tool, suitable for D=48 mm fork.",Tools,,Adult,T1404S,WP - Mounting tool,WP - Special tools,new,FALSE,,,,,,,kg,,
wp-t14050s,Spring tensioner,<ul><li>Tool for removing and installing springs</li></ul>,WP,Hardware > Tools,WP - Mounting tool,WP - Special tools,TRUE,Title,Default Title,,,,,T14050S,,shopify,,continue,manual,401.78,,TRUE,TRUE,9010544139426,https://cdn.shopify.com/s/files/1/0511/7820/9461/files/pho_wp_nmon_t14050s__sall__awsg__v1.jpg?v=1721981019,1,Spring tensioner,FALSE,Spring tensioner,Tool for removing and installing springs,Tools,,Adult,T14050S,WP - Mounting tool,WP - Special tools,new,FALSE,,,,,,,kg,,
wp-t14051,Pressing tool,"<ul><li>Tool for removing the cartridge from the fork leg</li><li>Diamter: 27,5 mm (1.083 in)</li></ul>",WP,Hardware > Tools,WP - Mounting tool,WP - Special tools,TRUE,Title,Default Title,,,,,T14051,,shopify,,continue,manual,37.21,,TRUE,TRUE,9010544139419,https://cdn.shopify.com/s/files/1/0511/7820/9461/files/pho_wp_nmon_t14051__sall__awsg__v1.jpg?v=1680287628,1,Pressing tool,FALSE,Pressing tool,"Tool for removing the cartridge from the fork leg Diamter: 27,5 mm (1.083 in)",Tools,,Adult,T14051,WP - Mounting tool,WP - Special tools,new,FALSE,,,,,,,kg,,
wp-t14053s,Innertube mounting tool,Innertube mounting tool,WP,Hardware > Tools,WP - Socket,WP - Special tools,FALSE,Title,Default Title,,,,,T14053S,,shopify,,continue,manual,35.27,,TRUE,TRUE,9010544139396,https://cdn.shopify.com/s/files/1/0511/7820/9461/files/pho_wp_nmon_t14053s__sall__awsg__v1.jpg?v=1680287630,1,Innertube mounting tool,FALSE,Innertube mounting tool,Innertube mounting tool,Tools,,Adult,T14053S,WP - Socket,WP - Special tools,new,FALSE,,,,,,,kg,,
wp-t14058,Strap wrench,Strap wrench,WP,Hardware > Tools,WP - Wrench,WP - Special tools,FALSE,Title,Default Title,,,,,T14058,,shopify,,continue,manual,41.93,,TRUE,TRUE,9010544139389,https://cdn.shopify.com/s/files/1/0511/7820/9461/files/pho_wp_nmon_t14058__sall__awsg__v1.jpg?v=1680287641,1,Strap wrench,FALSE,Strap wrench,Strap wrench,Tools,,Adult,T14058,WP - Wrench,WP - Special tools,new,FALSE,,,,,,,kg,,
wp-t14061,Cartridge Spanner,Cartridge Spanner,WP,Hardware > Tools,WP - Socket,WP - Special tools,FALSE,Title,Default Title,,,,,T14061,,shopify,,continue,manual,96.80,,TRUE,TRUE,9010544139365,https://cdn.shopify.com/s/files/1/0511/7820/9461/files/pho_wp_nmon_t14061__sall__awsg__v1.jpg?v=1680287638,1,Cartridge Spanner,FALSE,Cartridge Spanner,Cartridge Spanner,Tools,,Adult,T14061,WP - Socket,WP - Special tools,new,FALSE,,,,,,,kg,,
wp-t14062,Seal carrier spanner 55mm,Seal carrier spanner 55mm,WP,Hardware > Tools,WP - Wrench,WP - Special tools,TRUE,Title,Default Title,,,,,T14062,,shopify,,continue,manual,47.19,,TRUE,TRUE,9010544139358,https://cdn.shopify.com/s/files/1/0511/7820/9461/files/pho_wp_nmon_t14062__sall__awsg__v2.jpg?v=1721980998,1,Seal carrier spanner 55mm,FALSE,Seal carrier spanner 55mm,Seal carrier spanner 55mm,Tools,,Adult,T14062,WP - Wrench,WP - Special tools,new,FALSE,,,,,,,kg,,
wp-t14063,Fork cap spanner,Fork cap spanner,WP,Hardware > Tools,WP - Socket,WP - Special tools,FALSE,Title,Default Title,,,,,T14063,,shopify,,continue,manual,36.42,,TRUE,TRUE,9010544139341,https://cdn.shopify.com/s/files/1/0511/7820/9461/files/pho_wp_nmon_t14063__sall__awsg__v1.jpg?v=1680287637,1,Fork cap spanner,FALSE,Fork cap spanner,Fork cap spanner,Tools,,Adult,T14063,WP - Socket,WP - Special tools,new,FALSE,,,,,,,kg,,
wp-t14064,Cartridge bottom tool,Cartridge bottom tool,WP,Hardware > Tools,WP - Socket,WP - Special tools,FALSE,Title,Default Title,,,,,T14064,,shopify,,continue,manual,42.11,,TRUE,TRUE,9010544139334,https://cdn.shopify.com/s/files/1/0511/7820/9461/files/pho_wp_nmon_t14064__sall__awsg__v1.jpg?v=1680287629,1,Cartridge bottom tool,FALSE,Cartridge bottom tool,Cartridge bottom tool,Tools,,Adult,T14064,WP - Socket,WP - Special tools,new,FALSE,,,,,,,kg,,
wp-t14065,Seal Driver,Seal Driver,WP,Hardware > Tools,WP - Mounting tool,WP - Special tools,FALSE,Title,Default Title,,,,,T14065,,shopify,,continue,manual,57.17,,TRUE,TRUE,9010544139327,https://cdn.shopify.com/s/files/1/0511/7820/9461/files/pho_wp_nmon_t14065__sall__awsg__v1.jpg?v=1680287632,1,Seal Driver,FALSE,Seal Driver,Seal Driver,Tools,,Adult,T14065,WP - Mounting tool,WP - Special tools,new,FALSE,,,,,,,kg,,
wp-t14067,Spring Puller,Spring Puller,WP,Hardware > Tools,WP - Mounting tool,WP - Special tools,FALSE,Title,Default Title,,,,,T14067,,shopify,,continue,manual,28.68,,TRUE,TRUE,9010544139310,https://cdn.shopify.com/s/files/1/0511/7820/9461/files/pho_wp_nmon_t14067__sall__awsg__v1.jpg?v=1680287636,1,Spring Puller,FALSE,Spring Puller,Spring Puller,Tools,,Adult,T14067,WP - Mounting tool,WP - Special tools,new,FALSE,,,,,,,kg,,
wp-t14072,Clamping stand,<ul><li>Tool for clamping components (cartridge)</li><li>Diameter: 37 mm (1.46 in)</li></ul>,WP,Hardware > Tools,WP - Clamping stand,WP - Special tools,TRUE,Title,Default Title,,,,,T14072,,shopify,,continue,manual,30.31,,TRUE,TRUE,9010544139273,https://cdn.shopify.com/s/files/1/0511/7820/9461/files/pho_wp_nmon_t14072__sall__awsg__v1.jpg?v=1680287640,1,Clamping stand,FALSE,Clamping stand,Tool for clamping components (cartridge) Diameter: 37 mm (1.46 in),Tools,,Adult,T14072,WP - Clamping stand,WP - Special tools,new,FALSE,,,,,,,kg,,
wp-t14073s,Seal mounting adapter,Seal mounting adapter,WP,Hardware > Tools,WP - Mounting tool,WP - Special tools,TRUE,Title,Default Title,,,,,T14073S,,shopify,,continue,manual,30.73,,TRUE,TRUE,9010544139259,https://cdn.shopify.com/s/files/1/0511/7820/9461/files/pho_wp_nmon_t14073s__sall__awsg__v1.jpg?v=1680287643,1,Seal mounting adapter,FALSE,Seal mounting adapter,Seal mounting adapter,Tools,,Adult,T14073S,WP - Mounting tool,WP - Special tools,new,FALSE,,,,,,,kg,,
wp-t14074s,Reservoir cap spanner,Reservoir cap spanner,WP,Hardware > Tools,WP - Wrench,WP - Special tools,FALSE,Title,Default Title,,,,,T14074S,,shopify,,continue,manual,51.73,,TRUE,TRUE,9010544139242,https://cdn.shopify.com/s/files/1/0511/7820/9461/files/pho_wp_nmon_t14074s__sall__awsg__v1.jpg?v=1680287637,1,Reservoir cap spanner,FALSE,Reservoir cap spanner,Reservoir cap spanner,Tools,,Adult,T14074S,WP - Wrench,WP - Special tools,new,FALSE,,,,,,,kg,,
wp-t14076,Pressing tool,Pressing tool,WP,Hardware > Tools,WP - Drift,WP - Special tools,TRUE,Title,Default Title,,,,,T14076,,shopify,,continue,manual,24.93,,TRUE,TRUE,9010544139235,https://cdn.shopify.com/s/files/1/0511/7820/9461/files/pho_wp_nmon_t14076__sall__awsg__v1.jpg?v=1680287642,1,Pressing tool,FALSE,Pressing tool,Pressing tool,Tools,,Adult,T14076,WP - Drift,WP - Special tools,new,FALSE,,,,,,,kg,,
wp-t14083,Special tool,Special tool,WP,Hardware > Tools,WP - Wrench,WP - Special tools,FALSE,Title,Default Title,,,,,T14083,,shopify,,continue,manual,51.24,,TRUE,TRUE,9010544139204,https://cdn.shopify.com/s/files/1/0511/7820/9461/files/pho_wp_nmon_t14083__sall__awsg__v1.jpg?v=1721981018,1,Special tool,FALSE,Special tool,Special tool,Tools,,Adult,T14083,WP - Wrench,WP - Special tools,new,FALSE,,,,,,,kg,,
wp-t14084,Special socket,<ul><li>Tool for loosening and tightening components (screw cap)</li><li>Drive: 1/2 in</li><li>Diameter: 24 mm (0.94 in)</li></ul>,WP,Hardware > Tools,WP - Socket,WP - Special tools,TRUE,Title,Default Title,,,,,T14084,,shopify,,continue,manual,38.66,,TRUE,TRUE,9010544139198,https://cdn.shopify.com/s/files/1/0511/7820/9461/files/pho_wp_nmon_t14084__sall__awsg__v1.jpg?v=1680287642,1,Special socket,FALSE,Special socket,Tool for loosening and tightening components (screw cap) Drive: 1/2 in Diameter: 24 mm (0.94 in),Tools,,Adult,T14084,WP - Socket,WP - Special tools,new,FALSE,,,,,,,kg,,
wp-t14086e,Fork pump adapter,<ul><li>Convenient and easy to use</li></ul><p></p>,WP,Hardware > Tools,WP - Air pump,WP - Special tools,TRUE,Title,Default Title,,,,,T14086E,,shopify,,continue,manual,77.38,,TRUE,TRUE,9010544139174,https://cdn.shopify.com/s/files/1/0511/7820/9461/files/pho_wp_nmon_t14086e_2__sall__awsg__v1.jpg?v=1721980998,1,Fork pump adapter,FALSE,Fork pump adapter,Convenient and easy to use,Tools,,Adult,T14086E,WP - Air pump,WP - Special tools,new,FALSE,,,,,,,kg,,
wp-t14086e,,,,,,,,,,,,,,,,,,,,,,,,,https://cdn.shopify.com/s/files/1/0511/7820/9461/files/pho_nmon_t14086e_fork_pump_adapter__sall__awsg__v1.jpg?v=1650461478,2,Fork pump adapter,,,,,,,,,,,,,,,,,,,,
wp-t14096,Ring wrench,Ring wrench,WP,Hardware > Tools,WP - Wrench,WP - Special tools,TRUE,Title,Default Title,,,,,T14096,,shopify,,continue,manual,42.53,,TRUE,TRUE,9010544139136,https://cdn.shopify.com/s/files/1/0511/7820/9461/files/pho_wp_nmon_t14096__sall__awsg__v1.jpg?v=1721983412,1,Ring wrench,FALSE,Ring wrench,Ring wrench,Tools,,Adult,T14096,WP - Wrench,WP - Special tools,new,FALSE,,,,,,,kg,,
wp-t14098s,Clamping stand,Clamping stand,WP,Hardware > Tools,WP - Clamping stand,WP - Special tools,TRUE,Title,Default Title,,,,,T14098S,,shopify,,continue,manual,58.44,,TRUE,TRUE,9010544139129,https://cdn.shopify.com/s/files/1/0511/7820/9461/files/pho_wp_nmon_t14098s__sall__awsg__v1.jpg?v=1721981018,1,Clamping stand,FALSE,Clamping stand,Clamping stand,Tools,,Adult,T14098S,WP - Clamping stand,WP - Special tools,new,FALSE,,,,,,,kg,,
wp-t14099,Mounting tool,Mounting tool,WP,Hardware > Tools,WP - Mounting tool,WP - Special tools,TRUE,Title,Default Title,,,,,T14099,,shopify,,continue,manual,54.15,,TRUE,TRUE,9010544139112,https://cdn.shopify.com/s/files/1/0511/7820/9461/files/pho_wp_nmon_t14099__sall__awsg__v1.jpg?v=1721981018,1,Mounting tool,FALSE,Mounting tool,Mounting tool,Tools,,Adult,T14099,WP - Mounting tool,WP - Special tools,new,FALSE,,,,,,,kg,,
wp-t14102,Mounting tool,Mounting tool,WP,Hardware > Tools,WP - Wrench,WP - Special tools,TRUE,Title,Default Title,,,,,T14102,,shopify,,continue,manual,110.05,,TRUE,TRUE,9010544139099,https://cdn.shopify.com/s/files/1/0511/7820/9461/files/pho_wp_nmon_t14102__sall__awsg__v1.jpg?v=1721981018,1,Mounting tool,FALSE,Mounting tool,Mounting tool,Tools,,Adult,T14102,WP - Wrench,WP - Special tools,new,FALSE,,,,,,,kg,,
wp-t14102,,,,,,,,,,,,,,,,,,,,,,,,,https://cdn.shopify.com/s/files/1/0511/7820/9461/files/pho_wp_nmon_t14102_spezialschl_ssel__sall__awsg__v1.jpg?v=1680287432,2,Mounting tool,,,,,,,,,,,,,,,,,,,,
wp-t14105,Adapter,Adjusting tool compression adjuster,WP,Hardware > Tools,WP - Adaptor,WP - Special tools,TRUE,Title,Default Title,,,,,T14105,,shopify,,continue,manual,23.47,,TRUE,TRUE,9010544261332,https://cdn.shopify.com/s/files/1/0511/7820/9461/files/pho_wp_nmon_t14105__sall__awsg__v1.jpg?v=1721981018,1,Adapter,FALSE,Adapter,Adjusting tool compression adjuster,Tools,,Adult,T14105,WP - Adaptor,WP - Special tools,new,FALSE,,,,,,,kg,,
wp-t14106s,Special wrench,Special wrench for APEX PRO 7548 Spring fork - seal holder (KTM 1290 Super Duke RR),WP,Hardware > Tools,WP - Wrench,WP - Special tools,TRUE,Title,Default Title,,,,,T14106S,,shopify,,continue,manual,95.83,,TRUE,TRUE,9010544287295,https://cdn.shopify.com/s/files/1/0511/7820/9461/files/pho_wp_nmon_t14106s__sall__awsg__v1.jpg?v=1721982387,1,Special wrench,FALSE,Special wrench,Special wrench for APEX PRO 7548 Spring fork - seal holder (KTM 1290 Super Duke RR),Tools,,Adult,T14106S,WP - Wrench,WP - Special tools,new,FALSE,,,,,,,kg,,
wp-t14107s,Socket,Socket for tap compression,WP,Hardware > Tools,WP - Socket,WP - Special tools,TRUE,Title,Default Title,,,,,T14107S,,shopify,,continue,manual,39.08,,TRUE,TRUE,9010544413601,https://cdn.shopify.com/s/files/1/0511/7820/9461/files/pho_wp_nmon_t14107s__sall__awsg__v1.jpg?v=1721982387,1,Socket,FALSE,Socket,Socket for tap compression,Tools,,Adult,T14107S,WP - Socket,WP - Special tools,new,FALSE,,,,,,,kg,,
wp-t14109s,"Klemmbacken TRSA D=23,8","<ul><li class=""li-square"">Werkzeug zum Einspannen von Bauteilen (Patrone)</li><li class=""li-square"">Durchmesser: 23,8 mm</li></ul>",WP,Hardware > Tools,WP - Clamping stand,WP - Special tools,TRUE,Title,Default Title,,,,,T14109S,,shopify,,continue,manual,35.51,,TRUE,TRUE,9010544513097,,,,FALSE,"Klemmbacken TRSA D=23,8","Werkzeug zum Einspannen von Bauteilen (Patrone) Durchmesser: 23,8 mm",Tools,,Adult,T14109S,WP - Clamping stand,WP - Special tools,new,FALSE,,,,,,,kg,,
wp-t14110s,Stecknuss Innenrohrverschraubung,Stecknuss Innenrohrverschraubung,WP,Hardware > Tools,WP - Socket,WP - Special tools,TRUE,Title,Default Title,,,,,T14110S,,shopify,,continue,manual,39.57,,TRUE,TRUE,9010544568127,https://cdn.shopify.com/s/files/1/0511/7820/9461/files/pho_wp_nmon_t14110s__sall__awsg__v1.jpg?v=1736367147,1,Stecknuss Innenrohrverschraubung,FALSE,Stecknuss Innenrohrverschraubung,Stecknuss Innenrohrverschraubung,Tools,,Adult,T14110S,WP - Socket,WP - Special tools,new,FALSE,,,,,,,kg,,
wp-t14115s,Spring preload tool,Spring preload tool,WP,Hardware > Tools,WP - Mounting tool,WP - Special tools,TRUE,Title,Default Title,,,,,T14115S,,shopify,,continue,manual,174.48,,TRUE,TRUE,9010544551952,https://cdn.shopify.com/s/files/1/0511/7820/9461/files/pho_wp_nmon_t14115s__sall__awsg__v1.jpg?v=1721981018,1,Spring preload tool,FALSE,Spring preload tool,Spring preload tool,Tools,,Adult,T14115S,WP - Mounting tool,WP - Special tools,new,FALSE,,,,,,,kg,,
wp-t145s,Mounting tool,"Reservoir cap removal/fitting, suitable for WP suspension struts.",WP,Hardware > Tools,WP - Socket,WP - Special tools,TRUE,Title,Default Title,,,,,T145S,,shopify,,continue,manual,27.47,,TRUE,TRUE,9010544139075,https://cdn.shopify.com/s/files/1/0511/7820/9461/files/pho_wp_nmon_t145s__sall__awsg__v1.jpg?v=1680287630,1,Mounting tool,FALSE,Mounting tool,"Reservoir cap removal/fitting, suitable for WP suspension struts.",Tools,,Adult,T145S,WP - Socket,WP - Special tools,new,FALSE,,,,,,,kg,,
wp-t146,Mounting tool,Mounting tool,WP,Hardware > Tools,WP - Mounting tool,WP - Special tools,TRUE,Title,Default Title,,,,,T146,,shopify,,continue,manual,121.36,,TRUE,TRUE,9010544139068,https://cdn.shopify.com/s/files/1/0511/7820/9461/files/pho_wp_nmon_t146__sall__awsg__v1.jpg?v=1680287636,1,Mounting tool,FALSE,Mounting tool,Mounting tool,Tools,,Adult,T146,WP - Mounting tool,WP - Special tools,new,FALSE,,,,,,,kg,,
wp-t147,Clamping bush,Clamping bush,WP,Hardware > Tools,WP - Mounting tool,WP - Special tools,TRUE,Title,Default Title,,,,,T147,,shopify,,continue,manual,23.72,,TRUE,TRUE,9010544139051,https://cdn.shopify.com/s/files/1/0511/7820/9461/files/pho_wp_nmon_t147__sall__awsg__v1.jpg?v=1680287632,1,Clamping bush,FALSE,Clamping bush,Clamping bush,Tools,,Adult,T147,WP - Mounting tool,WP - Special tools,new,FALSE,,,,,,,kg,,
wp-t148,Adapter Ø50 for clamp wrench T146,Adapter Ø50 for clamp wrench T146,WP,Hardware > Tools,WP - Mounting tool,WP - Special tools,FALSE,Title,Default Title,,,,,T148,,shopify,,continue,manual,23.66,,TRUE,TRUE,9010544139044,https://cdn.shopify.com/s/files/1/0511/7820/9461/files/pho_wp_nmon_t148__sall__awsg__v1.jpg?v=1680287631,1,Adapter Ø50 for clamp wrench T146,FALSE,Adapter Ø50 for clamp wrench T146,Adapter Ø50 for clamp wrench T146,Tools,,Adult,T148,WP - Mounting tool,WP - Special tools,new,FALSE,,,,,,,kg,,
wp-t149,Calibrating central carrier bush,"Calibrating central mounting bush D=14 mm, suitable for 3612 and 4681 suspension struts.",WP,Hardware > Tools,WP - Drift,WP - Special tools,TRUE,Title,Default Title,,,,,T149,,shopify,,continue,manual,24.20,,TRUE,TRUE,9010544139037,https://cdn.shopify.com/s/files/1/0511/7820/9461/files/pho_wp_nmon_t149__sall__awsg__v1.jpg?v=1680287634,1,Calibrating central carrier bush,FALSE,Calibrating central carrier bush,"Calibrating central mounting bush D=14 mm, suitable for 3612 and 4681 suspension struts.",Tools,,Adult,T149,WP - Drift,WP - Special tools,new,FALSE,,,,,,,kg,,
wp-t149,,,,,,,,,,,,,,,,,,,,,,,,,https://cdn.shopify.com/s/files/1/0511/7820/9461/files/pho_fallback_fallback_no_picture__sall__awsg__v1.jpg?v=1774382207,2,Calibrating central carrier bush,,,,,,,,,,,,,,,,,,,,
wp-t15000,Press-out tool,Tool for press-out silent block's,WP,Hardware > Tools,WP - Mounting tool,WP - Special tools,TRUE,Title,Default Title,,,,,T15000,,shopify,,continue,manual,28.07,,TRUE,TRUE,9010544386561,https://cdn.shopify.com/s/files/1/0511/7820/9461/files/pho_wp_nmon_t15000__sall__awsg__v1.jpg?v=1721981018,1,Press-out tool,FALSE,Press-out tool,Tool for press-out silent block's,Tools,,Adult,T15000,WP - Mounting tool,WP - Special tools,new,FALSE,,,,,,,kg,,
wp-t1504,Pressing tool,<ul><li>Tool for positioning components (DU bush in seal ring retainer)</li><li>Diameter: 18 mm (0.71 in)</li></ul>,WP,Hardware > Tools,WP - Drift,WP - Special tools,TRUE,Title,Default Title,,,,,T1504,,shopify,,continue,manual,18.94,,TRUE,TRUE,9010544138986,https://cdn.shopify.com/s/files/1/0511/7820/9461/files/pho_wp_nmon_t1504__sall__awsg__v1.jpg?v=1680287633,1,Pressing tool,FALSE,Pressing tool,Tool for positioning components (DU bush in seal ring retainer) Diameter: 18 mm (0.71 in),Tools,,Adult,T1504,WP - Drift,WP - Special tools,new,FALSE,,,,,,,kg,,
wp-t15067,Clamping bush,Clamping bush,WP,Hardware > Tools,WP - Mounting tool,WP - Special tools,TRUE,Title,Default Title,,,,,T15067,,shopify,,continue,manual,22.75,,TRUE,TRUE,9010544344752,https://cdn.shopify.com/s/files/1/0511/7820/9461/files/pho_wp_nmon_t15067__sall__awsg__v1.jpg?v=1721983101,1,Clamping bush,FALSE,Clamping bush,Clamping bush,Tools,,Adult,T15067,WP - Mounting tool,WP - Special tools,new,FALSE,,,,,,,kg,,
wp-t15074,Mounting tool,Mounting tool,WP,Hardware > Tools,WP - Mounting tool,WP - Special tools,FALSE,Title,Default Title,,,,,T15074,,shopify,,continue,manual,93.90,,TRUE,TRUE,,https://cdn.shopify.com/s/files/1/0511/7820/9461/files/pho_wp_nmon_t15074_schraubwerkzeug__sall__awsg__v1.jpg?v=1680287375,1,Mounting tool,FALSE,Mounting tool,Mounting tool,Tools,,Adult,T15074,WP - Mounting tool,WP - Special tools,new,FALSE,,,,,,,kg,,
wp-t15077,Mounting sleeve,Mounting sleeve,WP,Hardware > Tools,WP - Mounting tool,WP - Special tools,TRUE,Title,Default Title,,,,,T15077,,shopify,,continue,manual,44.35,,TRUE,TRUE,9010544138962,https://cdn.shopify.com/s/files/1/0511/7820/9461/files/pho_wp_nmon_t15077__sall__awsg__v1.jpg?v=1721981019,1,Mounting sleeve,FALSE,Mounting sleeve,Mounting sleeve,Tools,,Adult,T15077,WP - Mounting tool,WP - Special tools,new,FALSE,,,,,,,kg,,
wp-t15080,Clamping bush,Clamping bush,WP,Hardware > Tools,WP - Sale,WP - Special tools,TRUE,Title,Default Title,,,,,T15080,,shopify,,continue,manual,36.48,,TRUE,TRUE,9010544217391,https://cdn.shopify.com/s/files/1/0511/7820/9461/files/pho_wp_nmon_t15080__sall__awsg__v1.jpg?v=1721980996,1,Clamping bush,FALSE,Clamping bush,Clamping bush,Tools,,Adult,T15080,WP - Sale,WP - Special tools,new,FALSE,,,,,,,kg,,
wp-t15082,Mounting tool,Extraction piston tool,WP,Hardware > Tools,WP - Mounting tool,WP - Special tools,TRUE,Title,Default Title,,,,,T15082,,shopify,,continue,manual,37.27,,TRUE,TRUE,9010544261202,https://cdn.shopify.com/s/files/1/0511/7820/9461/files/pho_wp_nmon_t15082__sall__awsg__v1.jpg?v=1736367236,1,Mounting tool,FALSE,Mounting tool,Extraction piston tool,Tools,,Adult,T15082,WP - Mounting tool,WP - Special tools,new,FALSE,,,,,,,kg,,
wp-t15083,Clamping stand,Clamping stand,WP,Hardware > Tools,WP - Clamping stand,WP - Special tools,TRUE,Title,Default Title,,,,,T15083,,shopify,,continue,manual,49.67,,TRUE,TRUE,9010544366723,https://cdn.shopify.com/s/files/1/0511/7820/9461/files/pho_wp_nmon_t15083__sall__awsg__v1.jpg?v=1721983023,1,Clamping stand,FALSE,Clamping stand,Clamping stand,Tools,,Adult,T15083,WP - Clamping stand,WP - Special tools,new,FALSE,,,,,,,kg,,
wp-t15085,Vacuum pump,"<ul><li>220 Volt</li><li>For all WP-shocks</li><li>Two 3 litre tanks</li><li>Fill two different shocks at the same time</li><li>Programmable filling cycle time</li><li>Two filling presets</li><li>Intuitive control via a 4.3"" LCD screen</li><li>Low oil warning</li><li>Vacuum 42L/min</li><li>Max. vacuum -0,98 bar</li><li>Adjustable pressure 1,5-3 bar</li><li>Incl. 2 WP-adapters</li></ul>",WP,Hardware > Tools,WP - Vacuum pump,WP - Special tools,TRUE,Title,Default Title,,,,,T15085,,shopify,,continue,manual,3736.36,,TRUE,TRUE,9010544408584,https://cdn.shopify.com/s/files/1/0511/7820/9461/files/pho_nmon_t15085___t15086_vakuumpumpe_vacuum_pump_8495__sall__awsg__v1.jpg?v=1694068529,1,Vacuum pump,FALSE,Vacuum pump,"220 Volt For all WP-shocks Two 3 litre tanks Fill two different shocks at the same time Programmable filling cycle time Two filling presets Intuitive control via a 4.3"" LCD screen Low oil warning Vacuum 42L/min Max. vacuum -0,98 bar Adjustable pressure 1,5-3 bar Incl. 2 WP-adapters",Tools,,Adult,T15085,WP - Vacuum pump,WP - Special tools,new,FALSE,,,,,,,kg,,
wp-t15085,,,,,,,,,,,,,,,,,,,,,,,,,https://cdn.shopify.com/s/files/1/0511/7820/9461/files/pho_wp_nmon_t15085__sall__awsg__v1.jpg?v=1721981020,2,Vacuum pump,,,,,,,,,,,,,,,,,,,,
wp-t15086,Vacuum pump,Vacuum pump,WP,Hardware > Tools,WP - Vacuum pump,WP - Special tools,TRUE,Title,Default Title,,,,,T15086,,shopify,,continue,manual,3892.33,,TRUE,TRUE,9010544408669,https://cdn.shopify.com/s/files/1/0511/7820/9461/files/pho_nmon_t15085___t15086_vakuumpumpe_vacuum_pump_8495__sall__awsg__v1.jpg?v=1694068529,1,Vacuum pump,FALSE,Vacuum pump,Vacuum pump,Tools,,Adult,T15086,WP - Vacuum pump,WP - Special tools,new,FALSE,,,,,,,kg,,
wp-t15086,,,,,,,,,,,,,,,,,,,,,,,,,https://cdn.shopify.com/s/files/1/0511/7820/9461/files/pho_wp_nmon_t15086__sall__awsg__v1.jpg?v=1721981020,2,Vacuum pump,,,,,,,,,,,,,,,,,,,,
wp-t1509,Filling adapter,Filling adapter,WP,Hardware > Tools,WP - Filling tool,WP - Special tools,TRUE,Title,Default Title,,,,,T1509,,shopify,,continue,manual,27.47,,TRUE,TRUE,9010544366754,https://cdn.shopify.com/s/files/1/0511/7820/9461/files/pho_wp_nmon_t1509__sall__awsg__v1.jpg?v=1721983032,1,Filling adapter,FALSE,Filling adapter,Filling adapter,Tools,,Adult,T1509,WP - Filling tool,WP - Special tools,new,FALSE,,,,,,,kg,,
wp-t150s,Mounting tool,"<ul><li class=""li-square"">Tool for pressing in components (DU bush in seal ring container)</li></ul>",WP,Hardware > Tools,WP - Mounting tool,WP - Special tools,TRUE,Title,Default Title,,,,,T150S,,shopify,,continue,manual,32.43,,TRUE,TRUE,9010544138955,https://cdn.shopify.com/s/files/1/0511/7820/9461/files/pho_wp_nmon_t150s__sall__awsg__v1.jpg?v=1779132905,1,Mounting tool,FALSE,Mounting tool,Tool for pressing in components (DU bush in seal ring container),Tools,,Adult,T150S,WP - Mounting tool,WP - Special tools,new,FALSE,,,,,,,kg,,
wp-t1515,Mounting sleeve,<ul><li>Tool for mounting components (seal ring retainer on piston road)</li><li>Diameter: 18 mm (0.71 in)</li></ul>,WP,Hardware > Tools,WP - Mounting tool,WP - Special tools,TRUE,Title,Default Title,,,,,T1515,,shopify,,continue,manual,20.33,,TRUE,TRUE,9010544138948,https://cdn.shopify.com/s/files/1/0511/7820/9461/files/pho_wp_nmon_t1515__sall__awsg__v1.jpg?v=1680287638,1,Mounting sleeve,FALSE,Mounting sleeve,Tool for mounting components (seal ring retainer on piston road) Diameter: 18 mm (0.71 in),Tools,,Adult,T1515,WP - Mounting tool,WP - Special tools,new,FALSE,,,,,,,kg,,
wp-t1517s,Shock length measuring tool,Shock length measuring tool,WP,Hardware > Tools,WP - Measuring tool,WP - Special tools,FALSE,Title,Default Title,,,,,T1517S,,shopify,,continue,manual,501.00,,TRUE,TRUE,9010544138924,https://cdn.shopify.com/s/files/1/0511/7820/9461/files/pho_fallback_fallback_no_picture__sall__awsg__v1.jpg?v=1774382207,1,Shock length measuring tool,FALSE,Shock length measuring tool,Shock length measuring tool,Tools,,Adult,T1517S,WP - Measuring tool,WP - Special tools,new,FALSE,,,,,,,kg,,
wp-t152,Belray Molylube Antiseize,Belray Molylube Antiseize,WP,Hardware > Tools,WP - Grease,WP - Special tools,FALSE,Title,Default Title,,,,,T152,,shopify,,continue,manual,41.08,,TRUE,TRUE,9010544138917,https://cdn.shopify.com/s/files/1/0511/7820/9461/files/pho_wp_nmon_t152__sall__awsg__v1.jpg?v=1680287643,1,Belray Molylube Antiseize,FALSE,Belray Molylube Antiseize,Belray Molylube Antiseize,Tools,,Adult,T152,WP - Grease,WP - Special tools,new,FALSE,,,,,,,kg,,
wp-t1558s,Housing for nitrogen filling device,Housing for nitrogen filling device,WP,Hardware > Tools,WP - Filling tool,WP - Special tools,TRUE,Title,Default Title,,,,,T1558S,,shopify,,continue,manual,98.25,,TRUE,TRUE,9010544138870,https://cdn.shopify.com/s/files/1/0511/7820/9461/files/pho_wp_nmon_t1558s__sall__awsg__v1.jpg?v=1721981018,1,Housing for nitrogen filling device,FALSE,Housing for nitrogen filling device,Housing for nitrogen filling device,Tools,,Adult,T1558S,WP - Filling tool,WP - Special tools,new,FALSE,,,,,,,kg,,
wp-t1561s,Spring mounting tool,Spring mounting tool,WP,Hardware > Tools,WP - Mounting tool,WP - Special tools,TRUE,Title,Default Title,,,,,T1561S,,shopify,,continue,manual,642.87,,TRUE,TRUE,9010544138832,https://cdn.shopify.com/s/files/1/0511/7820/9461/files/pho_wp_nmon_t1561s__sall__awsg__v1.jpg?v=1680287592,1,Spring mounting tool,FALSE,Spring mounting tool,Spring mounting tool,Tools,,Adult,T1561S,WP - Mounting tool,WP - Special tools,new,FALSE,,,,,,,kg,,
wp-t1563,Adaptor PDS Ø 58mm,Adaptor PDS Ø 58mm,WP,Hardware > Tools,WP - Adaptor,WP - Special tools,FALSE,Title,Default Title,,,,,T1563,,shopify,,continue,manual,40.53,,TRUE,TRUE,9010544138825,https://cdn.shopify.com/s/files/1/0511/7820/9461/files/pho_wp_nmon_t1563__sall__awsg__v1.jpg?v=1680287642,1,Adaptor PDS Ø 58mm,FALSE,Adaptor PDS Ø 58mm,Adaptor PDS Ø 58mm,Tools,,Adult,T1563,WP - Adaptor,WP - Special tools,new,FALSE,,,,,,,kg,,
wp-t1564,Adaptor SX Ø 65mm,Adaptor SX Ø 65mm,WP,Hardware > Tools,WP - Adaptor,WP - Special tools,FALSE,Title,Default Title,,,,,T1564,,shopify,,continue,manual,40.66,,TRUE,TRUE,9010544138818,https://cdn.shopify.com/s/files/1/0511/7820/9461/files/pho_wp_nmon_t1564__sall__awsg__v1.jpg?v=1680287642,1,Adaptor SX Ø 65mm,FALSE,Adaptor SX Ø 65mm,Adaptor SX Ø 65mm,Tools,,Adult,T1564,WP - Adaptor,WP - Special tools,new,FALSE,,,,,,,kg,,
wp-t1565,Filling adapter,<ul><li>Adapter for filling tool for filling the damper with nitrogen</li></ul>,WP,Hardware > Tools,WP - Adaptor,WP - Special tools,TRUE,Title,Default Title,,,,,T1565,,shopify,,continue,manual,37.09,,TRUE,TRUE,9010544138801,https://cdn.shopify.com/s/files/1/0511/7820/9461/files/pho_fallback_fallback_no_picture__sall__awsg__v1.jpg?v=1774382207,1,Filling adapter,FALSE,Filling adapter,Adapter for filling tool for filling the damper with nitrogen,Tools,,Adult,T1565,WP - Adaptor,WP - Special tools,new,FALSE,,,,,,,kg,,
wp-t158,PP300 grease reservoir 100 g,"PP300 grease reservoir contents, 100 g.",WP,Hardware > Tools,WP - Grease,WP - Special tools,TRUE,Title,Default Title,,,,,T158,,shopify,,continue,manual,33.27,,TRUE,TRUE,9010544138771,https://cdn.shopify.com/s/files/1/0511/7820/9461/files/pho_wp_nmon_t158__sall__awsg__v1.jpg?v=1680287641,1,PP300 grease reservoir 100 g,FALSE,PP300 grease reservoir 100 g,"PP300 grease reservoir contents, 100 g.",Tools,,Adult,T158,WP - Grease,WP - Special tools,new,FALSE,,,,,,,kg,,
wp-t158,,,,,,,,,,,,,,,,,,,,,,,,,https://cdn.shopify.com/s/files/1/0511/7820/9461/files/pho_fallback_fallback_no_picture__sall__awsg__v1.jpg?v=1774382207,2,PP300 grease reservoir 100 g,,,,,,,,,,,,,,,,,,,,
wp-t159,Water-repellent grease 454 g,Water-repellent grease. Contents 454 g,WP,Hardware > Tools,WP - Grease,WP - Special tools,FALSE,Title,Default Title,,,,,T159,,shopify,,continue,manual,26.56,,TRUE,TRUE,9010544138764,https://cdn.shopify.com/s/files/1/0511/7820/9461/files/pho_wp_nmon_t159__sall__awsg__v1.jpg?v=1680287642,1,Water-repellent grease 454 g,FALSE,Water-repellent grease 454 g,Water-repellent grease. Contents 454 g,Tools,,Adult,T159,WP - Grease,WP - Special tools,new,FALSE,,,,,,,kg,,
wp-t159,,,,,,,,,,,,,,,,,,,,,,,,,https://cdn.shopify.com/s/files/1/0511/7820/9461/files/pho_fallback_fallback_no_picture__sall__awsg__v1.jpg?v=1774382207,2,Water-repellent grease 454 g,,,,,,,,,,,,,,,,,,,,
wp-t16001,Mounting tool piston rod,Mounting tool piston rod,WP,Hardware > Tools,WP - Mounting tool,WP - Special tools,FALSE,Title,Default Title,,,,,T16001,,shopify,,continue,manual,25.41,,TRUE,TRUE,9010544138740,https://cdn.shopify.com/s/files/1/0511/7820/9461/files/pho_wp_nmon_t16001__sall__awsg__v1.jpg?v=1680287642,1,Mounting tool piston rod,FALSE,Mounting tool piston rod,Mounting tool piston rod,Tools,,Adult,T16001,WP - Mounting tool,WP - Special tools,new,FALSE,,,,,,,kg,,
wp-t16006,Calibrating tool,Calibrating tool,WP,Hardware > Tools,WP - Drift,WP - Special tools,FALSE,Title,Default Title,,,,,T16006,,shopify,,continue,manual,21.54,,TRUE,TRUE,9010544138733,https://cdn.shopify.com/s/files/1/0511/7820/9461/files/pho_wp_nmon_t16006__sall__awsg__v1.jpg?v=1680287642,1,Calibrating tool,FALSE,Calibrating tool,Calibrating tool,Tools,,Adult,T16006,WP - Drift,WP - Special tools,new,FALSE,,,,,,,kg,,
wp-t16007,Mounting tool seal,Mounting tool seal,WP,Hardware > Tools,WP - Drift,WP - Special tools,FALSE,Title,Default Title,,,,,T16007,,shopify,,continue,manual,20.69,,TRUE,TRUE,9010544138726,https://cdn.shopify.com/s/files/1/0511/7820/9461/files/pho_wp_nmon_t16007__sall__awsg__v1.jpg?v=1680287639,1,Mounting tool seal,FALSE,Mounting tool seal,Mounting tool seal,Tools,,Adult,T16007,WP - Drift,WP - Special tools,new,FALSE,,,,,,,kg,,
wp-t16014s,Clamp for steering damper,Clamp for steering damper,WP,Hardware > Tools,WP - Clamping stand,WP - Special tools,FALSE,Title,Default Title,,,,,T16014S,,shopify,,continue,manual,59.65,,TRUE,TRUE,9010544138719,https://cdn.shopify.com/s/files/1/0511/7820/9461/files/pho_wp_nmon_t16014s__sall__awsg__v1.jpg?v=1680287636,1,Clamp for steering damper,FALSE,Clamp for steering damper,Clamp for steering damper,Tools,,Adult,T16014S,WP - Clamping stand,WP - Special tools,new,FALSE,,,,,,,kg,,
wp-t16015s,Socket,Socket,WP,Hardware > Tools,WP - Socket,WP - Special tools,TRUE,Title,Default Title,,,,,T16015S,,shopify,,continue,manual,51.18,,TRUE,TRUE,9010544138702,https://cdn.shopify.com/s/files/1/0511/7820/9461/files/pho_wp_nmon_t16015s__sall__awsg__v1.jpg?v=1680287630,1,Socket,FALSE,Socket,Socket,Tools,,Adult,T16015S,WP - Socket,WP - Special tools,new,FALSE,,,,,,,kg,,
wp-t16021s,MX steering damper mounting tool,MX steering damper mounting tool,WP,Hardware > Tools,WP - Wrench,WP - Special tools,TRUE,Title,Default Title,,,,,T16021S,,shopify,,continue,manual,27.22,,TRUE,TRUE,9010544366761,https://cdn.shopify.com/s/files/1/0511/7820/9461/files/pho_wp_nmon_t16021s__sall__awsg__v1.jpg?v=1721981018,1,MX steering damper mounting tool,FALSE,MX steering damper mounting tool,MX steering damper mounting tool,Tools,,Adult,T16021S,WP - Wrench,WP - Special tools,new,FALSE,,,,,,,kg,,
wp-t16023,Steering piston holder,Tool for positioning the separation piston,WP,Hardware > Tools,WP - Support tool,WP - Special tools,TRUE,Title,Default Title,,,,,T16023,,shopify,,continue,manual,18.39,,TRUE,TRUE,9010544448122,https://cdn.shopify.com/s/files/1/0511/7820/9461/files/pho_wp_nmon_t16023__sall__awsg__v1.jpg?v=1721982386,1,Steering piston holder,FALSE,Steering piston holder,Tool for positioning the separation piston,Tools,,Adult,T16023,WP - Support tool,WP - Special tools,new,FALSE,,,,,,,kg,,
wp-t16024s,Press-out tool,Auxiliary tool used to press out the bearings at the A46002922044 steering damper kit,WP,Hardware > Tools,WP - Mounting tool,WP - Special tools,TRUE,Title,Default Title,,,,,T16024S,,shopify,,continue,manual,32.43,,TRUE,TRUE,9010544413557,https://cdn.shopify.com/s/files/1/0511/7820/9461/files/pho_wp_nmon_t16024s__sall__awsg__v1.jpg?v=1721981020,1,Press-out tool,FALSE,Press-out tool,Auxiliary tool used to press out the bearings at the A46002922044 steering damper kit,Tools,,Adult,T16024S,WP - Mounting tool,WP - Special tools,new,FALSE,,,,,,,kg,,
wp-t163,Loctite 648 50ml,Loctite 648 50ml,WP,Hardware > Tools,WP - Loctite,WP - Special tools,FALSE,Title,Default Title,,,,,T163,,shopify,,continue,manual,64.98,,TRUE,TRUE,9010544138665,https://cdn.shopify.com/s/files/1/0511/7820/9461/files/pho_wp_nmon_t163__sall__awsg__v1.jpg?v=1680287643,1,Loctite 648 50ml,FALSE,Loctite 648 50ml,Loctite 648 50ml,Tools,,Adult,T163,WP - Loctite,WP - Special tools,new,FALSE,,,,,,,kg,,
wp-t17001,Adapter Ø50 for clamp wrench T146,Adapter Ø50 for clamp wrench T146,WP,Hardware > Tools,WP - Reducing ring,WP - Special tools,FALSE,Title,Default Title,,,,,T17001,,shopify,,continue,manual,30.98,,TRUE,TRUE,9010544138627,https://cdn.shopify.com/s/files/1/0511/7820/9461/files/pho_wp_nmon_t17001__sall__awsg__v1.jpg?v=1680287630,1,Adapter Ø50 for clamp wrench T146,FALSE,Adapter Ø50 for clamp wrench T146,Adapter Ø50 for clamp wrench T146,Tools,,Adult,T17001,WP - Reducing ring,WP - Special tools,new,FALSE,,,,,,,kg,,
wp-t17002s,Socket,<ul><li>Tool for loosening and tightening components (rebound damping adjuster)</li><li>Hexagonal part: 22 mm (0.87 in)</li><li>Pin diameter: 3 mm (0.12 in)</li></ul>,WP,Hardware > Tools,WP - Socket,WP - Special tools,TRUE,Title,Default Title,,,,,T17002S,,shopify,,continue,manual,33.58,,TRUE,TRUE,9010544138610,https://cdn.shopify.com/s/files/1/0511/7820/9461/files/pho_wp_nmon_t17002s__sall__awsg__v1.jpg?v=1680287639,1,Socket,FALSE,Socket,Tool for loosening and tightening components (rebound damping adjuster) Hexagonal part: 22 mm (0.87 in) Pin diameter: 3 mm (0.12 in),Tools,,Adult,T17002S,WP - Socket,WP - Special tools,new,FALSE,,,,,,,kg,,
wp-t17003s,"Pin wrench for piston Ø3,5","Pin wrench for piston Ø3,5",WP,Hardware > Tools,WP - Socket,WP - Special tools,FALSE,Title,Default Title,,,,,T17003S,,shopify,,continue,manual,37.99,,TRUE,TRUE,9010544138603,https://cdn.shopify.com/s/files/1/0511/7820/9461/files/pho_wp_nmon_t17003s__sall__awsg__v1.jpg?v=1680287635,1,"Pin wrench for piston Ø3,5",FALSE,"Pin wrench for piston Ø3,5","Pin wrench for piston Ø3,5",Tools,,Adult,T17003S,WP - Socket,WP - Special tools,new,FALSE,,,,,,,kg,,
wp-t17008s,Filling adapter M10x1,Filling adapter M10x1,WP,Hardware > Tools,WP - Adaptor,WP - Special tools,FALSE,Title,Default Title,,,,,T17008S,,shopify,,continue,manual,100.79,,TRUE,TRUE,9010544138597,https://cdn.shopify.com/s/files/1/0511/7820/9461/files/pho_wp_nmon_t17008s__sall__awsg__v1.jpg?v=1680287637,1,Filling adapter M10x1,FALSE,Filling adapter M10x1,Filling adapter M10x1,Tools,,Adult,T17008S,WP - Adaptor,WP - Special tools,new,FALSE,,,,,,,kg,,
wp-t17009s,Allen screwdriver,Allen screwdriver,WP,Hardware > Tools,WP - Screwdriver,WP - Special tools,FALSE,Title,Default Title,,,,,T17009S,,shopify,,continue,manual,50.21,,TRUE,TRUE,9010544138580,https://cdn.shopify.com/s/files/1/0511/7820/9461/files/pho_wp_nmon_t17009s__sall__awsg__v1.jpg?v=1680287638,1,Allen screwdriver,FALSE,Allen screwdriver,Allen screwdriver,Tools,,Adult,T17009S,WP - Screwdriver,WP - Special tools,new,FALSE,,,,,,,kg,,
wp-t17010s,Wrench 18x3,Wrench 18x3,WP,Hardware > Tools,WP - Socket,WP - Special tools,TRUE,Title,Default Title,,,,,T17010S,,shopify,,continue,manual,34.55,,TRUE,TRUE,9010544138566,https://cdn.shopify.com/s/files/1/0511/7820/9461/files/pho_wp_nmon_t17010s__sall__awsg__v2.jpg?v=1721980998,1,Wrench 18x3,FALSE,Wrench 18x3,Wrench 18x3,Tools,,Adult,T17010S,WP - Socket,WP - Special tools,new,FALSE,,,,,,,kg,,
wp-t17029s,Socket,Socket,WP,Hardware > Tools,WP - Socket,WP - Special tools,TRUE,Title,Default Title,,,,,T17029S,,shopify,,continue,manual,33.27,,TRUE,TRUE,9010544387223,https://cdn.shopify.com/s/files/1/0511/7820/9461/files/pho_wp_nmon_t17029s__sall__awsg__v1.jpg?v=1721981020,1,Socket,FALSE,Socket,Socket,Tools,,Adult,T17029S,WP - Socket,WP - Special tools,new,FALSE,,,,,,,kg,,
wp-t170s1,Filling tool,<ul><li>Tool for filling the damper with nitrogen</li></ul>,WP,Hardware > Tools,WP - Filling tool,WP - Special tools,TRUE,Title,Default Title,,,,,T170S1,,shopify,,continue,manual,324.40,,TRUE,TRUE,9010544138542,https://cdn.shopify.com/s/files/1/0511/7820/9461/files/pho_wp_nmon_t170s1__sall__awsg__v2.jpg?v=1721981018,1,Filling tool,FALSE,Filling tool,Tool for filling the damper with nitrogen,Tools,,Adult,T170S1,WP - Filling tool,WP - Special tools,new,FALSE,,,,,,,kg,,
wp-t173,Filling adapter,Filling adapter,WP,Hardware > Tools,WP - Adaptor,WP - Special tools,FALSE,Title,Default Title,,,,,T173,,shopify,,continue,manual,95.95,,TRUE,TRUE,9010544138504,https://cdn.shopify.com/s/files/1/0511/7820/9461/files/pho_wp_nmon_t173__sall__awsg__v1.jpg?v=1680287643,1,Filling adapter,FALSE,Filling adapter,Filling adapter,Tools,,Adult,T173,WP - Adaptor,WP - Special tools,new,FALSE,,,,,,,kg,,
wp-t175,Mounting tool,Mounting tool,WP,Hardware > Tools,WP - Reducing ring,WP - Special tools,TRUE,Title,Default Title,,,,,T175,,shopify,,continue,manual,269.16,,TRUE,TRUE,9010544138498,https://cdn.shopify.com/s/files/1/0511/7820/9461/files/pho_wp_nmon_t175__sall__awsg__v1.jpg?v=1680287642,1,Mounting tool,FALSE,Mounting tool,Mounting tool,Tools,,Adult,T175,WP - Reducing ring,WP - Special tools,new,FALSE,,,,,,,kg,,
wp-t18001,Filling adapter,Filling adapter,WP,Hardware > Tools,WP - Filling tool,WP - Special tools,TRUE,Title,Default Title,,,,,T18001,,shopify,,continue,manual,32.13,,TRUE,TRUE,9010544351248,https://cdn.shopify.com/s/files/1/0511/7820/9461/files/pho_wp_nmon_t18001__sall__awsg__v1.jpg?v=1721983013,1,Filling adapter,FALSE,Filling adapter,Filling adapter,Tools,,Adult,T18001,WP - Filling tool,WP - Special tools,new,FALSE,,,,,,,kg,,
wp-t18006,Positionierwerkzeug Trennkolben,Werkzeug zum Positionieren des Trennkolben,WP,Hardware > Tools,WP - Drift,WP - Special tools,TRUE,Title,Default Title,,,,,T18006,,shopify,,continue,manual,26.50,,TRUE,TRUE,9010544574159,,,,FALSE,Positionierwerkzeug Trennkolben,Werkzeug zum Positionieren des Trennkolben,Tools,,Adult,T18006,WP - Drift,WP - Special tools,new,FALSE,,,,,,,kg,,
wp-t18007,Stecknuss Reservoir,Werkzeug zum Lösen und Festziehen von Bauteilen (Deckel Reservoir),WP,Hardware > Tools,WP - Socket,WP - Special tools,TRUE,Title,Default Title,,,,,T18007,,shopify,,continue,manual,42.95,,TRUE,TRUE,9010544574210,,,,FALSE,Stecknuss Reservoir,Werkzeug zum Lösen und Festziehen von Bauteilen (Deckel Reservoir),Tools,,Adult,T18007,WP - Socket,WP - Special tools,new,FALSE,,,,,,,kg,,
wp-t18008s,Stiftschlüssel,Werkzeug zum Lösen und Festziehen von Bauteilen,WP,Hardware > Tools,WP - Socket,WP - Special tools,TRUE,Title,Default Title,,,,,T18008S,,shopify,,continue,manual,29.95,,TRUE,TRUE,9010544574180,https://cdn.shopify.com/s/files/1/0511/7820/9461/files/pho_wp_nmon_t18008s__sall__awsg__v1.jpg?v=1721981245,1,Stiftschlüssel,FALSE,Stiftschlüssel,Werkzeug zum Lösen und Festziehen von Bauteilen,Tools,,Adult,T18008S,WP - Socket,WP - Special tools,new,FALSE,,,,,,,kg,,
wp-t18009,Montagehülse Dichtung D=14,"<ul><li class=""li-square"">Werkzeug zum Montieren von Bauteilen (Dichtring)</li><li class=""li-square"">Durchmesser: 14 mm</li></ul>",WP,Hardware > Tools,WP - Mounting tool,WP - Special tools,FALSE,Title,Default Title,,,,,T18009,,shopify,,continue,manual,,,TRUE,TRUE,,,,,FALSE,Montagehülse Dichtung D=14,Werkzeug zum Montieren von Bauteilen (Dichtring) Durchmesser: 14 mm,Tools,,Adult,T18009,WP - Mounting tool,WP - Special tools,new,FALSE,,,,,,,kg,,
wp-t206,Measuring cylinder 500 ml,Measuring cylinder 500 ml,WP,Hardware > Tools,WP - Measuring tool,WP - Special tools,TRUE,Title,Default Title,,,,,T206,,shopify,,continue,manual,17.18,,TRUE,TRUE,9010544138429,https://cdn.shopify.com/s/files/1/0511/7820/9461/files/pho_nmon_t206_1__sall__awsg__v1.jpg?v=1656931989,1,Measuring cylinder 500 ml,FALSE,Measuring cylinder 500 ml,Measuring cylinder 500 ml,Tools,,Adult,T206,WP - Measuring tool,WP - Special tools,new,FALSE,,,,,,,kg,,
wp-t207,Measuring cylinder 1000 ml,Measuring cylinder 1000 ml,WP,Hardware > Tools,WP - Measuring tool,WP - Special tools,TRUE,Title,Default Title,,,,,T207,,shopify,,continue,manual,9.20,,TRUE,TRUE,9010544138412,https://cdn.shopify.com/s/files/1/0511/7820/9461/files/pho_nmon_t207_1__sall__awsg__v1.jpg?v=1656931989,1,Measuring cylinder 1000 ml,FALSE,Measuring cylinder 1000 ml,Measuring cylinder 1000 ml,Tools,,Adult,T207,WP - Measuring tool,WP - Special tools,new,FALSE,,,,,,,kg,,
wp-t304,Hook wrench,<ul><li>Tool for tensioning and releasing the springs</li><li>Diameter: 58 - 62 mm (2.28 - 2.44 in)</li></ul>,WP,Hardware > Tools,WP - Wrench,WP - Special tools,TRUE,Title,Default Title,,,,,T304,,shopify,,continue,manual,18.45,,TRUE,TRUE,9010544138382,https://cdn.shopify.com/s/files/1/0511/7820/9461/files/pho_wp_nmon_t304__sall__awsg__v1.jpg?v=1680287631,1,Hook wrench,FALSE,Hook wrench,Tool for tensioning and releasing the springs Diameter: 58 - 62 mm (2.28 - 2.44 in),Tools,,Adult,T304,WP - Wrench,WP - Special tools,new,FALSE,,,,,,,kg,,
wp-t305,"Mounting sleeve oil seal D=12,4","Mounting sleeve oil seal D=12,4",WP,Hardware > Tools,WP - Mounting tool,WP - Special tools,FALSE,Title,Default Title,,,,,T305,,shopify,,continue,manual,25.11,,TRUE,TRUE,9010544138375,https://cdn.shopify.com/s/files/1/0511/7820/9461/files/pho_wp_nmon_t305__sall__awsg__v1.jpg?v=1680287637,1,"Mounting sleeve oil seal D=12,4",FALSE,"Mounting sleeve oil seal D=12,4","Mounting sleeve oil seal D=12,4",Tools,,Adult,T305,WP - Mounting tool,WP - Special tools,new,FALSE,,,,,,,kg,,
wp-t313,Mounting sleeve,<ul><li>Tool for mounting components (seal ring retainer on piston road)</li><li>Diamter: 14 mm (0.55 in)</li></ul>,WP,Hardware > Tools,WP - Mounting tool,WP - Special tools,TRUE,Title,Default Title,,,,,T313,,shopify,,continue,manual,19.48,,TRUE,TRUE,9010544138313,https://cdn.shopify.com/s/files/1/0511/7820/9461/files/pho_wp_nmon_t313__sall__awsg__v1.jpg?v=1680287640,1,Mounting sleeve,FALSE,Mounting sleeve,Tool for mounting components (seal ring retainer on piston road) Diamter: 14 mm (0.55 in),Tools,,Adult,T313,WP - Mounting tool,WP - Special tools,new,FALSE,,,,,,,kg,,
wp-t315,Bush removal/fitting tool pipe,Bush suitable for 3612 BAVP suspension strut.,WP,Hardware > Tools,WP - Mounting tool,WP - Special tools,FALSE,Title,Default Title,,,,,T315,,shopify,,continue,manual,27.53,,TRUE,TRUE,9010544138306,https://cdn.shopify.com/s/files/1/0511/7820/9461/files/pho_wp_nmon_t315__sall__awsg__v1.jpg?v=1680287634,1,Bush removal/fitting tool pipe,FALSE,Bush removal/fitting tool pipe,Bush suitable for 3612 BAVP suspension strut.,Tools,,Adult,T315,WP - Mounting tool,WP - Special tools,new,FALSE,,,,,,,kg,,
wp-t315,,,,,,,,,,,,,,,,,,,,,,,,,https://cdn.shopify.com/s/files/1/0511/7820/9461/files/pho_fallback_fallback_no_picture__sall__awsg__v1.jpg?v=1774382207,2,Bush removal/fitting tool pipe,,,,,,,,,,,,,,,,,,,,
wp-t316,Clamp bush D=40,Clamp bush D=40,WP,Hardware > Tools,WP - Mounting tool,WP - Special tools,FALSE,Title,Default Title,,,,,T316,,shopify,,continue,manual,27.47,,TRUE,TRUE,9010544138290,https://cdn.shopify.com/s/files/1/0511/7820/9461/files/pho_wp_nmon_t316__sall__awsg__v1.jpg?v=1680287631,1,Clamp bush D=40,FALSE,Clamp bush D=40,Clamp bush D=40,Tools,,Adult,T316,WP - Mounting tool,WP - Special tools,new,FALSE,,,,,,,kg,,
wp-t43001,Mounting sleeve,Mounting sleeve,WP,Hardware > Tools,WP - Mounting tool,WP - Special tools,TRUE,Title,Default Title,,,,,T43001,,shopify,,continue,manual,28.62,,TRUE,TRUE,9010544138221,https://cdn.shopify.com/s/files/1/0511/7820/9461/files/pho_wp_nmon_t43001__sall__awsg__v1.jpg?v=1721981018,1,Mounting sleeve,FALSE,Mounting sleeve,Mounting sleeve,Tools,,Adult,T43001,WP - Mounting tool,WP - Special tools,new,FALSE,,,,,,,kg,,
wp-t501s,Tube clamp inner/outer pipe,Inner/outer pipe clamp suitable for D=43 mm fork.,WP,Hardware > Tools,WP - Clamping stand,WP - Special tools,TRUE,Title,Default Title,,,,,T501S,,shopify,,continue,manual,47.92,,TRUE,TRUE,9010544138207,https://cdn.shopify.com/s/files/1/0511/7820/9461/files/pho_wp_nmon_t501s__sall__awsg__v1.jpg?v=1680287640,1,Tube clamp inner/outer pipe,FALSE,Tube clamp inner/outer pipe,Inner/outer pipe clamp suitable for D=43 mm fork.,Tools,,Adult,T501S,WP - Clamping stand,WP - Special tools,new,FALSE,,,,,,,kg,,
wp-t502s,Impact sleeve for sealing rings,"Impact sleeve for sealing rings, suitable for D=43 mm fork.",WP,Hardware > Tools,WP - Mounting tool,WP - Special tools,TRUE,Title,Default Title,,,,,T502S,,shopify,,continue,manual,38.36,,TRUE,TRUE,9010544138184,https://cdn.shopify.com/s/files/1/0511/7820/9461/files/pho_wp_nmon_t502s__sall__awsg__v1.jpg?v=1680287632,1,Impact sleeve for sealing rings,FALSE,Impact sleeve for sealing rings,"Impact sleeve for sealing rings, suitable for D=43 mm fork.",Tools,,Adult,T502S,WP - Mounting tool,WP - Special tools,new,FALSE,,,,,,,kg,,
wp-t503s,Inner pipe fitting tool,"Inner pipe fitting tool, suitable for D=43 mm fork.",WP,Hardware > Tools,WP - Mounting tool,WP - Special tools,TRUE,Title,Default Title,,,,,T503S,,shopify,,continue,manual,30.73,,TRUE,TRUE,9010544138177,https://cdn.shopify.com/s/files/1/0511/7820/9461/files/pho_wp_nmon_t503s__sall__awsg__v1.jpg?v=1680287638,1,Inner pipe fitting tool,FALSE,Inner pipe fitting tool,"Inner pipe fitting tool, suitable for D=43 mm fork.",Tools,,Adult,T503S,WP - Mounting tool,WP - Special tools,new,FALSE,,,,,,,kg,,
wp-t503s,,,,,,,,,,,,,,,,,,,,,,,,,https://cdn.shopify.com/s/files/1/0511/7820/9461/files/pho_fallback_fallback_no_picture__sall__awsg__v1.jpg?v=1774382207,2,Inner pipe fitting tool,,,,,,,,,,,,,,,,,,,,
wp-t506s,Clamping jaw Ø43/57mm,Clamping jaw Ø43/57mm,WP,Hardware > Tools,WP - Clamping stand,WP - Special tools,TRUE,Title,Default Title,,,,,T506S,,shopify,,continue,manual,59.83,,TRUE,TRUE,9010544138153,https://cdn.shopify.com/s/files/1/0511/7820/9461/files/pho_wp_nmon_t506s__sall__awsg__v1.jpg?v=1680287639,1,Clamping jaw Ø43/57mm,FALSE,Clamping jaw Ø43/57mm,Clamping jaw Ø43/57mm,Tools,,Adult,T506S,WP - Clamping stand,WP - Special tools,new,FALSE,,,,,,,kg,,
wp-t507,Removal/fitting bush,"Removal/fitting bush D=14 mm, suitable for 5357, 4860 MXMA-ROMA fork.",WP,Hardware > Tools,WP - Drift,WP - Special tools,FALSE,Title,Default Title,,,,,T507,,shopify,,continue,manual,14.40,,TRUE,TRUE,9010544138146,https://cdn.shopify.com/s/files/1/0511/7820/9461/files/pho_wp_nmon_t507__sall__awsg__v1.jpg?v=1680287637,1,Removal/fitting bush,FALSE,Removal/fitting bush,"Removal/fitting bush D=14 mm, suitable for 5357, 4860 MXMA-ROMA fork.",Tools,,Adult,T507,WP - Drift,WP - Special tools,new,FALSE,,,,,,,kg,,
wp-t507,,,,,,,,,,,,,,,,,,,,,,,,,https://cdn.shopify.com/s/files/1/0511/7820/9461/files/pho_fallback_fallback_no_picture__sall__awsg__v1.jpg?v=1774382207,2,Removal/fitting bush,,,,,,,,,,,,,,,,,,,,
wp-t508s,MXMA vice,"MXMA vice, suitable for 4357, 4860 MXMA-ROMA fork.",WP,Hardware > Tools,WP - Clamping stand,WP - Special tools,FALSE,Title,Default Title,,,,,T508S,,shopify,,continue,manual,42.59,,TRUE,TRUE,9010544138139,https://cdn.shopify.com/s/files/1/0511/7820/9461/files/pho_wp_nmon_t508s__sall__awsg__v1.jpg?v=1680287640,1,MXMA vice,FALSE,MXMA vice,"MXMA vice, suitable for 4357, 4860 MXMA-ROMA fork.",Tools,,Adult,T508S,WP - Clamping stand,WP - Special tools,new,FALSE,,,,,,,kg,,
wp-t508s,,,,,,,,,,,,,,,,,,,,,,,,,https://cdn.shopify.com/s/files/1/0511/7820/9461/files/pho_fallback_fallback_no_picture__sall__awsg__v1.jpg?v=1774382207,2,MXMA vice,,,,,,,,,,,,,,,,,,,,
wp-t512,Protecting sleeve,<ul><li>Tool for protecting components (inner tube)</li><li>Diameter: 43 mm (1.69 in)</li></ul>,WP,Hardware > Tools,WP - Mounting tool,WP - Special tools,TRUE,Title,Default Title,,,,,T512,,shopify,,continue,manual,17.91,,TRUE,TRUE,9010544138108,https://cdn.shopify.com/s/files/1/0511/7820/9461/files/pho_wp_nmon_t512__sall__awsg__v1.jpg?v=1680287628,1,Protecting sleeve,FALSE,Protecting sleeve,Tool for protecting components (inner tube) Diameter: 43 mm (1.69 in),Tools,,Adult,T512,WP - Mounting tool,WP - Special tools,new,FALSE,,,,,,,kg,,
wp-t514,Support tool,Support tool,WP,Hardware > Tools,WP - Sale,WP - Special tools,TRUE,Title,Default Title,,,,,T514,,shopify,,continue,manual,25.95,,TRUE,TRUE,9010544138092,,,,FALSE,Support tool,Support tool,Tools,,Adult,T514,WP - Sale,WP - Special tools,new,FALSE,,,,,,,kg,,
wp-t515,Clamping jaw Set Ø 27/12mm,Clamping jaw Set Ø 27/12mm,WP,Hardware > Tools,WP - Clamping stand,WP - Special tools,TRUE,Title,Default Title,,,,,T515,,shopify,,continue,manual,49.07,,TRUE,TRUE,9010544138085,https://cdn.shopify.com/s/files/1/0511/7820/9461/files/pho_wp_nmon_t515__sall__awsg__v1.jpg?v=1680287634,1,Clamping jaw Set Ø 27/12mm,FALSE,Clamping jaw Set Ø 27/12mm,Clamping jaw Set Ø 27/12mm,Tools,,Adult,T515,WP - Clamping stand,WP - Special tools,new,FALSE,,,,,,,kg,,
wp-t516,Cartridge cap adapter,Cartridge cap adapter,WP,Hardware > Tools,WP - Socket,WP - Special tools,TRUE,Title,Default Title,,,,,T516,,shopify,,continue,manual,68.30,,TRUE,TRUE,9010544138078,https://cdn.shopify.com/s/files/1/0511/7820/9461/files/pho_wp_nmon_t516__sall__awsg__v1.jpg?v=1680287642,1,Cartridge cap adapter,FALSE,Cartridge cap adapter,Cartridge cap adapter,Tools,,Adult,T516,WP - Socket,WP - Special tools,new,FALSE,,,,,,,kg,,
wp-t517,Screwcap adapter,Screwcap adapter,WP,Hardware > Tools,WP - Socket,WP - Special tools,TRUE,Title,Default Title,,,,,T517,,shopify,,continue,manual,25.65,,TRUE,TRUE,9010544138061,https://cdn.shopify.com/s/files/1/0511/7820/9461/files/pho_wp_nmon_t517__sall__awsg__v1.jpg?v=1680287631,1,Screwcap adapter,FALSE,Screwcap adapter,Screwcap adapter,Tools,,Adult,T517,WP - Socket,WP - Special tools,new,FALSE,,,,,,,kg,,
wp-t518,Spacer + bore CC L120,Spacer + bore CC L120,WP,Hardware > Tools,WP - Adjuster tool,WP - Special tools,TRUE,Title,Default Title,,,,,T518,,shopify,,continue,manual,30.43,,TRUE,TRUE,9010544138054,https://cdn.shopify.com/s/files/1/0511/7820/9461/files/pho_wp_nmon_t518__sall__awsg__v1.jpg?v=1680287627,1,Spacer + bore CC L120,FALSE,Spacer + bore CC L120,Spacer + bore CC L120,Tools,,Adult,T518,WP - Adjuster tool,WP - Special tools,new,FALSE,,,,,,,kg,,
wp-t519,Distance piece,Distance piece,WP,Hardware > Tools,WP - Sale,WP - Special tools,TRUE,Title,Default Title,,,,,T519,,shopify,,continue,manual,49.07,,TRUE,TRUE,9010544026030,https://cdn.shopify.com/s/files/1/0511/7820/9461/files/pho_wp_nmon_t519__sall__awsg__v1.jpg?v=1721983110,1,Distance piece,FALSE,Distance piece,Distance piece,Tools,,Adult,T519,WP - Sale,WP - Special tools,new,FALSE,,,,,,,kg,,
wp-t520,Filling adapter M12x1-G 1/8,Filling adapter M12x1-G 1/8,WP,Hardware > Tools,WP - Adaptor,WP - Special tools,FALSE,Title,Default Title,,,,,T520,,shopify,,continue,manual,24.99,,TRUE,TRUE,9010544138047,https://cdn.shopify.com/s/files/1/0511/7820/9461/files/pho_wp_nmon_t520__sall__awsg__v1.jpg?v=1680287630,1,Filling adapter M12x1-G 1/8,FALSE,Filling adapter M12x1-G 1/8,Filling adapter M12x1-G 1/8,Tools,,Adult,T520,WP - Adaptor,WP - Special tools,new,FALSE,,,,,,,kg,,
wp-t521,Filling adapter M27x1-G1/8,Filling adapter M27x1-G1/8,WP,Hardware > Tools,WP - Adaptor,WP - Special tools,FALSE,Title,Default Title,,,,,T521,,shopify,,continue,manual,26.44,,TRUE,TRUE,9010544138023,https://cdn.shopify.com/s/files/1/0511/7820/9461/files/pho_wp_nmon_t521__sall__awsg__v1.jpg?v=1680287629,1,Filling adapter M27x1-G1/8,FALSE,Filling adapter M27x1-G1/8,Filling adapter M27x1-G1/8,Tools,,Adult,T521,WP - Adaptor,WP - Special tools,new,FALSE,,,,,,,kg,,
wp-t524,Ring wrench,<ul><li>Tool for loosening and tightening components (preload adjuster)</li><li>Hexagonal part: 38 mm (1.5 in)</li></ul>,WP,Hardware > Tools,WP - Wrench,WP - Special tools,TRUE,Title,Default Title,,,,,T524,,shopify,,continue,manual,32.25,,TRUE,TRUE,9010544138009,https://cdn.shopify.com/s/files/1/0511/7820/9461/files/pho_wp_nmon_t524__sall__awsg__v1.jpg?v=1680287636,1,Ring wrench,FALSE,Ring wrench,Tool for loosening and tightening components (preload adjuster) Hexagonal part: 38 mm (1.5 in),Tools,,Adult,T524,WP - Wrench,WP - Special tools,new,FALSE,,,,,,,kg,,
wp-t526s,Clamping stand,<ul><li>Tool for clamping components (inner tube)</li><li>Diameter: 32 mm (1.26 in)</li></ul>,WP,Hardware > Tools,WP - Clamping stand,WP - Special tools,TRUE,Title,Default Title,,,,,T526S,,shopify,,continue,manual,33.46,,TRUE,TRUE,9010544137996,https://cdn.shopify.com/s/files/1/0511/7820/9461/files/pho_wp_nmon_t526s__sall__awsg__v1.jpg?v=1680287636,1,Clamping stand,FALSE,Clamping stand,Tool for clamping components (inner tube) Diameter: 32 mm (1.26 in),Tools,,Adult,T526S,WP - Clamping stand,WP - Special tools,new,FALSE,,,,,,,kg,,
wp-t531s,Clamping stand,<ul><li>Tool for clamping components (air cartridge)</li><li>Diamter: 38 mm (1.5 in)</li></ul>,WP,Hardware > Tools,WP - Clamping stand,WP - Special tools,TRUE,Title,Default Title,,,,,T531S,,shopify,,continue,manual,29.77,,TRUE,TRUE,9010544137958,https://cdn.shopify.com/s/files/1/0511/7820/9461/files/pho_wp_nmon_t531s__sall__awsg__v1.jpg?v=1721981018,1,Clamping stand,FALSE,Clamping stand,Tool for clamping components (air cartridge) Diamter: 38 mm (1.5 in),Tools,,Adult,T531S,WP - Clamping stand,WP - Special tools,new,FALSE,,,,,,,kg,,
wp-t532s,Adapter,Adapter for air valve,WP,Hardware > Tools,WP - Adaptor,WP - Special tools,TRUE,Title,Default Title,,,,,T532S,,shopify,,continue,manual,41.81,,TRUE,TRUE,9010544137941,https://cdn.shopify.com/s/files/1/0511/7820/9461/files/pho_wp_nmon_t532s__sall__awsg__v1.jpg?v=1721981018,1,Adapter,FALSE,Adapter,Adapter for air valve,Tools,,Adult,T532S,WP - Adaptor,WP - Special tools,new,FALSE,,,,,,,kg,,
wp-t535,Clamp barrels,Clamp barrels,WP,Hardware > Tools,WP - Clamping stand,WP - Special tools,FALSE,Title,Default Title,,,,,T535,,shopify,,continue,manual,,,TRUE,TRUE,,,,,FALSE,Clamp barrels,Clamp barrels,Tools,,Adult,T535,WP - Clamping stand,WP - Special tools,new,FALSE,,,,,,,kg,,
wp-t536,Ring wrench,Ring wrench,WP,Hardware > Tools,WP - Wrench,WP - Special tools,TRUE,Title,Default Title,,,,,T536,,shopify,,continue,manual,37.45,,TRUE,TRUE,9010544217407,https://cdn.shopify.com/s/files/1/0511/7820/9461/files/pho_wp_nmon_t536__sall__awsg__v1.jpg?v=1721980997,1,Ring wrench,FALSE,Ring wrench,Ring wrench,Tools,,Adult,T536,WP - Wrench,WP - Special tools,new,FALSE,,,,,,,kg,,
wp-t537,Socket,Socket,WP,Hardware > Tools,WP - Socket,WP - Special tools,TRUE,Title,Default Title,,,,,T537,,shopify,,continue,manual,33.70,,TRUE,TRUE,9010544137927,https://cdn.shopify.com/s/files/1/0511/7820/9461/files/pho_wp_nmon_t537__sall__awsg__v1.jpg?v=1721983005,1,Socket,FALSE,Socket,Socket,Tools,,Adult,T537,WP - Socket,WP - Special tools,new,FALSE,,,,,,,kg,,
wp-t612s,Clamping stand,"<ul><li>Tool for clamping components (outer tube, fork leg)</li><li>Diameter: 40 mm (1.57 in)</li><li>Diamter: 54 mm (2.13 in)</li></ul>",WP,Hardware > Tools,WP - Clamping stand,WP - Special tools,TRUE,Title,Default Title,,,,,T612S,,shopify,,continue,manual,50.15,,TRUE,TRUE,9010544137859,https://cdn.shopify.com/s/files/1/0511/7820/9461/files/pho_wp_nmon_t612s__sall__awsg__v1.jpg?v=1680287638,1,Clamping stand,FALSE,Clamping stand,"Tool for clamping components (outer tube, fork leg) Diameter: 40 mm (1.57 in) Diamter: 54 mm (2.13 in)",Tools,,Adult,T612S,WP - Clamping stand,WP - Special tools,new,FALSE,,,,,,,kg,,
wp-t620,Fitting long guide bush,"Fitting mandrel for guide bush, suitable for 4054 fork.",WP,Hardware > Tools,WP - Drift,WP - Special tools,TRUE,Title,Default Title,,,,,T620,,shopify,,continue,manual,29.64,,TRUE,TRUE,9010544137781,https://cdn.shopify.com/s/files/1/0511/7820/9461/files/pho_wp_nmon_t620__sall__awsg__v1.jpg?v=1680287632,1,Fitting long guide bush,FALSE,Fitting long guide bush,"Fitting mandrel for guide bush, suitable for 4054 fork.",Tools,,Adult,T620,WP - Drift,WP - Special tools,new,FALSE,,,,,,,kg,,
wp-t625,Grease,Grease,WP,Hardware > Tools,WP - Grease,WP - Special tools,TRUE,Title,Default Title,,,,,T625,,shopify,,continue,manual,34.48,,TRUE,TRUE,9010544137750,https://cdn.shopify.com/s/files/1/0511/7820/9461/files/pho_wp_nmon_t625__sall__awsg__v1.jpg?v=1680287642,1,Grease,FALSE,Grease,Grease,Tools,,Adult,T625,WP - Grease,WP - Special tools,new,FALSE,,,,,,,kg,,
wp-t625,,,,,,,,,,,,,,,,,,,,,,,,,https://cdn.shopify.com/s/files/1/0511/7820/9461/files/pho_fallback_fallback_no_picture__sall__awsg__v1.jpg?v=1774382207,2,Grease,,,,,,,,,,,,,,,,,,,,
wp-t639s,Clamping unit for use with TA,"Clamping unit, suitable for 4054 fork.",WP,Hardware > Tools,WP - Clamping stand,WP - Special tools,FALSE,Title,Default Title,,,,,T639S,,shopify,,continue,manual,60.68,,TRUE,TRUE,9010544137729,https://cdn.shopify.com/s/files/1/0511/7820/9461/files/pho_wp_nmon_t639s__sall__awsg__v1.jpg?v=1680287630,1,Clamping unit for use with TA,FALSE,Clamping unit for use with TA,"Clamping unit, suitable for 4054 fork.",Tools,,Adult,T639S,WP - Clamping stand,WP - Special tools,new,FALSE,,,,,,,kg,,
wp-t639s,,,,,,,,,,,,,,,,,,,,,,,,,https://cdn.shopify.com/s/files/1/0511/7820/9461/files/pho_fallback_fallback_no_picture__sall__awsg__v1.jpg?v=1774382207,2,Clamping unit for use with TA,,,,,,,,,,,,,,,,,,,,
wp-t720s,Clamping jaw D= 48,Clamping jaw D= 48,WP,Hardware > Tools,WP - Clamping stand,WP - Special tools,FALSE,Title,Default Title,,,,,T720S,,shopify,,continue,manual,50.34,,TRUE,TRUE,9010544137712,https://cdn.shopify.com/s/files/1/0511/7820/9461/files/pho_wp_nmon_t720s__sall__awsg__v1.jpg?v=1680287633,1,Clamping jaw D= 48,FALSE,Clamping jaw D= 48,Clamping jaw D= 48,Tools,,Adult,T720S,WP - Clamping stand,WP - Special tools,new,FALSE,,,,,,,kg,,
wp-t724s,Mounting tool,<ul><li>Tool for holding when assembling fork legs</li><li>Diamter: 35 mm (1.38 in)</li></ul>,WP,Hardware > Tools,WP - Mounting tool,WP - Special tools,TRUE,Title,Default Title,,,,,T724S,,shopify,,continue,manual,47.43,,TRUE,TRUE,9010544137705,https://cdn.shopify.com/s/files/1/0511/7820/9461/files/pho_wp_nmon_t724s__sall__awsg__v1.jpg?v=1680287636,1,Mounting tool,FALSE,Mounting tool,Tool for holding when assembling fork legs Diamter: 35 mm (1.38 in),Tools,,Adult,T724S,WP - Mounting tool,WP - Special tools,new,FALSE,,,,,,,kg,,
wp-t725s,Clamping stand,Clamping stand,WP,Hardware > Tools,WP - Clamping stand,WP - Special tools,TRUE,Title,Default Title,,,,,T725S,,shopify,,continue,manual,50.88,,TRUE,TRUE,9010544137699,https://cdn.shopify.com/s/files/1/0511/7820/9461/files/pho_wp_nmon_t725s__sall__awsg__v1.jpg?v=1680287636,1,Clamping stand,FALSE,Clamping stand,Clamping stand,Tools,,Adult,T725S,WP - Clamping stand,WP - Special tools,new,FALSE,,,,,,,kg,,
wp-t726,Protecting sleeve,<ul><li>Tool for protecting components (inner tube)</li><li>Diameter: 35 mm (1.38 in)</li></ul>,WP,Hardware > Tools,WP - Mounting tool,WP - Special tools,TRUE,Title,Default Title,,,,,T726,,shopify,,continue,manual,27.83,,TRUE,TRUE,9010544137682,https://cdn.shopify.com/s/files/1/0511/7820/9461/files/pho_wp_nmon_t726__sall__awsg__v1.jpg?v=1680287634,1,Protecting sleeve,FALSE,Protecting sleeve,Tool for protecting components (inner tube) Diameter: 35 mm (1.38 in),Tools,,Adult,T726,WP - Mounting tool,WP - Special tools,new,FALSE,,,,,,,kg,,
wp-t727s,Socket,<ul><li>Tool for loosening and tightening components (sliding bushing support)</li><li>Hexagonal part: 32 mm (1.26 in)</li><li>Hole diameter: 14 mm (0.55 in)</li><li>Pin diameter: 5 mm (0.2 in)</li></ul>,WP,Hardware > Tools,WP - Socket,WP - Special tools,TRUE,Title,Default Title,,,,,T727S,,shopify,,continue,manual,27.29,,TRUE,TRUE,9010544137675,https://cdn.shopify.com/s/files/1/0511/7820/9461/files/pho_wp_nmon_t727s__sall__awsg__v1.jpg?v=1680287632,1,Socket,FALSE,Socket,Tool for loosening and tightening components (sliding bushing support) Hexagonal part: 32 mm (1.26 in) Hole diameter: 14 mm (0.55 in) Pin diameter: 5 mm (0.2 in),Tools,,Adult,T727S,WP - Socket,WP - Special tools,new,FALSE,,,,,,,kg,,
wp-t728,Mounting tool penstock,Mounting tool penstock,WP,Hardware > Tools,WP - Socket,WP - Special tools,FALSE,Title,Default Title,,,,,T728,,shopify,,continue,manual,48.58,,TRUE,TRUE,9010544137668,https://cdn.shopify.com/s/files/1/0511/7820/9461/files/pho_wp_nmon_t728__sall__awsg__v1.jpg?v=1680287642,1,Mounting tool penstock,FALSE,Mounting tool penstock,Mounting tool penstock,Tools,,Adult,T728,WP - Socket,WP - Special tools,new,FALSE,,,,,,,kg,,
wp-wp170072int,Notepad,"<ul><li class=""li-square"">DIN A4</li><li class=""li-square"">50 sheets</li></ul>",WP,Vehicles & Parts > Vehicle Parts & Accessories > Motor Vehicle Parts,WP - Merchandising material,WP - Retail &amp; Marketing Material,FALSE,Title,Default Title,,,,,WP170072INT,,shopify,,continue,manual,2.36,,TRUE,TRUE,9010544132502,https://cdn.shopify.com/s/files/1/0511/7820/9461/files/pho_ds_nmon_wp_notepad__sall__awsg__v1.jpg?v=1680287452,1,Notepad,FALSE,Notepad,DIN A4 50 sheets,Motor Vehicle Parts,,Adult,WP170072INT,WP - Merchandising material,WP - Retail &amp; Marketing Material,new,FALSE,,,,,,,kg,,
wp-wp170073int,Pen,"<ul><li class=""li-square"">Black pen with WP Logo</li><li class=""li-square"">Black ink</li></ul>",WP,Vehicles & Parts > Vehicle Parts & Accessories > Motor Vehicle Parts,WP - Merchandising material,WP - Retail &amp; Marketing Material,TRUE,Title,Default Title,,,,,WP170073INT,,shopify,,continue,manual,2.00,,TRUE,TRUE,9010544132496,https://cdn.shopify.com/s/files/1/0511/7820/9461/files/pho_ds_nmon_wp_pen__sall__awsg__v1.jpg?v=1680287451,1,Pen,FALSE,Pen,Black pen with WP Logo Black ink,Motor Vehicle Parts,,Adult,WP170073INT,WP - Merchandising material,WP - Retail &amp; Marketing Material,new,FALSE,,,,,,,kg,,
wp-wp170076int,Paddock Chair,"<ul><li class=""li-square"">Black paddock chair with WP logo</li><li class=""li-square"">Material: polyester and metal</li><li class=""li-square"">Load capacity: up to 100 kg </li><li class=""li-square"">Size open: 52 x 52 x 83 cm</li></ul>",WP,Vehicles & Parts > Vehicle Parts & Accessories > Motor Vehicle Parts,WP - Event material,WP - Retail &amp; Marketing Material,FALSE,Title,Default Title,,,,,WP170076INT,,shopify,,continue,manual,,,TRUE,TRUE,,https://cdn.shopify.com/s/files/1/0511/7820/9461/files/pho_ds_nmon_wp_paddock_chair_front_2018__sall__awsg__v1.jpg?v=1680287451,1,Paddock Chair,FALSE,Paddock Chair,Black paddock chair with WP logo Material: polyester and metal Load capacity: up to 100 kg Size open: 52 x 52 x 83 cm,Motor Vehicle Parts,,Adult,WP170076INT,WP - Event material,WP - Retail &amp; Marketing Material,new,FALSE,,,,,,,kg,,
wp-wp170076int,,,,,,,,,,,,,,,,,,,,,,,,,https://cdn.shopify.com/s/files/1/0511/7820/9461/files/pho_ds_nmon_wp_paddock_chair_back_2018__sall__awsg__v1.jpg?v=1680287451,2,Paddock Chair,,,,,,,,,,,,,,,,,,,,
wp-wp170077int,Flag incl. Rope Loops Set,"<ul><li class=""li-square"">Width 1000 x height 4000 mm</li><li class=""li-square"">Material: 100 % Polyester</li></ul>",WP,Vehicles & Parts > Vehicle Parts & Accessories > Motor Vehicle Parts,WP - Event material,WP - Retail &amp; Marketing Material,TRUE,Title,Default Title,,,,,WP170077INT,,shopify,,continue,manual,46.83,,TRUE,TRUE,9010544132472,https://cdn.shopify.com/s/files/1/0511/7820/9461/files/pho_ds_nmon_wp170077int_wp_flag_dealernet__sall__awsg__v1.jpg?v=1680287312,1,Flag incl. Rope Loops Set,FALSE,Flag incl. Rope Loops Set,Width 1000 x height 4000 mm Material: 100 % Polyester,Motor Vehicle Parts,,Adult,WP170077INT,WP - Event material,WP - Retail &amp; Marketing Material,new,FALSE,,,,,,,kg,,
wp-wp170078int,Beachflag Set,"<ul><li class=""li-square"">Width ca. 110 cm x height ca. 265 cm</li><li class=""li-square"">Set contains: cloth (110 x 265 cm)</li><li class=""li-square"">Bar aluminium 120 cm</li><li class=""li-square"">Carrying bag with inside pockets</li></ul>",WP,Vehicles & Parts > Vehicle Parts & Accessories > Motor Vehicle Parts,WP - Event material,WP - Retail &amp; Marketing Material,TRUE,Title,Default Title,,,,,WP170078INT,,shopify,,continue,manual,148.71,,TRUE,TRUE,9010544132465,https://cdn.shopify.com/s/files/1/0511/7820/9461/files/pho_ds_nmon_wp170078int_wp_beachflag_set__sall__awsg__v1.jpg?v=1680287313,1,Beachflag Set,FALSE,Beachflag Set,Width ca. 110 cm x height ca. 265 cm Set contains: cloth (110 x 265 cm) Bar aluminium 120 cm Carrying bag with inside pockets,Motor Vehicle Parts,,Adult,WP170078INT,WP - Event material,WP - Retail &amp; Marketing Material,new,FALSE,,,,,,,kg,,
wp-wp170079int,Endlessbanner,"<ul><li class=""li-square"">Height 800 mm</li><li class=""li-square"">Metre/pulley: 50 m</li><li class=""li-square"">Material: 100 % Polyester</li></ul>",WP,Vehicles & Parts > Vehicle Parts & Accessories > Motor Vehicle Parts,WP - Event material,WP - Retail &amp; Marketing Material,TRUE,Title,Default Title,,,,,WP170079INT,,shopify,,continue,manual,94.62,,TRUE,TRUE,9010544132458,https://cdn.shopify.com/s/files/1/0511/7820/9461/files/pho_ds_nmon_wp_endlessbanner__sall__awsg__v1.jpg?v=1680287452,1,Endlessbanner,FALSE,Endlessbanner,Height 800 mm Metre/pulley: 50 m Material: 100 % Polyester,Motor Vehicle Parts,,Adult,WP170079INT,WP - Event material,WP - Retail &amp; Marketing Material,new,FALSE,,,,,,,kg,,
wp-wp170096int,Paper Shopper,"<ul><li class=""li-square"">Width 380mm x height 300mm</li><li class=""li-square"">Length cord: 50 cm</li></ul>",WP,Vehicles & Parts > Vehicle Parts & Accessories > Motor Vehicle Parts,WP - Merchandising material,WP - Retail &amp; Marketing Material,FALSE,Title,Default Title,,,,,WP170096INT,,shopify,,continue,manual,,,TRUE,TRUE,,https://cdn.shopify.com/s/files/1/0511/7820/9461/files/pho_ds_nmon_wp_shopping_bag__003___sall__awsg__v1.jpg?v=1680287451,1,Paper Shopper,FALSE,Paper Shopper,Width 380mm x height 300mm Length cord: 50 cm,Motor Vehicle Parts,,Adult,WP170096INT,WP - Merchandising material,WP - Retail &amp; Marketing Material,new,FALSE,,,,,,,kg,,
wp-wp170097int,Beachflag (only Cloth),Width ca. 110 cm x height ca. 265 cm,WP,Vehicles & Parts > Vehicle Parts & Accessories > Motor Vehicle Parts,WP - Event material,WP - Retail &amp; Marketing Material,TRUE,Title,Default Title,,,,,WP170097INT,,shopify,,continue,manual,59.53,,TRUE,TRUE,9010544132434,https://cdn.shopify.com/s/files/1/0511/7820/9461/files/pho_ds_nmon_wp170097int_wp_beachflag_only_cloth__sall__awsg__v1.jpg?v=1680287313,1,Beachflag (only Cloth),FALSE,Beachflag (only Cloth),Width ca. 110 cm x height ca. 265 cm,Motor Vehicle Parts,,Adult,WP170097INT,WP - Event material,WP - Retail &amp; Marketing Material,new,FALSE,,,,,,,kg,,
wp-wp180001xx,Pro Components Offroad 2018,Package of 10 pieces,WP,Vehicles & Parts > Vehicle Parts & Accessories > Motor Vehicle Parts,WP - Folder,WP - Retail &amp; Marketing Material,FALSE,Content language,EN-DE,,,,,WP180001EN-DE,,shopify,,continue,manual,,,TRUE,TRUE,,https://cdn.shopify.com/s/files/1/0511/7820/9461/files/pho_wp_nmon_wp_dealernet_catalog2018_offroad_cover__sall__awsg__v1.jpg?v=1680287451,1,Pro Components Offroad 2018 - Content language: EN-DE,FALSE,Pro Components Offroad 2018,Package of 10 pieces,Motor Vehicle Parts,,Adult,WP180001EN-DE,WP - Folder,WP - Retail &amp; Marketing Material,new,FALSE,,,,,,,kg,,
wp-wp180001xx,,,WP,,,,FALSE,Content language,EN-ES,,,,,WP180001ES-EN,,shopify,,continue,manual,,,TRUE,TRUE,,,,,FALSE,,,,,Adult,WP180001ES-EN,WP - Folder,WP - Retail &amp; Marketing Material,new,FALSE,,,,,,,kg,,
wp-wp180001xx,,,WP,,,,FALSE,Content language,FR-IT,,,,,WP180001FR-IT,,shopify,,continue,manual,,,TRUE,TRUE,,,,,FALSE,,,,,Adult,WP180001FR-IT,WP - Folder,WP - Retail &amp; Marketing Material,new,FALSE,,,,,,,kg,,
wp-wp180001xx,,,,,,,,,,,,,,,,,,,,,,,,,https://cdn.shopify.com/s/files/1/0511/7820/9461/files/pho_wp_nmon_wp_dealernet_catalog2018_offroad_inside__sall__awsg__v1.jpg?v=1680287451,2,Pro Components Offroad 2018,,,,,,,,,,,,,,,,,,,,
wp-wp180002xx,Pro Components Street 2018,Package of 10 pieces,WP,Vehicles & Parts > Vehicle Parts & Accessories > Motor Vehicle Parts,WP - Folder,WP - Retail &amp; Marketing Material,FALSE,Content language,EN-DE,,,,,WP180002EN-DE,,shopify,,continue,manual,,,TRUE,TRUE,,https://cdn.shopify.com/s/files/1/0511/7820/9461/files/pho_wp_nmon_wp_dealernet_catalog2018_street_cover__sall__awsg__v1.jpg?v=1680287452,1,Pro Components Street 2018 - Content language: EN-DE,FALSE,Pro Components Street 2018,Package of 10 pieces,Motor Vehicle Parts,,Adult,WP180002EN-DE,WP - Folder,WP - Retail &amp; Marketing Material,new,FALSE,,,,,,,kg,,
wp-wp180002xx,,,WP,,,,FALSE,Content language,EN-ES,,,,,WP180002ES-EN,,shopify,,continue,manual,,,TRUE,TRUE,,,,,FALSE,,,,,Adult,WP180002ES-EN,WP - Folder,WP - Retail &amp; Marketing Material,new,FALSE,,,,,,,kg,,
wp-wp180002xx,,,WP,,,,FALSE,Content language,FR-IT,,,,,WP180002FR-IT,,shopify,,continue,manual,,,TRUE,TRUE,,,,,FALSE,,,,,Adult,WP180002FR-IT,WP - Folder,WP - Retail &amp; Marketing Material,new,FALSE,,,,,,,kg,,
wp-wp180002xx,,,,,,,,,,,,,,,,,,,,,,,,,https://cdn.shopify.com/s/files/1/0511/7820/9461/files/pho_wp_nmon_wp_dealernet_catalog2018_street_inside__sall__awsg__v1.jpg?v=1680287452,2,Pro Components Street 2018,,,,,,,,,,,,,,,,,,,,
wp-wp180003int,Tent Roof 3 x 3 m,"<ul><li>The cover 2018 is stitched of stronger fabric and the seams are taped</li><li>Fabric-weight is 235 gr/m²</li><li>Flame retardant acc. to EN 13501-1</li><li>Water-scale 4.000 mm</li><li>Weight: 4,5 kg</li></ul>",WP,Vehicles & Parts > Vehicle Parts & Accessories > Motor Vehicle Parts,WP - Event material,WP - Retail &amp; Marketing Material,FALSE,Title,Default Title,,,,,WP180003INT,,shopify,,continue,manual,309.82,,TRUE,TRUE,9010544132366,https://cdn.shopify.com/s/files/1/0511/7820/9461/files/pho_ds_nmon_wp180003int_wp_tent_3x3_roof__sall__awsg__v1.jpg?v=1680287313,1,Tent Roof 3 x 3 m,FALSE,Tent Roof 3 x 3 m,"The cover 2018 is stitched of stronger fabric and the seams are taped Fabric-weight is 235 gr/m² Flame retardant acc. to EN 13501-1 Water-scale 4.000 mm Weight: 4,5 kg",Motor Vehicle Parts,,Adult,WP180003INT,WP - Event material,WP - Retail &amp; Marketing Material,new,FALSE,,,,,,,kg,,
wp-wp180004int,Tent Side Wall 3 x 3 m,"<ul><li class=""li-square"">The new sidewalls 2018 are stitched of stronger fabric</li><li class=""li-square"">Fabric-weight is 235 gr/m²</li><li class=""li-square"">Flame retardant acc. to EN 13501-1</li><li class=""li-square"">Vertical ribbon stitched left/right side for reinforcement</li><li class=""li-square"">Welcro-fixing on cover and tent-legs</li><li class=""li-square"">Zipper at the side to connect with another sidewalls and close it completely</li><li class=""li-square"">Weight: 2,25 kg</li></ul>",WP,Vehicles & Parts > Vehicle Parts & Accessories > Motor Vehicle Parts,WP - Event material,WP - Retail &amp; Marketing Material,FALSE,Title,Default Title,,,,,WP180004INT,,shopify,,continue,manual,,,TRUE,TRUE,,https://cdn.shopify.com/s/files/1/0511/7820/9461/files/pho_ds_nmon_wp180004int_wp_tent_sidewall_3m__sall__awsg__v1.jpg?v=1680287312,1,Tent Side Wall 3 x 3 m,FALSE,Tent Side Wall 3 x 3 m,"The new sidewalls 2018 are stitched of stronger fabric Fabric-weight is 235 gr/m² Flame retardant acc. to EN 13501-1 Vertical ribbon stitched left/right side for reinforcement Welcro-fixing on cover and tent-legs Zipper at the side to connect with another sidewalls and close it completely Weight: 2,25 kg",Motor Vehicle Parts,,Adult,WP180004INT,WP - Event material,WP - Retail &amp; Marketing Material,new,FALSE,,,,,,,kg,,
wp-wp180005int,Tent Roof 6 x 3 m,<ul><li>The cover 2018 is stitched of stronger fabric and the seams are taped</li><li>Fabric-weight is 235 gr/m²</li><li>Flame retardant acc. to EN 13501-1</li><li>Water-scale 4.000 mm</li><li>Weight: 8 kg</li></ul>,WP,Vehicles & Parts > Vehicle Parts & Accessories > Motor Vehicle Parts,WP - Event material,WP - Retail &amp; Marketing Material,TRUE,Title,Default Title,,,,,WP180005INT,,shopify,,continue,manual,550.07,,TRUE,TRUE,9010544132342,https://cdn.shopify.com/s/files/1/0511/7820/9461/files/pho_ds_nmon_wp180005int_wp_tent_6x3_roof__sall__awsg__v1.jpg?v=1680287312,1,Tent Roof 6 x 3 m,FALSE,Tent Roof 6 x 3 m,The cover 2018 is stitched of stronger fabric and the seams are taped Fabric-weight is 235 gr/m² Flame retardant acc. to EN 13501-1 Water-scale 4.000 mm Weight: 8 kg,Motor Vehicle Parts,,Adult,WP180005INT,WP - Event material,WP - Retail &amp; Marketing Material,new,FALSE,,,,,,,kg,,
wp-wp180006int,Tent Side Wall 6 x 3 m,"<ul><li class=""li-square"">The new sidewalls 2018 are stitched of stronger fabric</li><li class=""li-square"">Fabric-weight is 235 gr/m²</li><li class=""li-square"">Flame retardant acc. to EN 13501-1</li><li class=""li-square"">Vertical ribbon stitched left/right side for reinforcement</li><li class=""li-square"">Welcro-fixing on cover and tent-legs</li><li class=""li-square"">Zipper at the side to connect with another sidewalls and close it completely</li><li class=""li-square"">Weight: 4 kg</li></ul>",WP,Vehicles & Parts > Vehicle Parts & Accessories > Motor Vehicle Parts,WP - Event material,WP - Retail &amp; Marketing Material,TRUE,Title,Default Title,,,,,WP180006INT,,shopify,,continue,manual,213.75,,TRUE,TRUE,9010544132335,https://cdn.shopify.com/s/files/1/0511/7820/9461/files/pho_ds_nmon_wp180006int_wp_tent_sidewall_6m__sall__awsg__v1.jpg?v=1680287312,1,Tent Side Wall 6 x 3 m,FALSE,Tent Side Wall 6 x 3 m,The new sidewalls 2018 are stitched of stronger fabric Fabric-weight is 235 gr/m² Flame retardant acc. to EN 13501-1 Vertical ribbon stitched left/right side for reinforcement Welcro-fixing on cover and tent-legs Zipper at the side to connect with another sidewalls and close it completely Weight: 4 kg,Motor Vehicle Parts,,Adult,WP180006INT,WP - Event material,WP - Retail &amp; Marketing Material,new,FALSE,,,,,,,kg,,
wp-wp180007int,Post it,"<ul><li class=""li-square"">Width 75mm x height 75mm</li><li class=""li-square"">50 sheets</li><li class=""li-square"">5 pads = 1 packaging unit</li></ul>",WP,Vehicles & Parts > Vehicle Parts & Accessories > Motor Vehicle Parts,WP - Merchandising material,WP - Retail &amp; Marketing Material,FALSE,Title,Default Title,,,,,WP180007INT,,shopify,,continue,manual,,,TRUE,TRUE,,https://cdn.shopify.com/s/files/1/0511/7820/9461/files/pho_ds_nmon_wp_post_its__sall__awsg__v1.jpg?v=1680287451,1,Post it,FALSE,Post it,Width 75mm x height 75mm 50 sheets 5 pads = 1 packaging unit,Motor Vehicle Parts,,Adult,WP180007INT,WP - Merchandising material,WP - Retail &amp; Marketing Material,new,FALSE,,,,,,,kg,,
wp-wp180008en,Brandvalue Poster Kit,"<ul><li class=""li-square"">2 pc with our WP Brandvalues (landscape)</li><li class=""li-square"">Size: 594 x 841 mm</li></ul>",WP,Vehicles & Parts > Vehicle Parts & Accessories > Motor Vehicle Parts,WP - Poster,WP - Retail &amp; Marketing Material,FALSE,Title,Default Title,,,,,WP180008EN,,shopify,,continue,manual,1.69,,TRUE,TRUE,9010544132311,https://cdn.shopify.com/s/files/1/0511/7820/9461/files/pho_ds_nmon_brand_values_poster_2018_mockup__sall__awsg__v1.jpg?v=1680287451,1,Brandvalue Poster Kit,FALSE,Brandvalue Poster Kit,2 pc with our WP Brandvalues (landscape) Size: 594 x 841 mm,Motor Vehicle Parts,,Adult,WP180008EN,WP - Poster,WP - Retail &amp; Marketing Material,new,FALSE,,,,,,,kg,,
wp-wp180009en,Poster Kit,"<ul><li class=""li-square"">2 x WP Offroad poster (1 pc portrait / 1 pc landscape)</li><li class=""li-square"">2 x WP Street poster (1 pc portrait / 1 pc landscape)</li></ul>",WP,Vehicles & Parts > Vehicle Parts & Accessories > Motor Vehicle Parts,WP - Poster,WP - Retail &amp; Marketing Material,FALSE,Title,Default Title,,,,,WP180009EN,,shopify,,continue,manual,3.39,,TRUE,TRUE,9010544132304,https://cdn.shopify.com/s/files/1/0511/7820/9461/files/pho_ds_nmon_poster_landscape_2018_offroad__sall__awsg__v1.jpg?v=1680287452,1,Poster Kit,FALSE,Poster Kit,2 x WP Offroad poster (1 pc portrait / 1 pc landscape) 2 x WP Street poster (1 pc portrait / 1 pc landscape),Motor Vehicle Parts,,Adult,WP180009EN,WP - Poster,WP - Retail &amp; Marketing Material,new,FALSE,,,,,,,kg,,
wp-wp180009en,,,,,,,,,,,,,,,,,,,,,,,,,https://cdn.shopify.com/s/files/1/0511/7820/9461/files/pho_ds_nmon_poster_landscape_2018_street__sall__awsg__v1.jpg?v=1680287452,2,Poster Kit,,,,,,,,,,,,,,,,,,,,
wp-wp180009en,,,,,,,,,,,,,,,,,,,,,,,,,https://cdn.shopify.com/s/files/1/0511/7820/9461/files/pho_ds_nmon_poster_portrait_2018_offroad__sall__awsg__v1.jpg?v=1680287452,3,Poster Kit,,,,,,,,,,,,,,,,,,,,
wp-wp180009en,,,,,,,,,,,,,,,,,,,,,,,,,https://cdn.shopify.com/s/files/1/0511/7820/9461/files/pho_ds_nmon_poster_portrait_2018_street__sall__awsg__v1.jpg?v=1680287452,4,Poster Kit,,,,,,,,,,,,,,,,,,,,
wp-wp190001int,Lanyard,"<ul><li class=""li-square"">Material: Satin</li><li class=""li-square"">Size: 20mm width & 370mm length</li><li class=""li-square"">Individual packaging in a polybag</li></ul>",WP,Vehicles & Parts > Vehicle Parts & Accessories > Motor Vehicle Parts,WP - Merchandising material,WP - Retail &amp; Marketing Material,FALSE,Title,Default Title,,,,,WP190001INT,,shopify,,continue,manual,2.24,,TRUE,TRUE,9010544132298,https://cdn.shopify.com/s/files/1/0511/7820/9461/files/pho_ds_nmon_wp_lanyard__sall__awsg__v1.jpg?v=1680287452,1,Lanyard,FALSE,Lanyard,Material: Satin Size: 20mm width & 370mm length Individual packaging in a polybag,Motor Vehicle Parts,,Adult,WP190001INT,WP - Merchandising material,WP - Retail &amp; Marketing Material,new,FALSE,,,,,,,kg,,
wp-wp190002xx,Pro Components Street 2019/2020,"<ul><li>Package of 10 pieces</li><li>36 pages</li><li>Folder about WP Pro Components, WP Original Spare Parts & Springs, WP Team Wear and WP Sticker</li></ul>",WP,Vehicles & Parts > Vehicle Parts & Accessories > Motor Vehicle Parts,WP - Folder,WP - Retail &amp; Marketing Material,FALSE,Content language,EN-DE,,,,,WP190002EN/DE,,shopify,,continue,manual,2.12,,TRUE,TRUE,9010544132281,https://cdn.shopify.com/s/files/1/0511/7820/9461/files/pho_ds_nmon_cover_wp_katalog__sall__awsg__v1.jpg?v=1680287432,1,Pro Components Street 2019/2020 - Content language: EN-DE,FALSE,Pro Components Street 2019/2020,"Package of 10 pieces 36 pages Folder about WP Pro Components, WP Original Spare Parts & Springs, WP Team Wear and WP Sticker",Motor Vehicle Parts,,Adult,WP190002EN/DE,WP - Folder,WP - Retail &amp; Marketing Material,new,FALSE,,,,,,,kg,,
wp-wp190002xx,,,WP,,,,FALSE,Content language,EN-ES,,,,,WP190002ES/EN,,shopify,,continue,manual,2.12,,TRUE,TRUE,9010544132274,,,,FALSE,,,,,Adult,WP190002ES/EN,WP - Folder,WP - Retail &amp; Marketing Material,new,FALSE,,,,,,,kg,,
wp-wp190002xx,,,WP,,,,FALSE,Content language,FR-IT,,,,,WP190002FR/IT,,shopify,,continue,manual,2.12,,TRUE,TRUE,9010544132267,,,,FALSE,,,,,Adult,WP190002FR/IT,WP - Folder,WP - Retail &amp; Marketing Material,new,FALSE,,,,,,,kg,,
wp-wp210001int,Endlessbanner,"<ul><li class=""li-square"">Format: 80 x 240 m</li><li class=""li-square"">Material: 100 % Polyester Non Woven Vlies – 150 g/m2</li><li class=""li-square"">Color: black/white/red</li></ul>",WP,Vehicles & Parts > Vehicle Parts & Accessories > Motor Vehicle Parts,WP - Event material,WP - Retail &amp; Marketing Material,TRUE,Title,Default Title,,,,,WP210001INT,,shopify,,continue,manual,100.55,,TRUE,TRUE,9010544242768,https://cdn.shopify.com/s/files/1/0511/7820/9461/files/pho_ds_nmon_wp210001int_endlessbanner__sall__awsg__v1.jpg?v=1680287313,1,Endlessbanner,FALSE,Endlessbanner,Format: 80 x 240 m Material: 100 % Polyester Non Woven Vlies – 150 g/m2 Color: black/white/red,Motor Vehicle Parts,,Adult,WP210001INT,WP - Event material,WP - Retail &amp; Marketing Material,new,FALSE,,,,,,,kg,,
wp-wp210003xxxx,Product Overview Poster 2021,"<ul><li class=""li-square"">Poster as communication tool as Product Overview</li><li class=""li-square"">Format: A1 poster, 594 x 841 mm, folded</li><li class=""li-square"">Content: APEX, XACT, XPLOR</li><li class=""li-square"">Languages: EN/DE, EN/ES, FR/IT</li><li class=""li-square"">Packaging unit: 25 pcs. (=minimum order quantity)<br /></li></ul>",WP,Vehicles & Parts > Vehicle Parts & Accessories > Motor Vehicle Parts,WP - Poster,WP - Retail &amp; Marketing Material,FALSE,Content language,EN-DE,,,,,WP210003ENDE,,shopify,,continue,manual,0.54,,TRUE,TRUE,9010544263725,https://cdn.shopify.com/s/files/1/0511/7820/9461/files/pho_ds_nmon_wp210003ende_wp_poster__sall__awsg__v1.jpg?v=1680287313,1,Product Overview Poster 2021 - Content language: EN-DE,FALSE,Product Overview Poster 2021,"Poster as communication tool as Product Overview Format: A1 poster, 594 x 841 mm, folded Content: APEX, XACT, XPLOR Languages: EN/DE, EN/ES, FR/IT Packaging unit: 25 pcs. (=minimum order quantity)",Motor Vehicle Parts,,Adult,WP210003ENDE,WP - Poster,WP - Retail &amp; Marketing Material,new,FALSE,,,,,,,kg,,
wp-wp210003xxxx,,,WP,,,,FALSE,Content language,EN-ES,,,,,WP210003ENES,,shopify,,continue,manual,0.54,,TRUE,TRUE,9010544263787,,,,FALSE,,,,,Adult,WP210003ENES,WP - Poster,WP - Retail &amp; Marketing Material,new,FALSE,,,,,,,kg,,
wp-wp210003xxxx,,,WP,,,,FALSE,Content language,FR-IT,,,,,WP210003FRIT,,shopify,,continue,manual,0.54,,TRUE,TRUE,9010544263817,,,,FALSE,,,,,Adult,WP210003FRIT,WP - Poster,WP - Retail &amp; Marketing Material,new,FALSE,,,,,,,kg,,
wp-wp210006int,Pen,"<ul><li class=""li-square"">Surface of the Pen: Black Soft Touch</li><li class=""li-square"">Colour Mine: blue</li><li class=""li-square"">Clickable ball point pen: anthrazit</li></ul>",WP,Vehicles & Parts > Vehicle Parts & Accessories > Motor Vehicle Parts,WP - Merchandising material,WP - Retail &amp; Marketing Material,TRUE,Title,Default Title,,,,,WP210006INT,,shopify,,continue,manual,2.24,,TRUE,TRUE,9010544313338,https://cdn.shopify.com/s/files/1/0511/7820/9461/files/pho_ds_nmon_wp_pen_wp210006int__sall__awsg__v1.jpg?v=1680287312,1,Pen,FALSE,Pen,Surface of the Pen: Black Soft Touch Colour Mine: blue Clickable ball point pen: anthrazit,Motor Vehicle Parts,,Adult,WP210006INT,WP - Merchandising material,WP - Retail &amp; Marketing Material,new,FALSE,,,,,,,kg,,
wp-wp210007int,Post it,"<ul><li class=""li-square"">Width 75mm x height 75mm</li><li class=""li-square"">50 sheets</li><li class=""li-square"">5 pads = 1 packaging unit</li></ul>",WP,Vehicles & Parts > Vehicle Parts & Accessories > Motor Vehicle Parts,WP - Merchandising material,WP - Retail &amp; Marketing Material,FALSE,Title,Default Title,,,,,WP210007INT,,shopify,,continue,manual,1.94,,TRUE,TRUE,9010544313284,https://cdn.shopify.com/s/files/1/0511/7820/9461/files/pho_ds_nmon_wp210007int_post_its__sall__awsg__v1.jpg?v=1680287312,1,Post it,FALSE,Post it,Width 75mm x height 75mm 50 sheets 5 pads = 1 packaging unit,Motor Vehicle Parts,,Adult,WP210007INT,WP - Merchandising material,WP - Retail &amp; Marketing Material,new,FALSE,,,,,,,kg,,
wp-wp210008int,Track Tape,"<ul><li class=""li-square"">Height 70 mm</li><li class=""li-square"">Metres/roll 250 m per roll</li><li class=""li-square"">Material: 100% PVC film</li></ul>",WP,Vehicles & Parts > Vehicle Parts & Accessories > Motor Vehicle Parts,WP - Event material,WP - Retail &amp; Marketing Material,TRUE,Title,Default Title,,,,,WP210008INT,,shopify,,continue,manual,14.58,,TRUE,TRUE,9010544325430,https://cdn.shopify.com/s/files/1/0511/7820/9461/files/pho_ds_nmon_wp210008int_dealernet__sall__awsg__v1.jpg?v=1721981019,1,Track Tape,FALSE,Track Tape,Height 70 mm Metres/roll 250 m per roll Material: 100% PVC film,Motor Vehicle Parts,,Adult,WP210008INT,WP - Event material,WP - Retail &amp; Marketing Material,new,FALSE,,,,,,,kg,,
wp-wp210009int,Notepad A4,"<ul><li class=""li-square"">Format: A4</li><li class=""li-square"">Cover: 300 g/m2 Finecarton white,</li><li class=""li-square"">Surface: Drip Off Lack</li><li class=""li-square"">Center: 90 g/m2 Offsetpaper, 100 pages, squared paper</li><li class=""li-square"">Color: black , red, white</li><li class=""li-square"">Packaging Unit: 1</li></ul>",WP,Vehicles & Parts > Vehicle Parts & Accessories > Motor Vehicle Parts,WP - Merchandising material,WP - Retail &amp; Marketing Material,FALSE,Title,Default Title,,,,,WP210009INT,,shopify,,continue,manual,2.54,,TRUE,TRUE,9010544326208,https://cdn.shopify.com/s/files/1/0511/7820/9461/files/pho_ds_nmon_wp210009int_wp_notepad__sall__awsg__v1.jpg?v=1680287313,1,Notepad A4,FALSE,Notepad A4,"Format: A4 Cover: 300 g/m2 Finecarton white, Surface: Drip Off Lack Center: 90 g/m2 Offsetpaper, 100 pages, squared paper Color: black , red, white Packaging Unit: 1",Motor Vehicle Parts,,Adult,WP210009INT,WP - Merchandising material,WP - Retail &amp; Marketing Material,new,FALSE,,,,,,,kg,,
wp-wp210010int,Sticker Sheet,"<ul><li class=""li-square"">Format: A4</li><li class=""li-square"">Surface: matt</li><li class=""li-square"">1 unit = 1 sheet <br /></li></ul>",WP,Vehicles & Parts > Vehicle Parts & Accessories > Motor Vehicle Parts,WP - Merchandising material,WP - Retail &amp; Marketing Material,TRUE,Title,Default Title,,,,,WP210010INT,,shopify,,continue,manual,3.51,,TRUE,TRUE,9010544351231,https://cdn.shopify.com/s/files/1/0511/7820/9461/files/pho_ds_nmon_wp210010int_sticker_sheet__sall__awsg__v1.jpg?v=1680287312,1,Sticker Sheet,FALSE,Sticker Sheet,Format: A4 Surface: matt 1 unit = 1 sheet,Motor Vehicle Parts,,Adult,WP210010INT,WP - Merchandising material,WP - Retail &amp; Marketing Material,new,FALSE,,,,,,,kg,,
wp-wp220001int,Mug-to-go,"<ul><li class=""li-square"">Material: 100 % Recycling PP Plastic</li><li class=""li-square"">Size: 15,5 cm x 9,5 m</li><li class=""li-square"">Color: Black background, Logo in white and red</li><li class=""li-square"">Screwable lid</li><li class=""li-square"">Opening for drinking can be closed</li><li class=""li-square"">Mug and lid are top-rack dishwasher safe</li></ul>",WP,Vehicles & Parts > Vehicle Parts & Accessories > Motor Vehicle Parts,WP - Merchandising material,WP - Retail &amp; Marketing Material,TRUE,Title,Default Title,,,,,WP220001INT,,shopify,,continue,manual,6.65,,TRUE,TRUE,9010544353556,https://cdn.shopify.com/s/files/1/0511/7820/9461/files/pho_ds_nmon_wp_mug_to_go_1__sall__awsg__v1.jpg?v=1680287313,1,Mug-to-go,FALSE,Mug-to-go,"Material: 100 % Recycling PP Plastic Size: 15,5 cm x 9,5 m Color: Black background, Logo in white and red Screwable lid Opening for drinking can be closed Mug and lid are top-rack dishwasher safe",Motor Vehicle Parts,,Adult,WP220001INT,WP - Merchandising material,WP - Retail &amp; Marketing Material,new,FALSE,,,,,,,kg,,
wp-wp220001int,,,,,,,,,,,,,,,,,,,,,,,,,https://cdn.shopify.com/s/files/1/0511/7820/9461/files/pho_ds_nmon_wp_mug_to_go_2__sall__awsg__v1.jpg?v=1680287312,2,Mug-to-go,,,,,,,,,,,,,,,,,,,,
wp-wp220001int,,,,,,,,,,,,,,,,,,,,,,,,,https://cdn.shopify.com/s/files/1/0511/7820/9461/files/pho_ds_nmon_wp_mug_to_go_4__sall__awsg__v1.jpg?v=1680287313,3,Mug-to-go,,,,,,,,,,,,,,,,,,,,
wp-wp220002int,Sunglasses,"<ul><li class=""li-square"">100 % UV 400 Protection</li><li class=""li-square"">CE certificated</li><li class=""li-square"">WP Logo on both side bars</li><li class=""li-square"">Sunglasses frame: black</li><li class=""li-square"">Gumming: red</li><li class=""li-square"">Red mirrored lenses</li><li class=""li-square"">Microfiberbag: black with WP Logo</li><li class=""li-square"">One Size</li><li class=""li-square"">Box color: black, red</li><li class=""li-square"">Format Box: 148 mm x 65 mm x 50 cm</li></ul>",WP,Vehicles & Parts > Vehicle Parts & Accessories > Motor Vehicle Parts,WP - Merchandising material,WP - Retail &amp; Marketing Material,TRUE,Title,Default Title,,,,,WP220002INT,,shopify,,continue,manual,14.22,,TRUE,TRUE,9010544354652,https://cdn.shopify.com/s/files/1/0511/7820/9461/files/pho_ds_nmon_wp220002int_wp_sunglasses_02__sall__awsg__v1.jpg?v=1680287313,1,Sunglasses,FALSE,Sunglasses,"100 % UV 400 Protection CE certificated WP Logo on both side bars Sunglasses frame: black Gumming: red Red mirrored lenses Microfiberbag: black with WP Logo One Size Box color: black, red Format Box: 148 mm x 65 mm x 50 cm",Motor Vehicle Parts,,Adult,WP220002INT,WP - Merchandising material,WP - Retail &amp; Marketing Material,new,FALSE,,,,,,,kg,,
wp-wp220002int,,,,,,,,,,,,,,,,,,,,,,,,,https://cdn.shopify.com/s/files/1/0511/7820/9461/files/pho_ds_nmon_wp220002int_wp_sunglasses_01__sall__awsg__v1.jpg?v=1680287313,2,Sunglasses,,,,,,,,,,,,,,,,,,,,
wp-wp220003int,Tent Roof 3 x 3 M,"<ul><li class=""li-square"">The cover is stitched of stronger fabric and the seams are taped</li><li class=""li-square"">Fabric-weight is 235 gr/m²</li><li class=""li-square"">Flame retardant acc. to EN 13501-1</li><li class=""li-square"">Water-scale 4.000 mm</li><li class=""li-square"">Weight: 4,5 kg<br /></li></ul>",WP,Vehicles & Parts > Vehicle Parts & Accessories > Motor Vehicle Parts,WP - Event material,WP - Retail &amp; Marketing Material,TRUE,Title,Default Title,,,,,WP220003INT,,shopify,,continue,manual,328.82,,TRUE,TRUE,9010544356847,https://cdn.shopify.com/s/files/1/0511/7820/9461/files/pho_ds_nmon_wp_tent_roof_3x3_wp220003int__sall__awsg__v1.jpg?v=1680287313,1,Tent Roof 3 x 3 M,FALSE,Tent Roof 3 x 3 M,"The cover is stitched of stronger fabric and the seams are taped Fabric-weight is 235 gr/m² Flame retardant acc. to EN 13501-1 Water-scale 4.000 mm Weight: 4,5 kg",Motor Vehicle Parts,,Adult,WP220003INT,WP - Event material,WP - Retail &amp; Marketing Material,new,FALSE,,,,,,,kg,,
wp-wp220003int,,,,,,,,,,,,,,,,,,,,,,,,,https://cdn.shopify.com/s/files/1/0511/7820/9461/files/pho_ds_nmon_wp_tent_with_side_wall_3x3_wp220003int__sall__awsg__v1.jpg?v=1680287313,2,Tent Roof 3 x 3 M,,,,,,,,,,,,,,,,,,,,
wp-wp220004xx,PRODUCT POSTER 2022,"<ul><li class=""li-square"">Poster as communication tool as Product Overview</li><li class=""li-square"">Format: A1 poster, 594 x 841 mm, folded</li><li class=""li-square"">Packaging unit: 25 pcs. (=minimum order quantity)</li></ul>",WP,Vehicles & Parts > Vehicle Parts & Accessories > Motor Vehicle Parts,WP - Poster,WP - Retail &amp; Marketing Material,FALSE,Content language,DE,,,,,WP220004DE,,shopify,,continue,manual,,,TRUE,TRUE,,https://cdn.shopify.com/s/files/1/0511/7820/9461/files/pho_ds_nmon_wp220004de_wp_productposter_2022_mockup__sall__awsg__v1.jpg?v=1721981244,1,PRODUCT POSTER 2022 - Content language: DE,FALSE,PRODUCT POSTER 2022,"Poster as communication tool as Product Overview Format: A1 poster, 594 x 841 mm, folded Packaging unit: 25 pcs. (=minimum order quantity)",Motor Vehicle Parts,,Adult,WP220004DE,WP - Poster,WP - Retail &amp; Marketing Material,new,FALSE,,,,,,,kg,,
wp-wp220004xx,,,WP,,,,FALSE,Content language,EN,,,,,WP220004EN,,shopify,,continue,manual,0.97,,TRUE,TRUE,9010544374001,,,,FALSE,,,,,Adult,WP220004EN,WP - Poster,WP - Retail &amp; Marketing Material,new,FALSE,,,,,,,kg,,
wp-wp220004xx,,,WP,,,,FALSE,Content language,ES,,,,,WP220004ES,,shopify,,continue,manual,0.97,,TRUE,TRUE,9010544374049,,,,FALSE,,,,,Adult,WP220004ES,WP - Poster,WP - Retail &amp; Marketing Material,new,FALSE,,,,,,,kg,,
wp-wp220004xx,,,WP,,,,FALSE,Content language,FR,,,,,WP220004FR,,shopify,,continue,manual,0.97,,TRUE,TRUE,9010544374032,,,,FALSE,,,,,Adult,WP220004FR,WP - Poster,WP - Retail &amp; Marketing Material,new,FALSE,,,,,,,kg,,
wp-wp220004xx,,,WP,,,,FALSE,Content language,IT,,,,,WP220004IT,,shopify,,continue,manual,0.97,,TRUE,TRUE,9010544374056,,,,FALSE,,,,,Adult,WP220004IT,WP - Poster,WP - Retail &amp; Marketing Material,new,FALSE,,,,,,,kg,,
wp-wp220004int,Tent Side Wall 3 x 3 M,"<ul><li class=""li-square"">The new sidewalls are stitched of stronger fabric</li><li class=""li-square"">Fabric-weight is 235 gr/m²</li><li class=""li-square"">Flame retardant acc. to EN 13501-1</li><li class=""li-square"">Vertical ribbon stitched left/right side for reinforcement</li><li class=""li-square"">Welcro-fixing on cover and tent-legs</li><li class=""li-square"">Zipper at the side to connect with another sidewalls and close it completely</li><li class=""li-square"">Weight: 2,25 kg<br /></li></ul>",WP,Vehicles & Parts > Vehicle Parts & Accessories > Motor Vehicle Parts,WP - Event material,WP - Retail &amp; Marketing Material,TRUE,Title,Default Title,,,,,WP220004INT,,shopify,,continue,manual,120.15,,TRUE,TRUE,9010544356854,https://cdn.shopify.com/s/files/1/0511/7820/9461/files/pho_ds_nmon_wp_tent_side_wall_3m_wp220004int__sall__awsg__v1.jpg?v=1680287313,1,Tent Side Wall 3 x 3 M,FALSE,Tent Side Wall 3 x 3 M,"The new sidewalls are stitched of stronger fabric Fabric-weight is 235 gr/m² Flame retardant acc. to EN 13501-1 Vertical ribbon stitched left/right side for reinforcement Welcro-fixing on cover and tent-legs Zipper at the side to connect with another sidewalls and close it completely Weight: 2,25 kg",Motor Vehicle Parts,,Adult,WP220004INT,WP - Event material,WP - Retail &amp; Marketing Material,new,FALSE,,,,,,,kg,,
wp-wp220004int,,,,,,,,,,,,,,,,,,,,,,,,,https://cdn.shopify.com/s/files/1/0511/7820/9461/files/pho_ds_nmon_wp_tent_with_side_wall_3x3_wp220003int__sall__awsg__v1.jpg?v=1680287313,2,Tent Side Wall 3 x 3 M,,,,,,,,,,,,,,,,,,,,
wp-wp220005int,Tent Roof 6 x 3 M,"<ul><li class=""li-square"">The cover is stitched of stronger fabric and the seams are taped</li><li class=""li-square"">Fabric-weight is 235 gr/m²</li><li class=""li-square"">Flame retardant acc. to EN 13501-1</li><li class=""li-square"">Water-scale 4.000 mm</li><li class=""li-square"">Weight: 8 kg<br /></li></ul>",WP,Vehicles & Parts > Vehicle Parts & Accessories > Motor Vehicle Parts,WP - Event material,WP - Retail &amp; Marketing Material,TRUE,Title,Default Title,,,,,WP220005INT,,shopify,,continue,manual,588.00,,TRUE,TRUE,9010544356861,https://cdn.shopify.com/s/files/1/0511/7820/9461/files/pho_ds_nmon_wp_tent_roof_6x3m_wp220005int_02__sall__awsg__v1.jpg?v=1680287313,1,Tent Roof 6 x 3 M,FALSE,Tent Roof 6 x 3 M,The cover is stitched of stronger fabric and the seams are taped Fabric-weight is 235 gr/m² Flame retardant acc. to EN 13501-1 Water-scale 4.000 mm Weight: 8 kg,Motor Vehicle Parts,,Adult,WP220005INT,WP - Event material,WP - Retail &amp; Marketing Material,new,FALSE,,,,,,,kg,,
wp-wp220005int,,,,,,,,,,,,,,,,,,,,,,,,,https://cdn.shopify.com/s/files/1/0511/7820/9461/files/pho_ds_nmon_wp_tent_roof_6x3m_wp220005int__sall__awsg__v1.jpg?v=1680287313,2,Tent Roof 6 x 3 M,,,,,,,,,,,,,,,,,,,,
wp-wp220006int,Tent Side Wall 6 x 3 M,"<ul><li class=""li-square"">The new sidewalls are stitched of stronger fabric</li><li class=""li-square"">Fabric-weight is 235 gr/m²</li><li class=""li-square"">Flame retardant acc. to EN 13501-1</li><li class=""li-square"">Vertical ribbon stitched left/right side for reinforcement</li><li class=""li-square"">Welcro-fixing on cover and tent-legs</li><li class=""li-square"">Zipper at the side to connect with another sidewalls and close it completely</li><li class=""li-square"">Weight: 4 kg<br /></li></ul>",WP,Vehicles & Parts > Vehicle Parts & Accessories > Motor Vehicle Parts,WP - Event material,WP - Retail &amp; Marketing Material,TRUE,Title,Default Title,,,,,WP220006INT,,shopify,,continue,manual,208.66,,TRUE,TRUE,9010544356878,https://cdn.shopify.com/s/files/1/0511/7820/9461/files/pho_ds_nmon_wp_tent_side_wall_6m_wp220006int__sall__awsg__v1.jpg?v=1680287313,1,Tent Side Wall 6 x 3 M,FALSE,Tent Side Wall 6 x 3 M,The new sidewalls are stitched of stronger fabric Fabric-weight is 235 gr/m² Flame retardant acc. to EN 13501-1 Vertical ribbon stitched left/right side for reinforcement Welcro-fixing on cover and tent-legs Zipper at the side to connect with another sidewalls and close it completely Weight: 4 kg,Motor Vehicle Parts,,Adult,WP220006INT,WP - Event material,WP - Retail &amp; Marketing Material,new,FALSE,,,,,,,kg,,
wp-wp220006int,,,,,,,,,,,,,,,,,,,,,,,,,https://cdn.shopify.com/s/files/1/0511/7820/9461/files/pho_ds_nmon_wp_tent_roof_6x3m_wp220005int__sall__awsg__v1.jpg?v=1680287313,2,Tent Side Wall 6 x 3 M,,,,,,,,,,,,,,,,,,,,
wp-wp220007int,Chair,"<ul><li class=""li-square"">Chair Style: Folding chair</li><li class=""li-square"">Material: Aluminium tube</li><li class=""li-square"">Color tube: powdercoated black matt</li><li class=""li-square"">Color general: black with WP Logo (white/red)</li><li class=""li-square"">Size open: 63,50 x 49,50 x 89 cm (LxWxH)</li><li class=""li-square"">Size folded: 14 x 50,50 x 87,50 cm (LxWxH)</li><li class=""li-square"">Weight: 2,5 kg</li></ul>",WP,Vehicles & Parts > Vehicle Parts & Accessories > Motor Vehicle Parts,WP - Event material,WP - Retail &amp; Marketing Material,TRUE,Title,Default Title,,,,,WP220007INT,,shopify,,continue,manual,63.10,,TRUE,TRUE,9010544365061,https://cdn.shopify.com/s/files/1/0511/7820/9461/files/pho_ds_nmon_wp220007int_wp_chair__sall__awsg__v1.jpg?v=1680287285,1,Chair,FALSE,Chair,"Chair Style: Folding chair Material: Aluminium tube Color tube: powdercoated black matt Color general: black with WP Logo (white/red) Size open: 63,50 x 49,50 x 89 cm (LxWxH) Size folded: 14 x 50,50 x 87,50 cm (LxWxH) Weight: 2,5 kg",Motor Vehicle Parts,,Adult,WP220007INT,WP - Event material,WP - Retail &amp; Marketing Material,new,FALSE,,,,,,,kg,,
wp-wp220008int,Notepad A4,"<ul><li class=""li-square"">Format: A4 portrait</li><li class=""li-square"">Color: black, red white; Cover: Drip Off Lack; Inside: white, black, squares</li><li class=""li-square"">Paper: Cover: 300 g/m2 Finecarton white, Drip Off Lack; Center: 90 g/m2 Offsetpaper</li><li class=""li-square"">Volume: Cover 4 sides + Core 96 sides</li></ul>",WP,Vehicles & Parts > Vehicle Parts & Accessories > Motor Vehicle Parts,WP - Merchandising material,WP - Retail &amp; Marketing Material,TRUE,Title,Default Title,,,,,WP220008INT,,shopify,,continue,manual,2.54,,TRUE,TRUE,9010544382990,https://cdn.shopify.com/s/files/1/0511/7820/9461/files/pho_ds_nmon_wp220008int_wp_notepad_a4__sall__awsg__v1.jpg?v=1680287285,1,Notepad A4,FALSE,Notepad A4,"Format: A4 portrait Color: black, red white; Cover: Drip Off Lack; Inside: white, black, squares Paper: Cover: 300 g/m2 Finecarton white, Drip Off Lack; Center: 90 g/m2 Offsetpaper Volume: Cover 4 sides + Core 96 sides",Motor Vehicle Parts,,Adult,WP220008INT,WP - Merchandising material,WP - Retail &amp; Marketing Material,new,FALSE,,,,,,,kg,,
wp-wp220009int,Notepad A5,"<ul><li class=""li-square"">Format: A5 portrait</li><li class=""li-square"">Color: black, red white; Cover: Drip Off Lack; Inside: white, black, squares</li><li class=""li-square"">Paper: Cover: 300 g/m2 Finecarton white, Drip Off Lack; Center: 90 g/m2 Offsetpaper</li><li class=""li-square"">Volume: Cover 4 sides + Core 96 sides</li></ul>",WP,Vehicles & Parts > Vehicle Parts & Accessories > Motor Vehicle Parts,WP - Merchandising material,WP - Retail &amp; Marketing Material,TRUE,Title,Default Title,,,,,WP220009INT,,shopify,,continue,manual,3.33,,TRUE,TRUE,9010544383003,https://cdn.shopify.com/s/files/1/0511/7820/9461/files/pho_ds_nmon_wp220009int_wp_notepad_a5__sall__awsg__v1.jpg?v=1680287285,1,Notepad A5,FALSE,Notepad A5,"Format: A5 portrait Color: black, red white; Cover: Drip Off Lack; Inside: white, black, squares Paper: Cover: 300 g/m2 Finecarton white, Drip Off Lack; Center: 90 g/m2 Offsetpaper Volume: Cover 4 sides + Core 96 sides",Motor Vehicle Parts,,Adult,WP220009INT,WP - Merchandising material,WP - Retail &amp; Marketing Material,new,FALSE,,,,,,,kg,,
wp-wp220010int,Notepad A6,"<ul><li class=""li-square"">Format: A6 portrait</li><li class=""li-square"">Color: black, red white; Cover: Drip Off Lack; Inside: white, black, squares</li><li class=""li-square"">Paper: Cover: 300 g/m2 Finecarton white, Drip Off Lack; Center: 90 g/m2 Offsetpaper</li><li class=""li-square"">Volume: Cover 4 sides + Core 96 sides</li></ul>",WP,Vehicles & Parts > Vehicle Parts & Accessories > Motor Vehicle Parts,WP - Merchandising material,WP - Retail &amp; Marketing Material,TRUE,Title,Default Title,,,,,WP220010INT,,shopify,,continue,manual,3.27,,TRUE,TRUE,9010544383126,https://cdn.shopify.com/s/files/1/0511/7820/9461/files/pho_ds_nmon_wp220010int_wp_notepad_a6__sall__awsg__v1.jpg?v=1680287285,1,Notepad A6,FALSE,Notepad A6,"Format: A6 portrait Color: black, red white; Cover: Drip Off Lack; Inside: white, black, squares Paper: Cover: 300 g/m2 Finecarton white, Drip Off Lack; Center: 90 g/m2 Offsetpaper Volume: Cover 4 sides + Core 96 sides",Motor Vehicle Parts,,Adult,WP220010INT,WP - Merchandising material,WP - Retail &amp; Marketing Material,new,FALSE,,,,,,,kg,,
wp-wp220011int,Document Folder Small,"<ul><li>Size closed: Width 23 cm, Height 31cm</li><li>Size open: Width 46 cm, Height 31cm</li><li>Made for DIN A4 sheets</li></ul>",WP,Vehicles & Parts > Vehicle Parts & Accessories > Motor Vehicle Parts,WP - Merchandising material,WP - Retail &amp; Marketing Material,TRUE,Title,Default Title,,,,,WP220011INT,,shopify,,continue,manual,2.96,,TRUE,TRUE,9010544408553,https://cdn.shopify.com/s/files/1/0511/7820/9461/files/pho_ds_nmon_wp220011int_folder_1__sall__awsg__v1.jpg?v=1680287285,1,Document Folder Small,FALSE,Document Folder Small,"Size closed: Width 23 cm, Height 31cm Size open: Width 46 cm, Height 31cm Made for DIN A4 sheets",Motor Vehicle Parts,,Adult,WP220011INT,WP - Merchandising material,WP - Retail &amp; Marketing Material,new,FALSE,,,,,,,kg,,
wp-wp220011int,,,,,,,,,,,,,,,,,,,,,,,,,https://cdn.shopify.com/s/files/1/0511/7820/9461/files/pho_ds_nmon_wp220011int_folder_no_sheet__sall__awsg__v1.jpg?v=1680287285,2,Document Folder Small,,,,,,,,,,,,,,,,,,,,
wp-wp24001int,WP PRODUCT POSTER OFFROAD 2024,WP PRODUCT POSTER OFFROAD 2024,WP,Vehicles & Parts > Vehicle Parts & Accessories > Motor Vehicle Parts,WP - Poster,WP - Retail &amp; Marketing Material,FALSE,Title,Default Title,,,,,WP24001INT,,shopify,,continue,manual,1.57,,TRUE,TRUE,9010544608816,https://cdn.shopify.com/s/files/1/0511/7820/9461/files/pho_wp_wbbekl_vs_wp24001int_wp_product_poster_offroad_2024__sall__awsg__v1.png?v=1736367154,1,WP PRODUCT POSTER OFFROAD 2024,FALSE,WP PRODUCT POSTER OFFROAD 2024,WP PRODUCT POSTER OFFROAD 2024,Motor Vehicle Parts,,Adult,WP24001INT,WP - Poster,WP - Retail &amp; Marketing Material,new,FALSE,,,,,,,kg,,
wp-wp24002int,WP PRODUCT POSTER STREET 2024,WP PRODUCT POSTER STREET 2024,WP,Vehicles & Parts > Vehicle Parts & Accessories > Motor Vehicle Parts,WP - Poster,WP - Retail &amp; Marketing Material,FALSE,Title,Default Title,,,,,WP24002INT,,shopify,,continue,manual,1.57,,TRUE,TRUE,9010544608601,https://cdn.shopify.com/s/files/1/0511/7820/9461/files/pho_wp_wbbekl_vs_wp24002int_wp_product_poster_street_2024__sall__awsg__v1.png?v=1736367153,1,WP PRODUCT POSTER STREET 2024,FALSE,WP PRODUCT POSTER STREET 2024,WP PRODUCT POSTER STREET 2024,Motor Vehicle Parts,,Adult,WP24002INT,WP - Poster,WP - Retail &amp; Marketing Material,new,FALSE,,,,,,,kg,,
wp-z10010,Suspension lift kit,<ul><li>For the off-road motorcycles look</li><li>Essential under extreme off-road conditions</li><li>Developed together with the vehicle</li></ul><p></p>Especially for taller riders.<br />+15mm seatheight.,WP,Vehicles & Parts > Vehicle Parts & Accessories > Motor Vehicle Parts,WP - Lowering kit,WP - Technical Accessories,TRUE,Title,Default Title,,,,,Z10010,,shopify,,continue,manual,279.03,,TRUE,TRUE,9010544670417,https://cdn.shopify.com/s/files/1/0511/7820/9461/files/pho_nmon_673105_z10010_highering_kit_studio_pictures_street__sall__awsg__v1.jpg?v=1776721292,1,Suspension lift kit,FALSE,Suspension lift kit,For the off-road motorcycles look Essential under extreme off-road conditions Developed together with the vehicle Especially for taller riders. +15mm seatheight.,Motor Vehicle Parts,,Adult,Z10010,WP - Lowering kit,WP - Technical Accessories,new,FALSE,,,,,,,kg,,
wp-zf10001,Bladder kit,"<ul><li><a href=""https://www.wp-suspension.com/autorisierte-zentren/"">This product is exclusively available through WP authorized centers.</a> </li></ul><p></p><ul><li>Resists fading</li><li>Decreases moving parts and therefore friction</li><li>Improves the ride and makes it smoother</li></ul>",WP,Vehicles & Parts > Vehicle Parts & Accessories > Motor Vehicle Parts,WP - Special parts,WP - Technical Accessories,TRUE,Title,Default Title,,,,,ZF10001,,shopify,,continue,manual,159.96,,TRUE,TRUE,9010544130454,https://cdn.shopify.com/s/files/1/0511/7820/9461/files/pho_nmon_ausgleichsbeha__lter_bladder_kit__sall__awsg__v1.jpg?v=1779133050,1,Bladder kit,FALSE,Bladder kit,This product is exclusively available through WP authorized centers. Resists fading Decreases moving parts and therefore friction Improves the ride and makes it smoother,Motor Vehicle Parts,,Adult,ZF10001,WP - Special parts,WP - Technical Accessories,new,FALSE,,,,,,,kg,,
wp-zf10002,Trax Link Bladderkit 2017,<ul><li>Resists fading</li><li>Decreases moving parts and therefore friction</li><li>Improves the ride and makes it smoother</li></ul>,WP,Vehicles & Parts > Vehicle Parts & Accessories > Motor Vehicle Parts,WP - Special parts,WP - Technical Accessories,TRUE,Title,Default Title,,,,,ZF10002,,shopify,,continue,manual,122.03,,TRUE,TRUE,9010544130447,https://cdn.shopify.com/s/files/1/0511/7820/9461/files/pho_wp_nmon_bladderkit_zf10002__sall__awsg__v1.jpg?v=1680287473,1,Trax Link Bladderkit 2017,FALSE,Trax Link Bladderkit 2017,Resists fading Decreases moving parts and therefore friction Improves the ride and makes it smoother,Motor Vehicle Parts,,Adult,ZF10002,WP - Special parts,WP - Technical Accessories,new,FALSE,,,,,,,kg,,
wp-zf10003,Trax PDS Bladderkit KTM,<ul><li>Resists fading</li><li>Decreases moving parts and therefore friction</li><li>Improves the ride and makes it smoother</li></ul>,WP,Vehicles & Parts > Vehicle Parts & Accessories > Motor Vehicle Parts,WP - Special parts,WP - Technical Accessories,TRUE,Title,Default Title,,,,,ZF10003,,shopify,,continue,manual,122.03,,TRUE,TRUE,9010544130430,https://cdn.shopify.com/s/files/1/0511/7820/9461/files/pho_wp_nmon_bladderkit_zf10003__sall__awsg__v1.jpg?v=1680287473,1,Trax PDS Bladderkit KTM,FALSE,Trax PDS Bladderkit KTM,Resists fading Decreases moving parts and therefore friction Improves the ride and makes it smoother,Motor Vehicle Parts,,Adult,ZF10003,WP - Special parts,WP - Technical Accessories,new,FALSE,,,,,,,kg,,
wp-zf10004,Trax Bladderkit Suzuki/ Kawasaki/ Yamaha,<ul><li>Resists fading</li><li>Decreases moving parts and therefore friction</li><li>Improves the ride and makes it smoother</li></ul>,WP,Vehicles & Parts > Vehicle Parts & Accessories > Motor Vehicle Parts,WP - Special parts,WP - Technical Accessories,FALSE,Title,Default Title,,,,,ZF10004,,shopify,,continue,manual,,,TRUE,TRUE,,https://cdn.shopify.com/s/files/1/0511/7820/9461/files/pho_wp_nmon_bladderkit_zf10004__sall__awsg__v1.jpg?v=1680287473,1,Trax Bladderkit Suzuki/ Kawasaki/ Yamaha,FALSE,Trax Bladderkit Suzuki/ Kawasaki/ Yamaha,Resists fading Decreases moving parts and therefore friction Improves the ride and makes it smoother,Motor Vehicle Parts,,Adult,ZF10004,WP - Special parts,WP - Technical Accessories,new,FALSE,,,,,,,kg,,
wp-zf10005,PDS Bladderkit KTM OEM,"<ul><li><a href=""https://www.wp-suspension.com/autorisierte-zentren/"">This product is exclusively available through WP authorized centers.</a> </li></ul><p></p><ul><li>Resists fading</li><li>Decreases moving parts and therefore friction</li><li>Improves the ride and makes it smoother</li></ul>",WP,Vehicles & Parts > Vehicle Parts & Accessories > Motor Vehicle Parts,WP - Special parts,WP - Technical Accessories,TRUE,Title,Default Title,,,,,ZF10005,,shopify,,continue,manual,129.95,,TRUE,TRUE,9010544130416,https://cdn.shopify.com/s/files/1/0511/7820/9461/files/pho_nmon_zf10005_pds_bladderkit_ktm_oem_4144__sall__awsg__v1.jpg?v=1779132752,1,PDS Bladderkit KTM OEM,FALSE,PDS Bladderkit KTM OEM,This product is exclusively available through WP authorized centers. Resists fading Decreases moving parts and therefore friction Improves the ride and makes it smoother,Motor Vehicle Parts,,Adult,ZF10005,WP - Special parts,WP - Technical Accessories,new,FALSE,,,,,,,kg,,
wp-zf10006,Race Kit Shock KTM RC390R SSP 300,Race Kit Shock KTM RC390R SSP 300,WP,Vehicles & Parts > Vehicle Parts & Accessories > Motor Vehicle Parts,WP - Special parts,WP - Technical Accessories,TRUE,Title,Default Title,,,,,ZF10006,,shopify,,continue,manual,274.55,,TRUE,TRUE,9010544130409,https://cdn.shopify.com/s/files/1/0511/7820/9461/files/pho_wp_nmon_zf10006_race_kit_shock_rc390r_18__sall__awsg__v1.jpg?v=1680287451,1,Race Kit Shock KTM RC390R SSP 300,FALSE,Race Kit Shock KTM RC390R SSP 300,Race Kit Shock KTM RC390R SSP 300,Motor Vehicle Parts,,Adult,ZF10006,WP - Special parts,WP - Technical Accessories,new,FALSE,,,,,,,kg,,
wp-zf10006,,,,,,,,,,,,,,,,,,,,,,,,,https://cdn.shopify.com/s/files/1/0511/7820/9461/files/pho_wp_nmon_zf10006_race_kit_federbein_ktm_rc390r_ssp_300__sall__awsg__v1.png?v=1680287592,2,Race Kit Shock KTM RC390R SSP 300,,,,,,,,,,,,,,,,,,,,
wp-zf10007,Separation piston kit,Used to convert XACT PRO 8950 and XPLOR PRO 8950 shock absorbers from Bladder to a separating piston system.,WP,Vehicles & Parts > Vehicle Parts & Accessories > Motor Vehicle Parts,WP - Special parts,WP - Technical Accessories,FALSE,Title,Default Title,,,,,ZF10007,,shopify,,continue,manual,129.95,,TRUE,TRUE,,https://cdn.shopify.com/s/files/1/0511/7820/9461/files/pho_wp_nmon_zf10007_piston_kit__sall__awsg__v1.jpg?v=1680287376,1,Separation piston kit,FALSE,Separation piston kit,Used to convert XACT PRO 8950 and XPLOR PRO 8950 shock absorbers from Bladder to a separating piston system.,Motor Vehicle Parts,,Adult,ZF10007,WP - Special parts,WP - Technical Accessories,new,FALSE,,,,,,,kg,,
wp-zf10008,Bladderkit,<ul><li>Improved and calmer ride</li><li>Better response</li></ul><p></p>,WP,Vehicles & Parts > Vehicle Parts & Accessories > Motor Vehicle Parts,WP - Special parts,WP - Technical Accessories,TRUE,Title,Default Title,,,,,ZF10008,,shopify,,continue,manual,89.96,,TRUE,TRUE,,https://cdn.shopify.com/s/files/1/0511/7820/9461/files/pho_wp_nmon_zf10008_bladder_kit__sall__awsg__v1.jpg?v=1680287313,1,Bladderkit,FALSE,Bladderkit,Improved and calmer ride Better response,Motor Vehicle Parts,,Adult,ZF10008,WP - Special parts,WP - Technical Accessories,new,FALSE,,,,,,,kg,,
wp-zf10011,Bladder Kit,"<ul><li><a href=""https://www.wp-suspension.com/autorisierte-zentren/"">This product is exclusively available through WP authorized centers.</a> </li></ul><p></p><ul><li>Improved and calmer ride</li><li>Better response</li></ul><p></p><p>To be used with the OEM shock absorber</p>",WP,Vehicles & Parts > Vehicle Parts & Accessories > Motor Vehicle Parts,WP - Special parts,WP - Technical Accessories,TRUE,Title,Default Title,,,,,ZF10011,,shopify,,continue,manual,129.95,,TRUE,TRUE,9010544386370,https://cdn.shopify.com/s/files/1/0511/7820/9461/files/pho_nmon_zf10011_bladder_kit__sall__awsg__v1.jpg?v=1779133071,1,Bladder Kit,FALSE,Bladder Kit,This product is exclusively available through WP authorized centers. Improved and calmer ride Better response To be used with the OEM shock absorber,Motor Vehicle Parts,,Adult,ZF10011,WP - Special parts,WP - Technical Accessories,new,FALSE,,,,,,,kg,,
wp-zf10012,Bladder kit,"<ul><li><a href=""https://www.wp-suspension.com/autorisierte-zentren/"">This product is exclusively available through WP authorized centers.</a> </li></ul><p></p><ul><li>Improved and calmer ride</li><li>Better response</li></ul><p></p>Can only be used with spring rates up to 72 N/mm.",WP,Vehicles & Parts > Vehicle Parts & Accessories > Motor Vehicle Parts,WP - Special parts,WP - Technical Accessories,TRUE,Title,Default Title,,,,,ZF10012,,shopify,,continue,manual,149.98,,TRUE,TRUE,9010544456783,https://cdn.shopify.com/s/files/1/0511/7820/9461/files/pho_nmon_zf10012_bladder_kit__sall__awsg__v1.jpg?v=1779132969,1,Bladder kit,FALSE,Bladder kit,This product is exclusively available through WP authorized centers. Improved and calmer ride Better response Can only be used with spring rates up to 72 N/mm.,Motor Vehicle Parts,,Adult,ZF10012,WP - Special parts,WP - Technical Accessories,new,FALSE,,,,,,,kg,,
wp-zg10002,Optional Parts Kit AER 48 Cone Valve,Kit contains all parts to adapt the air spring fork for rider and track.,WP,Vehicles & Parts > Vehicle Parts & Accessories > Motor Vehicle Parts,WP - Special parts,WP - Technical Accessories,FALSE,Title,Default Title,,,,,ZG10002,,shopify,,continue,manual,303.83,,TRUE,TRUE,9010544130379,https://cdn.shopify.com/s/files/1/0511/7820/9461/files/pho_wp_nmon_optional_parts_kit_aer_48_cone_valve_zg10002__sall__awsg__v1.jpg?v=1680287473,1,Optional Parts Kit AER 48 Cone Valve,FALSE,Optional Parts Kit AER 48 Cone Valve,Kit contains all parts to adapt the air spring fork for rider and track.,Motor Vehicle Parts,,Adult,ZG10002,WP - Special parts,WP - Technical Accessories,new,FALSE,,,,,,,kg,,
wp-zg10002,,,,,,,,,,,,,,,,,,,,,,,,,https://cdn.shopify.com/s/files/1/0511/7820/9461/files/pho_wp_nmon_part_list_zg10002__sall__awsg__v1.png?v=1680287592,2,Optional Parts Kit AER 48 Cone Valve,,,,,,,,,,,,,,,,,,,,
wp-zg10004t,Upgrad Kit AER 48 MY18,Upgrad Kit AER 48 MY18,WP,Vehicles & Parts > Vehicle Parts & Accessories > Motor Vehicle Parts,WP - Spare Parts,WP - Pro Components,TRUE,Title,Default Title,,,,,ZG10004T,,shopify,,continue,manual,51.18,,TRUE,TRUE,9010544197105,https://cdn.shopify.com/s/files/1/0511/7820/9461/files/pho_wp_nmon_zg10004__sall__awsg__v1.png?v=1680287592,1,Upgrad Kit AER 48 MY18,FALSE,Upgrad Kit AER 48 MY18,Upgrad Kit AER 48 MY18,Motor Vehicle Parts,,Adult,ZG10004T,WP - Spare Parts,WP - Pro Components,new,FALSE,,,,,,,kg,,
wp-zg10015,Lowering kit 5mm,Lowering kit 5mm,WP,Vehicles & Parts > Vehicle Parts & Accessories > Motor Vehicle Parts,WP - Spare Parts,WP - Pro Components,FALSE,Title,Default Title,,,,,ZG10015,,shopify,,continue,manual,59.96,,TRUE,TRUE,9010544130331,https://cdn.shopify.com/s/files/1/0511/7820/9461/files/pho_wp_nmon_zg10015_lowering_kit_5mm__sall__awsg__v1.jpg?v=1680287432,1,Lowering kit 5mm,FALSE,Lowering kit 5mm,Lowering kit 5mm,Motor Vehicle Parts,,Adult,ZG10015,WP - Spare Parts,WP - Pro Components,new,FALSE,,,,,,,kg,,
wp-zg10016,Lowering kit 10mm,Lowering kit 10mm,WP,Vehicles & Parts > Vehicle Parts & Accessories > Motor Vehicle Parts,WP - Spare Parts,WP - Pro Components,FALSE,Title,Default Title,,,,,ZG10016,,shopify,,continue,manual,59.96,,TRUE,TRUE,9010544130324,https://cdn.shopify.com/s/files/1/0511/7820/9461/files/pho_wp_nmon_zg10016_lowering_kit_10mm__sall__awsg__v1.jpg?v=1680287432,1,Lowering kit 10mm,FALSE,Lowering kit 10mm,Lowering kit 10mm,Motor Vehicle Parts,,Adult,ZG10016,WP - Spare Parts,WP - Pro Components,new,FALSE,,,,,,,kg,,
wp-zg10018,Quick lock kit,"<ul><li>Convenient and easy to use</li><li>Adjusting the air pressure</li><li>Made of the highest quality materials</li><li>Elegant anodised surface</li></ul><p></p><ul><li class=""li-square"">Helpful tool for easier adjustment of the fork air pressure on the air fork in combination with the use of the for air pump.</li><li class=""li-square"">The quick-lock coupling remains on the air fork.</li></ul>",WP,Hardware > Tools,WP - Tools,WP - Tool/transport,FALSE,Title,Default Title,,,,,ZG10018,,shopify,,continue,manual,79.92,,TRUE,TRUE,9010544328431,https://cdn.shopify.com/s/files/1/0511/7820/9461/files/pho_nmon_zg10018_quick_lock_kit__sall__awsg__v1.jpg?v=1649961484,1,Quick lock kit,FALSE,Quick lock kit,Convenient and easy to use Adjusting the air pressure Made of the highest quality materials Elegant anodised surface Helpful tool for easier adjustment of the fork air pressure on the air fork in combination with the use of the for air pump. The quick-lock coupling remains on the air fork.,Tools,,Adult,ZG10018,WP - Tools,WP - Tool/transport,new,FALSE,,,,,,,kg,,
wp-zg10018,,,,,,,,,,,,,,,,,,,,,,,,,https://cdn.shopify.com/s/files/1/0511/7820/9461/files/pho_nmon_zg10021_quick_lock_coupling__sall__awsg__v1.jpg?v=1649961484,2,Quick lock kit,,,,,,,,,,,,,,,,,,,,
wp-zg10018,,,,,,,,,,,,,,,,,,,,,,,,,https://cdn.shopify.com/s/files/1/0511/7820/9461/files/pho_mon_zg10018_quick_lock_kit_montiert__sall__awsg__v1.jpg?v=1675956917,3,Quick lock kit,,,,,,,,,,,,,,,,,,,,
wp-zg10021,Quick-lock coupling,"<ul><li>Convenient and easy to use</li><li>Made of the highest quality materials</li></ul><p></p><ul><li class=""li-square"">The quick-lock coupling remains on the air fork.</li><li class=""li-square"">Ideal when using the quick lock kit with multiple motorcycles.</li></ul>",WP,Hardware > Tools,WP - Tools,WP - Tool/transport,FALSE,Title,Default Title,,,,,ZG10021,,shopify,,continue,manual,44.95,,TRUE,TRUE,9010544379846,https://cdn.shopify.com/s/files/1/0511/7820/9461/files/pho_nmon_zg10021_quick_lock_coupling__sall__awsg__v1.jpg?v=1649961484,1,Quick-lock coupling,FALSE,Quick-lock coupling,Convenient and easy to use Made of the highest quality materials The quick-lock coupling remains on the air fork. Ideal when using the quick lock kit with multiple motorcycles.,Tools,,Adult,ZG10021,WP - Tools,WP - Tool/transport,new,FALSE,,,,,,,kg,,
wp-zg10021,,,,,,,,,,,,,,,,,,,,,,,,,https://cdn.shopify.com/s/files/1/0511/7820/9461/files/pho_mon_zg10021_quick_lock_coupling_montiert__sall__awsg__v1.jpg?v=1675956917,2,Quick-lock coupling,,,,,,,,,,,,,,,,,,,,
