Handle,Reden,SKU
hsq-00010000229,status 80,00010000229
hsq-00010000291,type uitgesloten (Archive); geen verkoopbare variant in productgroep (prijs/type/status),00010000291
hsq-00010000298,type uitgesloten (Archive); status 80,00010000298
hsq-00010000299,type uitgesloten (Archive); status 80,00010000299
hsq-00010000303,type uitgesloten (Archive); status 80,00010000303
hsq-00010000312,status 80,00010000312
hsq-00010000314,status 80,00010000314
hsq-00010000316,status 80,00010000316
hsq-00010000321,status 80,00010000321
hsq-00010000323,status 80,00010000323
hsq-00010000351,status 80,00010000351
hsq-00010000359,status 80,00010000359
hsq-00010000360,status 80,00010000360
hsq-00010000361,status 80,00010000361
hsq-00010000372,type uitgesloten (Archive); geen verkoopbare variant in productgroep (prijs/type/status),00010000372
hsq-00010000373,type uitgesloten (Archive); status 80,00010000373
hsq-00010000374,type uitgesloten (Archive); geen verkoopbare variant in productgroep (prijs/type/status),00010000374
hsq-00010000375,type uitgesloten (Archive); status 80,00010000375
hsq-00010000377,type uitgesloten (Archive); status 80,00010000377
hsq-00010000377k,status 80,00010000377K
hsq-00010000378,type uitgesloten (Archive); geen verkoopbare variant in productgroep (prijs/type/status),00010000378
hsq-00010000379,type uitgesloten (Archive); status 80,00010000379
hsq-00010000404k,status 80,00010000404K
hsq-00010000423,type uitgesloten (Archive); geen verkoopbare variant in productgroep (prijs/type/status),00010000423
hsq-00010000439,status 80,00010000439
hsq-00029013000,geen prijs,00029013000
hsq-00029013006-02,status 80,00029013006-02
hsq-00029016100,status 80,00029016100
hsq-00029090500,status 80,00029090500
hsq-00029167000,status 80,00029167000
hsq-00029901500,status 80,00029901500
hsq-00029920000c1,status 80,00029920000C1
hsq-00029941000,status 80,00029941000
hsq-00029949010,status 80,00029949010
hsq-00029990010,status 80,00029990010
hsq-00029997500,status 80,00029997500
hsq-00029xc2001,status 80,00029XC2001
hsq-00029xc2004,status 80,00029XC2004
hsq-00029xc2010,status 80,00029XC2010
hsq-00029xc2011,status 80,00029XC2011
hsq-00029xc2012,status 80,00029XC2012
hsq-00029xc2014,status 80,00029XC2014
hsq-00050000001,status 80,00050000001
hsq-00050000003,status 80,00050000003
hsq-00050000009,status 80,00050000009
hsq-00050000011,status 80,00050000011
hsq-00050000013,status 80,00050000013
hsq-00050000030,status 80,00050000030
hsq-00050000041,status 80,00050000041
hsq-00050000214,status 80,00050000214
hsq-00050000216,type uitgesloten (Archive); geen verkoopbare variant in productgroep (prijs/type/status),00050000216
hsq-00050000217,type uitgesloten (Archive); geen verkoopbare variant in productgroep (prijs/type/status),00050000217
hsq-00050000222,type uitgesloten (Archive); geen verkoopbare variant in productgroep (prijs/type/status),00050000222
hsq-00050000230,type uitgesloten (Archive); geen verkoopbare variant in productgroep (prijs/type/status),00050000230
hsq-00050000233,type uitgesloten (Archive); geen verkoopbare variant in productgroep (prijs/type/status),00050000233
hsq-00050000234,type uitgesloten (Archive); geen verkoopbare variant in productgroep (prijs/type/status),00050000234
hsq-00050000243,type uitgesloten (Archive); geen verkoopbare variant in productgroep (prijs/type/status),00050000243
hsq-00050000244,type uitgesloten (Archive); geen verkoopbare variant in productgroep (prijs/type/status),00050000244
hsq-00050000248,type uitgesloten (Archive); geen verkoopbare variant in productgroep (prijs/type/status),00050000248
hsq-00050000249,type uitgesloten (Archive); geen verkoopbare variant in productgroep (prijs/type/status),00050000249
hsq-00050000250,type uitgesloten (Archive); geen verkoopbare variant in productgroep (prijs/type/status),00050000250
hsq-00050000251,type uitgesloten (Archive); geen verkoopbare variant in productgroep (prijs/type/status),00050000251
hsq-00050000263,type uitgesloten (Archive); geen verkoopbare variant in productgroep (prijs/type/status),00050000263
hsq-00050000264,type uitgesloten (Archive); geen verkoopbare variant in productgroep (prijs/type/status),00050000264
hsq-00050000818,status 80,00050000818
hsq-00050002004,type uitgesloten (Archive); geen verkoopbare variant in productgroep (prijs/type/status),00050002004
hsq-00050002006,type uitgesloten (Archive); geen verkoopbare variant in productgroep (prijs/type/status),00050002006
hsq-00050002007,type uitgesloten (Archive); geen verkoopbare variant in productgroep (prijs/type/status),00050002007
hsq-00050002008,type uitgesloten (Archive); geen verkoopbare variant in productgroep (prijs/type/status),00050002008
hsq-00050002010,type uitgesloten (Archive); geen verkoopbare variant in productgroep (prijs/type/status),00050002010
hsq-00050002031,type uitgesloten (Archive); geen verkoopbare variant in productgroep (prijs/type/status),00050002031
hsq-00050002044,type uitgesloten (Archive); geen verkoopbare variant in productgroep (prijs/type/status),00050002044
hsq-00050002049,type uitgesloten (Archive); geen verkoopbare variant in productgroep (prijs/type/status),00050002049
hsq-00050002051,type uitgesloten (Archive); geen verkoopbare variant in productgroep (prijs/type/status),00050002051
hsq-00050002052,type uitgesloten (Archive); geen verkoopbare variant in productgroep (prijs/type/status),00050002052
hsq-00050002074,type uitgesloten (Archive); geen verkoopbare variant in productgroep (prijs/type/status),00050002074
hsq-00060000020,status 80,00060000020
hsq-00060000061,status 80,00060000061
hsq-00062030049,geen prijs,00062030049
hsq-00062030055,type uitgesloten (Archive); status 80,00062030055
hsq-00062030056,type uitgesloten (Archive); status 80,00062030056
hsq-00062030057,type uitgesloten (Archive); status 80,00062030057
hsq-00062030059,type uitgesloten (Archive); status 80,00062030059
hsq-00062030060,type uitgesloten (Archive); status 80,00062030060
hsq-00062030061,type uitgesloten (Archive); status 80,00062030061
hsq-00062030062,type uitgesloten (Archive); status 80,00062030062
hsq-00062030070,type uitgesloten (Archive); status 80,00062030070
hsq-00062030071,type uitgesloten (Archive); status 80,00062030071
hsq-00062030072,type uitgesloten (Archive); status 80,00062030072
hsq-00062030073,type uitgesloten (Archive); status 80,00062030073
hsq-00062030074,type uitgesloten (Archive); status 80,00062030074
hsq-00062030075,type uitgesloten (Archive); status 80,00062030075
hsq-00062030076,type uitgesloten (Archive); status 80,00062030076
hsq-00062030077,type uitgesloten (Archive); status 80,00062030077
hsq-00062030078,type uitgesloten (Archive); status 80,00062030078
hsq-00062030079,type uitgesloten (Archive); status 80,00062030079
hsq-00062030080,type uitgesloten (Archive); status 80,00062030080
hsq-00062030081,type uitgesloten (Archive); status 80,00062030081
hsq-00062030082,type uitgesloten (Archive); status 80,00062030082
hsq-00062030083,type uitgesloten (Archive); status 80,00062030083
hsq-00062030084,type uitgesloten (Archive); status 80,00062030084
hsq-00062030085,type uitgesloten (Archive); status 80,00062030085
hsq-00062030091,type uitgesloten (Archive); status 80,00062030091
hsq-00062030092,type uitgesloten (Archive); status 80,00062030092
hsq-00062030093,type uitgesloten (Archive); status 80,00062030093
hsq-00062030094,type uitgesloten (Archive); status 80,00062030094
hsq-00062030095,type uitgesloten (Archive); status 80,00062030095
hsq-00062030096,type uitgesloten (Archive); status 80,00062030096
hsq-00062030097,type uitgesloten (Archive); status 80,00062030097
hsq-00062030098,type uitgesloten (Archive); status 80,00062030098
hsq-00062030099,type uitgesloten (Archive); status 80,00062030099
hsq-000700000lp001,geen afbeeldingen (geen bestand onder input/ of geen geldige CDN-URL na upload),000700000LP001
hsq-0014060103,type uitgesloten (Archive); geen verkoopbare variant in productgroep (prijs/type/status),0014060103
hsq-0015060303,type uitgesloten (Archive); geen verkoopbare variant in productgroep (prijs/type/status),0015060303
hsq-0015060453,type uitgesloten (Archive); geen verkoopbare variant in productgroep (prijs/type/status),0015060453
hsq-0017060203,type uitgesloten (Archive); geen verkoopbare variant in productgroep (prijs/type/status),0017060203
hsq-0024060206s,geen afbeeldingen (geen bestand onder input/ of geen geldige CDN-URL na upload),0024060206S
hsq-0025060123,geen prijs,0025060123
hsq-0025060126s,geen afbeeldingen (geen bestand onder input/ of geen geldige CDN-URL na upload),0025060126S
hsq-0025060756,geen afbeeldingen (geen bestand onder input/ of geen geldige CDN-URL na upload),0025060756
hsq-0025080356s,geen afbeeldingen (geen bestand onder input/ of geen geldige CDN-URL na upload),0025080356S
hsq-0035080256s,geen afbeeldingen (geen bestand onder input/ of geen geldige CDN-URL na upload),0035080256S
hsq-0035080306s,geen afbeeldingen (geen bestand onder input/ of geen geldige CDN-URL na upload),0035080306S
hsq-0035080406s,geen afbeeldingen (geen bestand onder input/ of geen geldige CDN-URL na upload),0035080406S
hsq-0035080606s,geen afbeeldingen (geen bestand onder input/ of geen geldige CDN-URL na upload),0035080606S
hsq-0035100456s,geen afbeeldingen (geen bestand onder input/ of geen geldige CDN-URL na upload),0035100456S
hsq-0520000700300,geen afbeeldingen (geen bestand onder input/ of geen geldige CDN-URL na upload),0520000700300
hsq-0800000600905,geen afbeeldingen (geen bestand onder input/ of geen geldige CDN-URL na upload),0800000600905
hsq-080405r,type uitgesloten (Archive); status 80,080405R
hsq-080405s,type uitgesloten (Archive); status 80,080405S
hsq-081524r,type uitgesloten (Archive); status 80,081524R
hsq-081540r,status 80,081540R
hsq-081571r,status 80,081571R
hsq-083632w,status 80,083632W
hsq-083695s,type uitgesloten (Archive); status 80,083695S
hsq-088550q,type uitgesloten (Archive); status 80,088550Q
hsq-088550r,status 80,088550R
hsq-088666r,status 80,088666R
hsq-088666s,type uitgesloten (Archive); status 80,088666S
hsq-088666t,status 80,088666T
hsq-089331w,status 80,089331W
hsq-089352r,type uitgesloten (Archive); status 80,089352R
hsq-089352w,status 80,089352W
hsq-089392q,status 80,089392Q
hsq-089546r,status 80,089546R
hsq-089547s,type uitgesloten (Archive); status 80,089547S
hsq-089577w,status 80,089577W
hsq-089578w,status 80,089578W
hsq-089590s,status 80,089590S
hsq-089590w,status 80,089590W
hsq-0900000501600,geen afbeeldingen (geen bestand onder input/ of geen geldige CDN-URL na upload),0900000501600
hsq-0900001601200,geen afbeeldingen (geen bestand onder input/ of geen geldige CDN-URL na upload),0900001601200
hsq-0984100856,geen prijs,0984100856
hsq-0991050162,geen prijs,0991050162
hsq-10001020000,type uitgesloten (Archive); geen verkoopbare variant in productgroep (prijs/type/status),10001020000
hsq-10001020300,type uitgesloten (Archive); geen verkoopbare variant in productgroep (prijs/type/status),10001020300
hsq-14460107,geen afbeeldingen (geen bestand onder input/ of geen geldige CDN-URL na upload),14460107
hsq-200svartpilen2020,type uitgesloten (Bikes); geen prijs,F1103T5
hsq-200svartpilen2020,type uitgesloten (Bikes); geen prijs,F1103T5L
hsq-200svartpilen2020,type uitgesloten (Bikes); geen prijs,F1140T5
hsq-200svartpilen2020,type uitgesloten (Bikes); geen prijs,F1141T5
hsq-200svartpilen2020,type uitgesloten (Bikes); geen prijs,F1142T5
hsq-200svartpilen2020,type uitgesloten (Bikes); geen prijs,F1182T5
hsq-200svartpilen2020,type uitgesloten (Bikes); geen prijs,F1183T5
hsq-200svartpilen2020,type uitgesloten (Bikes); geen prijs,F1183T6
hsq-200svartpilen2020,type uitgesloten (Bikes); geen prijs,F1183T6K
hsq-200svartpilen2020,type uitgesloten (Bikes); geen prijs,F1188T5
hsq-200svartpilen2020,type uitgesloten (Bikes); geen prijs,F1189T5
hsq-20210006de,status 80,20210006DE
hsq-20220020int,status 80,20220020INT
hsq-20230007int,status 80,20230007INT
hsq-20230008int,geen prijs,20230008INT
hsq-20230009int,status 80,20230009INT
hsq-20230010int,status 80,20230010INT
hsq-20230012int,geen prijs,20230012INT
hsq-20230013int,geen prijs,20230013INT
hsq-21003937044,status 80,21003937044
hsq-21003938070,status 80,21003938070
hsq-21003939044,status 80,21003939044
hsq-21003939070,status 80,21003939070
hsq-2100597900033,status 80,2100597900033
hsq-21005979010,status 80,21005979010
hsq-21005979020,status 80,21005979020
hsq-21005979060,status 80,21005979060
hsq-21005979070,status 80,21005979070
hsq-21005988044,type uitgesloten (Archive); status 80,21005988044
hsq-21005988144,status 80,21005988144
hsq-21007049000,geen afbeeldingen (geen bestand onder input/ of geen geldige CDN-URL na upload),21007049000
hsq-21007940000,status 80,21007940000
hsq-21007947044,status 80,21007947044
hsq-21008911000,status 80,21008911000
hsq-21008915010,status 80,21008915010
hsq-21008915044,status 80,21008915044
hsq-21008953000,status 80,21008953000
hsq-21008962000,status 80,21008962000
hsq-21008963000,status 80,21008963000
hsq-21008964044,status 80,21008964044
hsq-2100990104433,status 80,2100990104433
hsq-21009998100,status 80,21009998100
hsq-21012019044,status 80,21012019044
hsq-21012025000,status 80,21012025000
hsq-21012027000,status 80,21012027000
hsq-21012919020,status 80,21012919020
hsq-21012940000,type uitgesloten (Archive); geen verkoopbare variant in productgroep (prijs/type/status),21012940000
hsq-21012940100,type uitgesloten (Archive); geen verkoopbare variant in productgroep (prijs/type/status),21012940100
hsq-21012964035,geen afbeeldingen (geen bestand onder input/ of geen geldige CDN-URL na upload),21012964035
hsq-21012978030,status 80,21012978030
hsq-2103l9,type uitgesloten (Bikes); geen prijs,2103L9
hsq-21108901044,status 80,21108901044
hsq-21108911044,status 80,21108911044
hsq-21108953000,status 80,21108953000
hsq-21112924000,geen afbeeldingen (geen bestand onder input/ of geen geldige CDN-URL na upload),21112924000
hsq-22101026000,geen afbeeldingen (geen bestand onder input/ of geen geldige CDN-URL na upload),22101026000
hsq-22103916044c1,type uitgesloten (Archive); geen verkoopbare variant in productgroep (prijs/type/status),22103916044C1
hsq-22103990040,geen afbeeldingen (geen bestand onder input/ of geen geldige CDN-URL na upload),22103990040
hsq-22103990060,geen afbeeldingen (geen bestand onder input/ of geen geldige CDN-URL na upload),22103990060
hsq-22103990070,geen afbeeldingen (geen bestand onder input/ of geen geldige CDN-URL na upload),22103990070
hsq-22105979010,geen afbeeldingen (geen bestand onder input/ of geen geldige CDN-URL na upload),22105979010
hsq-22112919000,geen afbeeldingen (geen bestand onder input/ of geen geldige CDN-URL na upload),22112919000
hsq-22112919010,geen afbeeldingen (geen bestand onder input/ of geen geldige CDN-URL na upload),22112919010
hsq-22112919055,geen afbeeldingen (geen bestand onder input/ of geen geldige CDN-URL na upload),22112919055
hsq-22112922000,geen afbeeldingen (geen bestand onder input/ of geen geldige CDN-URL na upload),22112922000
hsq-22112922001,geen afbeeldingen (geen bestand onder input/ of geen geldige CDN-URL na upload),22112922001
hsq-22112922011,status 80,22112922011
hsq-22112922101,geen afbeeldingen (geen bestand onder input/ of geen geldige CDN-URL na upload),22112922101
hsq-22112922500,geen afbeeldingen (geen bestand onder input/ of geen geldige CDN-URL na upload),22112922500
hsq-22112923000,geen afbeeldingen (geen bestand onder input/ of geen geldige CDN-URL na upload),22112923000
hsq-22112923001,geen afbeeldingen (geen bestand onder input/ of geen geldige CDN-URL na upload),22112923001
hsq-22112923101,geen afbeeldingen (geen bestand onder input/ of geen geldige CDN-URL na upload),22112923101
hsq-22112923500,geen afbeeldingen (geen bestand onder input/ of geen geldige CDN-URL na upload),22112923500
hsq-22112925044,type uitgesloten (Archive); geen verkoopbare variant in productgroep (prijs/type/status),22112925044
hsq-22112929000,geen afbeeldingen (geen bestand onder input/ of geen geldige CDN-URL na upload),22112929000
hsq-22112929500,status 80,22112929500
hsq-22112929544,type uitgesloten (Archive); status 80,22112929544
hsq-22112932500,geen afbeeldingen (geen bestand onder input/ of geen geldige CDN-URL na upload),22112932500
hsq-22112979010,status 80,22112979010
hsq-22114038000,geen afbeeldingen (geen bestand onder input/ of geen geldige CDN-URL na upload),22114038000
hsq-22114945000,geen afbeeldingen (geen bestand onder input/ of geen geldige CDN-URL na upload),22114945000
hsq-2301j0,type uitgesloten (Bikes); geen prijs,2301J0
hsq-2301k0,type uitgesloten (Bikes); geen prijs,2301K0
hsq-2303dx,type uitgesloten (Bikes); geen prijs,2303D8
hsq-2303dx,type uitgesloten (Bikes); geen prijs,2303D9
hsq-2303e5,type uitgesloten (Bikes); geen prijs,2303E5
hsq-2303f5,type uitgesloten (Bikes); geen prijs,2303F5
hsq-2303g2,type uitgesloten (Bikes); geen prijs,2303G2
hsq-2303g4,type uitgesloten (Bikes); geen prijs,2303G4
hsq-2303h4,type uitgesloten (Bikes); geen prijs,2303H4
hsq-23105979000,type uitgesloten (Archive); geen verkoopbare variant in productgroep (prijs/type/status),23105979000
hsq-23106998000h1,status 80,23106998000H1
hsq-23107240000,status 80,23107240000
hsq-23108990000,status 80,23108990000
hsq-23208990000,status 80,23208990000
hsq-23301996000,status 80,23301996000
hsq-23303990000,type uitgesloten (Archive); geen verkoopbare variant in productgroep (prijs/type/status),23303990000
hsq-23305979000,type uitgesloten (Archive); status 80,23305979000
hsq-23308990000,type uitgesloten (Archive); status 80,23308990000
hsq-23308990200,status 80,23308990200
hsq-23501996000,type uitgesloten (Archive); geen verkoopbare variant in productgroep (prijs/type/status),23501996000
hsq-2350199901468,type uitgesloten (Archive); status 80,2350199901468
hsq-2350199911468,status 80,2350199911468
hsq-2350293104468,status 80,2350293104468
hsq-23503990000,status 80,23503990000
hsq-23503999000,type uitgesloten (Archive); status 80,23503999000
hsq-23504905000,status 80,23504905000
hsq-23505907000,status 80,23505907000
hsq-23507940000,type uitgesloten (Archive); status 80,23507940000
hsq-23507940100,type uitgesloten (Archive); status 80,23507940100
hsq-23507940300,type uitgesloten (Archive); status 80,23507940300
hsq-23507940350,type uitgesloten (Archive); status 80,23507940350
hsq-23507940400,type uitgesloten (Archive); status 80,23507940400
hsq-23507940500,type uitgesloten (Archive); status 80,23507940500
hsq-23508053000,status 80,23508053000
hsq-23508053010,status 80,23508053010
hsq-23508053110,status 80,23508053110
hsq-23508053210,status 80,23508053210
hsq-23509961000,status 80,23509961000
hsq-23510961000,status 80,23510961000
hsq-2351390204468,status 80,2351390204468
hsq-23601996000,type uitgesloten (Archive); geen verkoopbare variant in productgroep (prijs/type/status),23601996000
hsq-23602930000,status 80,23602930000
hsq-23603990000,type uitgesloten (Archive); geen verkoopbare variant in productgroep (prijs/type/status),23603990000
hsq-23603994000ha,status 80,23603994000HA
hsq-23606998000ha,status 80,23606998000HA
hsq-2360805400028,status 80,2360805400028
hsq-23609961000,status 80,23609961000
hsq-23630926000,status 80,23630926000
hsq-24030926044,status 80,24030926044
hsq-2403e9,type uitgesloten (Bikes); geen prijs,2403E9
hsq-2403g4,type uitgesloten (Bikes); geen prijs,2403G4
hsq-24503990000,status 80,24503990000
hsq-24503990544,status 80,24503990544
hsq-24505907000,status 80,24505907000
hsq-24505979002,status 80,24505979002
hsq-24505979080,status 80,24505979080
hsq-2453592404468,status 80,2453592404468
hsq-24535941044,status 80,24535941044
hsq-24607913044,status 80,24607913044
hsq-2475k7,type uitgesloten (Bikes); geen prijs,2475K7
hsq-2500109400028,type uitgesloten (Archive); geen verkoopbare variant in productgroep (prijs/type/status),2500109400028
hsq-25001939500,status 80,25001939500
hsq-25002990000,type uitgesloten (Archive); geen verkoopbare variant in productgroep (prijs/type/status),25002990000
hsq-25004905000,type uitgesloten (Archive); geen verkoopbare variant in productgroep (prijs/type/status),25004905000
hsq-25005900044,type uitgesloten (Archive); status 80,25005900044
hsq-25005900144,status 80,25005900144
hsq-25005979000,type uitgesloten (Archive); status 80,25005979000
hsq-2500600105028,type uitgesloten (Archive); status 80,2500600105028
hsq-2500600115028,status 80,2500600115028
hsq-25007940000,status 80,25007940000
hsq-25007940100,status 80,25007940100
hsq-2500801000028,type uitgesloten (Archive); geen verkoopbare variant in productgroep (prijs/type/status),2500801000028
hsq-25008010000db,status 80,25008010000DB
hsq-2500801300028,status 80,2500801300028
hsq-2500805400028,status 80,2500805400028
hsq-2500898800028,type uitgesloten (Archive); status 80,2500898800028
hsq-2500898800030,type uitgesloten (Archive); geen verkoopbare variant in productgroep (prijs/type/status),2500898800030
hsq-2500990104468,type uitgesloten (Archive); geen verkoopbare variant in productgroep (prijs/type/status),2500990104468
hsq-2500996100030,status 80,2500996100030
hsq-2500996110030,status 80,2500996110030
hsq-2501090104468,type uitgesloten (Archive); geen verkoopbare variant in productgroep (prijs/type/status),2501090104468
hsq-2501090204468,type uitgesloten (Archive); status 80,2501090204468
hsq-2501090214468,status 80,2501090214468
hsq-25012030000h1,status 80,25012030000H1
hsq-25012030100h1,status 80,25012030100H1
hsq-25013962000,status 80,25013962000
hsq-2503e5,type uitgesloten (Bikes); geen prijs,2503E5
hsq-2503f5,type uitgesloten (Bikes); geen prijs,2503F5
hsq-2503g5,type uitgesloten (Bikes); geen prijs,2503G5
hsq-2503h4,type uitgesloten (Bikes); geen prijs,2503H4
hsq-2503h5,type uitgesloten (Bikes); geen prijs,2503H5
hsq-250svartpilen2020,type uitgesloten (Bikes); geen prijs,F1203T5
hsq-250svartpilen2020,type uitgesloten (Bikes); geen prijs,F1203T5L
hsq-250svartpilen2020,type uitgesloten (Bikes); geen prijs,F1203T9
hsq-250svartpilen2020,type uitgesloten (Bikes); geen prijs,F1240T5
hsq-250svartpilen2020,type uitgesloten (Bikes); geen prijs,F1241T5
hsq-250svartpilen2020,type uitgesloten (Bikes); geen prijs,F1242T5
hsq-250svartpilen2020,type uitgesloten (Bikes); geen prijs,F1282T5
hsq-250svartpilen2020,type uitgesloten (Bikes); geen prijs,F1283T5
hsq-250svartpilen2020,type uitgesloten (Bikes); geen prijs,F1283T6
hsq-250svartpilen2020,type uitgesloten (Bikes); geen prijs,F1283T6K
hsq-250svartpilen2020,type uitgesloten (Bikes); geen prijs,F1286T5
hsq-250svartpilen2020,type uitgesloten (Bikes); geen prijs,F1288T5
hsq-250svartpilen2020,type uitgesloten (Bikes); geen prijs,F1289T5
hsq-250svartpilen2020,type uitgesloten (Bikes); geen prijs,F1289T6
hsq-250svartpilen2020,type uitgesloten (Bikes); geen prijs,F1289T6K
hsq-250vitpilen2020,type uitgesloten (Bikes); geen prijs,F1203T1
hsq-250vitpilen2020,type uitgesloten (Bikes); geen prijs,F1240T1
hsq-250vitpilen2020,type uitgesloten (Bikes); geen prijs,F1241T1
hsq-250vitpilen2020,type uitgesloten (Bikes); geen prijs,F1242T1
hsq-250vitpilen2020,type uitgesloten (Bikes); geen prijs,F1282T1
hsq-250vitpilen2020,type uitgesloten (Bikes); geen prijs,F1283T1
hsq-250vitpilen2020,type uitgesloten (Bikes); geen prijs,F1286T1
hsq-250vitpilen2020,type uitgesloten (Bikes); geen prijs,F1288T1
hsq-250vitpilen2020,type uitgesloten (Bikes); geen prijs,F1289T1
hsq-25101900000,type uitgesloten (Archive); geen verkoopbare variant in productgroep (prijs/type/status),25101900000
hsq-25101994050,status 80,25101994050
hsq-25101996000,type uitgesloten (Archive); geen verkoopbare variant in productgroep (prijs/type/status),25101996000
hsq-25103990044,type uitgesloten (Archive); geen verkoopbare variant in productgroep (prijs/type/status),25103990044
hsq-25103994000,type uitgesloten (Archive); geen verkoopbare variant in productgroep (prijs/type/status),25103994000
hsq-25105901020,status 80,25105901020
hsq-25105907501,status 80,25105907501
hsq-25105981002,status 80,25105981002
hsq-25105981003,status 80,25105981003
hsq-25105987000,status 80,25105987000
hsq-2510600110028,status 80,2510600110028
hsq-25106001100ab,status 80,25106001100AB
hsq-25106014000db,status 80,25106014000DB
hsq-25106903000db,status 80,25106903000DB
hsq-25107913044,type uitgesloten (Archive); status 80,25107913044
hsq-25107913144,status 80,25107913144
hsq-25107940300,status 80,25107940300
hsq-25107940500,status 80,25107940500
hsq-25108013100db,status 80,25108013100DB
hsq-25108054000db,status 80,25108054000DB
hsq-25108990000,type uitgesloten (Archive); geen verkoopbare variant in productgroep (prijs/type/status),25108990000
hsq-25108996000,status 80,25108996000
hsq-25109999000,type uitgesloten (Archive); status 80,25109999000
hsq-25114986044,type uitgesloten (Archive); status 80,25114986044
hsq-25130994500,status 80,25130994500
hsq-25505900044,type uitgesloten (Archive); status 80,25505900044
hsq-25505900144,status 80,25505900144
hsq-25530826000,status 80,25530826000
hsq-25530902144,type uitgesloten (Archive); geen verkoopbare variant in productgroep (prijs/type/status),25530902144
hsq-25530926044,type uitgesloten (Archive); status 80,25530926044
hsq-25605907501,status 80,25605907501
hsq-25607913044,status 80,25607913044
hsq-26102924000,type uitgesloten (Archive); geen verkoopbare variant in productgroep (prijs/type/status),26102924000
hsq-26103990000,status 80,26103990000
hsq-2610399400028,type uitgesloten (Archive); status 80,2610399400028
hsq-26103994000h1,type uitgesloten (Archive); status 80,26103994000H1
hsq-2610399410028,status 80,2610399410028
hsq-26103994100h1,status 80,26103994100H1
hsq-26105900044,status 80,26105900044
hsq-26105979000,type uitgesloten (Archive); status 80,26105979000
hsq-26105981000,status 80,26105981000
hsq-2610898800028,status 80,2610898800028
hsq-2610898800038,status 80,2610898800038
hsq-2610898800080,status 80,2610898800080
hsq-26108990000,type uitgesloten (Archive); geen verkoopbare variant in productgroep (prijs/type/status),26108990000
hsq-26108990200,type uitgesloten (Archive); geen verkoopbare variant in productgroep (prijs/type/status),26108990200
hsq-26130926044,type uitgesloten (Archive); status 80,26130926044
hsq-26132975000,type uitgesloten (Archive); geen verkoopbare variant in productgroep (prijs/type/status),26132975000
hsq-26135924044h1,status 80,26135924044H1
hsq-26135952044,type uitgesloten (Archive); status 80,26135952044
hsq-26135952144,status 80,26135952144
hsq-26203990044,type uitgesloten (Archive); geen verkoopbare variant in productgroep (prijs/type/status),26203990044
hsq-26205901020,status 80,26205901020
hsq-26205907501,status 80,26205907501
hsq-26205908000,status 80,26205908000
hsq-26205987000,status 80,26205987000
hsq-26230994000,status 80,26230994000
hsq-26502924000,status 80,26502924000
hsq-2650801300028,status 80,2650801300028
hsq-26509915000ha,status 80,26509915000HA
hsq-26509917000ha,status 80,26509917000HA
hsq-26509919000ha,status 80,26509919000HA
hsq-26510917000ha,type uitgesloten (Archive); status 80,26510917000HA
hsq-26510917100ha,status 80,26510917100HA
hsq-26510965118ha,status 80,26510965118HA
hsq-26513998010,status 80,26513998010
hsq-26513998044,status 80,26513998044
hsq-26514901000,type uitgesloten (Archive); geen verkoopbare variant in productgroep (prijs/type/status),26514901000
hsq-26605901044,status 80,26605901044
hsq-26605907501,status 80,26605907501
hsq-26605908000,status 80,26605908000
hsq-26605987000,status 80,26605987000
hsq-26607913044,type uitgesloten (Archive); status 80,26607913044
hsq-26607913144,status 80,26607913144
hsq-26608013100db,status 80,26608013100DB
hsq-2660898800028,status 80,2660898800028
hsq-2660898800030,status 80,2660898800030
hsq-2660898810038,status 80,2660898810038
hsq-2660898810080,status 80,2660898810080
hsq-26608994000,status 80,26608994000
hsq-26630994000c1,status 80,26630994000C1
hsq-27005979000,status 80,27005979000
hsq-27005979060,status 80,27005979060
hsq-27005979090,status 80,27005979090
hsq-2700599005049,type uitgesloten (Archive); geen verkoopbare variant in productgroep (prijs/type/status),2700599005049
hsq-27005999000,status 80,27005999000
hsq-27005999100,status 80,27005999100
hsq-27005999120,status 80,27005999120
hsq-27006115000,status 80,27006115000
hsq-27007940090,type uitgesloten (Archive); status 80,27007940090
hsq-27007994144,status 80,27007994144
hsq-27007994244,status 80,27007994244
hsq-27007994344,status 80,27007994344
hsq-27007996044,geen afbeeldingen (geen bestand onder input/ of geen geldige CDN-URL na upload),27007996044
hsq-27007996144,geen afbeeldingen (geen bestand onder input/ of geen geldige CDN-URL na upload),27007996144
hsq-27012912044,status 80,27012912044
hsq-27012925000,status 80,27012925000
hsq-27012927000,status 80,27012927000
hsq-27012945000,status 80,27012945000
hsq-27012946000,status 80,27012946000
hsq-27012978000,type uitgesloten (Archive); status 80,27012978000
hsq-27012978100,status 80,27012978100
hsq-27012992044,status 80,27012992044
hsq-27013962000,type uitgesloten (Archive); geen verkoopbare variant in productgroep (prijs/type/status),27013962000
hsq-27105979000,status 80,27105979000
hsq-27105979040,geen afbeeldingen (geen bestand onder input/ of geen geldige CDN-URL na upload),27105979040
hsq-27105979570,status 80,27105979570
hsq-27105979640,geen afbeeldingen (geen bestand onder input/ of geen geldige CDN-URL na upload),27105979640
hsq-2710599005049,type uitgesloten (Archive); geen verkoopbare variant in productgroep (prijs/type/status),2710599005049
hsq-27108997044,geen afbeeldingen (geen bestand onder input/ of geen geldige CDN-URL na upload),27108997044
hsq-27112925044,geen afbeeldingen (geen bestand onder input/ of geen geldige CDN-URL na upload),27112925044
hsq-27112928044,geen afbeeldingen (geen bestand onder input/ of geen geldige CDN-URL na upload),27112928044
hsq-28007940000,status 80,28007940000
hsq-28012927044,status 80,28012927044
hsq-28012940000,type uitgesloten (Archive); geen verkoopbare variant in productgroep (prijs/type/status),28012940000
hsq-28012979044,type uitgesloten (Archive); geen verkoopbare variant in productgroep (prijs/type/status),28012979044
hsq-28105983000,geen prijs,28105983000
hsq-28105983000c1,geen prijs,28105983000C1
hsq-28108908000,geen afbeeldingen (geen bestand onder input/ of geen geldige CDN-URL na upload),28108908000
hsq-28502960044,status 80,28502960044
hsq-28505999050,status 80,28505999050
hsq-28505999060,status 80,28505999060
hsq-28507940000,status 80,28507940000
hsq-28507955044,status 80,28507955044
hsq-2850802500030,geen afbeeldingen (geen bestand onder input/ of geen geldige CDN-URL na upload),2850802500030
hsq-2850802600030,geen afbeeldingen (geen bestand onder input/ of geen geldige CDN-URL na upload),2850802600030
hsq-28508900044,status 80,28508900044
hsq-28508908000,geen afbeeldingen (geen bestand onder input/ of geen geldige CDN-URL na upload),28508908000
hsq-28508916044,geen prijs,28508916044
hsq-28508953044,status 80,28508953044
hsq-28508991000,status 80,28508991000
hsq-28509960000,status 80,28509960000
hsq-28510053000,geen afbeeldingen (geen bestand onder input/ of geen geldige CDN-URL na upload),28510053000
hsq-28510062000,geen afbeeldingen (geen bestand onder input/ of geen geldige CDN-URL na upload),28510062000
hsq-2851095104x,status 80,28510951044
hsq-2851095104x,status 80,28510951045
hsq-2851095104x,status 80,28510951046
hsq-28512966044,type uitgesloten (Archive); geen verkoopbare variant in productgroep (prijs/type/status),28512966044
hsq-28512967044,type uitgesloten (Archive); geen verkoopbare variant in productgroep (prijs/type/status),28512967044
hsq-28532011000,status 80,28532011000
hsq-28532942000,status 80,28532942000
hsq-28542020000,geen afbeeldingen (geen bestand onder input/ of geen geldige CDN-URL na upload),28542020000
hsq-28542021000,geen afbeeldingen (geen bestand onder input/ of geen geldige CDN-URL na upload),28542021000
hsq-28611980000,geen afbeeldingen (geen bestand onder input/ of geen geldige CDN-URL na upload),28611980000
hsq-28612919010,geen afbeeldingen (geen bestand onder input/ of geen geldige CDN-URL na upload),28612919010
hsq-318216,type uitgesloten (Archive); geen verkoopbare variant in productgroep (prijs/type/status),318216
hsq-318219,type uitgesloten (Archive); geen verkoopbare variant in productgroep (prijs/type/status),318219
hsq-318220,type uitgesloten (Archive); geen verkoopbare variant in productgroep (prijs/type/status),318220
hsq-3210589,type uitgesloten (Archive); geen verkoopbare variant in productgroep (prijs/type/status),3210589
hsq-3287001,status 80,3287001
hsq-3287002,status 80,3287002
hsq-3287003,status 80,3287003
hsq-3287004,status 80,3287004
hsq-3287005,status 80,3287005
hsq-3287007,status 80,3287007
hsq-3287008,status 80,3287008
hsq-3287009,status 80,3287009
hsq-3287010,status 80,3287010
hsq-3287011,status 80,3287011
hsq-3287012,status 80,3287012
hsq-3287013,status 80,3287013
hsq-3287014,status 80,3287014
hsq-3287015,status 80,3287015
hsq-3287016,status 80,3287016
hsq-3287017,status 80,3287017
hsq-3287018,status 80,3287018
hsq-3ag210069400,geen afbeeldingen (geen bestand onder input/ of geen geldige CDN-URL na upload),3AG210069400
hsq-3ag240069800,geen afbeeldingen (geen bestand onder input/ of geen geldige CDN-URL na upload),3AG240069800
hsq-3ag250034500,geen afbeeldingen (geen bestand onder input/ of geen geldige CDN-URL na upload),3AG250034500
hsq-3ag250034600,geen afbeeldingen (geen bestand onder input/ of geen geldige CDN-URL na upload),3AG250034600
hsq-3ag25003700x,geen afbeeldingen (geen bestand onder input/ of geen geldige CDN-URL na upload),3AG250037001
hsq-3ag25003700x,geen afbeeldingen (geen bestand onder input/ of geen geldige CDN-URL na upload),3AG250037003
hsq-3ag25003700x,geen afbeeldingen (geen bestand onder input/ of geen geldige CDN-URL na upload),3AG250037004
hsq-3ag25003700x,geen afbeeldingen (geen bestand onder input/ of geen geldige CDN-URL na upload),3AG250037006
hsq-3ag25003700x,geen afbeeldingen (geen bestand onder input/ of geen geldige CDN-URL na upload),3AG250037007
hsq-3ag250037100,geen afbeeldingen (geen bestand onder input/ of geen geldige CDN-URL na upload),3AG250037100
hsq-3ag250037200,geen afbeeldingen (geen bestand onder input/ of geen geldige CDN-URL na upload),3AG250037200
hsq-3ag250037500,status 80,3AG250037500
hsq-3ag250037600,status 80,3AG250037600
hsq-3ag250037700,status 80,3AG250037700
hsq-3ag250037800,status 80,3AG250037800
hsq-3ag250037900,status 80,3AG250037900
hsq-3ag250038200,status 80,3AG250038200
hsq-3ag250038300,geen afbeeldingen (geen bestand onder input/ of geen geldige CDN-URL na upload),3AG250038300
hsq-3ag250038600,geen afbeeldingen (geen bestand onder input/ of geen geldige CDN-URL na upload),3AG250038600
hsq-3ag250038900,geen afbeeldingen (geen bestand onder input/ of geen geldige CDN-URL na upload),3AG250038900
hsq-3ag250039000,geen afbeeldingen (geen bestand onder input/ of geen geldige CDN-URL na upload),3AG250039000
hsq-3ag250039200,status 80,3AG250039200
hsq-3ag250039300,status 80,3AG250039300
hsq-3ag250039400,status 80,3AG250039400
hsq-3ag250040000,geen afbeeldingen (geen bestand onder input/ of geen geldige CDN-URL na upload),3AG250040000
hsq-3ag250040100,geen afbeeldingen (geen bestand onder input/ of geen geldige CDN-URL na upload),3AG250040100
hsq-3ag250040200,geen afbeeldingen (geen bestand onder input/ of geen geldige CDN-URL na upload),3AG250040200
hsq-3ag250040300,status 80,3AG250040300
hsq-3ag250040400,geen afbeeldingen (geen bestand onder input/ of geen geldige CDN-URL na upload),3AG250040400
hsq-3ag250040500,status 80,3AG250040500
hsq-3ag250040600,geen afbeeldingen (geen bestand onder input/ of geen geldige CDN-URL na upload),3AG250040600
hsq-3ag250040700,geen afbeeldingen (geen bestand onder input/ of geen geldige CDN-URL na upload),3AG250040700
hsq-3ag250040800,geen afbeeldingen (geen bestand onder input/ of geen geldige CDN-URL na upload),3AG250040800
hsq-3ag250040900,geen afbeeldingen (geen bestand onder input/ of geen geldige CDN-URL na upload),3AG250040900
hsq-3ag250041000,geen afbeeldingen (geen bestand onder input/ of geen geldige CDN-URL na upload),3AG250041000
hsq-3ag250041100,geen afbeeldingen (geen bestand onder input/ of geen geldige CDN-URL na upload),3AG250041100
hsq-3hs1458300,status 80,3HS1458300
hsq-3hs1470600,type uitgesloten (Archive); status 80,3HS1470600
hsq-3hs155620x,status 80,3HS1556201
hsq-3hs155620x,status 80,3HS1556202
hsq-3hs155620x,status 80,3HS1556203
hsq-3hs155620x,status 80,3HS1556204
hsq-3hs155620x,status 80,3HS1556205
hsq-3hs155620x,status 80,3HS1556206
hsq-3hs165220x,status 80,3HS1652201
hsq-3hs165220x,status 80,3HS1652202
hsq-3hs165220x,status 80,3HS1652203
hsq-3hs165220x,status 80,3HS1652204
hsq-3hs165220x,status 80,3HS1652205
hsq-3hs165220x,status 80,3HS1652206
hsq-3hs165610x,status 80,3HS1656101
hsq-3hs165610x,status 80,3HS1656102
hsq-3hs165610x,status 80,3HS1656103
hsq-3hs165610x,status 80,3HS1656104
hsq-3hs165610x,status 80,3HS1656105
hsq-3hs165610x,status 80,3HS1656106
hsq-3hs165620x,status 80,3HS1656201
hsq-3hs165620x,status 80,3HS1656202
hsq-3hs165620x,status 80,3HS1656203
hsq-3hs165620x,status 80,3HS1656204
hsq-3hs165620x,status 80,3HS1656205
hsq-3hs165620x,status 80,3HS1656206
hsq-3hs1770500,status 80,3HS1770500
hsq-3hs177070x,status 80,3HS1770700
hsq-3hs177070x,status 80,3HS1770701
hsq-3hs1771000,status 80,3HS1771000
hsq-3hs18282000x,status 80,3HS182820002
hsq-3hs18282000x,status 80,3HS182820004
hsq-3hs191120x,status 80,3HS1911201
hsq-3hs191120x,status 80,3HS1911202
hsq-3hs191120x,status 80,3HS1911203
hsq-3hs191120x,status 80,3HS1911204
hsq-3hs191120x,status 80,3HS1911205
hsq-3hs191120x,status 80,3HS1911206
hsq-3hs191120x,status 80,3HS1911207
hsq-3hs191120x,status 80,3HS1911208
hsq-3hs191120x,status 80,3HS1911209
hsq-3hs191120x,status 80,3HS1911210
hsq-3hs191120x,status 80,3HS1911211
hsq-3hs191120x,status 80,3HS1911212
hsq-3hs191120x,status 80,3HS1911213
hsq-3hs191120x,status 80,3HS1911214
hsq-3hs192530x,status 80,3HS1925302
hsq-3hs192530x,status 80,3HS1925303
hsq-3hs192530x,status 80,3HS1925304
hsq-3hs194210x,status 80,3HS1942102
hsq-3hs194210x,status 80,3HS1942103
hsq-3hs194210x,status 80,3HS1942104
hsq-3hs194210x,status 80,3HS1942105
hsq-3hs194210x,status 80,3HS1942106
hsq-3hs194310x,status 80,3HS1943102
hsq-3hs194310x,status 80,3HS1943103
hsq-3hs194310x,status 80,3HS1943104
hsq-3hs194310x,status 80,3HS1943105
hsq-3hs194310x,status 80,3HS1943106
hsq-3hs1970000,status 80,3HS1970000
hsq-3hs1970100,status 80,3HS1970100
hsq-3hs1970200,status 80,3HS1970200
hsq-3hs1970300,status 80,3HS1970300
hsq-3hs1970600,status 80,3HS1970600
hsq-3hs1970700,status 80,3HS1970700
hsq-3hs1971000,status 80,3HS1971000
hsq-3hs1971200,status 80,3HS1971200
hsq-3hs1971300,status 80,3HS1971300
hsq-3hs1971400,status 80,3HS1971400
hsq-3hs19991001x,geen afbeeldingen (geen bestand onder input/ of geen geldige CDN-URL na upload),3HS199910012
hsq-3hs19991001x,geen afbeeldingen (geen bestand onder input/ of geen geldige CDN-URL na upload),3HS199910013
hsq-3hs19991001x,geen afbeeldingen (geen bestand onder input/ of geen geldige CDN-URL na upload),3HS199910014
hsq-3hs20000620x,status 80,3HS200006202
hsq-3hs20000620x,status 80,3HS200006203
hsq-3hs20000620x,status 80,3HS200006204
hsq-3hs20000620x,status 80,3HS200006205
hsq-3hs20000620x,status 80,3HS200006206
hsq-3hs20001050x,status 80,3HS200010501
hsq-3hs20001050x,status 80,3HS200010502
hsq-3hs20001050x,status 80,3HS200010503
hsq-3hs20001050x,status 80,3HS200010504
hsq-3hs20001050x,status 80,3HS200010505
hsq-3hs200016200,status 80,3HS200016200
hsq-3hs200017100,status 80,3HS200017100
hsq-3hs200017300,status 80,3HS200017300
hsq-3hs20002110x,status 80,3HS200021102
hsq-3hs20002110x,status 80,3HS200021103
hsq-3hs20002110x,status 80,3HS200021104
hsq-3hs20002110x,status 80,3HS200021105
hsq-3hs20002110x,status 80,3HS200021106
hsq-3hs20002110x,status 80,3HS200021107
hsq-3hs20002130x,status 80,3HS200021304
hsq-3hs200022100,status 80,3HS200022100
hsq-3hs20002980x,status 80,3HS200029802
hsq-3hs20002980x,status 80,3HS200029803
hsq-3hs20003070x,status 80,3HS200030701
hsq-3hs20003070x,status 80,3HS200030702
hsq-3hs20003070x,status 80,3HS200030703
hsq-3hs20003070x,status 80,3HS200030704
hsq-3hs20003070x,status 80,3HS200030705
hsq-3hs20003070x,status 80,3HS200030706
hsq-3hs20003070x,status 80,3HS200030707
hsq-3hs20003090x,status 80,3HS200030901
hsq-3hs20003090x,status 80,3HS200030902
hsq-3hs20003090x,status 80,3HS200030903
hsq-3hs20003090x,status 80,3HS200030904
hsq-3hs20003090x,status 80,3HS200030905
hsq-3hs20003090x,status 80,3HS200030906
hsq-3hs20003090x,status 80,3HS200030907
hsq-3hs200040200,status 80,3HS200040200
hsq-3hs200040300,status 80,3HS200040300
hsq-3hs200040700,status 80,3HS200040700
hsq-3hs205210x,status 80,3HS2052101
hsq-3hs205210x,status 80,3HS2052102
hsq-3hs205210x,status 80,3HS2052103
hsq-3hs205210x,status 80,3HS2052104
hsq-3hs205210x,status 80,3HS2052105
hsq-3hs205210x,status 80,3HS2052106
hsq-3hs205520x,status 80,3HS2055201
hsq-3hs205520x,status 80,3HS2055202
hsq-3hs205520x,status 80,3HS2055203
hsq-3hs205520x,status 80,3HS2055204
hsq-3hs205520x,status 80,3HS2055205
hsq-3hs205520x,status 80,3HS2055206
hsq-3hs205610x,status 80,3HS2056101
hsq-3hs205610x,status 80,3HS2056102
hsq-3hs205610x,status 80,3HS2056103
hsq-3hs205610x,status 80,3HS2056104
hsq-3hs205610x,status 80,3HS2056105
hsq-3hs205610x,status 80,3HS2056106
hsq-3hs205630x,status 80,3HS2056301
hsq-3hs205630x,status 80,3HS2056302
hsq-3hs205630x,status 80,3HS2056303
hsq-3hs205630x,status 80,3HS2056304
hsq-3hs205630x,status 80,3HS2056305
hsq-3hs205630x,status 80,3HS2056306
hsq-3hs208630x,status 80,3HS2086301
hsq-3hs208630x,status 80,3HS2086302
hsq-3hs208630x,status 80,3HS2086303
hsq-3hs208630x,status 80,3HS2086304
hsq-3hs208630x,status 80,3HS2086305
hsq-3hs209620x,status 80,3HS2096204
hsq-3hs209620x,status 80,3HS2096205
hsq-3hs209620x,status 80,3HS2096206
hsq-3hs209620x,status 80,3HS2096207
hsq-3hs209620x,status 80,3HS2096208
hsq-3hs21000380x,status 80,3HS210003802
hsq-3hs21000380x,status 80,3HS210003803
hsq-3hs21000380x,status 80,3HS210003804
hsq-3hs21000380x,status 80,3HS210003805
hsq-3hs21000380x,status 80,3HS210003806
hsq-3hs210004200,status 80,3HS210004200
hsq-3hs21000470x,status 80,3HS210004702
hsq-3hs21000470x,status 80,3HS210004703
hsq-3hs21000470x,status 80,3HS210004704
hsq-3hs21000470x,status 80,3HS210004705
hsq-3hs21000470x,status 80,3HS210004706
hsq-3hs21000510x,status 80,3HS210005102
hsq-3hs21000510x,status 80,3HS210005103
hsq-3hs21000510x,status 80,3HS210005104
hsq-3hs21000550x,status 80,3HS210005502
hsq-3hs21000550x,status 80,3HS210005503
hsq-3hs21000550x,status 80,3HS210005504
hsq-3hs21000550x,status 80,3HS210005505
hsq-3hs21000550x,status 80,3HS210005506
hsq-3hs21000560x,status 80,3HS210005602
hsq-3hs21000560x,status 80,3HS210005603
hsq-3hs21000560x,status 80,3HS210005604
hsq-3hs21000560x,status 80,3HS210005605
hsq-3hs21000560x,status 80,3HS210005606
hsq-3hs21000570x,status 80,3HS210005703
hsq-3hs21000570x,status 80,3HS210005704
hsq-3hs21000570x,status 80,3HS210005706
hsq-3hs210010300,status 80,3HS210010300
hsq-3hs210010400,status 80,3HS210010400
hsq-3hs210010500,status 80,3HS210010500
hsq-3hs21001060x,status 80,3HS210010602
hsq-3hs21001060x,status 80,3HS210010603
hsq-3hs210010800,status 80,3HS210010800
hsq-3hs210010900,status 80,3HS210010900
hsq-3hs210011100,status 80,3HS210011100
hsq-3hs210011200,status 80,3HS210011200
hsq-3hs210011300,status 80,3HS210011300
hsq-3hs210011500,status 80,3HS210011500
hsq-3hs210011600,status 80,3HS210011600
hsq-3hs21001270x,status 80,3HS210012701
hsq-3hs21001270x,status 80,3HS210012702
hsq-3hs21001270x,status 80,3HS210012703
hsq-3hs21001270x,status 80,3HS210012704
hsq-3hs21001270x,status 80,3HS210012705
hsq-3hs21001270x,status 80,3HS210012706
hsq-3hs21001290x,status 80,3HS210012901
hsq-3hs21001290x,status 80,3HS210012902
hsq-3hs21001290x,status 80,3HS210012903
hsq-3hs21001290x,status 80,3HS210012904
hsq-3hs21001290x,status 80,3HS210012905
hsq-3hs21001290x,status 80,3HS210012906
hsq-3hs21001300x,status 80,3HS210013001
hsq-3hs21001300x,status 80,3HS210013002
hsq-3hs21001300x,status 80,3HS210013003
hsq-3hs21001300x,status 80,3HS210013004
hsq-3hs21001300x,status 80,3HS210013005
hsq-3hs21001300x,status 80,3HS210013006
hsq-3hs21001310x,status 80,3HS210013101
hsq-3hs21001310x,status 80,3HS210013102
hsq-3hs21001310x,status 80,3HS210013103
hsq-3hs21001310x,status 80,3HS210013104
hsq-3hs21001310x,status 80,3HS210013105
hsq-3hs21001310x,status 80,3HS210013106
hsq-3hs210031700,status 80,3HS210031700
hsq-3hs21003180x,status 80,3HS210031802
hsq-3hs21003180x,status 80,3HS210031803
hsq-3hs21003180x,status 80,3HS210031804
hsq-3hs21003180x,status 80,3HS210031805
hsq-3hs21003180x,status 80,3HS210031806
hsq-3hs21003200x,status 80,3HS210032002
hsq-3hs21003200x,status 80,3HS210032003
hsq-3hs21003200x,status 80,3HS210032004
hsq-3hs21003200x,status 80,3HS210032005
hsq-3hs21003200x,status 80,3HS210032006
hsq-3hs21003210x,status 80,3HS210032102
hsq-3hs21003210x,status 80,3HS210032103
hsq-3hs21003210x,status 80,3HS210032104
hsq-3hs21003210x,status 80,3HS210032105
hsq-3hs21003210x,status 80,3HS210032106
hsq-3hs210032400,status 80,3HS210032400
hsq-3hs210032500,status 80,3HS210032500
hsq-3hs21003260x,status 80,3HS210032602
hsq-3hs21003260x,status 80,3HS210032603
hsq-3hs21003260x,status 80,3HS210032604
hsq-3hs21003260x,status 80,3HS210032605
hsq-3hs21003260x,status 80,3HS210032606
hsq-3hs21003270x,status 80,3HS210032702
hsq-3hs21003270x,status 80,3HS210032703
hsq-3hs21003270x,status 80,3HS210032704
hsq-3hs21003270x,status 80,3HS210032705
hsq-3hs21003270x,status 80,3HS210032706
hsq-3hs21003280x,status 80,3HS210032802
hsq-3hs21003280x,status 80,3HS210032803
hsq-3hs21003280x,status 80,3HS210032804
hsq-3hs21003280x,status 80,3HS210032805
hsq-3hs21003280x,status 80,3HS210032806
hsq-3hs21003290x,status 80,3HS210032902
hsq-3hs21003290x,status 80,3HS210032903
hsq-3hs21003290x,status 80,3HS210032904
hsq-3hs21003290x,status 80,3HS210032905
hsq-3hs21003290x,status 80,3HS210032906
hsq-3hs21003300x,status 80,3HS210033002
hsq-3hs21003300x,status 80,3HS210033003
hsq-3hs21003300x,status 80,3HS210033004
hsq-3hs21003300x,status 80,3HS210033005
hsq-3hs21003300x,status 80,3HS210033006
hsq-3hs21003310x,status 80,3HS210033102
hsq-3hs21003310x,status 80,3HS210033103
hsq-3hs21003310x,status 80,3HS210033104
hsq-3hs21003310x,status 80,3HS210033105
hsq-3hs21003310x,status 80,3HS210033106
hsq-3hs21003330x,status 80,3HS210033302
hsq-3hs21003330x,status 80,3HS210033303
hsq-3hs21003330x,status 80,3HS210033304
hsq-3hs21003330x,status 80,3HS210033305
hsq-3hs21003330x,status 80,3HS210033306
hsq-3hs21003340x,status 80,3HS210033401
hsq-3hs21003340x,geen prijs,3HS210033402
hsq-3hs21003340x,status 80,3HS210033403
hsq-3hs21003340x,status 80,3HS210033404
hsq-3hs21003340x,status 80,3HS210033405
hsq-3hs21003340x,status 80,3HS210033406
hsq-3hs21003350x,status 80,3HS210033501
hsq-3hs21003350x,status 80,3HS210033502
hsq-3hs21003350x,status 80,3HS210033503
hsq-3hs21003350x,status 80,3HS210033504
hsq-3hs21003350x,status 80,3HS210033505
hsq-3hs21003350x,status 80,3HS210033506
hsq-3hs21003360x,status 80,3HS210033610
hsq-3hs210033700,status 80,3HS210033700
hsq-3hs21003400x,status 80,3HS210034002
hsq-3hs21003400x,status 80,3HS210034003
hsq-3hs21003400x,status 80,3HS210034004
hsq-3hs21003400x,status 80,3HS210034005
hsq-3hs21003400x,status 80,3HS210034006
hsq-3hs21003500x,status 80,3HS210035002
hsq-3hs21003500x,status 80,3HS210035003
hsq-3hs21003750x,status 80,3HS210037501
hsq-3hs21003750x,status 80,3HS210037502
hsq-3hs21003750x,status 80,3HS210037503
hsq-3hs21003750x,status 80,3HS210037504
hsq-3hs21003750x,status 80,3HS210037505
hsq-3hs21003750x,status 80,3HS210037506
hsq-3hs21003760x,status 80,3HS210037601
hsq-3hs21003760x,status 80,3HS210037602
hsq-3hs21003760x,status 80,3HS210037603
hsq-3hs21003760x,status 80,3HS210037604
hsq-3hs21003760x,status 80,3HS210037605
hsq-3hs21003760x,status 80,3HS210037606
hsq-3hs21003770x,status 80,3HS210037701
hsq-3hs21003770x,status 80,3HS210037702
hsq-3hs21003770x,status 80,3HS210037703
hsq-3hs21003770x,status 80,3HS210037704
hsq-3hs21003770x,status 80,3HS210037705
hsq-3hs21003770x,status 80,3HS210037706
hsq-3hs21003780x,status 80,3HS210037801
hsq-3hs21003780x,status 80,3HS210037802
hsq-3hs21003780x,status 80,3HS210037803
hsq-3hs21003780x,status 80,3HS210037804
hsq-3hs21003780x,status 80,3HS210037805
hsq-3hs21003780x,status 80,3HS210037806
hsq-3hs21003790x,status 80,3HS210037901
hsq-3hs21003790x,status 80,3HS210037902
hsq-3hs21003790x,status 80,3HS210037903
hsq-3hs21003790x,status 80,3HS210037904
hsq-3hs21003790x,status 80,3HS210037905
hsq-3hs21003790x,status 80,3HS210037906
hsq-3hs21003800x,status 80,3HS210038001
hsq-3hs21003800x,status 80,3HS210038002
hsq-3hs21003800x,status 80,3HS210038003
hsq-3hs21003800x,status 80,3HS210038004
hsq-3hs21003800x,status 80,3HS210038005
hsq-3hs21003800x,status 80,3HS210038006
hsq-3hs21003820x,status 80,3HS210038201
hsq-3hs21003820x,status 80,3HS210038202
hsq-3hs21003820x,status 80,3HS210038203
hsq-3hs21003820x,status 80,3HS210038204
hsq-3hs21003820x,status 80,3HS210038205
hsq-3hs21003820x,status 80,3HS210038206
hsq-3hs21003830x,status 80,3HS210038301
hsq-3hs21003830x,status 80,3HS210038302
hsq-3hs21003830x,status 80,3HS210038303
hsq-3hs21003830x,status 80,3HS210038304
hsq-3hs21003830x,status 80,3HS210038305
hsq-3hs21003830x,status 80,3HS210038306
hsq-3hs21003870x,status 80,3HS210038706
hsq-3hs21003880x,status 80,3HS210038801
hsq-3hs21003880x,status 80,3HS210038802
hsq-3hs21003880x,status 80,3HS210038803
hsq-3hs21003880x,status 80,3HS210038804
hsq-3hs21003880x,status 80,3HS210038805
hsq-3hs21003880x,status 80,3HS210038806
hsq-3hs21003890x,status 80,3HS210038904
hsq-3hs21003890x,status 80,3HS210038905
hsq-3hs21003890x,status 80,3HS210038906
hsq-3hs21003890x,status 80,3HS210038907
hsq-3hs21003890x,status 80,3HS210038908
hsq-3hs21003890x,status 80,3HS210038909
hsq-3hs21003900x,status 80,3HS210039001
hsq-3hs21003900x,status 80,3HS210039002
hsq-3hs21003900x,status 80,3HS210039003
hsq-3hs21003900x,status 80,3HS210039004
hsq-3hs21003900x,status 80,3HS210039005
hsq-3hs21003910x,status 80,3HS210039104
hsq-3hs21003910x,status 80,3HS210039105
hsq-3hs21003910x,status 80,3HS210039106
hsq-3hs21003910x,status 80,3HS210039107
hsq-3hs21003910x,status 80,3HS210039108
hsq-3hs210039200,status 80,3HS210039200
hsq-3hs210039300,status 80,3HS210039300
hsq-3hs210039400,status 80,3HS210039400
hsq-3hs210039500,status 80,3HS210039500
hsq-3hs210039600,status 80,3HS210039600
hsq-3hs210040100,status 80,3HS210040100
hsq-3hs210040200,status 80,3HS210040200
hsq-3hs210040300,status 80,3HS210040300
hsq-3hs210052500,status 80,3HS210052500
hsq-3hs210061600,status 80,3HS210061600
hsq-3hs210062000,status 80,3HS210062000
hsq-3hs210063800,status 80,3HS210063800
hsq-3hs21007320x,status 80,3HS210073202
hsq-3hs21007320x,status 80,3HS210073203
hsq-3hs21007320x,status 80,3HS210073204
hsq-3hs21007320x,status 80,3HS210073205
hsq-3hs21007320x,status 80,3HS210073206
hsq-3hs21007330x,status 80,3HS210073302
hsq-3hs21007330x,status 80,3HS210073303
hsq-3hs21007330x,status 80,3HS210073304
hsq-3hs21007330x,status 80,3HS210073305
hsq-3hs21007330x,status 80,3HS210073306
hsq-3hs21007340x,status 80,3HS210073402
hsq-3hs21007340x,status 80,3HS210073403
hsq-3hs21007340x,status 80,3HS210073404
hsq-3hs21007340x,status 80,3HS210073405
hsq-3hs21007340x,status 80,3HS210073406
hsq-3hs21007350x,status 80,3HS210073502
hsq-3hs21007350x,status 80,3HS210073503
hsq-3hs21007350x,status 80,3HS210073504
hsq-3hs21007350x,status 80,3HS210073505
hsq-3hs21007350x,status 80,3HS210073506
hsq-3hs21007360x,status 80,3HS210073602
hsq-3hs21007360x,status 80,3HS210073603
hsq-3hs21007360x,status 80,3HS210073604
hsq-3hs21007360x,status 80,3HS210073605
hsq-3hs21007360x,status 80,3HS210073606
hsq-3hs21007370x,status 80,3HS210073700
hsq-3hs21007370x,status 80,3HS210073701
hsq-3hs21007370x,status 80,3HS210073702
hsq-3hs21007370x,status 80,3HS210073703
hsq-3hs21007370x,status 80,3HS210073704
hsq-3hs21007370x,status 80,3HS210073705
hsq-3hs21007370x,status 80,3HS210073706
hsq-3hs21007370x,status 80,3HS210073707
hsq-3hs21007370x,status 80,3HS210073708
hsq-3hs21007370x,status 80,3HS210073709
hsq-3hs21007370x,status 80,3HS210073710
hsq-3hs21007370x,status 80,3HS210073711
hsq-3hs21007370x,status 80,3HS210073712
hsq-3hs21007370x,status 80,3HS210073713
hsq-3hs21007370x,status 80,3HS210073714
hsq-3hs22001240x,status 80,3HS220012401
hsq-3hs22001240x,status 80,3HS220012402
hsq-3hs22001240x,status 80,3HS220012403
hsq-3hs22001240x,status 80,3HS220012404
hsq-3hs22001240x,status 80,3HS220012405
hsq-3hs22001240x,status 80,3HS220012406
hsq-3hs220012500,status 80,3HS220012500
hsq-3hs22001260x,status 80,3HS220012602
hsq-3hs22001260x,status 80,3HS220012603
hsq-3hs22001260x,status 80,3HS220012604
hsq-3hs22001260x,status 80,3HS220012605
hsq-3hs22001260x,status 80,3HS220012606
hsq-3hs22001270x,status 80,3HS220012702
hsq-3hs22001270x,status 80,3HS220012703
hsq-3hs22001270x,status 80,3HS220012704
hsq-3hs22001270x,status 80,3HS220012705
hsq-3hs22001270x,status 80,3HS220012706
hsq-3hs22001280x,status 80,3HS220012802
hsq-3hs22001280x,status 80,3HS220012803
hsq-3hs22001280x,status 80,3HS220012804
hsq-3hs22001280x,status 80,3HS220012805
hsq-3hs22001280x,status 80,3HS220012806
hsq-3hs22001310x,status 80,3HS220013102
hsq-3hs22001310x,status 80,3HS220013103
hsq-3hs22001310x,status 80,3HS220013104
hsq-3hs22001310x,status 80,3HS220013105
hsq-3hs22001310x,status 80,3HS220013106
hsq-3hs22001320x,status 80,3HS220013201
hsq-3hs22001320x,status 80,3HS220013202
hsq-3hs22001320x,status 80,3HS220013203
hsq-3hs22001320x,status 80,3HS220013204
hsq-3hs22001320x,status 80,3HS220013205
hsq-3hs22001320x,status 80,3HS220013206
hsq-3hs22001330x,status 80,3HS220013302
hsq-3hs22001330x,status 80,3HS220013303
hsq-3hs22001330x,status 80,3HS220013304
hsq-3hs22001330x,status 80,3HS220013305
hsq-3hs22001330x,status 80,3HS220013306
hsq-3hs22001340x,status 80,3HS220013402
hsq-3hs22001340x,status 80,3HS220013403
hsq-3hs22001340x,status 80,3HS220013404
hsq-3hs22001340x,status 80,3HS220013405
hsq-3hs22001350x,status 80,3HS220013501
hsq-3hs22001350x,status 80,3HS220013502
hsq-3hs22001350x,status 80,3HS220013503
hsq-3hs22001350x,status 80,3HS220013504
hsq-3hs22001350x,status 80,3HS220013505
hsq-3hs22001350x,status 80,3HS220013506
hsq-3hs22001360x,status 80,3HS220013606
hsq-3hs22001380x,status 80,3HS220013804
hsq-3hs22001410x,status 80,3HS220014101
hsq-3hs22001410x,status 80,3HS220014102
hsq-3hs22001410x,status 80,3HS220014103
hsq-3hs22001410x,status 80,3HS220014104
hsq-3hs22001410x,status 80,3HS220014105
hsq-3hs22002780x,status 80,3HS220027801
hsq-3hs22002780x,status 80,3HS220027802
hsq-3hs22002780x,status 80,3HS220027803
hsq-3hs22002780x,status 80,3HS220027804
hsq-3hs22002780x,status 80,3HS220027805
hsq-3hs22002780x,status 80,3HS220027806
hsq-3hs22002790x,status 80,3HS220027901
hsq-3hs22002790x,status 80,3HS220027902
hsq-3hs22002790x,status 80,3HS220027903
hsq-3hs22002790x,status 80,3HS220027904
hsq-3hs22002790x,status 80,3HS220027905
hsq-3hs22002790x,status 80,3HS220027906
hsq-3hs22002800x,status 80,3HS220028001
hsq-3hs22002800x,status 80,3HS220028002
hsq-3hs22002800x,status 80,3HS220028003
hsq-3hs22002800x,status 80,3HS220028004
hsq-3hs22002800x,status 80,3HS220028005
hsq-3hs22002800x,status 80,3HS220028006
hsq-3hs22002810x,status 80,3HS220028101
hsq-3hs22002810x,status 80,3HS220028102
hsq-3hs22002810x,status 80,3HS220028103
hsq-3hs22002810x,status 80,3HS220028104
hsq-3hs22002810x,status 80,3HS220028105
hsq-3hs22002810x,status 80,3HS220028106
hsq-3hs22002820x,status 80,3HS220028201
hsq-3hs22002820x,status 80,3HS220028202
hsq-3hs22002820x,status 80,3HS220028203
hsq-3hs22002820x,status 80,3HS220028204
hsq-3hs22002820x,status 80,3HS220028205
hsq-3hs22002820x,status 80,3HS220028206
hsq-3hs22002830x,status 80,3HS220028301
hsq-3hs22002830x,status 80,3HS220028302
hsq-3hs22002830x,status 80,3HS220028303
hsq-3hs22002830x,status 80,3HS220028304
hsq-3hs22002830x,status 80,3HS220028305
hsq-3hs22002830x,status 80,3HS220028306
hsq-3hs22002840x,status 80,3HS220028401
hsq-3hs22002840x,status 80,3HS220028402
hsq-3hs22002840x,status 80,3HS220028403
hsq-3hs22002840x,status 80,3HS220028404
hsq-3hs22002840x,status 80,3HS220028405
hsq-3hs22002840x,status 80,3HS220028406
hsq-3hs22002850x,status 80,3HS220028501
hsq-3hs22002850x,status 80,3HS220028502
hsq-3hs22002850x,status 80,3HS220028503
hsq-3hs22002850x,status 80,3HS220028504
hsq-3hs22002850x,status 80,3HS220028505
hsq-3hs22002850x,status 80,3HS220028506
hsq-3hs22002860x,status 80,3HS220028601
hsq-3hs22002860x,status 80,3HS220028602
hsq-3hs22002860x,status 80,3HS220028603
hsq-3hs22002860x,status 80,3HS220028604
hsq-3hs22002860x,status 80,3HS220028605
hsq-3hs22002860x,status 80,3HS220028606
hsq-3hs22002870x,status 80,3HS220028701
hsq-3hs22002870x,status 80,3HS220028702
hsq-3hs22002870x,status 80,3HS220028703
hsq-3hs22002870x,status 80,3HS220028704
hsq-3hs22002870x,status 80,3HS220028705
hsq-3hs22002870x,status 80,3HS220028706
hsq-3hs220028800,status 80,3HS220028800
hsq-3hs22002890x,status 80,3HS220028904
hsq-3hs22002890x,status 80,3HS220028905
hsq-3hs22002890x,status 80,3HS220028906
hsq-3hs220029000,status 80,3HS220029000
hsq-3hs220029100,status 80,3HS220029100
hsq-3hs22002930x,status 80,3HS220029304
hsq-3hs22002930x,status 80,3HS220029305
hsq-3hs22002930x,status 80,3HS220029306
hsq-3hs22002930x,status 80,3HS220029307
hsq-3hs22002930x,status 80,3HS220029308
hsq-3hs22002930x,status 80,3HS220029309
hsq-3hs220029500,status 80,3HS220029500
hsq-3hs220029600,status 80,3HS220029600
hsq-3hs220029700,status 80,3HS220029700
hsq-3hs220030500,status 80,3HS220030500
hsq-3hs22003120x,status 80,3HS220031201
hsq-3hs22003120x,status 80,3HS220031202
hsq-3hs22003120x,status 80,3HS220031203
hsq-3hs22003120x,status 80,3HS220031204
hsq-3hs22003120x,status 80,3HS220031205
hsq-3hs22003120x,status 80,3HS220031206
hsq-3hs22003130x,status 80,3HS220031301
hsq-3hs22003130x,status 80,3HS220031302
hsq-3hs22003130x,status 80,3HS220031303
hsq-3hs22003130x,status 80,3HS220031304
hsq-3hs22003130x,status 80,3HS220031305
hsq-3hs22003130x,status 80,3HS220031306
hsq-3hs22003140x,status 80,3HS220031401
hsq-3hs22003140x,status 80,3HS220031402
hsq-3hs22003140x,status 80,3HS220031403
hsq-3hs22003140x,status 80,3HS220031404
hsq-3hs22003140x,status 80,3HS220031405
hsq-3hs22003140x,status 80,3HS220031406
hsq-3hs22003150x,status 80,3HS220031501
hsq-3hs22003150x,status 80,3HS220031502
hsq-3hs22003150x,status 80,3HS220031503
hsq-3hs22003150x,status 80,3HS220031504
hsq-3hs22003150x,status 80,3HS220031505
hsq-3hs22003150x,status 80,3HS220031506
hsq-3hs22003160x,status 80,3HS220031601
hsq-3hs22003160x,status 80,3HS220031602
hsq-3hs22003160x,status 80,3HS220031603
hsq-3hs22003160x,status 80,3HS220031604
hsq-3hs22003160x,status 80,3HS220031605
hsq-3hs22003160x,status 80,3HS220031606
hsq-3hs22003170x,status 80,3HS220031701
hsq-3hs22003170x,status 80,3HS220031702
hsq-3hs22003170x,status 80,3HS220031703
hsq-3hs22003170x,status 80,3HS220031704
hsq-3hs22003170x,status 80,3HS220031705
hsq-3hs22003170x,status 80,3HS220031706
hsq-3hs22003180x,status 80,3HS220031801
hsq-3hs22003180x,status 80,3HS220031802
hsq-3hs22003180x,status 80,3HS220031803
hsq-3hs22003180x,status 80,3HS220031804
hsq-3hs22003180x,status 80,3HS220031805
hsq-3hs22003180x,status 80,3HS220031806
hsq-3hs22003190x,status 80,3HS220031901
hsq-3hs22003190x,status 80,3HS220031902
hsq-3hs22003190x,status 80,3HS220031903
hsq-3hs22003190x,status 80,3HS220031904
hsq-3hs22003190x,status 80,3HS220031905
hsq-3hs22003200x,status 80,3HS220032004
hsq-3hs22003200x,status 80,3HS220032005
hsq-3hs22003200x,status 80,3HS220032006
hsq-3hs22003200x,status 80,3HS220032007
hsq-3hs22003200x,status 80,3HS220032008
hsq-3hs22003200x,status 80,3HS220032009
hsq-3hs22003210x,status 80,3HS220032104
hsq-3hs22003210x,status 80,3HS220032105
hsq-3hs22003210x,status 80,3HS220032106
hsq-3hs22003210x,status 80,3HS220032107
hsq-3hs22003210x,status 80,3HS220032108
hsq-3hs22003210x,status 80,3HS220032109
hsq-3hs22003220x,status 80,3HS220032201
hsq-3hs22003220x,status 80,3HS220032202
hsq-3hs22003220x,status 80,3HS220032203
hsq-3hs22003220x,status 80,3HS220032204
hsq-3hs22003220x,status 80,3HS220032205
hsq-3hs22003220x,status 80,3HS220032206
hsq-3hs220032300,status 80,3HS220032300
hsq-3hs220033800,status 80,3HS220033800
hsq-3hs22003750x,status 80,3HS220037503
hsq-3hs22003890x,status 80,3HS220038905
hsq-3hs22003900x,status 80,3HS220039006
hsq-3hs220039500,status 80,3HS220039500
hsq-3hs220039600,status 80,3HS220039600
hsq-3hs220041500,status 80,3HS220041500
hsq-3hs22004240x,status 80,3HS220042404
hsq-3hs22004240x,status 80,3HS220042405
hsq-3hs22004240x,status 80,3HS220042406
hsq-3hs22004240x,status 80,3HS220042407
hsq-3hs22004250x,status 80,3HS220042503
hsq-3hs22004250x,status 80,3HS220042504
hsq-3hs22004250x,status 80,3HS220042505
hsq-3hs22004260x,status 80,3HS220042602
hsq-3hs22004260x,status 80,3HS220042603
hsq-3hs22004260x,status 80,3HS220042604
hsq-3hs22004260x,status 80,3HS220042605
hsq-3hs22004260x,status 80,3HS220042606
hsq-3hs22004270x,status 80,3HS220042703
hsq-3hs22004270x,status 80,3HS220042704
hsq-3hs22004270x,status 80,3HS220042705
hsq-3hs22004270x,status 80,3HS220042706
hsq-3hs22004280x,status 80,3HS220042804
hsq-3hs22004280x,status 80,3HS220042805
hsq-3hs22004290x,status 80,3HS220042910
hsq-3hs22004300x,status 80,3HS220043005
hsq-3hs22004300x,status 80,3HS220043006
hsq-3hs220046400,status 80,3HS220046400
hsq-3hs22004720x,status 80,3HS220047202
hsq-3hs22004720x,status 80,3HS220047203
hsq-3hs22004720x,status 80,3HS220047204
hsq-3hs22004780x,status 80,3HS220047801
hsq-3hs22004780x,status 80,3HS220047802
hsq-3hs22004780x,status 80,3HS220047803
hsq-3hs22004780x,status 80,3HS220047804
hsq-3hs22004780x,status 80,3HS220047805
hsq-3hs220053000,geen prijs,3HS220053000
hsq-3hs220061600,status 80,3HS220061600
hsq-3hs22006170x,status 80,3HS220061701
hsq-3hs22006170x,status 80,3HS220061702
hsq-3hs22006170x,status 80,3HS220061703
hsq-3hs22006170x,status 80,3HS220061704
hsq-3hs22006170x,status 80,3HS220061705
hsq-3hs22006170x,status 80,3HS220061706
hsq-3hs22006180x,status 80,3HS220061801
hsq-3hs22006180x,status 80,3HS220061802
hsq-3hs22006180x,status 80,3HS220061803
hsq-3hs22006180x,status 80,3HS220061804
hsq-3hs22006180x,status 80,3HS220061805
hsq-3hs22006180x,status 80,3HS220061806
hsq-3hs23000870x,status 80,3HS230008701
hsq-3hs23000870x,status 80,3HS230008702
hsq-3hs23000870x,status 80,3HS230008703
hsq-3hs23000870x,status 80,3HS230008704
hsq-3hs23000870x,status 80,3HS230008705
hsq-3hs23000870x,status 80,3HS230008706
hsq-3hs23000880x,status 80,3HS230008802
hsq-3hs23000880x,status 80,3HS230008803
hsq-3hs23000880x,status 80,3HS230008804
hsq-3hs23000880x,status 80,3HS230008805
hsq-3hs23000880x,status 80,3HS230008806
hsq-3hs23000890x,status 80,3HS230008902
hsq-3hs23000890x,status 80,3HS230008903
hsq-3hs23000890x,status 80,3HS230008904
hsq-3hs23000890x,status 80,3HS230008905
hsq-3hs23000890x,status 80,3HS230008906
hsq-3hs23000900x,status 80,3HS230009001
hsq-3hs23000900x,status 80,3HS230009002
hsq-3hs23000900x,status 80,3HS230009003
hsq-3hs23000900x,status 80,3HS230009004
hsq-3hs23000900x,status 80,3HS230009005
hsq-3hs23000900x,status 80,3HS230009006
hsq-3hs23000940x,status 80,3HS230009402
hsq-3hs23000940x,status 80,3HS230009403
hsq-3hs23000940x,status 80,3HS230009404
hsq-3hs23000940x,status 80,3HS230009405
hsq-3hs23000940x,status 80,3HS230009406
hsq-3hs23000950x,status 80,3HS230009503
hsq-3hs23000950x,status 80,3HS230009504
hsq-3hs23000950x,status 80,3HS230009505
hsq-3hs23000950x,status 80,3HS230009506
hsq-3hs23000960x,status 80,3HS230009602
hsq-3hs23000960x,status 80,3HS230009603
hsq-3hs23000960x,status 80,3HS230009604
hsq-3hs23000960x,status 80,3HS230009605
hsq-3hs23000960x,status 80,3HS230009606
hsq-3hs23000970x,status 80,3HS230009702
hsq-3hs23000970x,status 80,3HS230009704
hsq-3hs23000970x,status 80,3HS230009705
hsq-3hs23000990x,status 80,3HS230009902
hsq-3hs23000990x,status 80,3HS230009903
hsq-3hs23000990x,status 80,3HS230009904
hsq-3hs23000990x,status 80,3HS230009905
hsq-3hs23000990x,status 80,3HS230009906
hsq-3hs23001000x,status 80,3HS230010003
hsq-3hs23001000x,status 80,3HS230010004
hsq-3hs23001000x,status 80,3HS230010005
hsq-3hs23001010x,status 80,3HS230010105
hsq-3hs23001010x,status 80,3HS230010106
hsq-3hs23001020x,status 80,3HS230010206
hsq-3hs23001040x,status 80,3HS230010403
hsq-3hs23001040x,status 80,3HS230010404
hsq-3hs23001040x,status 80,3HS230010405
hsq-3hs23001040x,status 80,3HS230010406
hsq-3hs23001150x,status 80,3HS230011503
hsq-3hs23001150x,status 80,3HS230011504
hsq-3hs230027400,status 80,3HS230027400
hsq-3hs230027500,status 80,3HS230027500
hsq-3hs230027600,status 80,3HS230027600
hsq-3hs230027700,status 80,3HS230027700
hsq-3hs23002790x,status 80,3HS230027901
hsq-3hs23002790x,status 80,3HS230027902
hsq-3hs23002790x,status 80,3HS230027903
hsq-3hs23002790x,status 80,3HS230027904
hsq-3hs23002790x,status 80,3HS230027905
hsq-3hs23002790x,status 80,3HS230027906
hsq-3hs23002800x,status 80,3HS230028001
hsq-3hs23002800x,status 80,3HS230028002
hsq-3hs23002800x,status 80,3HS230028003
hsq-3hs23002800x,status 80,3HS230028004
hsq-3hs23002800x,status 80,3HS230028005
hsq-3hs23002800x,status 80,3HS230028006
hsq-3hs23002810x,status 80,3HS230028101
hsq-3hs23002810x,status 80,3HS230028102
hsq-3hs23002810x,status 80,3HS230028103
hsq-3hs23002810x,status 80,3HS230028104
hsq-3hs23002810x,status 80,3HS230028105
hsq-3hs23002810x,status 80,3HS230028106
hsq-3hs23002820x,status 80,3HS230028201
hsq-3hs23002820x,status 80,3HS230028202
hsq-3hs23002820x,status 80,3HS230028203
hsq-3hs23002820x,status 80,3HS230028204
hsq-3hs23002820x,status 80,3HS230028205
hsq-3hs23002820x,status 80,3HS230028206
hsq-3hs23002830x,status 80,3HS230028301
hsq-3hs23002830x,status 80,3HS230028302
hsq-3hs23002830x,status 80,3HS230028303
hsq-3hs23002830x,status 80,3HS230028304
hsq-3hs23002830x,status 80,3HS230028305
hsq-3hs23002830x,status 80,3HS230028306
hsq-3hs23002840x,status 80,3HS230028401
hsq-3hs23002840x,status 80,3HS230028402
hsq-3hs23002840x,status 80,3HS230028403
hsq-3hs23002840x,status 80,3HS230028404
hsq-3hs23002840x,status 80,3HS230028405
hsq-3hs23002840x,status 80,3HS230028406
hsq-3hs23002850x,status 80,3HS230028501
hsq-3hs23002850x,status 80,3HS230028502
hsq-3hs23002850x,status 80,3HS230028503
hsq-3hs23002850x,status 80,3HS230028504
hsq-3hs23002850x,status 80,3HS230028505
hsq-3hs23002850x,status 80,3HS230028506
hsq-3hs23002860x,status 80,3HS230028601
hsq-3hs23002860x,status 80,3HS230028602
hsq-3hs23002860x,status 80,3HS230028603
hsq-3hs23002860x,status 80,3HS230028604
hsq-3hs23002860x,status 80,3HS230028605
hsq-3hs23002860x,status 80,3HS230028606
hsq-3hs23002870x,status 80,3HS230028701
hsq-3hs23002870x,status 80,3HS230028702
hsq-3hs23002870x,status 80,3HS230028703
hsq-3hs23002870x,status 80,3HS230028704
hsq-3hs23002870x,status 80,3HS230028705
hsq-3hs23002870x,status 80,3HS230028706
hsq-3hs23002880x,status 80,3HS230028801
hsq-3hs23002880x,status 80,3HS230028802
hsq-3hs23002880x,status 80,3HS230028803
hsq-3hs23002880x,status 80,3HS230028804
hsq-3hs23002880x,status 80,3HS230028805
hsq-3hs23002880x,status 80,3HS230028806
hsq-3hs23002890x,status 80,3HS230028901
hsq-3hs23002890x,status 80,3HS230028902
hsq-3hs23002890x,status 80,3HS230028903
hsq-3hs23002890x,status 80,3HS230028904
hsq-3hs23002890x,status 80,3HS230028905
hsq-3hs23002890x,status 80,3HS230028906
hsq-3hs23002900x,status 80,3HS230029001
hsq-3hs23002900x,status 80,3HS230029002
hsq-3hs23002900x,status 80,3HS230029003
hsq-3hs23002900x,status 80,3HS230029004
hsq-3hs23002900x,status 80,3HS230029005
hsq-3hs23002900x,status 80,3HS230029006
hsq-3hs23002910x,status 80,3HS230029104
hsq-3hs23002910x,status 80,3HS230029105
hsq-3hs23002910x,status 80,3HS230029106
hsq-3hs23002910x,status 80,3HS230029107
hsq-3hs23002910x,status 80,3HS230029108
hsq-3hs23002910x,status 80,3HS230029109
hsq-3hs23002920x,status 80,3HS230029204
hsq-3hs23002920x,status 80,3HS230029205
hsq-3hs23002920x,status 80,3HS230029206
hsq-3hs23002920x,status 80,3HS230029207
hsq-3hs23002920x,status 80,3HS230029208
hsq-3hs23002920x,status 80,3HS230029209
hsq-3hs230029500,status 80,3HS230029500
hsq-3hs230033200,status 80,3HS230033200
hsq-3hs230036800,geen afbeeldingen (geen bestand onder input/ of geen geldige CDN-URL na upload),3HS230036800
hsq-3hs230037900,status 80,3HS230037900
hsq-3hs230038100,status 80,3HS230038100
hsq-3hs23004110x,status 80,3HS230041101
hsq-3hs23004110x,status 80,3HS230041102
hsq-3hs23004110x,status 80,3HS230041103
hsq-3hs23004110x,status 80,3HS230041104
hsq-3hs23004110x,status 80,3HS230041105
hsq-3hs23004110x,status 80,3HS230041106
hsq-3hs23004120x,status 80,3HS230041202
hsq-3hs23004120x,status 80,3HS230041203
hsq-3hs23004120x,status 80,3HS230041204
hsq-3hs23004120x,status 80,3HS230041205
hsq-3hs23004120x,status 80,3HS230041206
hsq-3hs230052300,geen afbeeldingen (geen bestand onder input/ of geen geldige CDN-URL na upload),3HS230052300
hsq-3hs230052400,status 80,3HS230052400
hsq-3hs23005250x,status 80,3HS230052501
hsq-3hs23005250x,status 80,3HS230052502
hsq-3hs23005250x,status 80,3HS230052503
hsq-3hs23005250x,status 80,3HS230052504
hsq-3hs23005250x,status 80,3HS230052505
hsq-3hs23005250x,status 80,3HS230052506
hsq-3hs23005260x,status 80,3HS230052601
hsq-3hs23005260x,status 80,3HS230052602
hsq-3hs23005260x,status 80,3HS230052603
hsq-3hs23005260x,status 80,3HS230052604
hsq-3hs23005260x,status 80,3HS230052605
hsq-3hs23005260x,status 80,3HS230052606
hsq-3hs230076100,status 80,3HS230076100
hsq-3hs24001150x,status 80,3HS240011506
hsq-3hs24001580x,status 80,3HS240015803
hsq-3hs24001580x,status 80,3HS240015805
hsq-3hs24001580x,status 80,3HS240015806
hsq-3hs24001590x,status 80,3HS240015903
hsq-3hs24001590x,status 80,3HS240015904
hsq-3hs24001590x,status 80,3HS240015905
hsq-3hs24001590x,status 80,3HS240015906
hsq-3hs24001640x,status 80,3HS240016403
hsq-3hs24001640x,status 80,3HS240016404
hsq-3hs24001640x,status 80,3HS240016405
hsq-3hs24001640x,status 80,3HS240016406
hsq-3hs24001650x,status 80,3HS240016503
hsq-3hs24001650x,status 80,3HS240016504
hsq-3hs24001650x,status 80,3HS240016505
hsq-3hs24001650x,status 80,3HS240016506
hsq-3hs24001670x,status 80,3HS240016702
hsq-3hs24001670x,status 80,3HS240016703
hsq-3hs24001670x,status 80,3HS240016704
hsq-3hs24001670x,status 80,3HS240016705
hsq-3hs24001670x,status 80,3HS240016706
hsq-3hs24001680x,status 80,3HS240016804
hsq-3hs24001720x,status 80,3HS240017206
hsq-3hs24001740x,status 80,3HS240017404
hsq-3hs24001830x,status 80,3HS240018301
hsq-3hs24001830x,status 80,3HS240018302
hsq-3hs24001830x,status 80,3HS240018303
hsq-3hs24001830x,status 80,3HS240018304
hsq-3hs24001830x,status 80,3HS240018305
hsq-3hs24001830x,status 80,3HS240018306
hsq-3hs24001830x,status 80,3HS240018307
hsq-3hs24001830x,status 80,3HS240018308
hsq-3hs24003340x,status 80,3HS240033401
hsq-3hs24003340x,status 80,3HS240033402
hsq-3hs24003340x,status 80,3HS240033403
hsq-3hs24003340x,status 80,3HS240033404
hsq-3hs24003340x,status 80,3HS240033405
hsq-3hs24003340x,status 80,3HS240033406
hsq-3hs24003350x,status 80,3HS240033501
hsq-3hs24003350x,status 80,3HS240033502
hsq-3hs24003350x,status 80,3HS240033503
hsq-3hs24003350x,status 80,3HS240033504
hsq-3hs24003350x,status 80,3HS240033505
hsq-3hs24003350x,status 80,3HS240033506
hsq-3hs24003360x,status 80,3HS240033602
hsq-3hs24003360x,status 80,3HS240033606
hsq-3hs24003370x,status 80,3HS240033701
hsq-3hs24003370x,status 80,3HS240033702
hsq-3hs24003370x,status 80,3HS240033703
hsq-3hs24003370x,status 80,3HS240033704
hsq-3hs24003370x,status 80,3HS240033705
hsq-3hs24003370x,status 80,3HS240033706
hsq-3hs24003380x,status 80,3HS240033801
hsq-3hs24003380x,status 80,3HS240033802
hsq-3hs24003380x,status 80,3HS240033803
hsq-3hs24003380x,status 80,3HS240033804
hsq-3hs24003380x,status 80,3HS240033805
hsq-3hs24003380x,status 80,3HS240033806
hsq-3hs24003390x,status 80,3HS240033901
hsq-3hs24003390x,status 80,3HS240033902
hsq-3hs24003390x,status 80,3HS240033903
hsq-3hs24003390x,status 80,3HS240033904
hsq-3hs24003390x,status 80,3HS240033905
hsq-3hs24003390x,status 80,3HS240033906
hsq-3hs24003400x,status 80,3HS240034001
hsq-3hs24003400x,status 80,3HS240034002
hsq-3hs24003400x,status 80,3HS240034003
hsq-3hs24003400x,status 80,3HS240034004
hsq-3hs24003400x,status 80,3HS240034005
hsq-3hs24003400x,status 80,3HS240034006
hsq-3hs24003410x,status 80,3HS240034101
hsq-3hs24003410x,status 80,3HS240034102
hsq-3hs24003410x,status 80,3HS240034103
hsq-3hs24003410x,status 80,3HS240034104
hsq-3hs24003410x,status 80,3HS240034105
hsq-3hs24003410x,status 80,3HS240034106
hsq-3hs24003440x,status 80,3HS240034401
hsq-3hs24003440x,status 80,3HS240034402
hsq-3hs24003440x,status 80,3HS240034403
hsq-3hs24003440x,status 80,3HS240034404
hsq-3hs24003440x,status 80,3HS240034405
hsq-3hs24003440x,status 80,3HS240034406
hsq-3hs24003460x,status 80,3HS240034604
hsq-3hs24003460x,status 80,3HS240034605
hsq-3hs24003460x,status 80,3HS240034606
hsq-3hs24003460x,status 80,3HS240034607
hsq-3hs24003460x,status 80,3HS240034608
hsq-3hs24003460x,status 80,3HS240034609
hsq-3hs240034800,status 80,3HS240034800
hsq-3hs240034900,status 80,3HS240034900
hsq-3hs240035700,status 80,3HS240035700
hsq-3hs240036800,status 80,3HS240036800
hsq-3hs24003740x,status 80,3HS240037403
hsq-3hs24003740x,status 80,3HS240037406
hsq-3hs24003810x,status 80,3HS240038104
hsq-3hs24003810x,status 80,3HS240038105
hsq-3hs24003810x,status 80,3HS240038106
hsq-3hs24003810x,status 80,3HS240038107
hsq-3hs24003810x,status 80,3HS240038108
hsq-3hs24003810x,status 80,3HS240038109
hsq-3hs240043600,geen afbeeldingen (geen bestand onder input/ of geen geldige CDN-URL na upload),3HS240043600
hsq-3hs240045400,geen afbeeldingen (geen bestand onder input/ of geen geldige CDN-URL na upload),3HS240045400
hsq-3hs240045600,geen afbeeldingen (geen bestand onder input/ of geen geldige CDN-URL na upload),3HS240045600
hsq-3hs240052400,geen afbeeldingen (geen bestand onder input/ of geen geldige CDN-URL na upload),3HS240052400
hsq-3hs240056500,geen afbeeldingen (geen bestand onder input/ of geen geldige CDN-URL na upload),3HS240056500
hsq-3hs25000320x,status 80,3HS250003201
hsq-3hs25000320x,status 80,3HS250003202
hsq-3hs25000320x,status 80,3HS250003203
hsq-3hs25000320x,status 80,3HS250003204
hsq-3hs25000320x,status 80,3HS250003205
hsq-3hs25000320x,status 80,3HS250003206
hsq-3hs25000320x,status 80,3HS250003207
hsq-3hs25000330x,status 80,3HS250003301
hsq-3hs25000330x,status 80,3HS250003302
hsq-3hs25000330x,status 80,3HS250003303
hsq-3hs25000330x,status 80,3HS250003304
hsq-3hs25000330x,status 80,3HS250003305
hsq-3hs25000330x,status 80,3HS250003306
hsq-3hs25000330x,status 80,3HS250003307
hsq-3hs25000340x,status 80,3HS250003401
hsq-3hs25000340x,status 80,3HS250003402
hsq-3hs25000340x,status 80,3HS250003403
hsq-3hs25000340x,status 80,3HS250003404
hsq-3hs25000340x,status 80,3HS250003405
hsq-3hs25000340x,status 80,3HS250003406
hsq-3hs25000340x,status 80,3HS250003407
hsq-3hs25000920x,status 80,3HS250009206
hsq-3hs25000930x,status 80,3HS250009301
hsq-3hs25000930x,status 80,3HS250009302
hsq-3hs25000930x,status 80,3HS250009303
hsq-3hs25000930x,status 80,3HS250009304
hsq-3hs25000930x,status 80,3HS250009305
hsq-3hs25000930x,status 80,3HS250009306
hsq-3hs25000950x,status 80,3HS250009506
hsq-3hs25000960x,status 80,3HS250009601
hsq-3hs25000960x,status 80,3HS250009602
hsq-3hs25000960x,status 80,3HS250009603
hsq-3hs25000960x,status 80,3HS250009604
hsq-3hs25000960x,status 80,3HS250009605
hsq-3hs25000960x,status 80,3HS250009606
hsq-3hs25000960x,status 80,3HS250009607
hsq-3hs25000960x,status 80,3HS250009608
hsq-3hs25000960x,status 80,3HS250009609
hsq-3hs25000960x,status 80,3HS250009610
hsq-3hs25000960x,status 80,3HS250009611
hsq-3hs25000980x,status 80,3HS250009802
hsq-3hs25000980x,status 80,3HS250009803
hsq-3hs25000980x,status 80,3HS250009804
hsq-3hs25000980x,status 80,3HS250009805
hsq-3hs25000980x,status 80,3HS250009806
hsq-3hs25001080x,status 80,3HS250010802
hsq-3hs25001080x,status 80,3HS250010803
hsq-3hs25001080x,status 80,3HS250010804
hsq-3hs25001080x,status 80,3HS250010805
hsq-3hs25001080x,status 80,3HS250010806
hsq-3hs25001080x,status 80,3HS250010807
hsq-3hs25001090x,status 80,3HS250010902
hsq-3hs25001090x,status 80,3HS250010903
hsq-3hs25001090x,status 80,3HS250010904
hsq-3hs25001090x,status 80,3HS250010905
hsq-3hs25001090x,status 80,3HS250010906
hsq-3hs25001090x,status 80,3HS250010907
hsq-3hs25001110x,status 80,3HS250011102
hsq-3hs25001110x,status 80,3HS250011103
hsq-3hs25001110x,status 80,3HS250011104
hsq-3hs25001110x,status 80,3HS250011105
hsq-3hs25001110x,status 80,3HS250011106
hsq-3hs25001110x,status 80,3HS250011107
hsq-3hs25001120x,status 80,3HS250011202
hsq-3hs25001120x,status 80,3HS250011203
hsq-3hs25001120x,status 80,3HS250011204
hsq-3hs25001120x,status 80,3HS250011205
hsq-3hs25001120x,status 80,3HS250011206
hsq-3hs25001120x,status 80,3HS250011207
hsq-3hs25001140x,status 80,3HS250011402
hsq-3hs25001140x,status 80,3HS250011403
hsq-3hs25001140x,status 80,3HS250011404
hsq-3hs25001140x,status 80,3HS250011405
hsq-3hs25001140x,status 80,3HS250011406
hsq-3hs25001140x,status 80,3HS250011407
hsq-3hs25001970x,status 80,3HS250019702
hsq-3hs25001970x,status 80,3HS250019703
hsq-3hs25001970x,status 80,3HS250019704
hsq-3hs25001970x,status 80,3HS250019705
hsq-3hs25001970x,status 80,3HS250019706
hsq-3hs250020400,status 80,3HS250020400
hsq-3hs25002080x,status 80,3HS250020804
hsq-3hs25002110x,status 80,3HS250021102
hsq-3hs25002110x,status 80,3HS250021104
hsq-3hs25002140x,status 80,3HS250021404
hsq-3rs1970100,status 80,3RS1970100
hsq-3rs1970200,status 80,3RS1970200
hsq-3rs1970300,status 80,3RS1970300
hsq-3rs20002870x,status 80,3RS200028701
hsq-3rs20002870x,status 80,3RS200028702
hsq-3rs20002870x,status 80,3RS200028703
hsq-3rs20002870x,status 80,3RS200028704
hsq-3rs20002870x,status 80,3RS200028705
hsq-3rs20002870x,status 80,3RS200028706
hsq-3rs209610x,status 80,3RS2096101
hsq-3rs209610x,status 80,3RS2096102
hsq-3rs209610x,status 80,3RS2096103
hsq-3rs209610x,status 80,3RS2096104
hsq-3rs209610x,status 80,3RS2096105
hsq-3rs209610x,status 80,3RS2096106
hsq-3rs209620x,status 80,3RS2096201
hsq-3rs209620x,status 80,3RS2096202
hsq-3rs209620x,status 80,3RS2096203
hsq-3rs209620x,status 80,3RS2096204
hsq-3rs209620x,status 80,3RS2096205
hsq-3rs209620x,status 80,3RS2096206
hsq-3rs209630x,status 80,3RS2096301
hsq-3rs209630x,status 80,3RS2096302
hsq-3rs209630x,status 80,3RS2096303
hsq-3rs209630x,status 80,3RS2096304
hsq-3rs209630x,status 80,3RS2096305
hsq-3rs209630x,status 80,3RS2096306
hsq-3rs209640x,status 80,3RS2096401
hsq-3rs209640x,status 80,3RS2096402
hsq-3rs209640x,status 80,3RS2096403
hsq-3rs209640x,status 80,3RS2096404
hsq-3rs209640x,status 80,3RS2096405
hsq-3rs209650x,status 80,3RS2096501
hsq-3rs209650x,status 80,3RS2096502
hsq-3rs209650x,status 80,3RS2096503
hsq-3rs209650x,status 80,3RS2096504
hsq-3rs209650x,status 80,3RS2096505
hsq-3rs209650x,status 80,3RS2096506
hsq-3rs209670x,status 80,3RS2096701
hsq-3rs209670x,status 80,3RS2096702
hsq-3rs209670x,status 80,3RS2096703
hsq-3rs209670x,status 80,3RS2096704
hsq-3rs209670x,status 80,3RS2096705
hsq-3rs209670x,status 80,3RS2096706
hsq-3rs209690x,status 80,3RS2096901
hsq-3rs209690x,status 80,3RS2096902
hsq-3rs209690x,status 80,3RS2096903
hsq-3rs209690x,status 80,3RS2096904
hsq-3rs209690x,status 80,3RS2096905
hsq-3rs230040100,status 80,3RS230040100
hsq-3rs230040200,status 80,3RS230040200
hsq-3rs23004040x,status 80,3RS230040401
hsq-3rs23004040x,status 80,3RS230040402
hsq-3rs23004040x,status 80,3RS230040403
hsq-3rs23004040x,status 80,3RS230040404
hsq-3rs23004040x,status 80,3RS230040405
hsq-3rs23004040x,status 80,3RS230040406
hsq-3rs23004050x,status 80,3RS230040501
hsq-3rs23004050x,status 80,3RS230040502
hsq-3rs23004050x,status 80,3RS230040503
hsq-3rs23004050x,status 80,3RS230040504
hsq-3rs23004050x,status 80,3RS230040505
hsq-3rs23004050x,status 80,3RS230040506
hsq-3rs23004060x,status 80,3RS230040601
hsq-3rs23004060x,status 80,3RS230040602
hsq-3rs23004060x,status 80,3RS230040603
hsq-3rs23004060x,status 80,3RS230040604
hsq-3rs23004060x,status 80,3RS230040605
hsq-3rs23004060x,status 80,3RS230040606
hsq-3rs23004070x,status 80,3RS230040701
hsq-3rs23004070x,status 80,3RS230040702
hsq-3rs23004070x,status 80,3RS230040703
hsq-3rs23004070x,status 80,3RS230040704
hsq-3rs23004070x,status 80,3RS230040705
hsq-3rs23004070x,status 80,3RS230040706
hsq-3rs23004080x,status 80,3RS230040801
hsq-3rs23004080x,status 80,3RS230040802
hsq-3rs23004080x,status 80,3RS230040803
hsq-3rs23004080x,status 80,3RS230040804
hsq-3rs23004080x,status 80,3RS230040805
hsq-3rs23004080x,status 80,3RS230040806
hsq-3rs23004090x,status 80,3RS230040901
hsq-3rs23004090x,status 80,3RS230040902
hsq-3rs23004090x,status 80,3RS230040903
hsq-3rs23004090x,status 80,3RS230040904
hsq-3rs23004090x,status 80,3RS230040905
hsq-3rs23004090x,status 80,3RS230040906
hsq-3rs23004100x,status 80,3RS230041001
hsq-3rs23004100x,status 80,3RS230041002
hsq-3rs23004100x,status 80,3RS230041003
hsq-3rs23004100x,status 80,3RS230041004
hsq-3rs23004100x,status 80,3RS230041005
hsq-3rs23004100x,status 80,3RS230041006
hsq-3rs230044200,status 80,3RS230044200
hsq-3rs240036900,status 80,3RS240036900
hsq-3rs240037100,status 80,3RS240037100
hsq-3rs24003830x,status 80,3RS240038301
hsq-3rs24003830x,status 80,3RS240038302
hsq-3rs24003830x,status 80,3RS240038303
hsq-3rs24003830x,status 80,3RS240038304
hsq-3rs24003830x,status 80,3RS240038305
hsq-3rs24003830x,status 80,3RS240038306
hsq-3rs24003830x,status 80,3RS240038307
hsq-3rs24003840x,status 80,3RS240038401
hsq-3rs24003840x,status 80,3RS240038402
hsq-3rs24003840x,status 80,3RS240038403
hsq-3rs24003840x,status 80,3RS240038404
hsq-3rs24003840x,status 80,3RS240038405
hsq-3rs24003840x,status 80,3RS240038406
hsq-3rs24003840x,status 80,3RS240038407
hsq-3rs24003860x,status 80,3RS240038600
hsq-3rs24003860x,status 80,3RS240038601
hsq-3rs24003860x,status 80,3RS240038602
hsq-3rs24003860x,status 80,3RS240038603
hsq-3rs24003860x,status 80,3RS240038604
hsq-3rs24003860x,status 80,3RS240038605
hsq-3rs24003860x,status 80,3RS240038606
hsq-3rs24003860x,status 80,3RS240038607
hsq-3rs24003870x,status 80,3RS240038700
hsq-3rs24003870x,status 80,3RS240038701
hsq-3rs24003870x,status 80,3RS240038702
hsq-3rs24003870x,status 80,3RS240038703
hsq-3rs24003870x,status 80,3RS240038704
hsq-3rs24003870x,status 80,3RS240038705
hsq-3rs24003870x,status 80,3RS240038706
hsq-3rs24003870x,status 80,3RS240038707
hsq-3rs24003890x,status 80,3RS240038901
hsq-3rs24003890x,status 80,3RS240038902
hsq-3rs24003890x,status 80,3RS240038903
hsq-3rs24003890x,status 80,3RS240038904
hsq-3rs24003890x,status 80,3RS240038905
hsq-3rs24003890x,status 80,3RS240038906
hsq-3rs24003890x,status 80,3RS240038907
hsq-3rs24003900x,status 80,3RS240039001
hsq-3rs24003900x,status 80,3RS240039002
hsq-3rs24003900x,status 80,3RS240039003
hsq-3rs24003900x,status 80,3RS240039004
hsq-3rs24003900x,status 80,3RS240039005
hsq-3rs24003900x,status 80,3RS240039006
hsq-3rs24003900x,status 80,3RS240039007
hsq-3rs24003910x,status 80,3RS240039101
hsq-3rs24003910x,status 80,3RS240039102
hsq-3rs24003910x,status 80,3RS240039103
hsq-3rs24003910x,status 80,3RS240039104
hsq-3rs24003910x,status 80,3RS240039105
hsq-3rs24007280x,status 80,3RS240072801
hsq-3rs24007280x,status 80,3RS240072802
hsq-3rs24007280x,status 80,3RS240072803
hsq-3rs24007280x,status 80,3RS240072804
hsq-3rs24007280x,status 80,3RS240072805
hsq-3rs24007280x,status 80,3RS240072806
hsq-3rs240073100,status 80,3RS240073100
hsq-3wp21007860x,status 80,3WP210078600
hsq-3wp21007860x,status 80,3WP210078601
hsq-3wp21007860x,status 80,3WP210078602
hsq-3wp21007860x,status 80,3WP210078603
hsq-3wp21007860x,status 80,3WP210078604
hsq-3wp21007860x,status 80,3WP210078605
hsq-3wp21007860x,status 80,3WP210078606
hsq-3wp21007860x,status 80,3WP210078607
hsq-3wp21007870x,status 80,3WP210078700
hsq-3wp21007870x,status 80,3WP210078701
hsq-3wp21007870x,status 80,3WP210078702
hsq-3wp21007870x,status 80,3WP210078703
hsq-3wp21007870x,status 80,3WP210078704
hsq-3wp21007870x,status 80,3WP210078705
hsq-3wp21007870x,status 80,3WP210078706
hsq-3wp21007870x,status 80,3WP210078707
hsq-3wp21007880x,status 80,3WP210078800
hsq-3wp21007880x,status 80,3WP210078801
hsq-3wp21007880x,status 80,3WP210078802
hsq-3wp21007880x,status 80,3WP210078803
hsq-3wp21007880x,status 80,3WP210078804
hsq-3wp21007880x,status 80,3WP210078805
hsq-3wp21007880x,status 80,3WP210078806
hsq-3wp21007880x,status 80,3WP210078807
hsq-3wp21007890x,status 80,3WP210078900
hsq-3wp21007890x,status 80,3WP210078901
hsq-3wp21007890x,status 80,3WP210078902
hsq-3wp21007890x,status 80,3WP210078903
hsq-3wp21007890x,status 80,3WP210078904
hsq-3wp21007890x,status 80,3WP210078905
hsq-3wp21007890x,status 80,3WP210078906
hsq-3wp21007890x,status 80,3WP210078907
hsq-3wp21007900x,status 80,3WP210079000
hsq-3wp21007900x,status 80,3WP210079001
hsq-3wp21007900x,status 80,3WP210079002
hsq-3wp21007900x,status 80,3WP210079003
hsq-3wp21007900x,status 80,3WP210079004
hsq-3wp21007900x,status 80,3WP210079005
hsq-3wp21007900x,status 80,3WP210079006
hsq-3wp21007900x,status 80,3WP210079007
hsq-3wp21007910x,status 80,3WP210079100
hsq-3wp21007910x,status 80,3WP210079101
hsq-3wp21007910x,status 80,3WP210079102
hsq-3wp21007910x,status 80,3WP210079103
hsq-3wp21007910x,status 80,3WP210079104
hsq-3wp21007910x,status 80,3WP210079105
hsq-3wp21007910x,status 80,3WP210079106
hsq-3wp21007910x,status 80,3WP210079107
hsq-3wp21007920x,status 80,3WP210079200
hsq-3wp21007920x,status 80,3WP210079201
hsq-3wp21007920x,status 80,3WP210079202
hsq-3wp21007920x,status 80,3WP210079203
hsq-3wp21007920x,status 80,3WP210079204
hsq-3wp21007920x,status 80,3WP210079205
hsq-3wp21007920x,status 80,3WP210079206
hsq-3wp21007920x,status 80,3WP210079207
hsq-3wp21007930x,status 80,3WP210079300
hsq-3wp21007930x,status 80,3WP210079301
hsq-3wp21007930x,status 80,3WP210079302
hsq-3wp21007930x,status 80,3WP210079303
hsq-3wp21007930x,status 80,3WP210079304
hsq-3wp21007930x,status 80,3WP210079305
hsq-3wp21007930x,status 80,3WP210079306
hsq-3wp21007930x,status 80,3WP210079307
hsq-3wp21007950x,status 80,3WP210079500
hsq-3wp21007950x,status 80,3WP210079501
hsq-3wp21007950x,status 80,3WP210079502
hsq-3wp21007950x,status 80,3WP210079503
hsq-3wp21007950x,status 80,3WP210079504
hsq-3wp21007950x,status 80,3WP210079505
hsq-3wp21007950x,status 80,3WP210079506
hsq-3wp21007950x,status 80,3WP210079507
hsq-3wp220067100,status 80,3WP220067100
hsq-3wp240040400,status 80,3WP240040400
hsq-3wp24004110x,status 80,3WP240041105
hsq-3wp24004110x,status 80,3WP240041107
hsq-3wp24004120x,status 80,3WP240041201
hsq-3wp24004120x,status 80,3WP240041202
hsq-3wp24004120x,status 80,3WP240041203
hsq-3wp24004120x,status 80,3WP240041204
hsq-3wp24004120x,status 80,3WP240041205
hsq-3wp24004150x,status 80,3WP240041505
hsq-401svartpilen2018,type uitgesloten (Bikes); geen prijs,F2303R2
hsq-401svartpilen2018,type uitgesloten (Bikes); geen prijs,F2342R2
hsq-401svartpilen2018,type uitgesloten (Bikes); geen prijs,F2375R2
hsq-401svartpilen2020,type uitgesloten (Bikes); geen prijs,F1303T5
hsq-401svartpilen2020,type uitgesloten (Bikes); geen prijs,F1303T5B
hsq-401svartpilen2020,type uitgesloten (Bikes); geen prijs,F1303T6
hsq-401svartpilen2020,type uitgesloten (Bikes); geen prijs,F1303T6L
hsq-401svartpilen2020,type uitgesloten (Bikes); geen prijs,F1340T5
hsq-401svartpilen2020,type uitgesloten (Bikes); geen prijs,F1341T5
hsq-401svartpilen2020,type uitgesloten (Bikes); geen prijs,F1342T5
hsq-401svartpilen2020,type uitgesloten (Bikes); geen prijs,F1360T5
hsq-401svartpilen2020,type uitgesloten (Bikes); geen prijs,F1375T5
hsq-401svartpilen2020,type uitgesloten (Bikes); geen prijs,F1382T5
hsq-401svartpilen2020,type uitgesloten (Bikes); geen prijs,F1383T5
hsq-401svartpilen2020,type uitgesloten (Bikes); geen prijs,F1383T6
hsq-401svartpilen2020,type uitgesloten (Bikes); geen prijs,F1383T6K
hsq-401svartpilen2020,type uitgesloten (Bikes); geen prijs,F1386T5
hsq-401svartpilen2020,type uitgesloten (Bikes); geen prijs,F1388T5
hsq-401svartpilen2020,type uitgesloten (Bikes); geen prijs,F1389T5
hsq-401svartpilen2020,type uitgesloten (Bikes); geen prijs,F1389T6
hsq-401svartpilen2020,type uitgesloten (Bikes); geen prijs,F1389T6K
hsq-401vitpilen2018,type uitgesloten (Bikes); geen prijs,F2303R1
hsq-401vitpilen2018,type uitgesloten (Bikes); geen prijs,F2375R1
hsq-401vitpilen2020,type uitgesloten (Bikes); geen prijs,F1303T1
hsq-401vitpilen2020,type uitgesloten (Bikes); geen prijs,F1303T1B
hsq-401vitpilen2020,type uitgesloten (Bikes); geen prijs,F1303T2
hsq-401vitpilen2020,type uitgesloten (Bikes); geen prijs,F1303T2L
hsq-401vitpilen2020,type uitgesloten (Bikes); geen prijs,F1303T8
hsq-401vitpilen2020,type uitgesloten (Bikes); geen prijs,F1303T9
hsq-401vitpilen2020,type uitgesloten (Bikes); geen prijs,F1341T1
hsq-401vitpilen2020,type uitgesloten (Bikes); geen prijs,F1342T1
hsq-401vitpilen2020,type uitgesloten (Bikes); geen prijs,F1360T1
hsq-401vitpilen2020,type uitgesloten (Bikes); geen prijs,F1375T1
hsq-401vitpilen2020,type uitgesloten (Bikes); geen prijs,F1382T1
hsq-401vitpilen2020,type uitgesloten (Bikes); geen prijs,F1383T1
hsq-401vitpilen2020,type uitgesloten (Bikes); geen prijs,F1383T2
hsq-401vitpilen2020,type uitgesloten (Bikes); geen prijs,F1383T2K
hsq-401vitpilen2020,type uitgesloten (Bikes); geen prijs,F1386T1
hsq-401vitpilen2020,type uitgesloten (Bikes); geen prijs,F1388T1
hsq-401vitpilen2020,type uitgesloten (Bikes); geen prijs,F1389T1
hsq-401vitpilen2020,type uitgesloten (Bikes); geen prijs,F1389T2
hsq-401vitpilen2020,type uitgesloten (Bikes); geen prijs,F1389T2K
hsq-43570397,geen afbeeldingen (geen bestand onder input/ of geen geldige CDN-URL na upload),43570397
hsq-45233057000,geen afbeeldingen (geen bestand onder input/ of geen geldige CDN-URL na upload),45233057000
hsq-45302191100,geen afbeeldingen (geen bestand onder input/ of geen geldige CDN-URL na upload),45302191100
hsq-45402021000,type uitgesloten (Archive); geen verkoopbare variant in productgroep (prijs/type/status),45402021000
hsq-45402021100,geen afbeeldingen (geen bestand onder input/ of geen geldige CDN-URL na upload),45402021100
hsq-4541005104x68,status 80,4541005104568
hsq-4541005104x68,status 80,4541005104668
hsq-4541005104x68,status 80,4541005104768
hsq-46131917000,status 80,46131917000
hsq-46229008000,status 80,46229008000
hsq-46304905000,status 80,46304905000
hsq-46305979100,status 80,46305979100
hsq-47009060200,type uitgesloten (Archive); status 80,47009060200
hsq-47037008000,status 80,47037008000
hsq-47037092000,status 80,47037092000
hsq-47039093000,geen afbeeldingen (geen bestand onder input/ of geen geldige CDN-URL na upload),47039093000
hsq-4710909924430,type uitgesloten (Archive); status 80,4710909924430
hsq-47205979000,type uitgesloten (Archive); status 80,47205979000
hsq-47205979001,status 80,47205979001
hsq-47205979010,status 80,47205979010
hsq-47205979050,type uitgesloten (Archive); status 80,47205979050
hsq-47205979100,status 80,47205979100
hsq-47205979150,status 80,47205979150
hsq-47209960000,status 80,47209960000
hsq-47530038000,status 80,47530038000
hsq-48600044,geen afbeeldingen (geen bestand onder input/ of geen geldige CDN-URL na upload),48600044
hsq-48600494s,status 80,48600494S
hsq-48600496s,status 80,48600496S
hsq-48600498s,status 80,48600498S
hsq-50101033100,type uitgesloten (Archive); geen verkoopbare variant in productgroep (prijs/type/status),50101033100
hsq-50202021000,type uitgesloten (Archive); geen verkoopbare variant in productgroep (prijs/type/status),50202021000
hsq-50302042300,status 80,50302042300
hsq-50302042500,status 80,50302042500
hsq-50303990100,status 80,50303990100
hsq-50305981000,status 80,50305981000
hsq-50305994000,status 80,50305994000
hsq-50305994600,status 80,50305994600
hsq-5030800100068,status 80,5030800100068
hsq-5030800100080,status 80,5030800100080
hsq-50309073000,geen afbeeldingen (geen bestand onder input/ of geen geldige CDN-URL na upload),50309073000
hsq-50313081200,geen afbeeldingen (geen bestand onder input/ of geen geldige CDN-URL na upload),50313081200
hsq-50313082200,status 80,50313082200
hsq-50405994000,status 80,50405994000
hsq-50412945044,status 80,50412945044
hsq-50430007000 i,type uitgesloten (Archive); geen verkoopbare variant in productgroep (prijs/type/status),50430007000 I
hsq-50430905044,status 80,50430905044
hsq-50437006000,type uitgesloten (Archive); geen verkoopbare variant in productgroep (prijs/type/status),50437006000
hsq-50437008000,type uitgesloten (Archive); geen verkoopbare variant in productgroep (prijs/type/status),50437008000
hsq-50505907001,status 80,50505907001
hsq-50505979000,status 80,50505979000
hsq-50505979001,status 80,50505979001
hsq-50505979003,type uitgesloten (Archive); status 80,50505979003
hsq-50505979010,status 80,50505979010
hsq-50505979020,status 80,50505979020
hsq-50505979103,status 80,50505979103
hsq-50530938000,status 80,50530938000
hsq-50532905000,geen afbeeldingen (geen bestand onder input/ of geen geldige CDN-URL na upload),50532905000
hsq-51012091000,type uitgesloten (Archive); geen verkoopbare variant in productgroep (prijs/type/status),51012091000
hsq-51539974100,type uitgesloten (Archive); geen verkoopbare variant in productgroep (prijs/type/status),51539974100
hsq-51605979000,status 80,51605979000
hsq-51630006000,type uitgesloten (Archive); geen verkoopbare variant in productgroep (prijs/type/status),51630006000
hsq-51630038000,type uitgesloten (Archive); geen verkoopbare variant in productgroep (prijs/type/status),51630038000
hsq-51637061044,type uitgesloten (Archive); geen verkoopbare variant in productgroep (prijs/type/status),51637061044
hsq-51639031000,type uitgesloten (Archive); geen verkoopbare variant in productgroep (prijs/type/status),51639031000
hsq-51705907001,status 80,51705907001
hsq-52000024,type uitgesloten (Archive); geen verkoopbare variant in productgroep (prijs/type/status),52000024
hsq-52000090,type uitgesloten (Archive); geen verkoopbare variant in productgroep (prijs/type/status),52000090
hsq-52000091,type uitgesloten (Archive); geen verkoopbare variant in productgroep (prijs/type/status),52000091
hsq-52000185,status 80,52000185
hsq-54305069000,geen prijs,54305069000
hsq-54601084100,type uitgesloten (Archive); geen verkoopbare variant in productgroep (prijs/type/status),54601084100
hsq-54603020000,type uitgesloten (Archive); geen verkoopbare variant in productgroep (prijs/type/status),54603020000
hsq-54603048600,geen afbeeldingen (geen bestand onder input/ of geen geldige CDN-URL na upload),54603048600
hsq-54613218000,geen afbeeldingen (geen bestand onder input/ of geen geldige CDN-URL na upload),54613218000
hsq-54613218100,geen afbeeldingen (geen bestand onder input/ of geen geldige CDN-URL na upload),54613218100
hsq-54629027000,status 80,54629027000
hsq-54802042300,type uitgesloten (Archive); status 80,54802042300
hsq-54803040000,type uitgesloten (Archive); status 80,54803040000
hsq-54803040050,type uitgesloten (Archive); status 80,54803040050
hsq-54803095000,status 80,54803095000
hsq-54803940050,status 80,54803940050
hsq-54809060300,type uitgesloten (Archive); status 80,54809060300
hsq-54809081060,status 80,54809081060
hsq-54810060200,type uitgesloten (Archive); status 80,54810060200
hsq-54813018000,geen afbeeldingen (geen bestand onder input/ of geen geldige CDN-URL na upload),54813018000
hsq-54813082000,geen afbeeldingen (geen bestand onder input/ of geen geldige CDN-URL na upload),54813082000
hsq-54813090100,type uitgesloten (Archive); geen verkoopbare variant in productgroep (prijs/type/status),54813090100
hsq-54813090200,type uitgesloten (Archive); geen verkoopbare variant in productgroep (prijs/type/status),54813090200
hsq-54829035000h1,status 80,54829035000H1
hsq-54832011010,status 80,54832011010
hsq-54832900300,status 80,54832900300
hsq-54832920000,status 80,54832920000
hsq-54835080000,type uitgesloten (Archive); geen verkoopbare variant in productgroep (prijs/type/status),54835080000
hsq-55105981000,status 80,55105981000
hsq-55105981041,status 80,55105981041
hsq-55105981042,status 80,55105981042
hsq-55105994000,type uitgesloten (Archive); status 80,55105994000
hsq-55105994100,status 80,55105994100
hsq-55131003044,status 80,55131003044
hsq-55139904100,status 80,55139904100
hsq-55405979010,status 80,55405979010
hsq-55405994000,status 80,55405994000
hsq-55432900000,status 80,55432900000
hsq-55432961050,status 80,55432961050
hsq-55505979000,status 80,55505979000
hsq-55505979001,status 80,55505979001
hsq-55505979003,type uitgesloten (Archive); geen verkoopbare variant in productgroep (prijs/type/status),55505979003
hsq-55505979050,geen prijs,55505979050
hsq-55605981000,status 80,55605981000
hsq-55705981020,status 80,55705981020
hsq-55705981050,status 80,55705981050
hsq-55730905044,status 80,55730905044
hsq-56410100100,geen afbeeldingen (geen bestand onder input/ of geen geldige CDN-URL na upload),56410100100
hsq-57310001044,type uitgesloten (Archive); geen prijs,57310001044
hsq-582100510xx,type uitgesloten (Archive),58210051042
hsq-582100510xx,type uitgesloten (Archive),58210051045
hsq-582100510xx,type uitgesloten (Archive),58210051048
hsq-582100510xx,type uitgesloten (Archive),58210051050
hsq-582100510xx,type uitgesloten (Archive),58210051052
hsq-58214050052,type uitgesloten (Archive); geen verkoopbare variant in productgroep (prijs/type/status),58214050052
hsq-58309060000,status 80,58309060000
hsq-58310025000,status 80,58310025000
hsq-58310025100,status 80,58310025100
hsq-5831005024491,status 80,5831005024491
hsq-58413030100,status 80,58413030100
hsq-58429042000,status 80,58429042000
hsq-58429074300,status 80,58429074300
hsq-58512050544,status 80,58512050544
hsq-59003090250,type uitgesloten (Archive); geen verkoopbare variant in productgroep (prijs/type/status),59003090250
hsq-59006022000,type uitgesloten (Archive); geen verkoopbare variant in productgroep (prijs/type/status),59006022000
hsq-59013030000,type uitgesloten (Archive); geen verkoopbare variant in productgroep (prijs/type/status),59013030000
hsq-59013030100,type uitgesloten (Archive); geen verkoopbare variant in productgroep (prijs/type/status),59013030100
hsq-59013930000,type uitgesloten (Archive); geen verkoopbare variant in productgroep (prijs/type/status),59013930000
hsq-59029026006,status 80,59029026006
hsq-59029041000,type uitgesloten (Archive); geen verkoopbare variant in productgroep (prijs/type/status),59029041000
hsq-59402042100,status 80,59402042100
hsq-5951203000068,type uitgesloten (Archive); status 80,5951203000068
hsq-5951203020068,type uitgesloten (Archive); status 80,5951203020068
hsq-6000207910030,type uitgesloten (Archive); geen verkoopbare variant in productgroep (prijs/type/status),6000207910030
hsq-60005099010,geen prijs,60005099010
hsq-60012078020,status 80,60012078020
hsq-60029046128,geen prijs,60029046128
hsq-60029075000,geen prijs,60029075000
hsq-60103923150,status 80,60103923150
hsq-60212092060,status 80,60212092060
hsq-6030217900028,type uitgesloten (Archive); status 80,6030217900028
hsq-6030217900030,type uitgesloten (Archive); geen verkoopbare variant in productgroep (prijs/type/status),6030217900030
hsq-6030217910028,status 80,6030217910028
hsq-60309910044,geen prijs,60309910044
hsq-60310072200,geen afbeeldingen (geen bestand onder input/ of geen geldige CDN-URL na upload),60310072200
hsq-60310910044,geen prijs,60310910044
hsq-60412993600,status 80,60412993600
hsq-60412993800,status 80,60412993800
hsq-60412993900,status 80,60412993900
hsq-61013020100,geen afbeeldingen (geen bestand onder input/ of geen geldige CDN-URL na upload),61013020100
hsq-61029955144,status 80,61029955144
hsq-6110909900020,status 80,6110909900020
hsq-61129965040,geen afbeeldingen (geen bestand onder input/ of geen geldige CDN-URL na upload),61129965040
hsq-6130293104401,status 80,6130293104401
hsq-61312922060,geen afbeeldingen (geen bestand onder input/ of geen geldige CDN-URL na upload),61312922060
hsq-61312923060,geen afbeeldingen (geen bestand onder input/ of geen geldige CDN-URL na upload),61312923060
hsq-6141390204401,status 80,6141390204401
hsq-61703902064c1,geen afbeeldingen (geen bestand onder input/ of geen geldige CDN-URL na upload),61703902064C1
hsq-61703902065c1,geen afbeeldingen (geen bestand onder input/ of geen geldige CDN-URL na upload),61703902065C1
hsq-61707940100,geen prijs,61707940100
hsq-61707958100,geen prijs,61707958100
hsq-61708908020,geen prijs,61708908020
hsq-6171295100049,geen prijs,6171295100049
hsq-61712990500,status 80,61712990500
hsq-61712990800,status 80,61712990800
hsq-61712990900,status 80,61712990900
hsq-61712991000,status 80,61712991000
hsq-61712991100,type uitgesloten (Archive); status 80,61712991100
hsq-61712991500,status 80,61712991500
hsq-61712991700,status 80,61712991700
hsq-61712992000,status 80,61712992000
hsq-61712992100,status 80,61712992100
hsq-61712992200,status 80,61712992200
hsq-61712992300,status 80,61712992300
hsq-61712992400,status 80,61712992400
hsq-61712992500,status 80,61712992500
hsq-61712992600,status 80,61712992600
hsq-61712992700,status 80,61712992700
hsq-61712993500,type uitgesloten (Archive); geen verkoopbare variant in productgroep (prijs/type/status),61712993500
hsq-61712994100,type uitgesloten (Archive); status 80,61712994100
hsq-61712994400,status 80,61712994400
hsq-61713932000,geen afbeeldingen (geen bestand onder input/ of geen geldige CDN-URL na upload),61713932000
hsq-61713933000,geen afbeeldingen (geen bestand onder input/ of geen geldige CDN-URL na upload),61713933000
hsq-61713950133,geen prijs,61713950133
hsq-61912033000,geen afbeeldingen (geen bestand onder input/ of geen geldige CDN-URL na upload),61912033000
hsq-61912033060,geen afbeeldingen (geen bestand onder input/ of geen geldige CDN-URL na upload),61912033060
hsq-61912991044,status 80,61912991044
hsq-63009170000c1,geen afbeeldingen (geen bestand onder input/ of geen geldige CDN-URL na upload),63009170000C1
hsq-63010170000c1,geen afbeeldingen (geen bestand onder input/ of geen geldige CDN-URL na upload),63010170000C1
hsq-63505979100,type uitgesloten (Archive); geen verkoopbare variant in productgroep (prijs/type/status),63505979100
hsq-63506915100a,geen afbeeldingen (geen bestand onder input/ of geen geldige CDN-URL na upload),63506915100A
hsq-63507908050,geen afbeeldingen (geen bestand onder input/ of geen geldige CDN-URL na upload),63507908050
hsq-63512931044,type uitgesloten (Archive); geen verkoopbare variant in productgroep (prijs/type/status),63512931044
hsq-63601042000,geen afbeeldingen (geen bestand onder input/ of geen geldige CDN-URL na upload),63601042000
hsq-63710967010,status 80,63710967010
hsq-63710967020,status 80,63710967020
hsq-63710967044,status 80,63710967044
hsq-63710967088,status 80,63710967088
hsq-63711944050,geen afbeeldingen (geen bestand onder input/ of geen geldige CDN-URL na upload),63711944050
hsq-64112921040,geen prijs,64112921040
hsq-6411390500030,type uitgesloten (Archive); geen verkoopbare variant in productgroep (prijs/type/status),6411390500030
hsq-69001181010,geen afbeeldingen (geen bestand onder input/ of geen geldige CDN-URL na upload),69001181010
hsq-69008021040,geen afbeeldingen (geen bestand onder input/ of geen geldige CDN-URL na upload),69008021040
hsq-69010965120,status 80,69010965120
hsq-70010090000,geen afbeeldingen (geen bestand onder input/ of geen geldige CDN-URL na upload),70010090000
hsq-701enduro2016,type uitgesloten (Bikes); geen prijs,F2603P1
hsq-701enduro2016,type uitgesloten (Bikes); geen prijs,F2660P1
hsq-701enduro2016,type uitgesloten (Bikes); geen prijs,F2675P1
hsq-701enduro2017,type uitgesloten (Bikes); geen prijs,F2603Q1
hsq-701enduro2017,type uitgesloten (Bikes); geen prijs,F2675Q1
hsq-701enduro2018,type uitgesloten (Bikes); geen prijs,F2603R1
hsq-701enduro2018,type uitgesloten (Bikes); geen prijs,F2660R1
hsq-701enduro2018,type uitgesloten (Bikes); geen prijs,F2675R1
hsq-701enduro2019,type uitgesloten (Bikes); geen prijs,F2603S1
hsq-701enduro2019,type uitgesloten (Bikes); geen prijs,F2675S1
hsq-701enduro2020,type uitgesloten (Bikes); geen prijs,F2603T1
hsq-701enduro2020,type uitgesloten (Bikes); geen prijs,F2675T1
hsq-701enduro2021,type uitgesloten (Bikes); geen prijs,F2603U1
hsq-701enduro2021,type uitgesloten (Bikes); geen prijs,F2675U1
hsq-701enduro2022,type uitgesloten (Bikes); geen prijs,F2603V1
hsq-701enduro2022,type uitgesloten (Bikes); geen prijs,F2675V1
hsq-701enduro2023,type uitgesloten (Bikes); geen prijs,F2603W1
hsq-701enduro2023,type uitgesloten (Bikes); geen prijs,F2675W1
hsq-701enduro2024,type uitgesloten (Bikes); geen prijs,F2603X1
hsq-701enduro2024,type uitgesloten (Bikes); geen prijs,F2675X1
hsq-701enduro2026,type uitgesloten (Bikes); geen prijs,F2603Z1
hsq-701enduro2026,type uitgesloten (Bikes); geen prijs,F2603Z2
hsq-701enduro2026,type uitgesloten (Bikes); geen prijs,F2675Z1
hsq-701endurolr2020,type uitgesloten (Bikes); geen prijs,F2603T2
hsq-701endurolr2020,type uitgesloten (Bikes); geen prijs,F2675T2
hsq-701supermoto2016,type uitgesloten (Bikes); geen prijs,F2603P3
hsq-701supermoto2016,type uitgesloten (Bikes); geen prijs,F2660P3
hsq-701supermoto2016,type uitgesloten (Bikes); geen prijs,F2675P3
hsq-701supermoto2017,type uitgesloten (Bikes); geen prijs,F2603Q3
hsq-701supermoto2017,type uitgesloten (Bikes); geen prijs,F2675Q3
hsq-701supermoto2018,type uitgesloten (Bikes); geen prijs,F2603R3
hsq-701supermoto2018,type uitgesloten (Bikes); geen prijs,F2660R3
hsq-701supermoto2018,type uitgesloten (Bikes); geen prijs,F2675R3
hsq-701supermoto2019,type uitgesloten (Bikes); geen prijs,F2603S3
hsq-701supermoto2019,type uitgesloten (Bikes); geen prijs,F2675S3
hsq-701supermoto2020,type uitgesloten (Bikes); geen prijs,F2603T3
hsq-701supermoto2020,type uitgesloten (Bikes); geen prijs,F2675T3
hsq-701supermoto2021,type uitgesloten (Bikes); geen prijs,F2603U3
hsq-701supermoto2021,type uitgesloten (Bikes); geen prijs,F2675U3
hsq-701supermoto2022,type uitgesloten (Bikes); geen prijs,F2603V3
hsq-701supermoto2022,type uitgesloten (Bikes); geen prijs,F2675V3
hsq-701supermoto2023,type uitgesloten (Bikes); geen prijs,F2603W3
hsq-701supermoto2023,type uitgesloten (Bikes); geen prijs,F2675W3
hsq-701supermoto2024,type uitgesloten (Bikes); geen prijs,F2603X3
hsq-701supermoto2024,type uitgesloten (Bikes); geen prijs,F2675X3
hsq-701supermoto2026,type uitgesloten (Bikes); geen prijs,F2603Z3
hsq-701supermoto2026,type uitgesloten (Bikes); geen prijs,F2603Z4
hsq-701supermoto2026,type uitgesloten (Bikes); geen prijs,F2675Z3
hsq-701svartpilen2020,type uitgesloten (Bikes); geen prijs,F2603T5
hsq-701svartpilen2020,type uitgesloten (Bikes); geen prijs,F2603T7
hsq-701svartpilen2020,type uitgesloten (Bikes); geen prijs,F2675T5
hsq-701svartpilen2020,type uitgesloten (Bikes); geen prijs,F2675T7
hsq-701vitpilen2018,type uitgesloten (Bikes); geen prijs,F2603R4
hsq-701vitpilen2018,type uitgesloten (Bikes); geen prijs,F2675R4
hsq-701vitpilen2020,type uitgesloten (Bikes); geen prijs,F2603T6
hsq-701vitpilen2020,type uitgesloten (Bikes); geen prijs,F2675T4
hsq-701vitpilen2020,type uitgesloten (Bikes); geen prijs,F2675T6
hsq-7200297910030,status 80,7200297910030
hsq-72002979144,status 80,72002979144
hsq-72010073000,geen afbeeldingen (geen bestand onder input/ of geen geldige CDN-URL na upload),72010073000
hsq-7251397500030,status 80,7251397500030
hsq-75009061000,type uitgesloten (Archive); geen verkoopbare variant in productgroep (prijs/type/status),75009061000
hsq-76009960000,status 80,76009960000
hsq-76039974000,status 80,76039974000
hsq-76105979010,status 80,76105979010
hsq-76105979020,status 80,76105979020
hsq-76105979060,status 80,76105979060
hsq-76105979510,geen afbeeldingen (geen bestand onder input/ of geen geldige CDN-URL na upload),76105979510
hsq-76105999500,geen afbeeldingen (geen bestand onder input/ of geen geldige CDN-URL na upload),76105999500
hsq-76112920070,geen prijs,76112920070
hsq-76112928044,geen prijs,76112928044
hsq-76409071240c1,geen afbeeldingen (geen bestand onder input/ of geen geldige CDN-URL na upload),76409071240C1
hsq-7650297900028,status 80,7650297900028
hsq-7650297900030,status 80,7650297900030
hsq-76502979044,type uitgesloten (Archive); geen verkoopbare variant in productgroep (prijs/type/status),76502979044
hsq-76503028001,geen afbeeldingen (geen bestand onder input/ of geen geldige CDN-URL na upload),76503028001
hsq-76506003200,status 80,76506003200
hsq-76511946000,geen prijs,76511946000
hsq-77003096100,status 80,77003096100
hsq-77013017000,geen afbeeldingen (geen bestand onder input/ of geen geldige CDN-URL na upload),77013017000
hsq-77013018000,geen afbeeldingen (geen bestand onder input/ of geen geldige CDN-URL na upload),77013018000
hsq-77013019000,geen afbeeldingen (geen bestand onder input/ of geen geldige CDN-URL na upload),77013019000
hsq-77013021000,geen afbeeldingen (geen bestand onder input/ of geen geldige CDN-URL na upload),77013021000
hsq-77032011010,status 80,77032011010
hsq-77036030110,status 80,77036030110
hsq-77036035010,status 80,77036035010
hsq-77038015010,status 80,77038015010
hsq-77109072000c1s,geen afbeeldingen (geen bestand onder input/ of geen geldige CDN-URL na upload),77109072000C1S
hsq-77110071193,geen afbeeldingen (geen bestand onder input/ of geen geldige CDN-URL na upload),77110071193
hsq-7711007120530,geen afbeeldingen (geen bestand onder input/ of geen geldige CDN-URL na upload),7711007120530
hsq-77110090050,geen afbeeldingen (geen bestand onder input/ of geen geldige CDN-URL na upload),77110090050
hsq-77203940000,status 80,77203940000
hsq-77203990150,status 80,77203990150
hsq-77204066000h1,type uitgesloten (Archive); geen verkoopbare variant in productgroep (prijs/type/status),77204066000H1
hsq-7720499400030,type uitgesloten (Archive); geen verkoopbare variant in productgroep (prijs/type/status),7720499400030
hsq-77206920100,status 80,77206920100
hsq-77206921000,type uitgesloten (Archive); status 80,77206921000
hsq-77206921100,status 80,77206921100
hsq-7720699800068,status 80,7720699800068
hsq-77206998000h1,status 80,77206998000H1
hsq-77212905344,type uitgesloten (Archive); geen verkoopbare variant in productgroep (prijs/type/status),77212905344
hsq-77212991000,type uitgesloten (Archive); geen verkoopbare variant in productgroep (prijs/type/status),77212991000
hsq-7723000216068,type uitgesloten (Archive); geen verkoopbare variant in productgroep (prijs/type/status),7723000216068
hsq-77232004000,type uitgesloten (Archive); geen verkoopbare variant in productgroep (prijs/type/status),77232004000
hsq-77232104000,geen afbeeldingen (geen bestand onder input/ of geen geldige CDN-URL na upload),77232104000
hsq-77235936000,type uitgesloten (Archive); status 80,77235936000
hsq-77235936100,type uitgesloten (Archive); status 80,77235936100
hsq-77239974150,status 80,77239974150
hsq-77311053200,type uitgesloten (Archive); geen verkoopbare variant in productgroep (prijs/type/status),77311053200
hsq-77311953000,type uitgesloten (Archive); geen verkoopbare variant in productgroep (prijs/type/status),77311953000
hsq-7733503400028,status 80,7733503400028
hsq-77335034000h1,status 80,77335034000H1
hsq-77405907000,status 80,77405907000
hsq-77430925000,status 80,77430925000
hsq-77432900100,type uitgesloten (Archive); status 80,77432900100
hsq-77432900300,status 80,77432900300
hsq-77432910000,status 80,77432910000
hsq-77432950000,geen prijs,77432950000
hsq-77432961050,status 80,77432961050
hsq-77432961350,status 80,77432961350
hsq-77505981000,status 80,77505981000
hsq-7770109400028,type uitgesloten (Archive); geen verkoopbare variant in productgroep (prijs/type/status),7770109400028
hsq-7770207910028,type uitgesloten (Archive); geen verkoopbare variant in productgroep (prijs/type/status),7770207910028
hsq-7770207910030,type uitgesloten (Archive); geen verkoopbare variant in productgroep (prijs/type/status),7770207910030
hsq-7770217900028,type uitgesloten (Archive); geen verkoopbare variant in productgroep (prijs/type/status),7770217900028
hsq-7770297900028,status 80,7770297900028
hsq-7770297910030,status 80,7770297910030
hsq-77704070000m02,geen afbeeldingen (geen bestand onder input/ of geen geldige CDN-URL na upload),77704070000M02
hsq-77705979051,status 80,77705979051
hsq-77705979090,status 80,77705979090
hsq-77705979120,status 80,77705979120
hsq-7771095104268,status 80,7771095104268
hsq-7771095104568,status 80,7771095104568
hsq-777109510xx68,status 80,7771095104768
hsq-777109510xx68,status 80,7771095104868
hsq-777109510xx68,status 80,7771095104968
hsq-777109510xx68,status 80,7771095105068
hsq-777109510xx68,status 80,7771095105268
hsq-77711969044,status 80,77711969044
hsq-7771397501030,type uitgesloten (Archive); status 80,7771397501030
hsq-77713975020,type uitgesloten (Archive); geen verkoopbare variant in productgroep (prijs/type/status),77713975020
hsq-77713975044,status 80,77713975044
hsq-7771397511030,type uitgesloten (Archive); status 80,7771397511030
hsq-77732010110,type uitgesloten (Archive); geen verkoopbare variant in productgroep (prijs/type/status),77732010110
hsq-77734931044,type uitgesloten (Archive); geen verkoopbare variant in productgroep (prijs/type/status),77734931044
hsq-77805907100,status 80,77805907100
hsq-78001094100xx,type uitgesloten (Archive),7800109410020
hsq-78001094100xx,type uitgesloten (Archive),7800109410030
hsq-7800200500030,type uitgesloten (Archive); status 80,7800200500030
hsq-7800207910028,type uitgesloten (Archive); status 80,7800207910028
hsq-7800293120068,status 80,7800293120068
hsq-78003940010,type uitgesloten (Archive); status 80,78003940010
hsq-78003940030,status 80,78003940030
hsq-78003940144,type uitgesloten (Archive); status 80,78003940144
hsq-78003940244,status 80,78003940244
hsq-7800407010068,status 80,7800407010068
hsq-78010010144,type uitgesloten (Archive); geen verkoopbare variant in productgroep (prijs/type/status),78010010144
hsq-78010010244,type uitgesloten (Archive); geen verkoopbare variant in productgroep (prijs/type/status),78010010244
hsq-78010070000c1,geen afbeeldingen (geen bestand onder input/ of geen geldige CDN-URL na upload),78010070000C1
hsq-78010167118,type uitgesloten (Archive); geen verkoopbare variant in productgroep (prijs/type/status),78010167118
hsq-78010960000,type uitgesloten (Archive); geen verkoopbare variant in productgroep (prijs/type/status),78010960000
hsq-78012016000,type uitgesloten (Archive); status 80,78012016000
hsq-78012916000,type uitgesloten (Archive); geen verkoopbare variant in productgroep (prijs/type/status),78012916000
hsq-78012917000,type uitgesloten (Archive); status 80,78012917000
hsq-78013900100,type uitgesloten (Archive); geen verkoopbare variant in productgroep (prijs/type/status),78013900100
hsq-7801390200068,status 80,7801390200068
hsq-78014903200,status 80,78014903200
hsq-78014996000,status 80,78014996000
hsq-78014997000,status 80,78014997000
hsq-7802906200030,type uitgesloten (Archive); geen verkoopbare variant in productgroep (prijs/type/status),7802906200030
hsq-7802906400068,status 80,7802906400068
hsq-78032011110,status 80,78032011110
hsq-78032111010,status 80,78032111010
hsq-78101900000,type uitgesloten (Archive); geen verkoopbare variant in productgroep (prijs/type/status),78101900000
hsq-7810297915028,status 80,7810297915028
hsq-7810297915030,status 80,7810297915030
hsq-78102994000,type uitgesloten (Archive); status 80,78102994000
hsq-78102994100,status 80,78102994100
hsq-7810497000068,status 80,7810497000068
hsq-78104974000,type uitgesloten (Archive); geen verkoopbare variant in productgroep (prijs/type/status),78104974000
hsq-78104974100,type uitgesloten (Archive); geen verkoopbare variant in productgroep (prijs/type/status),78104974100
hsq-78105909000,status 80,78105909000
hsq-78105981000,type uitgesloten (Archive); geen verkoopbare variant in productgroep (prijs/type/status),78105981000
hsq-78107990000,type uitgesloten (Archive); geen verkoopbare variant in productgroep (prijs/type/status),78107990000
hsq-78108916100,type uitgesloten (Archive); status 80,78108916100
hsq-78108916200,status 80,78108916200
hsq-78108999020,status 80,78108999020
hsq-78109960000,status 80,78109960000
hsq-78110960000,status 80,78110960000
hsq-78112916000,status 80,78112916000
hsq-78112978050,type uitgesloten (Archive); status 80,78112978050
hsq-78112978150,status 80,78112978150
hsq-78113900000,type uitgesloten (Archive); geen verkoopbare variant in productgroep (prijs/type/status),78113900000
hsq-78114040000,geen afbeeldingen (geen bestand onder input/ of geen geldige CDN-URL na upload),78114040000
hsq-78132018000,type uitgesloten (Archive); geen verkoopbare variant in productgroep (prijs/type/status),78132018000
hsq-78132900200,type uitgesloten (Archive); status 80,78132900200
hsq-78132900300,status 80,78132900300
hsq-78132902000,status 80,78132902000
hsq-78132961050,status 80,78132961050
hsq-78135936000,type uitgesloten (Archive); status 80,78135936000
hsq-78135936100,status 80,78135936100
hsq-78705981000,status 80,78705981000
hsq-78705981020,status 80,78705981020
hsq-78705981090,status 80,78705981090
hsq-78712917000,status 80,78712917000
hsq-78901939044,type uitgesloten (Archive); status 80,78901939044
hsq-78901939144,type uitgesloten (Archive); status 80,78901939144
hsq-78901939244,type uitgesloten (Archive); status 80,78901939244
hsq-78901939344,type uitgesloten (Archive); geen verkoopbare variant in productgroep (prijs/type/status),78901939344
hsq-78901939444,type uitgesloten (Archive); geen verkoopbare variant in productgroep (prijs/type/status),78901939444
hsq-78905907100,status 80,78905907100
hsq-78905979010,status 80,78905979010
hsq-78905979050,status 80,78905979050
hsq-78905979100,status 80,78905979100
hsq-78905979200,status 80,78905979200
hsq-78913914000,type uitgesloten (Archive); geen verkoopbare variant in productgroep (prijs/type/status),78913914000
hsq-78929955100,geen prijs,78929955100
hsq-78936030010,type uitgesloten (Archive); geen verkoopbare variant in productgroep (prijs/type/status),78936030010
hsq-79001939031,type uitgesloten (Archive); status 80,79001939031
hsq-79001939041,type uitgesloten (Archive); status 80,79001939041
hsq-79001940044,type uitgesloten (Archive); geen verkoopbare variant in productgroep (prijs/type/status),79001940044
hsq-79002013000,type uitgesloten (Archive); geen prijs,79002013000
hsq-79002021200,geen afbeeldingen (geen bestand onder input/ of geen geldige CDN-URL na upload),79002021200
hsq-79002039020,status 80,79002039020
hsq-79002121100,type uitgesloten (Archive); geen verkoopbare variant in productgroep (prijs/type/status),79002121100
hsq-79003053000h1,status 80,79003053000H1
hsq-79003940044,status 80,79003940044
hsq-79003944044,status 80,79003944044
hsq-79003990020,status 80,79003990020
hsq-79003990060,status 80,79003990060
hsq-79003990090,status 80,79003990090
hsq-79005901044,status 80,79005901044
hsq-79005907000,status 80,79005907000
hsq-79005907500,status 80,79005907500
hsq-79005979100,status 80,79005979100
hsq-79005989000,status 80,79005989000
hsq-79005989020,status 80,79005989020
hsq-79005989030,status 80,79005989030
hsq-79005989050,status 80,79005989050
hsq-7900990114430,type uitgesloten (Archive); status 80,7900990114430
hsq-79009961050,status 80,79009961050
hsq-7900998106068,type uitgesloten (Archive); status 80,7900998106068
hsq-79009981060c1,type uitgesloten (Archive); geen verkoopbare variant in productgroep (prijs/type/status),79009981060C1
hsq-7900998116068,status 80,7900998116068
hsq-7901090114430,status 80,7901090114430
hsq-7901090214430,status 80,7901090214430
hsq-79012030100c1,status 80,79012030100C1
hsq-79012950100,type uitgesloten (Archive); status 80,79012950100
hsq-79012950200,status 80,79012950200
hsq-7903513400028,status 80,7903513400028
hsq-79039074000,type uitgesloten (Archive); geen verkoopbare variant in productgroep (prijs/type/status),79039074000
hsq-79039974044,type uitgesloten (Archive); geen verkoopbare variant in productgroep (prijs/type/status),79039974044
hsq-79105900020,status 80,79105900020
hsq-79105901020,status 80,79105901020
hsq-79105905000,status 80,79105905000
hsq-79105907000,status 80,79105907000
hsq-79105907501,status 80,79105907501
hsq-79105979002,status 80,79105979002
hsq-79105979003,status 80,79105979003
hsq-79105987000,status 80,79105987000
hsq-79105989000,status 80,79105989000
hsq-79107013100m99,geen prijs,79107013100M99
hsq-79107040010,geen afbeeldingen (geen bestand onder input/ of geen geldige CDN-URL na upload),79107040010
hsq-7910907000030,geen afbeeldingen (geen bestand onder input/ of geen geldige CDN-URL na upload),7910907000030
hsq-7910907200068,type uitgesloten (Archive); geen verkoopbare variant in productgroep (prijs/type/status),7910907200068
hsq-7911007000030,geen afbeeldingen (geen bestand onder input/ of geen geldige CDN-URL na upload),7911007000030
hsq-79111053000,type uitgesloten (Archive); geen verkoopbare variant in productgroep (prijs/type/status),79111053000
hsq-79113975033faa,geen afbeeldingen (geen bestand onder input/ of geen geldige CDN-URL na upload),79113975033FAA
hsq-79114086000,type uitgesloten (Archive); geen verkoopbare variant in productgroep (prijs/type/status),79114086000
hsq-79114086100,geen afbeeldingen (geen bestand onder input/ of geen geldige CDN-URL na upload),79114086100
hsq-79129941000,type uitgesloten (Archive); geen verkoopbare variant in productgroep (prijs/type/status),79129941000
hsq-79129955020c1,status 80,79129955020C1
hsq-79129955030bj,status 80,79129955030BJ
hsq-7912995504001,status 80,7912995504001
hsq-7913503400028,type uitgesloten (Archive); geen verkoopbare variant in productgroep (prijs/type/status),7913503400028
hsq-7913503410030,status 80,7913503410030
hsq-7913503510030,status 80,7913503510030
hsq-79135910044,status 80,79135910044
hsq-79139940000,status 80,79139940000
hsq-79205900144,type uitgesloten (Archive); status 80,79205900144
hsq-79205901044,status 80,79205901044
hsq-79205905000,status 80,79205905000
hsq-79205907000,status 80,79205907000
hsq-79205989000,status 80,79205989000
hsq-79205989030,status 80,79205989030
hsq-79212945044,status 80,79212945044
hsq-79232900000,status 80,79232900000
hsq-79232903000,status 80,79232903000
hsq-79232910000,type uitgesloten (Archive); geen verkoopbare variant in productgroep (prijs/type/status),79232910000
hsq-79232961000,status 80,79232961000
hsq-79305907500,status 80,79305907500
hsq-79305907501,status 80,79305907501
hsq-79405901044,status 80,79405901044
hsq-79405907000,status 80,79405907000
hsq-79405979100,status 80,79405979100
hsq-79405989000,status 80,79405989000
hsq-79412966000,type uitgesloten (Archive); geen verkoopbare variant in productgroep (prijs/type/status),79412966000
hsq-79419910000,type uitgesloten (Archive); geen verkoopbare variant in productgroep (prijs/type/status),79419910000
hsq-79430107010 i,type uitgesloten (Archive); geen verkoopbare variant in productgroep (prijs/type/status),79430107010 I
hsq-79432900000,type uitgesloten (Archive); status 80,79432900000
hsq-79432900100,status 80,79432900100
hsq-79432961100,status 80,79432961100
hsq-79505900020,status 80,79505900020
hsq-79505905000,status 80,79505905000
hsq-79505907500,status 80,79505907500
hsq-79505979002,status 80,79505979002
hsq-79505979003,status 80,79505979003
hsq-79505979020,status 80,79505979020
hsq-79505979523,status 80,79505979523
hsq-79505987000,status 80,79505987000
hsq-79532900044,status 80,79532900044
hsq-79535910044,status 80,79535910044
hsq-79605901044,status 80,79605901044
hsq-79605981010,status 80,79605981010
hsq-79609917000c1,type uitgesloten (Archive); geen verkoopbare variant in productgroep (prijs/type/status),79609917000C1
hsq-79610915100c1,status 80,79610915100C1
hsq-79613975033faa,geen afbeeldingen (geen bestand onder input/ of geen geldige CDN-URL na upload),79613975033FAA
hsq-79614901100,geen afbeeldingen (geen bestand onder input/ of geen geldige CDN-URL na upload),79614901100
hsq-79701999021c1a,status 80,79701999021C1A
hsq-79703940044,status 80,79703940044
hsq-79707088100,type uitgesloten (Archive); geen verkoopbare variant in productgroep (prijs/type/status),79707088100
hsq-801svartpilen2024,type uitgesloten (Bikes); geen prijs,2787X2_FTI
hsq-801svartpilen2024,type uitgesloten (Bikes); geen prijs,2787X2_KAMMI
hsq-801svartpilen2024,type uitgesloten (Bikes); geen prijs,2788X2_FTI
hsq-801svartpilen2024,type uitgesloten (Bikes); geen prijs,2788X2_KAMMI
hsq-801svartpilen2024,type uitgesloten (Bikes); geen prijs,F2703X2
hsq-801svartpilen2024,type uitgesloten (Bikes); geen prijs,F2775X2
hsq-801svartpilen2024,type uitgesloten (Bikes); geen prijs,F2787X2
hsq-801svartpilen2024,type uitgesloten (Bikes); geen prijs,F2788X2
hsq-80301995000,status 80,80301995000
hsq-80301996000,status 80,80301996000
hsq-80303990000,status 80,80303990000
hsq-80303990500,status 80,80303990500
hsq-80303991100,status 80,80303991100
hsq-80303991500,status 80,80303991500
hsq-80303992500,status 80,80303992500
hsq-80303993500,status 80,80303993500
hsq-80305907000,status 80,80305907000
hsq-80305907500,status 80,80305907500
hsq-80305979000,status 80,80305979000
hsq-80305979010,status 80,80305979010
hsq-80305979500,status 80,80305979500
hsq-80305981000,status 80,80305981000
hsq-80305981500,status 80,80305981500
hsq-80307908044,type uitgesloten (Archive); status 80,80307908044
hsq-80307908144,status 80,80307908144
hsq-80307940000,type uitgesloten (Archive); status 80,80307940000
hsq-80307940100,type uitgesloten (Archive); status 80,80307940100
hsq-80307940200,type uitgesloten (Archive); status 80,80307940200
hsq-80307940300,status 80,80307940300
hsq-80307940400,status 80,80307940400
hsq-80307940450,status 80,80307940450
hsq-80307940500,status 80,80307940500
hsq-80307940600,status 80,80307940600
hsq-80307940650,status 80,80307940650
hsq-8030898800028,status 80,8030898800028
hsq-8030898800030,status 80,8030898800030
hsq-8030898800038,status 80,8030898800038
hsq-8030898800067,status 80,8030898800067
hsq-8030898800080,status 80,8030898800080
hsq-80308990000,status 80,80308990000
hsq-80313951100,status 80,80313951100
hsq-80313975044,type uitgesloten (Archive); geen verkoopbare variant in productgroep (prijs/type/status),80313975044
hsq-80313975144,type uitgesloten (Archive); geen verkoopbare variant in productgroep (prijs/type/status),80313975144
hsq-80332975044,status 80,80332975044
hsq-80335936144,type uitgesloten (Archive); status 80,80335936144
hsq-80335936244,status 80,80335936244
hsq-81201937000,status 80,81201937000
hsq-81202021000,type uitgesloten (Archive); status 80,81202021000
hsq-81202033000,status 80,81202033000
hsq-81203090000,status 80,81203090000
hsq-81203094000,status 80,81203094000
hsq-81203945000,status 80,81203945000
hsq-81203946000,status 80,81203946000
hsq-81203996044,status 80,81203996044
hsq-81205907000,status 80,81205907000
hsq-81206005000,status 80,81206005000
hsq-81207908044,status 80,81207908044
hsq-81207940000,status 80,81207940000
hsq-81207941000,status 80,81207941000
hsq-81207941100,status 80,81207941100
hsq-8120800100020,type uitgesloten (Archive); geen prijs,8120800100020
hsq-8120800100028,status 80,8120800100028
hsq-8120800100030,status 80,8120800100030
hsq-8120800110030,status 80,8120800110030
hsq-8120801310030,status 80,8120801310030
hsq-81208053110,status 80,81208053110
hsq-81208053210,status 80,81208053210
hsq-8120805400030,status 80,8120805400030
hsq-8120808800020,status 80,8120808800020
hsq-8120808800030,status 80,8120808800030
hsq-8120808800080,status 80,8120808800080
hsq-81208199100,status 80,81208199100
hsq-81208199200,status 80,81208199200
hsq-81208199500,status 80,81208199500
hsq-81208199600,status 80,81208199600
hsq-81209099000,status 80,81209099000
hsq-8121006100068,status 80,8121006100068
hsq-81210072000,type uitgesloten (Archive); geen verkoopbare variant in productgroep (prijs/type/status),81210072000
hsq-81210072100,type uitgesloten (Archive); geen verkoopbare variant in productgroep (prijs/type/status),81210072100
hsq-8121020104430,type uitgesloten (Archive); geen verkoopbare variant in productgroep (prijs/type/status),8121020104430
hsq-8121027000030,type uitgesloten (Archive); geen verkoopbare variant in productgroep (prijs/type/status),8121027000030
hsq-81212005000,status 80,81212005000
hsq-81212016000,type uitgesloten (Archive); geen verkoopbare variant in productgroep (prijs/type/status),81212016000
hsq-81212073000,status 80,81212073000
hsq-81212950100,status 80,81212950100
hsq-81213903000,status 80,81213903000
hsq-81214050050,type uitgesloten (Archive); geen verkoopbare variant in productgroep (prijs/type/status),81214050050
hsq-8121490100030,status 80,8121490100030
hsq-81229063000,status 80,81229063000
hsq-81229094000,status 80,81229094000
hsq-81229955000,status 80,81229955000
hsq-81232063000,type uitgesloten (Archive); geen verkoopbare variant in productgroep (prijs/type/status),81232063000
hsq-81232900000,status 80,81232900000
hsq-81232975000,status 80,81232975000
hsq-81232975044,status 80,81232975044
hsq-81232975100,status 80,81232975100
hsq-81232975144,status 80,81232975144
hsq-81235941044,type uitgesloten (Archive); geen verkoopbare variant in productgroep (prijs/type/status),81235941044
hsq-81237905000,status 80,81237905000
hsq-81301900000,type uitgesloten (Archive); geen verkoopbare variant in productgroep (prijs/type/status),81301900000
hsq-8130199400049,type uitgesloten (Archive); geen verkoopbare variant in productgroep (prijs/type/status),8130199400049
hsq-81301995000,status 80,81301995000
hsq-81301996000,type uitgesloten (Archive); geen verkoopbare variant in productgroep (prijs/type/status),81301996000
hsq-8130199902268,type uitgesloten (Archive); geen verkoopbare variant in productgroep (prijs/type/status),8130199902268
hsq-81302033000,type uitgesloten (Archive); geen verkoopbare variant in productgroep (prijs/type/status),81302033000
hsq-8130290100068,type uitgesloten (Archive); geen verkoopbare variant in productgroep (prijs/type/status),8130290100068
hsq-81302922000,status 80,81302922000
hsq-81302925000,status 80,81302925000
hsq-81302925500,status 80,81302925500
hsq-8130293104468,status 80,8130293104468
hsq-81302965000,status 80,81302965000
hsq-81302990000,status 80,81302990000
hsq-81303990000,status 80,81303990000
hsq-81303990500,status 80,81303990500
hsq-81303991000,status 80,81303991000
hsq-81303991500,status 80,81303991500
hsq-81303992500,status 80,81303992500
hsq-81303993500,status 80,81303993500
hsq-81303994000,status 80,81303994000
hsq-81303999000,type uitgesloten (Archive); status 80,81303999000
hsq-81303999100,status 80,81303999100
hsq-81304905000,status 80,81304905000
hsq-8130499004468,status 80,8130499004468
hsq-81305981000,type uitgesloten (Archive); status 80,81305981000
hsq-81305981100,status 80,81305981100
hsq-81305981150,status 80,81305981150
hsq-8130600300028,status 80,8130600300028
hsq-8130600300030,status 80,8130600300030
hsq-8130600300068,status 80,8130600300068
hsq-8130600400028,status 80,8130600400028
hsq-8130600400030,status 80,8130600400030
hsq-8130600400068,status 80,8130600400068
hsq-81307940000,status 80,81307940000
hsq-81307940100,status 80,81307940100
hsq-81307940500,type uitgesloten (Archive); status 80,81307940500
hsq-81307940600,type uitgesloten (Archive); status 80,81307940600
hsq-8130800704430,status 80,8130800704430
hsq-81308007044h1,status 80,81308007044H1
hsq-8130801010028,status 80,8130801010028
hsq-8130801010030,status 80,8130801010030
hsq-8130801010068,status 80,8130801010068
hsq-81308010100h1,status 80,81308010100H1
hsq-8130801300028,status 80,8130801300028
hsq-8130801300030,status 80,8130801300030
hsq-8130801310030,status 80,8130801310030
hsq-81308053010,status 80,81308053010
hsq-81308053210,status 80,81308053210
hsq-81308053310,status 80,81308053310
hsq-8130805400028,status 80,8130805400028
hsq-8130805400030,status 80,8130805400030
hsq-8130805400068,status 80,8130805400068
hsq-81308054000h1,status 80,81308054000H1
hsq-8130811000030,status 80,8130811000030
hsq-81308110000h1,status 80,81308110000H1
hsq-81308501044h1,status 80,81308501044H1
hsq-8130898800028,status 80,8130898800028
hsq-8130898800030,status 80,8130898800030
hsq-8130898800080,status 80,8130898800080
hsq-8130898850028,status 80,8130898850028
hsq-8130898850030,status 80,8130898850030
hsq-8130898850038,status 80,8130898850038
hsq-8130898850067,status 80,8130898850067
hsq-8130898850080,status 80,8130898850080
hsq-81308990000,status 80,81308990000
hsq-81308990100,status 80,81308990100
hsq-81308999000,status 80,81308999000
hsq-8130996100030,type uitgesloten (Archive); status 80,8130996100030
hsq-81309961010,status 80,81309961010
hsq-8130996110030,status 80,8130996110030
hsq-81309999000,type uitgesloten (Archive); status 80,81309999000
hsq-8131096100068,type uitgesloten (Archive); geen verkoopbare variant in productgroep (prijs/type/status),8131096100068
hsq-81312905000,type uitgesloten (Archive); status 80,81312905000
hsq-81312906000,type uitgesloten (Archive); status 80,81312906000
hsq-81312906100,status 80,81312906100
hsq-81312907000,type uitgesloten (Archive); geen verkoopbare variant in productgroep (prijs/type/status),81312907000
hsq-81312920000,type uitgesloten (Archive); geen verkoopbare variant in productgroep (prijs/type/status),81312920000
hsq-81312973000,type uitgesloten (Archive); geen verkoopbare variant in productgroep (prijs/type/status),81312973000
hsq-81312973001,status 80,81312973001
hsq-8131390204468,status 80,8131390204468
hsq-8131396100068,type uitgesloten (Archive); geen verkoopbare variant in productgroep (prijs/type/status),8131396100068
hsq-81313975044,type uitgesloten (Archive); geen verkoopbare variant in productgroep (prijs/type/status),81313975044
hsq-8131397513068,status 80,8131397513068
hsq-81313975144,type uitgesloten (Archive); geen verkoopbare variant in productgroep (prijs/type/status),81313975144
hsq-8131397523068,status 80,8131397523068
hsq-8131490100028,status 80,8131490100028
hsq-81319910000,type uitgesloten (Archive); geen verkoopbare variant in productgroep (prijs/type/status),81319910000
hsq-81329155000,status 80,81329155000
hsq-81329930000,type uitgesloten (Archive); status 80,81329930000
hsq-81329930100,status 80,81329930100
hsq-81329955000,type uitgesloten (Archive); geen verkoopbare variant in productgroep (prijs/type/status),81329955000
hsq-81329994000,status 80,81329994000
hsq-81329994000h1,status 80,81329994000H1
hsq-81330920000,type uitgesloten (Archive); geen verkoopbare variant in productgroep (prijs/type/status),81330920000
hsq-8133092600068,status 80,8133092600068
hsq-8133092650068,status 80,8133092650068
hsq-81332975000,status 80,81332975000
hsq-81332975044,status 80,81332975044
hsq-81332976000,status 80,81332976000
hsq-81332976044,geen prijs,81332976044
hsq-81332976544,status 80,81332976544
hsq-81332977000,status 80,81332977000
hsq-81332977044,status 80,81332977044
hsq-81332977544,status 80,81332977544
hsq-81335936044,status 80,81335936044
hsq-81335941044,type uitgesloten (Archive); status 80,81335941044
hsq-81335941144,type uitgesloten (Archive); status 80,81335941144
hsq-81335941244,status 80,81335941244
hsq-81337905000,type uitgesloten (Archive); geen verkoopbare variant in productgroep (prijs/type/status),81337905000
hsq-81338904500,status 80,81338904500
hsq-81338941000,status 80,81338941000
hsq-81338941500,type uitgesloten (Archive); geen verkoopbare variant in productgroep (prijs/type/status),81338941500
hsq-81338942000,status 80,81338942000
hsq-81338943000,status 80,81338943000
hsq-81705907000,status 80,81705907000
hsq-90135001001,geen afbeeldingen (geen bestand onder input/ of geen geldige CDN-URL na upload),90135001001
hsq-90235001001,geen afbeeldingen (geen bestand onder input/ of geen geldige CDN-URL na upload),90235001001
hsq-91410051s,status 80,91410051S
hsq-91410053s,status 80,91410053S
hsq-914101xx,geen prijs,91410113
hsq-914101xx,geen prijs,91410115
hsq-914101xx,geen prijs,91410116
hsq-9301395004430,type uitgesloten (Archive); geen verkoopbare variant in productgroep (prijs/type/status),9301395004430
hsq-94507947010,geen prijs,94507947010
hsq-95812964100,geen afbeeldingen (geen bestand onder input/ of geen geldige CDN-URL na upload),95812964100
hsq-96002909000,geen afbeeldingen (geen bestand onder input/ of geen geldige CDN-URL na upload),96002909000
hsq-96005979050,geen afbeeldingen (geen bestand onder input/ of geen geldige CDN-URL na upload),96005979050
hsq-96005979060,geen afbeeldingen (geen bestand onder input/ of geen geldige CDN-URL na upload),96005979060
hsq-96005979520,geen afbeeldingen (geen bestand onder input/ of geen geldige CDN-URL na upload),96005979520
hsq-96005979520c1,geen afbeeldingen (geen bestand onder input/ of geen geldige CDN-URL na upload),96005979520C1
hsq-96005979580,geen afbeeldingen (geen bestand onder input/ of geen geldige CDN-URL na upload),96005979580
hsq-96005979580c1,geen afbeeldingen (geen bestand onder input/ of geen geldige CDN-URL na upload),96005979580C1
hsq-96302112000,geen afbeeldingen (geen bestand onder input/ of geen geldige CDN-URL na upload),96302112000
hsq-96302139000,geen afbeeldingen (geen bestand onder input/ of geen geldige CDN-URL na upload),96302139000
hsq-96305099700,geen afbeeldingen (geen bestand onder input/ of geen geldige CDN-URL na upload),96305099700
hsq-96311986000,geen afbeeldingen (geen bestand onder input/ of geen geldige CDN-URL na upload),96311986000
hsq-a32030926000,status 80,A32030926000
hsq-a36005901010,geen afbeeldingen (geen bestand onder input/ of geen geldige CDN-URL na upload),A36005901010
hsq-a36005901050,geen afbeeldingen (geen bestand onder input/ of geen geldige CDN-URL na upload),A36005901050
hsq-a36005908000,geen afbeeldingen (geen bestand onder input/ of geen geldige CDN-URL na upload),A36005908000
hsq-a36005987000,geen afbeeldingen (geen bestand onder input/ of geen geldige CDN-URL na upload),A36005987000
hsq-a36006903000c1,status 80,A36006903000C1
hsq-a36007940300,status 80,A36007940300
hsq-a36007940500,status 80,A36007940500
hsq-a36008990000,status 80,A36008990000
hsq-a37008990000,status 80,A37008990000
hsq-a38005901020,status 80,A38005901020
hsq-a38005901030,geen afbeeldingen (geen bestand onder input/ of geen geldige CDN-URL na upload),A38005901030
hsq-a38005908000,geen afbeeldingen (geen bestand onder input/ of geen geldige CDN-URL na upload),A38005908000
hsq-a38005987000,geen afbeeldingen (geen bestand onder input/ of geen geldige CDN-URL na upload),A38005987000
hsq-a39004970010,geen afbeeldingen (geen bestand onder input/ of geen geldige CDN-URL na upload),A39004970010
hsq-a41530906000,geen afbeeldingen (geen bestand onder input/ of geen geldige CDN-URL na upload),A41530906000
hsq-a41530960000,geen afbeeldingen (geen bestand onder input/ of geen geldige CDN-URL na upload),A41530960000
hsq-a42005979020,status 80,A42005979020
hsq-a42005979583,geen afbeeldingen (geen bestand onder input/ of geen geldige CDN-URL na upload),A42005979583
hsq-a42030097000,geen afbeeldingen (geen bestand onder input/ of geen geldige CDN-URL na upload),A42030097000
hsq-a42030960000,geen afbeeldingen (geen bestand onder input/ of geen geldige CDN-URL na upload),A42030960000
hsq-a42037006000,geen afbeeldingen (geen bestand onder input/ of geen geldige CDN-URL na upload),A42037006000
hsq-a42037920000,geen afbeeldingen (geen bestand onder input/ of geen geldige CDN-URL na upload),A42037920000
hsq-a43030105033,geen afbeeldingen (geen bestand onder input/ of geen geldige CDN-URL na upload),A43030105033
hsq-a43030160000,geen afbeeldingen (geen bestand onder input/ of geen geldige CDN-URL na upload),A43030160000
hsq-a44003994000ha,status 80,A44003994000HA
hsq-a44003996000,geen afbeeldingen (geen bestand onder input/ of geen geldige CDN-URL na upload),A44003996000
hsq-a44005979020,status 80,A44005979020
hsq-a44005979583,geen afbeeldingen (geen bestand onder input/ of geen geldige CDN-URL na upload),A44005979583
hsq-a45005979010,geen afbeeldingen (geen bestand onder input/ of geen geldige CDN-URL na upload),A45005979010
hsq-a45005979020,geen afbeeldingen (geen bestand onder input/ of geen geldige CDN-URL na upload),A45005979020
hsq-a46003090030,geen afbeeldingen (geen bestand onder input/ of geen geldige CDN-URL na upload),A46003090030
hsq-a46003923044,geen afbeeldingen (geen bestand onder input/ of geen geldige CDN-URL na upload),A46003923044
hsq-a46003996000,geen afbeeldingen (geen bestand onder input/ of geen geldige CDN-URL na upload),A46003996000
hsq-a46005901000,status 80,A46005901000
hsq-a46005905000,geen afbeeldingen (geen bestand onder input/ of geen geldige CDN-URL na upload),A46005905000
hsq-a46005907000,geen afbeeldingen (geen bestand onder input/ of geen geldige CDN-URL na upload),A46005907000
hsq-a46005979020,status 80,A46005979020
hsq-a46005979050,geen afbeeldingen (geen bestand onder input/ of geen geldige CDN-URL na upload),A46005979050
hsq-a46005979523,status 80,A46005979523
hsq-a46005979533,geen afbeeldingen (geen bestand onder input/ of geen geldige CDN-URL na upload),A46005979533
hsq-a46005981523,status 80,A46005981523
hsq-a46005987000,geen afbeeldingen (geen bestand onder input/ of geen geldige CDN-URL na upload),A46005987000
hsq-a46005989000,geen afbeeldingen (geen bestand onder input/ of geen geldige CDN-URL na upload),A46005989000
hsq-a46005989030,geen afbeeldingen (geen bestand onder input/ of geen geldige CDN-URL na upload),A46005989030
hsq-a46009901044c1,status 80,A46009901044C1
hsq-a4600991004468,geen afbeeldingen (geen bestand onder input/ of geen geldige CDN-URL na upload),A4600991004468
hsq-a46009910044c1,geen afbeeldingen (geen bestand onder input/ of geen geldige CDN-URL na upload),A46009910044C1
hsq-a46009910044c1a,geen afbeeldingen (geen bestand onder input/ of geen geldige CDN-URL na upload),A46009910044C1A
hsq-a46010901044c1,status 80,A46010901044C1
hsq-a4601091004468,geen afbeeldingen (geen bestand onder input/ of geen geldige CDN-URL na upload),A4601091004468
hsq-a46010910044c1,geen afbeeldingen (geen bestand onder input/ of geen geldige CDN-URL na upload),A46010910044C1
hsq-a46010910044c1a,geen afbeeldingen (geen bestand onder input/ of geen geldige CDN-URL na upload),A46010910044C1A
hsq-a46010917000c1,type uitgesloten (Archive); geen verkoopbare variant in productgroep (prijs/type/status),A46010917000C1
hsq-a460109510xx68,status 80,A4601095105368
hsq-a46013975010c1,geen afbeeldingen (geen bestand onder input/ of geen geldige CDN-URL na upload),A46013975010C1
hsq-a46029508001,geen prijs,A46029508001
hsq-a47005979010,geen afbeeldingen (geen bestand onder input/ of geen geldige CDN-URL na upload),A47005979010
hsq-a47005979030,geen afbeeldingen (geen bestand onder input/ of geen geldige CDN-URL na upload),A47005979030
hsq-a47005979050,geen afbeeldingen (geen bestand onder input/ of geen geldige CDN-URL na upload),A47005979050
hsq-a48005900020,status 80,A48005900020
hsq-a48005901020,status 80,A48005901020
hsq-a48005905000,geen afbeeldingen (geen bestand onder input/ of geen geldige CDN-URL na upload),A48005905000
hsq-a48005907000,geen afbeeldingen (geen bestand onder input/ of geen geldige CDN-URL na upload),A48005907000
hsq-a48005907050,geen afbeeldingen (geen bestand onder input/ of geen geldige CDN-URL na upload),A48005907050
hsq-a48005907060,geen afbeeldingen (geen bestand onder input/ of geen geldige CDN-URL na upload),A48005907060
hsq-a48005979030,geen afbeeldingen (geen bestand onder input/ of geen geldige CDN-URL na upload),A48005979030
hsq-a48005979050,geen afbeeldingen (geen bestand onder input/ of geen geldige CDN-URL na upload),A48005979050
hsq-a48005979060,geen afbeeldingen (geen bestand onder input/ of geen geldige CDN-URL na upload),A48005979060
hsq-a48005987000,geen afbeeldingen (geen bestand onder input/ of geen geldige CDN-URL na upload),A48005987000
hsq-a48005989000,geen afbeeldingen (geen bestand onder input/ of geen geldige CDN-URL na upload),A48005989000
hsq-a48005989030,geen afbeeldingen (geen bestand onder input/ of geen geldige CDN-URL na upload),A48005989030
hsq-a48005989060,status 80,A48005989060
hsq-a48009072000c1s,geen afbeeldingen (geen bestand onder input/ of geen geldige CDN-URL na upload),A48009072000C1S
hsq-a49001039010,geen afbeeldingen (geen bestand onder input/ of geen geldige CDN-URL na upload),A49001039010
hsq-a49005981010,geen afbeeldingen (geen bestand onder input/ of geen geldige CDN-URL na upload),A49005981010
hsq-a49005981583,geen afbeeldingen (geen bestand onder input/ of geen geldige CDN-URL na upload),A49005981583
hsq-a4901397503368,geen afbeeldingen (geen bestand onder input/ of geen geldige CDN-URL na upload),A4901397503368
hsq-a4901397513068,geen afbeeldingen (geen bestand onder input/ of geen geldige CDN-URL na upload),A4901397513068
hsq-a49013975130c1,geen afbeeldingen (geen bestand onder input/ of geen geldige CDN-URL na upload),A49013975130C1
hsq-a54012905000faa,status 80,A54012905000FAA
hsq-a54012928000,status 80,A54012928000
hsq-a60112964044,geen prijs,A60112964044
hsq-a61014912044,geen prijs,A61014912044
hsq-a61302979044,geen afbeeldingen (geen bestand onder input/ of geen geldige CDN-URL na upload),A61302979044
hsq-a61307955088,geen afbeeldingen (geen bestand onder input/ of geen geldige CDN-URL na upload),A61307955088
hsq-a61312911088,geen afbeeldingen (geen bestand onder input/ of geen geldige CDN-URL na upload),A61312911088
hsq-a61312957044,geen afbeeldingen (geen bestand onder input/ of geen geldige CDN-URL na upload),A61312957044
hsq-a62411941040,geen afbeeldingen (geen bestand onder input/ of geen geldige CDN-URL na upload),A62411941040
hsq-a62411941050,geen afbeeldingen (geen bestand onder input/ of geen geldige CDN-URL na upload),A62411941050
hsq-a62412992010,type uitgesloten (Archive); geen verkoopbare variant in productgroep (prijs/type/status),A62412992010
hsq-a62412993030,type uitgesloten (Archive); geen verkoopbare variant in productgroep (prijs/type/status),A62412993030
hsq-a62603940044,geen afbeeldingen (geen bestand onder input/ of geen geldige CDN-URL na upload),A62603940044
hsq-a62603941044,geen afbeeldingen (geen bestand onder input/ of geen geldige CDN-URL na upload),A62603941044
hsq-a67605979050,geen afbeeldingen (geen bestand onder input/ of geen geldige CDN-URL na upload),A67605979050
hsq-a67605979060,geen afbeeldingen (geen bestand onder input/ of geen geldige CDN-URL na upload),A67605979060
hsq-a67605979070,geen afbeeldingen (geen bestand onder input/ of geen geldige CDN-URL na upload),A67605979070
hsq-a67605979530,geen afbeeldingen (geen bestand onder input/ of geen geldige CDN-URL na upload),A67605979530
hsq-a67605979550,geen afbeeldingen (geen bestand onder input/ of geen geldige CDN-URL na upload),A67605979550
hsq-a67605979570,geen afbeeldingen (geen bestand onder input/ of geen geldige CDN-URL na upload),A67605979570
hsq-a67605988000c1,geen afbeeldingen (geen bestand onder input/ of geen geldige CDN-URL na upload),A67605988000C1
hsq-a67607955000c1,geen afbeeldingen (geen bestand onder input/ of geen geldige CDN-URL na upload),A67607955000C1
hsq-a67612922088c1,status 80,A67612922088C1
hsq-a67635936000,geen afbeeldingen (geen bestand onder input/ of geen geldige CDN-URL na upload),A67635936000
hsq-a70603938010,geen afbeeldingen (geen bestand onder input/ of geen geldige CDN-URL na upload),A70603938010
hsq-a70603939088,geen afbeeldingen (geen bestand onder input/ of geen geldige CDN-URL na upload),A70603939088
hsq-a70608925000,geen afbeeldingen (geen bestand onder input/ of geen geldige CDN-URL na upload),A70608925000
hsq-a70608926000,geen afbeeldingen (geen bestand onder input/ of geen geldige CDN-URL na upload),A70608926000
hsq-a70608960000,geen afbeeldingen (geen bestand onder input/ of geen geldige CDN-URL na upload),A70608960000
hsq-a70608961000,geen afbeeldingen (geen bestand onder input/ of geen geldige CDN-URL na upload),A70608961000
hsq-a90012929000,status 80,A90012929000
hsq-a90012929010,status 80,A90012929010
hsq-a90012994000,status 80,A90012994000
hsq-ahs220075700,geen prijs,AHS220075700
hsq-ahs220075800,geen prijs,AHS220075800
hsq-ee1122023,type uitgesloten (Bikes); geen prijs,F3003WF
hsq-ee1122023,type uitgesloten (Bikes); geen prijs,F3060WF
hsq-ee1122023,type uitgesloten (Bikes); geen prijs,F3075WF
hsq-ee1162023,type uitgesloten (Bikes); geen prijs,F3003WG
hsq-ee1162023,type uitgesloten (Bikes); geen prijs,F3060WG
hsq-ee1162023,type uitgesloten (Bikes); geen prijs,F3075WG
hsq-ee1202023,type uitgesloten (Bikes); geen prijs,F3003WI
hsq-ee1202023,type uitgesloten (Bikes); geen prijs,F3075WI
hsq-ee22025,type uitgesloten (Bikes); geen prijs,F3001Y8
hsq-ee22025,type uitgesloten (Bikes); geen prijs,F3075Y8
hsq-f1003yx,type uitgesloten (Bikes); geen prijs,F1003Y5
hsq-f1003yx,type uitgesloten (Bikes); geen prijs,F1003Y6
hsq-f2001427,type uitgesloten (Bikes); geen prijs,F2001427
hsq-f2001627,type uitgesloten (Bikes); geen prijs,F2001627
hsq-f2001827,type uitgesloten (Bikes); geen prijs,F2001827
hsq-f2001927,type uitgesloten (Bikes); geen prijs,F2001927
hsq-f2001n8,type uitgesloten (Bikes); geen prijs,F2001N8
hsq-f2001n9,type uitgesloten (Bikes); geen prijs,F2001N9
hsq-f2001o8,type uitgesloten (Bikes); geen prijs,F2001O8
hsq-f2001o9,type uitgesloten (Bikes); geen prijs,F2001O9
hsq-f2001p8,type uitgesloten (Bikes); geen prijs,F2001P8
hsq-f2001p9,type uitgesloten (Bikes); geen prijs,F2001P9
hsq-f2001q4,type uitgesloten (Bikes); geen prijs,F2001Q4
hsq-f2001q6,type uitgesloten (Bikes); geen prijs,F2001Q6
hsq-f2001q8,type uitgesloten (Bikes); geen prijs,F2001Q8
hsq-f2001q9,type uitgesloten (Bikes); geen prijs,F2001Q9
hsq-f2001r4,type uitgesloten (Bikes); geen prijs,F2001R4
hsq-f2001r5,type uitgesloten (Bikes); geen prijs,F2001R5
hsq-f2001r6,type uitgesloten (Bikes); geen prijs,F2001R6
hsq-f2001r8,type uitgesloten (Bikes); geen prijs,F2001R8
hsq-f2001r9,type uitgesloten (Bikes); geen prijs,F2001R9
hsq-f2001s4,type uitgesloten (Bikes); geen prijs,F2001S4
hsq-f2001s5,type uitgesloten (Bikes); geen prijs,F2001S5
hsq-f2001s6,type uitgesloten (Bikes); geen prijs,F2001S6
hsq-f2001s8,type uitgesloten (Bikes); geen prijs,F2001S8
hsq-f2001s9,type uitgesloten (Bikes); geen prijs,F2001S9
hsq-f2001t4,type uitgesloten (Bikes); geen prijs,F2001T4
hsq-f2001t5,type uitgesloten (Bikes); geen prijs,F2001T5
hsq-f2001t6,type uitgesloten (Bikes); geen prijs,F2001T6
hsq-f2001t8,type uitgesloten (Bikes); geen prijs,F2001T8
hsq-f2001t9,type uitgesloten (Bikes); geen prijs,F2001T9
hsq-f2001u4,type uitgesloten (Bikes); geen prijs,F2001U4
hsq-f2001u5,type uitgesloten (Bikes); geen prijs,F2001U5
hsq-f2001u6,type uitgesloten (Bikes); geen prijs,F2001U6
hsq-f2001u8,type uitgesloten (Bikes); geen prijs,F2001U8
hsq-f2001u9,type uitgesloten (Bikes); geen prijs,F2001U9
hsq-f2001v4,type uitgesloten (Bikes); geen prijs,F2001V4
hsq-f2001v5,type uitgesloten (Bikes); geen prijs,F2001V5
hsq-f2001v6,type uitgesloten (Bikes); geen prijs,F2001V6
hsq-f2001v8,type uitgesloten (Bikes); geen prijs,F2001V8
hsq-f2001v9,type uitgesloten (Bikes); geen prijs,F2001V9
hsq-f2001w4,type uitgesloten (Bikes); geen prijs,F2001W4
hsq-f2001w5,type uitgesloten (Bikes); geen prijs,F2001W5
hsq-f2001w6,type uitgesloten (Bikes); geen prijs,F2001W6
hsq-f2001w8,type uitgesloten (Bikes); geen prijs,F2001W8
hsq-f2001w9,type uitgesloten (Bikes); geen prijs,F2001W9
hsq-f2001x4,type uitgesloten (Bikes); geen prijs,F2001X4
hsq-f2001x6,type uitgesloten (Bikes); geen prijs,F2001X6
hsq-f2001x8,type uitgesloten (Bikes); geen prijs,F2001X8
hsq-f2001x9,type uitgesloten (Bikes); geen prijs,F2001X9
hsq-f2001y4,type uitgesloten (Bikes); geen prijs,F2001Y4
hsq-f2001y6,type uitgesloten (Bikes); geen prijs,F2001Y6
hsq-f2001y8,type uitgesloten (Bikes); geen prijs,F2001Y8
hsq-f2001y9,type uitgesloten (Bikes); geen prijs,F2001Y9
hsq-f2001z4,type uitgesloten (Bikes); geen prijs,F2001Z4
hsq-f2001z6,type uitgesloten (Bikes); geen prijs,F2001Z6
hsq-f2001z8,type uitgesloten (Bikes); geen prijs,F2001Z8
hsq-f2001z9,type uitgesloten (Bikes); geen prijs,F2001Z9
hsq-f2101027,type uitgesloten (Bikes); geen prijs,F2101027
hsq-f2101n0,type uitgesloten (Bikes); geen prijs,F2101N0
hsq-f2101n1,type uitgesloten (Bikes); geen prijs,F2101N1
hsq-f2101o0,type uitgesloten (Bikes); geen prijs,F2101O0
hsq-f2101p0,type uitgesloten (Bikes); geen prijs,F2101P0
hsq-f2101p1,type uitgesloten (Bikes); geen prijs,F2101P1
hsq-f2101q0,type uitgesloten (Bikes); geen prijs,F2101Q0
hsq-f2101q1,type uitgesloten (Bikes); geen prijs,F2101Q1
hsq-f2101r0,type uitgesloten (Bikes); geen prijs,F2101R0
hsq-f2101r1,type uitgesloten (Bikes); geen prijs,F2101R1
hsq-f2101s0,type uitgesloten (Bikes); geen prijs,F2101S0
hsq-f2101s1,type uitgesloten (Bikes); geen prijs,F2101S1
hsq-f2101t0,type uitgesloten (Bikes); geen prijs,F2101T0
hsq-f2101t1,type uitgesloten (Bikes); geen prijs,F2101T1
hsq-f2101u0,type uitgesloten (Bikes); geen prijs,F2101U0
hsq-f2101v0,type uitgesloten (Bikes); geen prijs,F2101V0
hsq-f2101w0,type uitgesloten (Bikes); geen prijs,F2101W0
hsq-f2101y0,type uitgesloten (Bikes); geen prijs,F2101Y0
hsq-f2101y2,type uitgesloten (Bikes); geen prijs,F2101Y2
hsq-f2101y3,type uitgesloten (Bikes); geen prijs,F2101Y3
hsq-f2101y4,type uitgesloten (Bikes); geen prijs,F2101Y4
hsq-f2101z1,type uitgesloten (Bikes); geen prijs,F2101Z1
hsq-f2103m9,type uitgesloten (Bikes); geen prijs,F2103M9
hsq-f2103n9,type uitgesloten (Bikes); geen prijs,F2103N9
hsq-f2103q9,type uitgesloten (Bikes); geen prijs,F2103Q9
hsq-f2103r9,type uitgesloten (Bikes); geen prijs,F2103R9
hsq-f2103s9,type uitgesloten (Bikes); geen prijs,F2103S9
hsq-f2103t4,type uitgesloten (Bikes); geen prijs,F2103T4
hsq-f2103u4,type uitgesloten (Bikes); geen prijs,F2103U4
hsq-f2103w5,type uitgesloten (Bikes); geen prijs,F2103W5
hsq-f2103y4,type uitgesloten (Bikes); geen prijs,F2103Y4
hsq-f2103y5,type uitgesloten (Bikes); geen prijs,F2103Y5
hsq-f2103y8,type uitgesloten (Bikes); geen prijs,F2103Y8
hsq-f2103z4,type uitgesloten (Bikes); geen prijs,F2103Z4
hsq-f2103z8,type uitgesloten (Bikes); geen prijs,F2103Z8
hsq-f2175q9,type uitgesloten (Bikes); geen prijs,F2175Q9
hsq-f2175r9,type uitgesloten (Bikes); geen prijs,F2175R9
hsq-f2175s9,type uitgesloten (Bikes); geen prijs,F2175S9
hsq-f2175v2,type uitgesloten (Bikes); geen prijs,F2175V2
hsq-f2175x2,type uitgesloten (Bikes); geen prijs,F2175X2
hsq-f2175y6,type uitgesloten (Bikes); geen prijs,F2175Y6
hsq-f2175z6,type uitgesloten (Bikes); geen prijs,F2175Z6
hsq-f2175z9,type uitgesloten (Bikes); geen prijs,F2175Z9
hsq-f2201n1,type uitgesloten (Bikes); geen prijs,F2201N1
hsq-f2201o1,type uitgesloten (Bikes); geen prijs,F2201O1
hsq-f2201p1,type uitgesloten (Bikes); geen prijs,F2201P1
hsq-f2201q1,type uitgesloten (Bikes); geen prijs,F2201Q1
hsq-f2201q6,type uitgesloten (Bikes); geen prijs,F2201Q6
hsq-f2201r1,type uitgesloten (Bikes); geen prijs,F2201R1
hsq-f2201r6,type uitgesloten (Bikes); geen prijs,F2201R6
hsq-f2201s1,type uitgesloten (Bikes); geen prijs,F2201S1
hsq-f2201s6,type uitgesloten (Bikes); geen prijs,F2201S6
hsq-f2201t1,type uitgesloten (Bikes); geen prijs,F2201T1
hsq-f2201t6,type uitgesloten (Bikes); geen prijs,F2201T6
hsq-f2201u6,type uitgesloten (Bikes); geen prijs,F2201U6
hsq-f2201v6,type uitgesloten (Bikes); geen prijs,F2201V6
hsq-f2201wx,type uitgesloten (Bikes); geen prijs,F2201W6
hsq-f2201wx,type uitgesloten (Bikes); geen prijs,F2201W8
hsq-f2201x6,type uitgesloten (Bikes); geen prijs,F2201X6
hsq-f2203u8,type uitgesloten (Bikes); geen prijs,F2203U8
hsq-f2203v8,type uitgesloten (Bikes); geen prijs,F2203V8
hsq-f2203y5,type uitgesloten (Bikes); geen prijs,F2203Y5
hsq-f2203y7,type uitgesloten (Bikes); geen prijs,F2203Y7
hsq-f2203z5,type uitgesloten (Bikes); geen prijs,F2203Z5
hsq-f2275227,type uitgesloten (Bikes); geen prijs,F2275227
hsq-f2275o4,type uitgesloten (Bikes); geen prijs,F2275O4
hsq-f2275p4,type uitgesloten (Bikes); geen prijs,F2275P4
hsq-f2275t4,type uitgesloten (Bikes); geen prijs,F2275T4
hsq-f2275u4,type uitgesloten (Bikes); geen prijs,F2275U4
hsq-f2275v4,type uitgesloten (Bikes); geen prijs,F2275V4
hsq-f2275w4,type uitgesloten (Bikes); geen prijs,F2275W4
hsq-f2275x4,type uitgesloten (Bikes); geen prijs,F2275X4
hsq-f2275x6,type uitgesloten (Bikes); geen prijs,F2275X6
hsq-f2275y2,type uitgesloten (Bikes); geen prijs,F2275Y2
hsq-f2275y3,type uitgesloten (Bikes); geen prijs,F2275Y3
hsq-f2275y4,type uitgesloten (Bikes); geen prijs,F2275Y4
hsq-f2275y8,type uitgesloten (Bikes); geen prijs,F2275Y8
hsq-f2275z2,type uitgesloten (Bikes); geen prijs,F2275Z2
hsq-f2275z4,type uitgesloten (Bikes); geen prijs,F2275Z4
hsq-f2301127,type uitgesloten (Bikes); geen prijs,F2301127
hsq-f2301n1,type uitgesloten (Bikes); geen prijs,F2301N1
hsq-f2301o1,type uitgesloten (Bikes); geen prijs,F2301O1
hsq-f2301p1,type uitgesloten (Bikes); geen prijs,F2301P1
hsq-f2301q1,type uitgesloten (Bikes); geen prijs,F2301Q1
hsq-f2301q6,type uitgesloten (Bikes); geen prijs,F2301Q6
hsq-f2301r1,type uitgesloten (Bikes); geen prijs,F2301R1
hsq-f2301r6,type uitgesloten (Bikes); geen prijs,F2301R6
hsq-f2301s1,type uitgesloten (Bikes); geen prijs,F2301S1
hsq-f2301s6,type uitgesloten (Bikes); geen prijs,F2301S6
hsq-f2301t1,type uitgesloten (Bikes); geen prijs,F2301T1
hsq-f2301t6,type uitgesloten (Bikes); geen prijs,F2301T6
hsq-f2301u1,type uitgesloten (Bikes); geen prijs,F2301U1
hsq-f2301u6,type uitgesloten (Bikes); geen prijs,F2301U6
hsq-f2301v1,type uitgesloten (Bikes); geen prijs,F2301V1
hsq-f2301v6,type uitgesloten (Bikes); geen prijs,F2301V6
hsq-f2301w1,type uitgesloten (Bikes); geen prijs,F2301W1
hsq-f2301wx,type uitgesloten (Bikes); geen prijs,F2301W6
hsq-f2301wx,type uitgesloten (Bikes); geen prijs,F2301W8
hsq-f2301x1,type uitgesloten (Bikes); geen prijs,F2301X1
hsq-f2301x6,type uitgesloten (Bikes); geen prijs,F2301X6
hsq-f2301y1,type uitgesloten (Bikes); geen prijs,F2301Y1
hsq-f2301y2,type uitgesloten (Bikes); geen prijs,F2301Y2
hsq-f2301z1,type uitgesloten (Bikes); geen prijs,F2301Z1
hsq-f2303o0,type uitgesloten (Bikes); geen prijs,F2303O0
hsq-f2303p0,type uitgesloten (Bikes); geen prijs,F2303P0
hsq-f2303q0,type uitgesloten (Bikes); geen prijs,F2303Q0
hsq-f2303r0,type uitgesloten (Bikes); geen prijs,F2303R0
hsq-f2303s0,type uitgesloten (Bikes); geen prijs,F2303S0
hsq-f2303t0,type uitgesloten (Bikes); geen prijs,F2303T0
hsq-f2303t4,type uitgesloten (Bikes); geen prijs,F2303T4
hsq-f2303u0,type uitgesloten (Bikes); geen prijs,F2303U0
hsq-f2303u4,type uitgesloten (Bikes); geen prijs,F2303U4
hsq-f2303v0,type uitgesloten (Bikes); geen prijs,F2303V0
hsq-f2303v4,type uitgesloten (Bikes); geen prijs,F2303V4
hsq-f2303w0,type uitgesloten (Bikes); geen prijs,F2303W0
hsq-f2303x0,type uitgesloten (Bikes); geen prijs,F2303X0
hsq-f2303y6,type uitgesloten (Bikes); geen prijs,F2303Y6
hsq-f2303z0,type uitgesloten (Bikes); geen prijs,F2303Z0
hsq-f2375527,type uitgesloten (Bikes); geen prijs,F2375527
hsq-f2399s1,type uitgesloten (Bikes); geen prijs,F2399S1
hsq-f2399t1,type uitgesloten (Bikes); geen prijs,F2399T1
hsq-f2399w1,type uitgesloten (Bikes); geen prijs,F2399W1
hsq-f2399x1,type uitgesloten (Bikes); geen prijs,F2399X1
hsq-f2399y1,type uitgesloten (Bikes); geen prijs,F2399Y1
hsq-f2401227,type uitgesloten (Bikes); geen prijs,F2401227
hsq-f2401n1,type uitgesloten (Bikes); geen prijs,F2401N1
hsq-f2401p1,type uitgesloten (Bikes); geen prijs,F2401P1
hsq-f2401q1,type uitgesloten (Bikes); geen prijs,F2401Q1
hsq-f2401q5,type uitgesloten (Bikes); geen prijs,F2401Q5
hsq-f2401r1,type uitgesloten (Bikes); geen prijs,F2401R1
hsq-f2401r5,type uitgesloten (Bikes); geen prijs,F2401R5
hsq-f2401s1,type uitgesloten (Bikes); geen prijs,F2401S1
hsq-f2401s5,type uitgesloten (Bikes); geen prijs,F2401S5
hsq-f2401t1,type uitgesloten (Bikes); geen prijs,F2401T1
hsq-f2401t5,type uitgesloten (Bikes); geen prijs,F2401T5
hsq-f2401u5,type uitgesloten (Bikes); geen prijs,F2401U5
hsq-f2401v5,type uitgesloten (Bikes); geen prijs,F2401V5
hsq-f2401wx,type uitgesloten (Bikes); geen prijs,F2401W5
hsq-f2401wx,type uitgesloten (Bikes); geen prijs,F2401W8
hsq-f2401x5,type uitgesloten (Bikes); geen prijs,F2401X5
hsq-f2401y2,type uitgesloten (Bikes); geen prijs,F2401Y2
hsq-f2401y3,type uitgesloten (Bikes); geen prijs,F2401Y3
hsq-f2401z1,type uitgesloten (Bikes); geen prijs,F2401Z1
hsq-f2403r7,type uitgesloten (Bikes); geen prijs,F2403R7
hsq-f2403u8,type uitgesloten (Bikes); geen prijs,F2403U8
hsq-f2403x4,type uitgesloten (Bikes); geen prijs,F2403X4
hsq-f2403y4,type uitgesloten (Bikes); geen prijs,F2403Y4
hsq-f2403y5,type uitgesloten (Bikes); geen prijs,F2403Y5
hsq-f2403z4,type uitgesloten (Bikes); geen prijs,F2403Z4
hsq-f2475327,type uitgesloten (Bikes); geen prijs,F2475327
hsq-f2475o4,type uitgesloten (Bikes); geen prijs,F2475O4
hsq-f2475p4,type uitgesloten (Bikes); geen prijs,F2475P4
hsq-f2475r1,type uitgesloten (Bikes); geen prijs,F2475R1
hsq-f2475s1,type uitgesloten (Bikes); geen prijs,F2475S1
hsq-f2475t1,type uitgesloten (Bikes); geen prijs,F2475T1
hsq-f2475t4,type uitgesloten (Bikes); geen prijs,F2475T4
hsq-f2475u4,type uitgesloten (Bikes); geen prijs,F2475U4
hsq-f2475v1,type uitgesloten (Bikes); geen prijs,F2475V1
hsq-f2475v4,type uitgesloten (Bikes); geen prijs,F2475V4
hsq-f2475w1,type uitgesloten (Bikes); geen prijs,F2475W1
hsq-f2475w4,type uitgesloten (Bikes); geen prijs,F2475W4
hsq-f2475x1,type uitgesloten (Bikes); geen prijs,F2475X1
hsq-f2475x4,type uitgesloten (Bikes); geen prijs,F2475X4
hsq-f2475x6,type uitgesloten (Bikes); geen prijs,F2475X6
hsq-f2475y1,type uitgesloten (Bikes); geen prijs,F2475Y1
hsq-f2475y3,type uitgesloten (Bikes); geen prijs,F2475Y3
hsq-f2475y4,type uitgesloten (Bikes); geen prijs,F2475Y4
hsq-f2475yb,type uitgesloten (Bikes); geen prijs,F2475YB
hsq-f2475yc,type uitgesloten (Bikes); geen prijs,F2475YC
hsq-f2475yd,type uitgesloten (Bikes); geen prijs,F2475YD
hsq-f2475z1,type uitgesloten (Bikes); geen prijs,F2475Z1
hsq-f2475z3,type uitgesloten (Bikes); geen prijs,F2475Z3
hsq-f2475z4,type uitgesloten (Bikes); geen prijs,F2475Z4
hsq-f2603s7,type uitgesloten (Bikes); geen prijs,F2603S7
hsq-f2675127,type uitgesloten (Bikes); geen prijs,F2675127
hsq-f2703y6,type uitgesloten (Bikes); geen prijs,F2703Y6
hsq-f2703yx,type uitgesloten (Bikes); geen prijs,F2703Y4
hsq-f2703yx,type uitgesloten (Bikes); geen prijs,F2703Y5
hsq-f2703z2,type uitgesloten (Bikes); geen prijs,F2703Z2
hsq-f2775227,type uitgesloten (Bikes); geen prijs,F2775227
hsq-f2875127,type uitgesloten (Bikes); geen prijs,F2875127
hsq-f2875227,type uitgesloten (Bikes); geen prijs,F2875227
hsq-f3001t7,type uitgesloten (Bikes); geen prijs,F3001T7
hsq-f3001u7,type uitgesloten (Bikes); geen prijs,F3001U7
hsq-f3001v7,type uitgesloten (Bikes); geen prijs,F3001V7
hsq-f3001w7,type uitgesloten (Bikes); geen prijs,F3001W7
hsq-f3001w9,type uitgesloten (Bikes); geen prijs,F3001W9
hsq-f3001x7,type uitgesloten (Bikes); geen prijs,F3001X7
hsq-f3001x8,type uitgesloten (Bikes); geen prijs,F3001X8
hsq-f3001x9,type uitgesloten (Bikes); geen prijs,F3001X9
hsq-f3001y7,type uitgesloten (Bikes); geen prijs,F3001Y7
hsq-f3075727,type uitgesloten (Bikes); geen prijs,F3075727
hsq-fc2502015,type uitgesloten (Bikes); geen prijs,F2101O1
hsq-fc2502015,type uitgesloten (Bikes); geen prijs,F2175O1
hsq-fc2502021,type uitgesloten (Bikes); geen prijs,F2101U1
hsq-fc2502021,type uitgesloten (Bikes); geen prijs,F2175U1
hsq-fc2502022,type uitgesloten (Bikes); geen prijs,F2101V1
hsq-fc2502022,type uitgesloten (Bikes); geen prijs,F2175V1
hsq-fc2502023,type uitgesloten (Bikes); geen prijs,F2101W1
hsq-fc2502023,type uitgesloten (Bikes); geen prijs,F2175W1
hsq-fc2502024,type uitgesloten (Bikes); geen prijs,F2101X1
hsq-fc2502024,type uitgesloten (Bikes); geen prijs,F2175X1
hsq-fc2502025,type uitgesloten (Bikes); geen prijs,F2101Y1
hsq-fc2502025,type uitgesloten (Bikes); geen prijs,F2175Y1
hsq-fc2502027,type uitgesloten (Bikes); geen prijs,F2201127
hsq-fc2502027,type uitgesloten (Bikes); geen prijs,F2275127
hsq-fc3502021,type uitgesloten (Bikes); geen prijs,F2201U1
hsq-fc3502021,type uitgesloten (Bikes); geen prijs,F2275U1
hsq-fc3502022,type uitgesloten (Bikes); geen prijs,F2201V1
hsq-fc3502022,type uitgesloten (Bikes); geen prijs,F2275V1
hsq-fc3502023,type uitgesloten (Bikes); geen prijs,F2201W1
hsq-fc3502023,type uitgesloten (Bikes); geen prijs,F2275W1
hsq-fc3502024,type uitgesloten (Bikes); geen prijs,F2201X1
hsq-fc3502024,type uitgesloten (Bikes); geen prijs,F2275X1
hsq-fc3502025,type uitgesloten (Bikes); geen prijs,F2201Y1
hsq-fc3502025,type uitgesloten (Bikes); geen prijs,F2275Y1
hsq-fc3502027,type uitgesloten (Bikes); geen prijs,F2301427
hsq-fc3502027,type uitgesloten (Bikes); geen prijs,F2375427
hsq-fc4502015,type uitgesloten (Bikes); geen prijs,F2401O1
hsq-fc4502015,type uitgesloten (Bikes); geen prijs,F2475O1
hsq-fc4502021,type uitgesloten (Bikes); geen prijs,F2401U1
hsq-fc4502021,type uitgesloten (Bikes); geen prijs,F2475U2
hsq-fc4502022,type uitgesloten (Bikes); geen prijs,F2401V1
hsq-fc4502022,type uitgesloten (Bikes); geen prijs,F2475V2
hsq-fc4502023,type uitgesloten (Bikes); geen prijs,F2401W1
hsq-fc4502023,type uitgesloten (Bikes); geen prijs,F2475W2
hsq-fc4502024,type uitgesloten (Bikes); geen prijs,F2401X1
hsq-fc4502024,type uitgesloten (Bikes); geen prijs,F2475X2
hsq-fc4502025,type uitgesloten (Bikes); geen prijs,F2401Y1
hsq-fc4502025,type uitgesloten (Bikes); geen prijs,F2440Y1
hsq-fc4502025,type uitgesloten (Bikes); geen prijs,F2475Y2
hsq-fc4502027,type uitgesloten (Bikes); geen prijs,F2401527
hsq-fc4502027,type uitgesloten (Bikes); geen prijs,F2475227
hsq-fc450e2006,type uitgesloten (Bikes); geen prijs,2303F3
hsq-fc450e2006,type uitgesloten (Bikes); geen prijs,2360F3
hsq-fc450e2006,type uitgesloten (Bikes); geen prijs,2375F3
hsq-fe2502013,type uitgesloten (Bikes); geen prijs,F2103M3
hsq-fe2502013,type uitgesloten (Bikes); geen prijs,F2160M3
hsq-fe2502013,type uitgesloten (Bikes); geen prijs,F2175M3
hsq-fe2502014,type uitgesloten (Bikes); geen prijs,F2103N3
hsq-fe2502014,type uitgesloten (Bikes); geen prijs,F2160N3
hsq-fe2502014,type uitgesloten (Bikes); geen prijs,F2175N3
hsq-fe2502015,type uitgesloten (Bikes); geen prijs,F2103O4
hsq-fe2502015,type uitgesloten (Bikes); geen prijs,F2160O4
hsq-fe2502015,type uitgesloten (Bikes); geen prijs,F2175O4
hsq-fe2502016,type uitgesloten (Bikes); geen prijs,F2103P4
hsq-fe2502016,type uitgesloten (Bikes); geen prijs,F2160P4
hsq-fe2502016,type uitgesloten (Bikes); geen prijs,F2175P4
hsq-fe2502017,type uitgesloten (Bikes); geen prijs,F2103Q4
hsq-fe2502017,type uitgesloten (Bikes); geen prijs,F2160Q4
hsq-fe2502017,type uitgesloten (Bikes); geen prijs,F2175Q4
hsq-fe2502018,type uitgesloten (Bikes); geen prijs,F2103R4
hsq-fe2502018,type uitgesloten (Bikes); geen prijs,F2160R4
hsq-fe2502018,type uitgesloten (Bikes); geen prijs,F2175R4
hsq-fe2502019,type uitgesloten (Bikes); geen prijs,F2103S4
hsq-fe2502019,type uitgesloten (Bikes); geen prijs,F2160S4
hsq-fe2502019,type uitgesloten (Bikes); geen prijs,F2175S4
hsq-fe2502022,type uitgesloten (Bikes); geen prijs,2187V4_CFMOTO
hsq-fe2502022,type uitgesloten (Bikes); geen prijs,F2103V4
hsq-fe2502022,type uitgesloten (Bikes); geen prijs,F2187V4
hsq-fe2502023,type uitgesloten (Bikes); geen prijs,2187W4_CFMOTO
hsq-fe2502023,type uitgesloten (Bikes); geen prijs,F2103W4
hsq-fe2502023,type uitgesloten (Bikes); geen prijs,F2187W4
hsq-fe2502024,type uitgesloten (Bikes); geen prijs,2187X4_CFMOTO
hsq-fe2502024,type uitgesloten (Bikes); geen prijs,F2103X4
hsq-fe2502024,type uitgesloten (Bikes); geen prijs,F2187X4
hsq-fe3502013,type uitgesloten (Bikes); geen prijs,F2203M3
hsq-fe3502013,type uitgesloten (Bikes); geen prijs,F2260M3
hsq-fe3502013,type uitgesloten (Bikes); geen prijs,F2275M3
hsq-fe3502014,type uitgesloten (Bikes); geen prijs,F2203N3
hsq-fe3502014,type uitgesloten (Bikes); geen prijs,F2260N3
hsq-fe3502014,type uitgesloten (Bikes); geen prijs,F2275N3
hsq-fe3502015,type uitgesloten (Bikes); geen prijs,F2203O4
hsq-fe3502015,type uitgesloten (Bikes); geen prijs,F2260O4
hsq-fe3502015,type uitgesloten (Bikes); geen prijs,F2275O5
hsq-fe3502016,type uitgesloten (Bikes); geen prijs,F2203P4
hsq-fe3502016,type uitgesloten (Bikes); geen prijs,F2260P4
hsq-fe3502016,type uitgesloten (Bikes); geen prijs,F2275P5
hsq-fe3502017,type uitgesloten (Bikes); geen prijs,F2203Q4
hsq-fe3502017,type uitgesloten (Bikes); geen prijs,F2260Q4
hsq-fe3502017,type uitgesloten (Bikes); geen prijs,F2275Q4
hsq-fe3502018,type uitgesloten (Bikes); geen prijs,F2203R4
hsq-fe3502018,type uitgesloten (Bikes); geen prijs,F2260R4
hsq-fe3502018,type uitgesloten (Bikes); geen prijs,F2275R4
hsq-fe3502019,type uitgesloten (Bikes); geen prijs,F2203S4
hsq-fe3502019,type uitgesloten (Bikes); geen prijs,F2260S4
hsq-fe3502019,type uitgesloten (Bikes); geen prijs,F2275S4
hsq-fe3502020,type uitgesloten (Bikes); geen prijs,F2203T4
hsq-fe3502020,type uitgesloten (Bikes); geen prijs,F2275T5
hsq-fe3502021,type uitgesloten (Bikes); geen prijs,F2203U4
hsq-fe3502021,type uitgesloten (Bikes); geen prijs,F2275U5
hsq-fe3502022,type uitgesloten (Bikes); geen prijs,F2203V4
hsq-fe3502022,type uitgesloten (Bikes); geen prijs,F2275V5
hsq-fe3502023,type uitgesloten (Bikes); geen prijs,F2203W4
hsq-fe3502023,type uitgesloten (Bikes); geen prijs,F2275W5
hsq-fe3502023,type uitgesloten (Bikes); geen prijs,F2288W4
hsq-fe3502024,type uitgesloten (Bikes); geen prijs,2288X4_FTI
hsq-fe3502024,type uitgesloten (Bikes); geen prijs,2288X4_KAMMI
hsq-fe3502024,type uitgesloten (Bikes); geen prijs,F2203X4
hsq-fe3502024,type uitgesloten (Bikes); geen prijs,F2288X4
hsq-fe3502025,type uitgesloten (Bikes); geen prijs,F2203Y4
hsq-fe3502025,type uitgesloten (Bikes); geen prijs,F2240Y4
hsq-fe3502026,type uitgesloten (Bikes); geen prijs,F2203Z4
hsq-fe3502026,type uitgesloten (Bikes); geen prijs,F2240Z4
hsq-fe350pro2024,type uitgesloten (Bikes); geen prijs,F2203X5
hsq-fe350pro2024,type uitgesloten (Bikes); geen prijs,F2288X5
hsq-fe3902010,type uitgesloten (Bikes); geen prijs,2203J3
hsq-fe3902010,type uitgesloten (Bikes); geen prijs,2260J3
hsq-fe3902010,type uitgesloten (Bikes); geen prijs,2275J3
hsq-fe3902011,type uitgesloten (Bikes); geen prijs,2203K3
hsq-fe3902011,type uitgesloten (Bikes); geen prijs,2260K3
hsq-fe3902011,type uitgesloten (Bikes); geen prijs,2275K3
hsq-fe3902012,type uitgesloten (Bikes); geen prijs,2203L3
hsq-fe3902012,type uitgesloten (Bikes); geen prijs,2260L3
hsq-fe4502009,type uitgesloten (Bikes); geen prijs,2303I3
hsq-fe4502009,type uitgesloten (Bikes); geen prijs,2360I3
hsq-fe4502009,type uitgesloten (Bikes); geen prijs,2375I3
hsq-fe4502010,type uitgesloten (Bikes); geen prijs,2303J3
hsq-fe4502010,type uitgesloten (Bikes); geen prijs,2360J3
hsq-fe4502010,type uitgesloten (Bikes); geen prijs,2375J3
hsq-fe4502011,type uitgesloten (Bikes); geen prijs,2303K3
hsq-fe4502011,type uitgesloten (Bikes); geen prijs,2360K3
hsq-fe4502011,type uitgesloten (Bikes); geen prijs,2375K3
hsq-fe4502012,type uitgesloten (Bikes); geen prijs,2303L3
hsq-fe4502012,type uitgesloten (Bikes); geen prijs,2360L3
hsq-fe4502013,type uitgesloten (Bikes); geen prijs,F2303M3
hsq-fe4502013,type uitgesloten (Bikes); geen prijs,F2360M3
hsq-fe4502013,type uitgesloten (Bikes); geen prijs,F2375M3
hsq-fe4502014,type uitgesloten (Bikes); geen prijs,F2303N3
hsq-fe4502014,type uitgesloten (Bikes); geen prijs,F2360N3
hsq-fe4502015,type uitgesloten (Bikes); geen prijs,F2303O4
hsq-fe4502015,type uitgesloten (Bikes); geen prijs,F2360O4
hsq-fe4502015,type uitgesloten (Bikes); geen prijs,F2375O4
hsq-fe4502016,type uitgesloten (Bikes); geen prijs,F2303P4
hsq-fe4502016,type uitgesloten (Bikes); geen prijs,F2360P4
hsq-fe4502016,type uitgesloten (Bikes); geen prijs,F2375P4
hsq-fe4502017,type uitgesloten (Bikes); geen prijs,F2303Q4
hsq-fe4502017,type uitgesloten (Bikes); geen prijs,F2360Q4
hsq-fe4502017,type uitgesloten (Bikes); geen prijs,F2375Q4
hsq-fe4502018,type uitgesloten (Bikes); geen prijs,F2303R4
hsq-fe4502018,type uitgesloten (Bikes); geen prijs,F2360R4
hsq-fe4502018,type uitgesloten (Bikes); geen prijs,F2375R4
hsq-fe4502019,type uitgesloten (Bikes); geen prijs,F2303S4
hsq-fe4502019,type uitgesloten (Bikes); geen prijs,F2360S4
hsq-fe4502019,type uitgesloten (Bikes); geen prijs,F2375S4
hsq-fe4502023,type uitgesloten (Bikes); geen prijs,F2303W4
hsq-fe4502023,type uitgesloten (Bikes); geen prijs,F2375W8
hsq-fe4502024,type uitgesloten (Bikes); geen prijs,F2303X4
hsq-fe4502024,type uitgesloten (Bikes); geen prijs,F2375X8
hsq-fe4502025,type uitgesloten (Bikes); geen prijs,F2303Y4
hsq-fe4502025,type uitgesloten (Bikes); geen prijs,F2375Y8
hsq-fe4502026,type uitgesloten (Bikes); geen prijs,F2303Z4
hsq-fe4502026,type uitgesloten (Bikes); geen prijs,F2375Z8
hsq-fe450e2005,type uitgesloten (Bikes); geen prijs,2303E3
hsq-fe450e2005,type uitgesloten (Bikes); geen prijs,2322E3
hsq-fe450e2005,type uitgesloten (Bikes); geen prijs,2375E3
hsq-fe450e2007,type uitgesloten (Bikes); geen prijs,2303G3
hsq-fe450e2007,type uitgesloten (Bikes); geen prijs,2360G3
hsq-fe450e2007,type uitgesloten (Bikes); geen prijs,2375G3
hsq-fe450e2008,type uitgesloten (Bikes); geen prijs,2303H3
hsq-fe450e2008,type uitgesloten (Bikes); geen prijs,2360H3
hsq-fe450e2008,type uitgesloten (Bikes); geen prijs,2375H3
hsq-fe450h2025,type uitgesloten (Bikes); geen prijs,F2303Y5
hsq-fe450h2025,type uitgesloten (Bikes); geen prijs,F2375Y9
hsq-fe5012013,type uitgesloten (Bikes); geen prijs,F2403M3
hsq-fe5012013,type uitgesloten (Bikes); geen prijs,F2460M3
hsq-fe5012013,type uitgesloten (Bikes); geen prijs,F2475M3
hsq-fe5012014,type uitgesloten (Bikes); geen prijs,F2403N3
hsq-fe5012014,type uitgesloten (Bikes); geen prijs,F2460N3
hsq-fe5012014,type uitgesloten (Bikes); geen prijs,F2475N3
hsq-fe5012015,type uitgesloten (Bikes); geen prijs,F2403O4
hsq-fe5012015,type uitgesloten (Bikes); geen prijs,F2460O4
hsq-fe5012015,type uitgesloten (Bikes); geen prijs,F2475O5
hsq-fe5012016,type uitgesloten (Bikes); geen prijs,F2403P4
hsq-fe5012016,type uitgesloten (Bikes); geen prijs,F2460P4
hsq-fe5012016,type uitgesloten (Bikes); geen prijs,F2475P5
hsq-fe5012017,type uitgesloten (Bikes); geen prijs,F2403Q4
hsq-fe5012017,type uitgesloten (Bikes); geen prijs,F2460Q4
hsq-fe5012017,type uitgesloten (Bikes); geen prijs,F2475Q4
hsq-fe5012018,type uitgesloten (Bikes); geen prijs,F2403R4
hsq-fe5012018,type uitgesloten (Bikes); geen prijs,F2460R4
hsq-fe5012018,type uitgesloten (Bikes); geen prijs,F2475R4
hsq-fe5012019,type uitgesloten (Bikes); geen prijs,F2403S4
hsq-fe5012019,type uitgesloten (Bikes); geen prijs,F2460S4
hsq-fe5012019,type uitgesloten (Bikes); geen prijs,F2475S4
hsq-fe5012020,type uitgesloten (Bikes); geen prijs,F2403T4
hsq-fe5012020,type uitgesloten (Bikes); geen prijs,F2475T5
hsq-fe5012021,type uitgesloten (Bikes); geen prijs,F2403U4
hsq-fe5012021,type uitgesloten (Bikes); geen prijs,F2475U5
hsq-fe5012022,type uitgesloten (Bikes); geen prijs,F2403V4
hsq-fe5012022,type uitgesloten (Bikes); geen prijs,F2475V5
hsq-fe5012023,type uitgesloten (Bikes); geen prijs,F2403W4
hsq-fe5012023,type uitgesloten (Bikes); geen prijs,F2475W5
hsq-fe550e2005,type uitgesloten (Bikes); geen prijs,2403E2
hsq-fe550e2005,type uitgesloten (Bikes); geen prijs,2422E2
hsq-fe550e2005,type uitgesloten (Bikes); geen prijs,2475E3
hsq-fe550e2006,type uitgesloten (Bikes); geen prijs,2403F2
hsq-fe550e2006,type uitgesloten (Bikes); geen prijs,2422F2
hsq-fe550e2006,type uitgesloten (Bikes); geen prijs,2460F3
hsq-fe550e2006,type uitgesloten (Bikes); geen prijs,2475F3
hsq-fe550e2007,type uitgesloten (Bikes); geen prijs,2403G2
hsq-fe550e2007,type uitgesloten (Bikes); geen prijs,2460G3
hsq-fe550e2007,type uitgesloten (Bikes); geen prijs,2475G3
hsq-fe550e2008,type uitgesloten (Bikes); geen prijs,2403H3
hsq-fe550e2008,type uitgesloten (Bikes); geen prijs,2460H3
hsq-fe550e2008,type uitgesloten (Bikes); geen prijs,2475H3
hsq-fe5702009,type uitgesloten (Bikes); geen prijs,2403I3
hsq-fe5702009,type uitgesloten (Bikes); geen prijs,2460I3
hsq-fe5702009,type uitgesloten (Bikes); geen prijs,2475I3
hsq-fe5702010,type uitgesloten (Bikes); geen prijs,2403J3
hsq-fe5702010,type uitgesloten (Bikes); geen prijs,2460J3
hsq-fe5702010,type uitgesloten (Bikes); geen prijs,2475J3
hsq-fe5702011,type uitgesloten (Bikes); geen prijs,2403K3
hsq-fe5702011,type uitgesloten (Bikes); geen prijs,2460K3
hsq-fe5702011,type uitgesloten (Bikes); geen prijs,2475K3
hsq-fe5702012,type uitgesloten (Bikes); geen prijs,2403L3
hsq-fe5702012,type uitgesloten (Bikes); geen prijs,2460L3
hsq-fe650c2007,type uitgesloten (Bikes); geen prijs,2503G3
hsq-fe650c2007,type uitgesloten (Bikes); geen prijs,2575G3
hsq-fe650e2005,type uitgesloten (Bikes); geen prijs,2503E3
hsq-fe650e2005,type uitgesloten (Bikes); geen prijs,2522E3
hsq-fe650e2005,type uitgesloten (Bikes); geen prijs,2575E3
hsq-fe650e2006,type uitgesloten (Bikes); geen prijs,2503F3
hsq-fe650e2006,type uitgesloten (Bikes); geen prijs,2575F3
hsq-fe650e2008,type uitgesloten (Bikes); geen prijs,2503H3
hsq-fe650e2008,type uitgesloten (Bikes); geen prijs,2575H3
hsq-fs450e2005,type uitgesloten (Bikes); geen prijs,2303E4
hsq-fs450e2005,type uitgesloten (Bikes); geen prijs,2322E4
hsq-fs450e2006,type uitgesloten (Bikes); geen prijs,2303F4
hsq-fs450e2006,type uitgesloten (Bikes); geen prijs,2322F4
hsq-fs5702010,type uitgesloten (Bikes); geen prijs,2403J0
hsq-fs5702010,type uitgesloten (Bikes); geen prijs,2460J0
hsq-fs5702011,type uitgesloten (Bikes); geen prijs,2403K0
hsq-fs5702011,type uitgesloten (Bikes); geen prijs,2475K0
hsq-fs650e2005,type uitgesloten (Bikes); geen prijs,2503E4
hsq-fs650e2005,type uitgesloten (Bikes); geen prijs,2522E4
hsq-fs650e2006,type uitgesloten (Bikes); geen prijs,2503F4
hsq-fs650e2006,type uitgesloten (Bikes); geen prijs,2522F4
hsq-fs650e2007,type uitgesloten (Bikes); geen prijs,2503G4
hsq-fs650e2007,type uitgesloten (Bikes); geen prijs,2522G4
hsq-hqv0031xx,status 80,HQV0031DE
hsq-hqv0031xx,status 80,HQV0031EN
hsq-hqv0031xx,status 80,HQV0031ES
hsq-hqv0031xx,status 80,HQV0031FR
hsq-hqv0031xx,status 80,HQV0031IT
hsq-hqv0043xx,status 80,HQV0043DE
hsq-hqv0043xx,status 80,HQV0043EN
hsq-hqv0043xx,status 80,HQV0043ES
hsq-hqv0043xx,status 80,HQV0043FR
hsq-hqv0048,status 80,HQV0048
hsq-hqv0118,status 80,HQV0118
hsq-hqv0124,status 80,HQV0124
hsq-hqv0125,type uitgesloten (Archive); status 80,HQV0125
hsq-hqv0126,status 80,HQV0126
hsq-hqv0131,status 80,HQV0131
hsq-hqv0132,status 80,HQV0132
hsq-hqv0200,type uitgesloten (Archive); geen verkoopbare variant in productgroep (prijs/type/status),HQV0200
hsq-hqv0201,type uitgesloten (Archive); geen verkoopbare variant in productgroep (prijs/type/status),HQV0201
hsq-hqv0202,type uitgesloten (Archive); geen verkoopbare variant in productgroep (prijs/type/status),HQV0202
hsq-hqv0203,type uitgesloten (Archive); geen verkoopbare variant in productgroep (prijs/type/status),HQV0203
hsq-hqv0204,type uitgesloten (Archive); geen verkoopbare variant in productgroep (prijs/type/status),HQV0204
hsq-hqv170045int,type uitgesloten (Archive); geen verkoopbare variant in productgroep (prijs/type/status),HQV170045INT
hsq-hqv170097int,status 80,HQV170097INT
hsq-hqv180002at,type uitgesloten (Pricelists); status 80,HQV180002AT
hsq-hqv180002at,type uitgesloten (Pricelists); status 80,HQV180002BE-EN
hsq-hqv180002at,type uitgesloten (Pricelists); status 80,HQV180002BE-FR
hsq-hqv180002at,type uitgesloten (Pricelists); status 80,HQV180002CH-DE
hsq-hqv180002at,type uitgesloten (Pricelists); status 80,HQV180002CH-FR
hsq-hqv180002at,type uitgesloten (Pricelists); status 80,HQV180002CH-IT
hsq-hqv180002at,type uitgesloten (Pricelists); status 80,HQV180002CZ
hsq-hqv180002at,type uitgesloten (Pricelists); status 80,HQV180002DE
hsq-hqv180002at,type uitgesloten (Pricelists); status 80,HQV180002DK
hsq-hqv180002at,type uitgesloten (Pricelists); status 80,HQV180002ES
hsq-hqv180002at,type uitgesloten (Pricelists); status 80,HQV180002FIN
hsq-hqv180002at,type uitgesloten (Pricelists); status 80,HQV180002FR
hsq-hqv180002at,type uitgesloten (Pricelists); status 80,HQV180002GR
hsq-hqv180002at,type uitgesloten (Pricelists); status 80,HQV180002HU
hsq-hqv180002at,type uitgesloten (Pricelists); status 80,HQV180002IT
hsq-hqv180002at,type uitgesloten (Pricelists); status 80,HQV180002JP
hsq-hqv180002at,type uitgesloten (Pricelists); status 80,HQV180002NL
hsq-hqv180002at,type uitgesloten (Pricelists); status 80,HQV180002NO
hsq-hqv180002at,type uitgesloten (Pricelists); status 80,HQV180002PL
hsq-hqv180002at,type uitgesloten (Pricelists); status 80,HQV180002SE
hsq-hqv180002at,type uitgesloten (Pricelists); status 80,HQV180002SI
hsq-hqv180002at,type uitgesloten (Pricelists); status 80,HQV180002SLK
hsq-hqv180002at,type uitgesloten (Pricelists); status 80,HQV180002UK
hsq-hqv180003xx,status 80,HQV180003DE
hsq-hqv180003xx,status 80,HQV180003EN
hsq-hqv180003xx,status 80,HQV180003ES
hsq-hqv180003xx,status 80,HQV180003FR
hsq-hqv180003xx,status 80,HQV180003IT
hsq-hqv180004xx,status 80,HQV180004DE
hsq-hqv180004xx,status 80,HQV180004EN
hsq-hqv180004xx,status 80,HQV180004ES
hsq-hqv180004xx,status 80,HQV180004FR
hsq-hqv180004xx,status 80,HQV180004FRA
hsq-hqv180004xx,status 80,HQV180004IT
hsq-hqv180005xx,status 80,HQV180005EN
hsq-hqv180005xx,status 80,HQV180005FRA
hsq-hqv180006xx,status 80,HQV180006DE
hsq-hqv180006xx,status 80,HQV180006EN
hsq-hqv180006xx,status 80,HQV180006ES
hsq-hqv180006xx,status 80,HQV180006FR
hsq-hqv180006xx,status 80,HQV180006FRA
hsq-hqv180006xx,status 80,HQV180006IT
hsq-hqv180009,type uitgesloten (Pricelists); status 80,HQV180009AT
hsq-hqv180009,type uitgesloten (Pricelists); status 80,HQV180009BE-EN
hsq-hqv180009,type uitgesloten (Pricelists); status 80,HQV180009BE-FR
hsq-hqv180009,type uitgesloten (Pricelists); status 80,HQV180009CH-DE
hsq-hqv180009,type uitgesloten (Pricelists); status 80,HQV180009CH-FR
hsq-hqv180009,type uitgesloten (Pricelists); status 80,HQV180009CH-IT
hsq-hqv180009,type uitgesloten (Pricelists); status 80,HQV180009CZ
hsq-hqv180009,type uitgesloten (Pricelists); status 80,HQV180009DE
hsq-hqv180009,type uitgesloten (Pricelists); status 80,HQV180009DK
hsq-hqv180009,type uitgesloten (Pricelists); status 80,HQV180009ES
hsq-hqv180009,type uitgesloten (Pricelists); status 80,HQV180009FIN
hsq-hqv180009,type uitgesloten (Pricelists); status 80,HQV180009FR
hsq-hqv180009,type uitgesloten (Pricelists); status 80,HQV180009GR
hsq-hqv180009,type uitgesloten (Pricelists); status 80,HQV180009HU
hsq-hqv180009,type uitgesloten (Pricelists); status 80,HQV180009IT
hsq-hqv180009,type uitgesloten (Pricelists); status 80,HQV180009JP
hsq-hqv180009,type uitgesloten (Pricelists); status 80,HQV180009NL
hsq-hqv180009,type uitgesloten (Pricelists); status 80,HQV180009NO
hsq-hqv180009,type uitgesloten (Pricelists); status 80,HQV180009PL
hsq-hqv180009,type uitgesloten (Pricelists); status 80,HQV180009SE
hsq-hqv180009,type uitgesloten (Pricelists); status 80,HQV180009SI
hsq-hqv180009,type uitgesloten (Pricelists); status 80,HQV180009SLK
hsq-hqv180009,type uitgesloten (Pricelists); status 80,HQV180009UK
hsq-hqv180010xx,status 80,HQV180010EN/DE
hsq-hqv180010xx,status 80,HQV180010EN/ES
hsq-hqv180010xx,status 80,HQV180010FR/IT
hsq-hqv180011xx,status 80,HQV180011AT
hsq-hqv180011xx,status 80,HQV180011BE-EN
hsq-hqv180011xx,status 80,HQV180011CH-DE
hsq-hqv180011xx,status 80,HQV180011CH-FR
hsq-hqv180011xx,status 80,HQV180011CH-IT
hsq-hqv180011xx,status 80,HQV180011CZ-EN
hsq-hqv180011xx,status 80,HQV180011DE
hsq-hqv180011xx,status 80,HQV180011DK-EN
hsq-hqv180011xx,status 80,HQV180011EE-EN
hsq-hqv180011xx,status 80,HQV180011ES
hsq-hqv180011xx,status 80,HQV180011FI-EN
hsq-hqv180011xx,status 80,HQV180011FR
hsq-hqv180011xx,status 80,HQV180011HU-EN
hsq-hqv180011xx,status 80,HQV180011IT
hsq-hqv180011xx,status 80,HQV180011LV-EN
hsq-hqv180011xx,status 80,HQV180011NL-EN
hsq-hqv180011xx,status 80,HQV180011NO-EN
hsq-hqv180011xx,status 80,HQV180011PL-EN
hsq-hqv180011xx,status 80,HQV180011SE-EN
hsq-hqv180011xx,status 80,HQV180011SI-EN
hsq-hqv180011xx,status 80,HQV180011SK-EN
hsq-hqv180011xx,status 80,HQV180011UK-EN
hsq-hqv180011xx,status 80,HQV180011ZA-EN
hsq-hqv180012,status 80,HQV180012AT
hsq-hqv180012,status 80,HQV180012BE-EN
hsq-hqv180012,status 80,HQV180012CH-DE
hsq-hqv180012,status 80,HQV180012CH-FR
hsq-hqv180012,status 80,HQV180012CH-IT
hsq-hqv180012,status 80,HQV180012CZ-EN
hsq-hqv180012,status 80,HQV180012DE
hsq-hqv180012,status 80,HQV180012DK-EN
hsq-hqv180012,status 80,HQV180012EE-EN
hsq-hqv180012,status 80,HQV180012ES
hsq-hqv180012,status 80,HQV180012FI-EN
hsq-hqv180012,status 80,HQV180012FR
hsq-hqv180012,status 80,HQV180012HU-EN
hsq-hqv180012,status 80,HQV180012IT
hsq-hqv180012,status 80,HQV180012LV-EN
hsq-hqv180012,status 80,HQV180012NL-EN
hsq-hqv180012,status 80,HQV180012NO-EN
hsq-hqv180012,status 80,HQV180012PL-EN
hsq-hqv180012,status 80,HQV180012SE-EN
hsq-hqv180012,status 80,HQV180012SI-EN
hsq-hqv180012,status 80,HQV180012SK-EN
hsq-hqv180012,status 80,HQV180012UK-EN
hsq-hqv180012,status 80,HQV180012ZA-EN
hsq-hqv180015int,status 80,HQV180015INT
hsq-hqv180016int,status 80,HQV180016INT
hsq-hqv180019xx,status 80,HQV180019CZ
hsq-hqv180019xx,status 80,HQV180019DE-AT
hsq-hqv180019xx,status 80,HQV180019DE-CH
hsq-hqv180019xx,status 80,HQV180019DE-DE
hsq-hqv180019xx,status 80,HQV180019DK
hsq-hqv180019xx,status 80,HQV180019EE
hsq-hqv180019xx,status 80,HQV180019ES
hsq-hqv180019xx,status 80,HQV180019FI
hsq-hqv180019xx,status 80,HQV180019FR
hsq-hqv180019xx,status 80,HQV180019FR-BE
hsq-hqv180019xx,status 80,HQV180019FR-CH
hsq-hqv180019xx,status 80,HQV180019FRBL
hsq-hqv180019xx,status 80,HQV180019GR
hsq-hqv180019xx,status 80,HQV180019HU
hsq-hqv180019xx,status 80,HQV180019IT
hsq-hqv180019xx,status 80,HQV180019IT-CH
hsq-hqv180019xx,status 80,HQV180019LV
hsq-hqv180019xx,status 80,HQV180019NL
hsq-hqv180019xx,status 80,HQV180019NL-BE
hsq-hqv180019xx,status 80,HQV180019NO
hsq-hqv180019xx,status 80,HQV180019PL
hsq-hqv180019xx,status 80,HQV180019PT
hsq-hqv180019xx,status 80,HQV180019RO
hsq-hqv180019xx,status 80,HQV180019SE
hsq-hqv180019xx,status 80,HQV180019SI
hsq-hqv180019xx,status 80,HQV180019SK
hsq-hqv180019xx,status 80,HQV180019UK
hsq-hqv180019xx,status 80,HQV180027FR-RE
hsq-hqv190001xx,status 80,HQV190001DE/EN
hsq-hqv190001xx,status 80,HQV190001EN/ES
hsq-hqv190001xx,status 80,HQV190001IT/FR
hsq-hqv190002en,status 80,HQV190002EN
hsq-hqv190004xx,status 80,HQV190004EN/DE
hsq-hqv190004xx,status 80,HQV190004EN/ES
hsq-hqv190004xx,status 80,HQV190004FR/IT
hsq-hqv190007xx,status 80,HQV190007EN/DE
hsq-hqv190007xx,status 80,HQV190007EN/ES
hsq-hqv190007xx,status 80,HQV190007FR/IT
hsq-hqv190011xx,status 80,HQV190011DE
hsq-hqv190011xx,status 80,HQV190011EN
hsq-hqv190011xx,status 80,HQV190011ES
hsq-hqv190011xx,status 80,HQV190011FR
hsq-hqv190011xx,status 80,HQV190011IT
hsq-hqv190012xx,status 80,HQV190012DE
hsq-hqv190012xx,status 80,HQV190012EN
hsq-hqv190012xx,status 80,HQV190012ES
hsq-hqv190012xx,status 80,HQV190012FR
hsq-hqv190012xx,status 80,HQV190012IT
hsq-hqv190013en,status 80,HQV190013EN
hsq-hqv190014xx,status 80,HQV190014DE
hsq-hqv190014xx,status 80,HQV190014EN
hsq-hqv190014xx,status 80,HQV190014ES
hsq-hqv190014xx,status 80,HQV190014FR
hsq-hqv190014xx,status 80,HQV190014IT
hsq-hqv190015xx,status 80,HQV190015DE
hsq-hqv190015xx,status 80,HQV190015EN
hsq-hqv190015xx,status 80,HQV190015ES
hsq-hqv190015xx,status 80,HQV190015FR
hsq-hqv190015xx,status 80,HQV190015IT
hsq-hqv190016xx,status 80,HQV190016DE
hsq-hqv190016xx,status 80,HQV190016EN
hsq-hqv190016xx,status 80,HQV190016ES
hsq-hqv190016xx,status 80,HQV190016FR
hsq-hqv190016xx,status 80,HQV190016IT
hsq-hqv190019xx,status 80,HQV190019EN/DE
hsq-hqv190019xx,status 80,HQV190019EN/ES
hsq-hqv190019xx,status 80,HQV190019FR/IT
hsq-hqv190020xx,status 80,HQV190020EN/DE
hsq-hqv190020xx,status 80,HQV190020EN/ES
hsq-hqv190020xx,status 80,HQV190020FR/IT
hsq-hqv200001xx,status 80,HQV200001EN/DE
hsq-hqv200001xx,status 80,HQV200001EN/ES
hsq-hqv200001xx,status 80,HQV200001FR/IT
hsq-hqv200002xx,status 80,HQV200002EN/DE
hsq-hqv200002xx,status 80,HQV200002EN/ES
hsq-hqv200002xx,status 80,HQV200002FR/IT
hsq-hqv200005xx,status 80,HQV200005DE
hsq-hqv200005xx,status 80,HQV200005EN
hsq-hqv200005xx,status 80,HQV200005ES
hsq-hqv200005xx,status 80,HQV200005FR
hsq-hqv200005xx,status 80,HQV200005FRA
hsq-hqv200005xx,status 80,HQV200005IT
hsq-hqv200006xx,status 80,HQV200006DE
hsq-hqv200006xx,status 80,HQV200006EN
hsq-hqv200006xx,status 80,HQV200006ES
hsq-hqv200006xx,status 80,HQV200006FR
hsq-hqv200006xx,status 80,HQV200006IT
hsq-hqv200007xx,status 80,HQV200007DE
hsq-hqv200007xx,status 80,HQV200007EN
hsq-hqv200007xx,status 80,HQV200007ES
hsq-hqv200007xx,status 80,HQV200007FR
hsq-hqv200007xx,status 80,HQV200007IT
hsq-hqv200008xx,status 80,HQV200008DE
hsq-hqv200008xx,status 80,HQV200008EN
hsq-hqv200008xx,status 80,HQV200008ES
hsq-hqv200008xx,status 80,HQV200008FRA
hsq-hqv200008xx,status 80,HQV200008IT
hsq-hqv200009xx,status 80,HQV200009DE
hsq-hqv200009xx,status 80,HQV200009EN
hsq-hqv200009xx,status 80,HQV200009ES
hsq-hqv200009xx,status 80,HQV200009FR
hsq-hqv200009xx,status 80,HQV200009IT
hsq-hqv200010xx,status 80,HQV200010DE
hsq-hqv200010xx,status 80,HQV200010EN
hsq-hqv200010xx,status 80,HQV200010ES
hsq-hqv200010xx,status 80,HQV200010FR
hsq-hqv200010xx,status 80,HQV200010IT
hsq-hqv200011xx,status 80,HQV200011EN/DE
hsq-hqv200011xx,status 80,HQV200011EN/ES
hsq-hqv200011xx,status 80,HQV200011FR/IT
hsq-hqv200012xx,status 80,HQV200012EN/DE
hsq-hqv200012xx,status 80,HQV200012EN/ES
hsq-hqv200012xx,status 80,HQV200012FR/IT
hsq-hqv210001xx,status 80,HQV210001DE
hsq-hqv210001xx,status 80,HQV210001EN
hsq-hqv210001xx,status 80,HQV210001ES
hsq-hqv210001xx,status 80,HQV210001FR
hsq-hqv210001xx,status 80,HQV210001IT
hsq-hqv210002xx,status 80,HQV210002DE
hsq-hqv210002xx,status 80,HQV210002EN
hsq-hqv210002xx,status 80,HQV210002ES
hsq-hqv210002xx,status 80,HQV210002FR
hsq-hqv210002xx,status 80,HQV210002IT
hsq-hqv210003xx,status 80,HQV210003EN/DE
hsq-hqv210003xx,status 80,HQV210003EN/ES
hsq-hqv210003xx,status 80,HQV210003FR/IT
hsq-hqv210004xx,status 80,HQV210004DE
hsq-hqv210004xx,status 80,HQV210004EN
hsq-hqv210004xx,status 80,HQV210004ES
hsq-hqv210004xx,status 80,HQV210004FR
hsq-hqv210004xx,status 80,HQV210004IT
hsq-hqv210006xx,status 80,HQV210006DE
hsq-hqv210006xx,status 80,HQV210006EN
hsq-hqv210006xx,status 80,HQV210006ES
hsq-hqv210006xx,status 80,HQV210006FR
hsq-hqv210006xx,status 80,HQV210006IT
hsq-hqv210007xx,status 80,HQV210007DE
hsq-hqv210007xx,status 80,HQV210007EN
hsq-hqv210007xx,status 80,HQV210007ES
hsq-hqv210007xx,status 80,HQV210007FR
hsq-hqv210007xx,status 80,HQV210007IT
hsq-hqv210009xx,status 80,HQV210009DE
hsq-hqv210009xx,status 80,HQV210009EN
hsq-hqv210009xx,status 80,HQV210009ES
hsq-hqv210009xx,status 80,HQV210009FR
hsq-hqv210009xx,status 80,HQV210009IT
hsq-hqv210011xx,status 80,HQV210011ENDE
hsq-hqv210011xx,status 80,HQV210011ENES
hsq-hqv210011xx,status 80,HQV210011FRIT
hsq-hqv210012int,status 80,HQV210012INT
hsq-hqv220001xx,status 80,HQV220001DE
hsq-hqv220001xx,status 80,HQV220001EN
hsq-hqv220001xx,status 80,HQV220001ES
hsq-hqv220001xx,status 80,HQV220001FR
hsq-hqv220001xx,status 80,HQV220001IT
hsq-hqv220002xx,status 80,HQV220002DE
hsq-hqv220002xx,status 80,HQV220002EN
hsq-hqv220002xx,status 80,HQV220002ES
hsq-hqv220002xx,status 80,HQV220002FR
hsq-hqv220002xx,status 80,HQV220002IT
hsq-hqv220003xx,status 80,HQV220003DE
hsq-hqv220003xx,status 80,HQV220003EN
hsq-hqv220003xx,status 80,HQV220003ES
hsq-hqv220003xx,status 80,HQV220003FR
hsq-hqv220003xx,status 80,HQV220003IT
hsq-hqv220004xx,status 80,HQV220004DE
hsq-hqv220004xx,status 80,HQV220004EN
hsq-hqv220004xx,status 80,HQV220004ES
hsq-hqv220004xx,status 80,HQV220004FR
hsq-hqv220004xx,status 80,HQV220004IT
hsq-hqv220005xx,status 80,HQV220005DE
hsq-hqv220005xx,status 80,HQV220005EN
hsq-hqv220005xx,status 80,HQV220005ES
hsq-hqv220005xx,status 80,HQV220005FR
hsq-hqv220005xx,status 80,HQV220005IT
hsq-hqv220008int,status 80,HQV220008INT
hsq-hqv220009xx,status 80,HQV220009DE
hsq-hqv220009xx,status 80,HQV220009EN
hsq-hqv220009xx,status 80,HQV220009ES
hsq-hqv220009xx,status 80,HQV220009FR
hsq-hqv220009xx,status 80,HQV220009IT
hsq-hqv230001au,geen prijs,HQV230001AU
hsq-hqv230002xx,status 80,HQV230002DE
hsq-hqv230002xx,status 80,HQV230002EN
hsq-hqv230002xx,status 80,HQV230002ES
hsq-hqv230002xx,status 80,HQV230002FR
hsq-hqv230002xx,status 80,HQV230002IT
hsq-hra3510001,status 80,HRA3510001
hsq-hra3510002,status 80,HRA3510002
hsq-hra3510003,status 80,HRA3510003
hsq-hra3510004,status 80,HRA3510004
hsq-hra3510005,status 80,HRA3510005
hsq-hra3510006,status 80,HRA3510006
hsq-hra3510007,status 80,HRA3510007
hsq-hra3510008,status 80,HRA3510008
hsq-hra3510009,status 80,HRA3510009
hsq-hra3510010,status 80,HRA3510010
hsq-hra3510023,status 80,HRA3510023
hsq-hra3510024,status 80,HRA3510024
hsq-hra3510025,status 80,HRA3510025
hsq-hra3510026,status 80,HRA3510026
hsq-hsfunct,geen prijs,3HS192540X
hsq-hsfunct,status 80,3HS192820008
hsq-hvp3x3qskt1,geen prijs,HVP3X3QSKT1
hsq-hvp6x3qskt1,geen prijs,HVP6X3QSKT1
hsq-norden9012022,type uitgesloten (Bikes); geen prijs,F2803V1
hsq-norden9012022,type uitgesloten (Bikes); geen prijs,F2842V1
hsq-norden9012022,type uitgesloten (Bikes); geen prijs,F2875V1
hsq-norden9012023,type uitgesloten (Bikes); geen prijs,F2803W1
hsq-norden9012023,type uitgesloten (Bikes); geen prijs,F2842W1
hsq-norden9012023,type uitgesloten (Bikes); geen prijs,F2875W1
hsq-norden9012023,type uitgesloten (Bikes); geen prijs,F2887W1
hsq-norden9012023,type uitgesloten (Bikes); geen prijs,F2888W1
hsq-norden9012024,type uitgesloten (Bikes); geen prijs,2887X1_FTI
hsq-norden9012024,type uitgesloten (Bikes); geen prijs,2887X1_KAMMI
hsq-norden9012024,type uitgesloten (Bikes); geen prijs,2888X1_FTI
hsq-norden9012024,type uitgesloten (Bikes); geen prijs,2888X1_KAMMI
hsq-norden9012024,type uitgesloten (Bikes); geen prijs,F2803X1
hsq-norden9012024,type uitgesloten (Bikes); geen prijs,F2842X1
hsq-norden9012024,type uitgesloten (Bikes); geen prijs,F2875X1
hsq-norden9012024,type uitgesloten (Bikes); geen prijs,F2887X1
hsq-norden9012024,type uitgesloten (Bikes); geen prijs,F2888X1
hsq-norden9012025,type uitgesloten (Bikes); geen prijs,F2803Y1
hsq-norden9012025,type uitgesloten (Bikes); geen prijs,F2875Y1
hsq-norden9012026,type uitgesloten (Bikes); geen prijs,F2803Z1
hsq-norden9012026,type uitgesloten (Bikes); geen prijs,F2842Z1
hsq-norden9012026,type uitgesloten (Bikes); geen prijs,F2875Z1
hsq-norden901exp2023,type uitgesloten (Bikes); geen prijs,F2803W2
hsq-norden901exp2023,type uitgesloten (Bikes); geen prijs,F2875W2
hsq-norden901exp2024,type uitgesloten (Bikes); geen prijs,2887X2_FTI
hsq-norden901exp2024,type uitgesloten (Bikes); geen prijs,2887X2_KAMMI
hsq-norden901exp2024,type uitgesloten (Bikes); geen prijs,F2803X2
hsq-norden901exp2024,type uitgesloten (Bikes); geen prijs,F2875X2
hsq-norden901exp2024,type uitgesloten (Bikes); geen prijs,F2887X2
hsq-norden901exp2025,type uitgesloten (Bikes); geen prijs,F2803Y2
hsq-norden901exp2025,type uitgesloten (Bikes); geen prijs,F2840Y2
hsq-norden901exp2025,type uitgesloten (Bikes); geen prijs,F2875Y2
hsq-norden901exp2026,type uitgesloten (Bikes); geen prijs,F2803Z2
hsq-norden901exp2026,type uitgesloten (Bikes); geen prijs,F2840Z2
hsq-norden901exp2026,type uitgesloten (Bikes); geen prijs,F2875Z2
hsq-pioneer2025,type uitgesloten (Bikes); geen prijs,F3003Y2
hsq-pioneer2025,type uitgesloten (Bikes); geen prijs,F3075Y2
hsq-s80992001x,geen prijs,S809920013S0000
hsq-s80992001x,geen prijs,S809920014S0000
hsq-s80992001x,geen prijs,S809920015S0000
hsq-s92082000100000,geen afbeeldingen (geen bestand onder input/ of geen geldige CDN-URL na upload),S92082000100000
hsq-sh159801,status 80,SH159801
hsq-sh159803,status 80,SH159803
hsq-skutta2024,type uitgesloten (Bikes); geen prijs,F3003X5
hsq-skutta2024,type uitgesloten (Bikes); geen prijs,F3003X6
hsq-skutta2024,type uitgesloten (Bikes); geen prijs,F3075X6
hsq-spab16g423m118b,geen afbeeldingen (geen bestand onder input/ of geen geldige CDN-URL na upload),SPAB16G423M118B
hsq-spmv8000b9255,geen prijs,SPMV8000B9255
hsq-svartpilen1252021,type uitgesloten (Bikes); geen prijs,F1003U5
hsq-svartpilen1252021,type uitgesloten (Bikes); geen prijs,F1003U5B
hsq-svartpilen1252021,type uitgesloten (Bikes); geen prijs,F1003U6
hsq-svartpilen1252022,type uitgesloten (Bikes); geen prijs,F1003V5
hsq-svartpilen1252022,type uitgesloten (Bikes); geen prijs,F1003V5B
hsq-svartpilen1252022,type uitgesloten (Bikes); geen prijs,F1003V6
hsq-svartpilen1252022,type uitgesloten (Bikes); geen prijs,F1022V5
hsq-svartpilen1252022,type uitgesloten (Bikes); geen prijs,F1086V6
hsq-svartpilen1252023,type uitgesloten (Bikes); geen prijs,F1003W5
hsq-svartpilen1252023,type uitgesloten (Bikes); geen prijs,F1022W6
hsq-svartpilen1252023,type uitgesloten (Bikes); geen prijs,F1086W6
hsq-svartpilen1252024,type uitgesloten (Bikes); geen prijs,F1003X5
hsq-svartpilen1252024,type uitgesloten (Bikes); geen prijs,F1003X5B
hsq-svartpilen1252024,type uitgesloten (Bikes); geen prijs,F1003X6
hsq-svartpilen1252024,type uitgesloten (Bikes); geen prijs,F1022X6
hsq-svartpilen1252024,type uitgesloten (Bikes); geen prijs,F1086X6
hsq-svartpilen2002021,type uitgesloten (Bikes); geen prijs,F1103U5
hsq-svartpilen2002021,type uitgesloten (Bikes); geen prijs,F1103U5L
hsq-svartpilen2002021,type uitgesloten (Bikes); geen prijs,F1141U5
hsq-svartpilen2002021,type uitgesloten (Bikes); geen prijs,F1142U5
hsq-svartpilen2002021,type uitgesloten (Bikes); geen prijs,F1182U5
hsq-svartpilen2002021,type uitgesloten (Bikes); geen prijs,F1188U5
hsq-svartpilen2002022,type uitgesloten (Bikes); geen prijs,F1103V5
hsq-svartpilen2002022,type uitgesloten (Bikes); geen prijs,F1103V5L
hsq-svartpilen2002022,type uitgesloten (Bikes); geen prijs,F1103V6
hsq-svartpilen2002022,type uitgesloten (Bikes); geen prijs,F1141V5
hsq-svartpilen2002022,type uitgesloten (Bikes); geen prijs,F1142V5
hsq-svartpilen2002022,type uitgesloten (Bikes); geen prijs,F1182V5
hsq-svartpilen2002022,type uitgesloten (Bikes); geen prijs,F1183V5K
hsq-svartpilen2002022,type uitgesloten (Bikes); geen prijs,F1188V5
hsq-svartpilen2002022,type uitgesloten (Bikes); geen prijs,F1188V6
hsq-svartpilen2002022,type uitgesloten (Bikes); geen prijs,F1188V6K
hsq-svartpilen2002022,type uitgesloten (Bikes); geen prijs,F1189V5
hsq-svartpilen2002023,type uitgesloten (Bikes); geen prijs,F1103W5
hsq-svartpilen2002023,type uitgesloten (Bikes); geen prijs,F1103W5L
hsq-svartpilen2002023,type uitgesloten (Bikes); geen prijs,F1141W5
hsq-svartpilen2002023,type uitgesloten (Bikes); geen prijs,F1142W5
hsq-svartpilen2002023,type uitgesloten (Bikes); geen prijs,F1182W5
hsq-svartpilen2502021,type uitgesloten (Bikes); geen prijs,F1203U5
hsq-svartpilen2502021,type uitgesloten (Bikes); geen prijs,F1203U5L
hsq-svartpilen2502021,type uitgesloten (Bikes); geen prijs,F1283U5
hsq-svartpilen2502021,type uitgesloten (Bikes); geen prijs,F1286U5
hsq-svartpilen2502021,type uitgesloten (Bikes); geen prijs,F1287U5
hsq-svartpilen2502021,type uitgesloten (Bikes); geen prijs,F1288U5
hsq-svartpilen2502022,type uitgesloten (Bikes); geen prijs,F1203V5
hsq-svartpilen2502022,type uitgesloten (Bikes); geen prijs,F1203V5L
hsq-svartpilen2502022,type uitgesloten (Bikes); geen prijs,F1203V6
hsq-svartpilen2502022,type uitgesloten (Bikes); geen prijs,F1283V5
hsq-svartpilen2502022,type uitgesloten (Bikes); geen prijs,F1283V5K
hsq-svartpilen2502022,type uitgesloten (Bikes); geen prijs,F1286V5
hsq-svartpilen2502022,type uitgesloten (Bikes); geen prijs,F1287V5
hsq-svartpilen2502022,type uitgesloten (Bikes); geen prijs,F1288V5
hsq-svartpilen2502022,type uitgesloten (Bikes); geen prijs,F1288V6
hsq-svartpilen2502022,type uitgesloten (Bikes); geen prijs,F1288V6K
hsq-svartpilen2502023,type uitgesloten (Bikes); geen prijs,F1203W5
hsq-svartpilen2502023,type uitgesloten (Bikes); geen prijs,F1203W5L
hsq-svartpilen2502023,type uitgesloten (Bikes); geen prijs,F1203W6
hsq-svartpilen2502023,type uitgesloten (Bikes); geen prijs,F1286W5
hsq-svartpilen2502023,type uitgesloten (Bikes); geen prijs,F1288W6
hsq-svartpilen2502024,type uitgesloten (Bikes); geen prijs,F1203X5
hsq-svartpilen2502024,type uitgesloten (Bikes); geen prijs,F1203X5L
hsq-svartpilen2502024,type uitgesloten (Bikes); geen prijs,F1242X5
hsq-svartpilen2502024,type uitgesloten (Bikes); geen prijs,F1275X5
hsq-svartpilen2502024,type uitgesloten (Bikes); geen prijs,F1286X5
hsq-svartpilen2502024,type uitgesloten (Bikes); geen prijs,F1288X6
hsq-svartpilen2502024,type uitgesloten (Bikes); geen prijs,F1288X6K
hsq-svartpilen2502025,type uitgesloten (Bikes); geen prijs,F1202Y5
hsq-svartpilen2502025,type uitgesloten (Bikes); geen prijs,F1202Y5L
hsq-svartpilen2502025,type uitgesloten (Bikes); geen prijs,F1275Y5
hsq-svartpilen2502025,type uitgesloten (Bikes); geen prijs,F1286Y5
hsq-svartpilen4012019,type uitgesloten (Bikes); geen prijs,F2303S2
hsq-svartpilen4012019,type uitgesloten (Bikes); geen prijs,F2342S2
hsq-svartpilen4012019,type uitgesloten (Bikes); geen prijs,F2375S2
hsq-svartpilen4012021,type uitgesloten (Bikes); geen prijs,F1303U5
hsq-svartpilen4012021,type uitgesloten (Bikes); geen prijs,F1303U6
hsq-svartpilen4012021,type uitgesloten (Bikes); geen prijs,F1303U6L
hsq-svartpilen4012021,type uitgesloten (Bikes); geen prijs,F1341U5
hsq-svartpilen4012021,type uitgesloten (Bikes); geen prijs,F1342U5
hsq-svartpilen4012021,type uitgesloten (Bikes); geen prijs,F1360U5
hsq-svartpilen4012021,type uitgesloten (Bikes); geen prijs,F1375U5
hsq-svartpilen4012021,type uitgesloten (Bikes); geen prijs,F1382U5
hsq-svartpilen4012021,type uitgesloten (Bikes); geen prijs,F1383U5
hsq-svartpilen4012021,type uitgesloten (Bikes); geen prijs,F1386U5
hsq-svartpilen4012021,type uitgesloten (Bikes); geen prijs,F1387U5
hsq-svartpilen4012021,type uitgesloten (Bikes); geen prijs,F1389U5
hsq-svartpilen4012022,type uitgesloten (Bikes); geen prijs,F1303V5
hsq-svartpilen4012022,type uitgesloten (Bikes); geen prijs,F1303V5B
hsq-svartpilen4012022,type uitgesloten (Bikes); geen prijs,F1303V6
hsq-svartpilen4012022,type uitgesloten (Bikes); geen prijs,F1303V6L
hsq-svartpilen4012022,type uitgesloten (Bikes); geen prijs,F1322V6
hsq-svartpilen4012022,type uitgesloten (Bikes); geen prijs,F1341V5
hsq-svartpilen4012022,type uitgesloten (Bikes); geen prijs,F1342V5
hsq-svartpilen4012022,type uitgesloten (Bikes); geen prijs,F1360V5
hsq-svartpilen4012022,type uitgesloten (Bikes); geen prijs,F1375V5
hsq-svartpilen4012022,type uitgesloten (Bikes); geen prijs,F1375V5L
hsq-svartpilen4012022,type uitgesloten (Bikes); geen prijs,F1382V5
hsq-svartpilen4012022,type uitgesloten (Bikes); geen prijs,F1383V5K
hsq-svartpilen4012022,type uitgesloten (Bikes); geen prijs,F1386V5
hsq-svartpilen4012022,type uitgesloten (Bikes); geen prijs,F1387V5
hsq-svartpilen4012022,type uitgesloten (Bikes); geen prijs,F1387V5K
hsq-svartpilen4012022,type uitgesloten (Bikes); geen prijs,F1388V6
hsq-svartpilen4012022,type uitgesloten (Bikes); geen prijs,F1388V6K
hsq-svartpilen4012023,type uitgesloten (Bikes); geen prijs,F1303W5
hsq-svartpilen4012023,type uitgesloten (Bikes); geen prijs,F1303W6
hsq-svartpilen4012023,type uitgesloten (Bikes); geen prijs,F1303W6L
hsq-svartpilen4012023,type uitgesloten (Bikes); geen prijs,F1322W6
hsq-svartpilen4012023,type uitgesloten (Bikes); geen prijs,F1341W5
hsq-svartpilen4012023,type uitgesloten (Bikes); geen prijs,F1342W5
hsq-svartpilen4012023,type uitgesloten (Bikes); geen prijs,F1375W5
hsq-svartpilen4012023,type uitgesloten (Bikes); geen prijs,F1382W5
hsq-svartpilen4012023,type uitgesloten (Bikes); geen prijs,F1386W5
hsq-svartpilen4012023,type uitgesloten (Bikes); geen prijs,F1387W5
hsq-svartpilen4012023,type uitgesloten (Bikes); geen prijs,F1388W6
hsq-svartpilen4012024,type uitgesloten (Bikes); geen prijs,F1303X5
hsq-svartpilen4012024,type uitgesloten (Bikes); geen prijs,F1303X5B
hsq-svartpilen4012024,type uitgesloten (Bikes); geen prijs,F1303X6
hsq-svartpilen4012024,type uitgesloten (Bikes); geen prijs,F1303X6L
hsq-svartpilen4012024,type uitgesloten (Bikes); geen prijs,F1303X7
hsq-svartpilen4012024,type uitgesloten (Bikes); geen prijs,F1322X6
hsq-svartpilen4012024,type uitgesloten (Bikes); geen prijs,F1341X5
hsq-svartpilen4012024,type uitgesloten (Bikes); geen prijs,F1342X5
hsq-svartpilen4012024,type uitgesloten (Bikes); geen prijs,F1375X5
hsq-svartpilen4012024,type uitgesloten (Bikes); geen prijs,F1381X5
hsq-svartpilen4012024,type uitgesloten (Bikes); geen prijs,F1382X5
hsq-svartpilen4012024,type uitgesloten (Bikes); geen prijs,F1386X5
hsq-svartpilen4012024,type uitgesloten (Bikes); geen prijs,F1387X5
hsq-svartpilen4012024,type uitgesloten (Bikes); geen prijs,F1387X5K
hsq-svartpilen4012024,type uitgesloten (Bikes); geen prijs,F1388X6
hsq-svartpilen4012024,type uitgesloten (Bikes); geen prijs,F1388X6K
hsq-svartpilen4012025,type uitgesloten (Bikes); geen prijs,00JU0R6P
hsq-svartpilen4012025,type uitgesloten (Bikes); geen prijs,F1302Y6
hsq-svartpilen4012025,type uitgesloten (Bikes); geen prijs,F1302Y6L
hsq-svartpilen4012025,type uitgesloten (Bikes); geen prijs,F1303Y5
hsq-svartpilen4012025,type uitgesloten (Bikes); geen prijs,F1303Y7
hsq-svartpilen4012025,type uitgesloten (Bikes); geen prijs,F1322Y6
hsq-svartpilen4012025,type uitgesloten (Bikes); geen prijs,F1340Y5
hsq-svartpilen4012025,type uitgesloten (Bikes); geen prijs,F1341Y5
hsq-svartpilen4012025,type uitgesloten (Bikes); geen prijs,F1342Y5
hsq-svartpilen4012025,type uitgesloten (Bikes); geen prijs,F1375Y5
hsq-svartpilen4012025,type uitgesloten (Bikes); geen prijs,F1386Y5
hsq-svartpilen4012026,type uitgesloten (Bikes); geen prijs,F1302Z6
hsq-svartpilen4012026,type uitgesloten (Bikes); geen prijs,F1302Z6L
hsq-svartpilen4012026,type uitgesloten (Bikes); geen prijs,F1303Z5
hsq-svartpilen4012026,type uitgesloten (Bikes); geen prijs,F1342Z5
hsq-svartpilen4012026,type uitgesloten (Bikes); geen prijs,F1386Z5
hsq-svartpilen7012019,type uitgesloten (Bikes); geen prijs,F2603S5
hsq-svartpilen7012019,type uitgesloten (Bikes); geen prijs,F2675S5
hsq-svartpilen8012025,type uitgesloten (Bikes); geen prijs,F2703Y2
hsq-svartpilen8012025,type uitgesloten (Bikes); geen prijs,F2775Y2
hsq-sxs04250505,status 80,SXS04250505
hsq-sxs04250507,geen prijs,SXS04250507
hsq-sxs04250518,status 80,SXS04250518
hsq-sxs04540504,status 80,SXS04540504
hsq-sxs05085390,status 80,SXS05085390
hsq-sxs06250509,status 80,SXS06250509
hsq-sxs06450404,status 80,SXS06450404
hsq-sxs07125205,status 80,SXS07125205
hsq-sxs07125206,status 80,SXS07125206
hsq-sxs08125610,type uitgesloten (Archive); geen verkoopbare variant in productgroep (prijs/type/status),SXS08125610
hsq-sxs08530512,type uitgesloten (Archive); geen prijs,SXS08530512
hsq-sxs08530517,status 80,SXS08530517
hsq-sxs09300567,status 80,SXS09300567
hsq-sxs10450517,status 80,SXS10450517
hsq-sxs10450535,status 80,SXS10450535
hsq-sxs11125007,type uitgesloten (Archive); status 80,SXS11125007
hsq-sxs11150560,type uitgesloten (Archive); status 80,SXS11150560
hsq-sxs11300510,type uitgesloten (Archive); status 80,SXS11300510
hsq-sxs11530512,type uitgesloten (Archive); geen prijs,SXS11530512
hsq-sxs12150560,type uitgesloten (Archive); status 80,SXS12150560
hsq-sxs12250547,status 80,SXS12250547
hsq-sxs12250560,type uitgesloten (Archive); status 80,SXS12250560
hsq-sxs12300005,status 80,SXS12300005
hsq-sxs12300100,status 80,SXS12300100
hsq-sxs12350550,type uitgesloten (Archive); status 80,SXS12350550
hsq-sxs12450550,type uitgesloten (Archive); status 80,SXS12450550
hsq-sxs12500512,type uitgesloten (Archive); geen verkoopbare variant in productgroep (prijs/type/status),SXS12500512
hsq-sxs12500537,status 80,SXS12500537
hsq-sxs13065007,status 80,SXS13065007
hsq-sxs13085044,type uitgesloten (Archive); status 80,SXS13085044
hsq-sxs13085050,type uitgesloten (Archive); status 80,SXS13085050
hsq-sxs13085061,status 80,SXS13085061
hsq-sxs13085081,status 80,SXS13085081
hsq-sxs13105000,type uitgesloten (Archive); status 80,SXS13105000
hsq-sxs13125044,status 80,SXS13125044
hsq-sxs13125050,type uitgesloten (Archive); status 80,SXS13125050
hsq-sxs13125061,status 80,SXS13125061
hsq-sxs13125081,status 80,SXS13125081
hsq-sxs13250044,status 80,SXS13250044
hsq-sxs13250050,type uitgesloten (Archive); status 80,SXS13250050
hsq-sxs13250061,status 80,SXS13250061
hsq-sxs13250071,status 80,SXS13250071
hsq-sxs13250081,status 80,SXS13250081
hsq-sxs13250091,status 80,SXS13250091
hsq-sxs13300044,status 80,SXS13300044
hsq-sxs13300050,type uitgesloten (Archive); status 80,SXS13300050
hsq-sxs13300061,status 80,SXS13300061
hsq-sxs13300071,status 80,SXS13300071
hsq-sxs13300081,status 80,SXS13300081
hsq-sxs13450404,status 80,SXS13450404
hsq-sxs13450505,status 80,SXS13450505
hsq-sxs14300000,status 80,SXS14300000
hsq-sxs14300005,status 80,SXS14300005
hsq-sxs15085044,status 80,SXS15085044
hsq-sxs15125390,status 80,SXS15125390
hsq-sxs16125007,type uitgesloten (Archive); status 80,SXS16125007
hsq-sxs16125081,status 80,SXS16125081
hsq-sxs16150000,status 80,SXS16150000
hsq-sxs16150081,status 80,SXS16150081
hsq-sxs16150100,status 80,SXS16150100
hsq-sxs17300000,status 80,SXS17300000
hsq-sxs17300005,status 80,SXS17300005
hsq-sxs17300090,type uitgesloten (Archive); geen prijs,SXS17300090
hsq-sxs17300500,status 80,SXS17300500
hsq-t101s,geen afbeeldingen (geen bestand onder input/ of geen geldige CDN-URL na upload),T101S
hsq-t129,status 80,T129
hsq-t14083,geen prijs,T14083
hsq-t14099,geen prijs,T14099
hsq-t14105,geen prijs,T14105
hsq-t506,type uitgesloten (Archive); geen verkoopbare variant in productgroep (prijs/type/status),T506
hsq-t511,type uitgesloten (Archive); geen verkoopbare variant in productgroep (prijs/type/status),T511
hsq-tc1252026,type uitgesloten (Bikes); geen prijs,F2101Z0
hsq-tc1252026,type uitgesloten (Bikes); geen prijs,F2175Z0
hsq-te1252015,type uitgesloten (Bikes); geen prijs,F2103O8
hsq-te1252015,type uitgesloten (Bikes); geen prijs,F2175O8
hsq-te1252016,type uitgesloten (Bikes); geen prijs,F2103P8
hsq-te1252016,type uitgesloten (Bikes); geen prijs,F2175P8
hsq-te1502023,type uitgesloten (Bikes); geen prijs,F2103W9
hsq-te1502023,type uitgesloten (Bikes); geen prijs,F2175W9
hsq-te1502024,type uitgesloten (Bikes); geen prijs,F2103X9
hsq-te1502024,type uitgesloten (Bikes); geen prijs,F2175X9
hsq-te1502025,type uitgesloten (Bikes); geen prijs,F2103Y9
hsq-te1502025,type uitgesloten (Bikes); geen prijs,F2175Y9
hsq-te150i2020,type uitgesloten (Bikes); geen prijs,F2103T9
hsq-te150i2020,type uitgesloten (Bikes); geen prijs,F2175T9
hsq-te150i2021,type uitgesloten (Bikes); geen prijs,F2103U9
hsq-te150i2021,type uitgesloten (Bikes); geen prijs,F2175U9
hsq-te150i2022,type uitgesloten (Bikes); geen prijs,F2103V9
hsq-te150i2022,type uitgesloten (Bikes); geen prijs,F2175V9
hsq-te2502011,type uitgesloten (Bikes); geen prijs,2303K9
hsq-te2502011,type uitgesloten (Bikes); geen prijs,2360K9
hsq-te2502012,type uitgesloten (Bikes); geen prijs,2303L9
hsq-te2502012,type uitgesloten (Bikes); geen prijs,2360L9
hsq-te2502012,type uitgesloten (Bikes); geen prijs,2375L9
hsq-te2502013,type uitgesloten (Bikes); geen prijs,F2303M9
hsq-te2502013,type uitgesloten (Bikes); geen prijs,F2360M9
hsq-te2502013,type uitgesloten (Bikes); geen prijs,F2375M9
hsq-te2502014,type uitgesloten (Bikes); geen prijs,F2303N9
hsq-te2502014,type uitgesloten (Bikes); geen prijs,F2360N9
hsq-te2502014,type uitgesloten (Bikes); geen prijs,F2375N9
hsq-te2502015,type uitgesloten (Bikes); geen prijs,F2303O8
hsq-te2502015,type uitgesloten (Bikes); geen prijs,F2360O8
hsq-te2502015,type uitgesloten (Bikes); geen prijs,F2375O8
hsq-te2502016,type uitgesloten (Bikes); geen prijs,F2303P8
hsq-te2502016,type uitgesloten (Bikes); geen prijs,F2360P8
hsq-te2502016,type uitgesloten (Bikes); geen prijs,F2375P8
hsq-te2502017,type uitgesloten (Bikes); geen prijs,F2303Q8
hsq-te2502017,type uitgesloten (Bikes); geen prijs,F2360Q8
hsq-te2502017,type uitgesloten (Bikes); geen prijs,F2375Q8
hsq-te2502018,type uitgesloten (Bikes); geen prijs,F2360R8
hsq-te2502018,type uitgesloten (Bikes); geen prijs,F2375R8
hsq-te2502023,type uitgesloten (Bikes); geen prijs,2387W7_CFMOTO
hsq-te2502023,type uitgesloten (Bikes); geen prijs,F2303W7
hsq-te2502023,type uitgesloten (Bikes); geen prijs,F2375W7
hsq-te2502023,type uitgesloten (Bikes); geen prijs,F2387W7
hsq-te2502024,type uitgesloten (Bikes); geen prijs,2387X7_CFMOTO
hsq-te2502024,type uitgesloten (Bikes); geen prijs,F2303X7
hsq-te2502024,type uitgesloten (Bikes); geen prijs,F2375X7
hsq-te2502024,type uitgesloten (Bikes); geen prijs,F2387X7
hsq-te2502025,type uitgesloten (Bikes); geen prijs,2387Y7_CFMOTO
hsq-te2502025,type uitgesloten (Bikes); geen prijs,F2303Y7
hsq-te2502025,type uitgesloten (Bikes); geen prijs,F2375Y7
hsq-te2502025,type uitgesloten (Bikes); geen prijs,F2387Y7
hsq-te2502026,type uitgesloten (Bikes); geen prijs,F2303Z7
hsq-te2502026,type uitgesloten (Bikes); geen prijs,F2375Z7
hsq-te250i2018,type uitgesloten (Bikes); geen prijs,F2303R7
hsq-te250i2018,type uitgesloten (Bikes); geen prijs,F2375R7
hsq-te250i2019,type uitgesloten (Bikes); geen prijs,F2303S7
hsq-te250i2019,type uitgesloten (Bikes); geen prijs,F2375S7
hsq-te250i2020,type uitgesloten (Bikes); geen prijs,F2303T7
hsq-te250i2020,type uitgesloten (Bikes); geen prijs,F2375T7
hsq-te250i2021,type uitgesloten (Bikes); geen prijs,F2303U7
hsq-te250i2021,type uitgesloten (Bikes); geen prijs,F2375U7
hsq-te250i2022,type uitgesloten (Bikes); geen prijs,2387V7_CFMOTO
hsq-te250i2022,type uitgesloten (Bikes); geen prijs,F2303V7
hsq-te250i2022,type uitgesloten (Bikes); geen prijs,F2375V7
hsq-te3002011,type uitgesloten (Bikes); geen prijs,2403K9
hsq-te3002011,type uitgesloten (Bikes); geen prijs,2460K9
hsq-te3002012,type uitgesloten (Bikes); geen prijs,2403L9
hsq-te3002012,type uitgesloten (Bikes); geen prijs,2460L9
hsq-te3002012,type uitgesloten (Bikes); geen prijs,2475L9
hsq-te3002013,type uitgesloten (Bikes); geen prijs,F2403M9
hsq-te3002013,type uitgesloten (Bikes); geen prijs,F2460M9
hsq-te3002013,type uitgesloten (Bikes); geen prijs,F2475M9
hsq-te3002014,type uitgesloten (Bikes); geen prijs,F2403N9
hsq-te3002014,type uitgesloten (Bikes); geen prijs,F2460N9
hsq-te3002014,type uitgesloten (Bikes); geen prijs,F2475N9
hsq-te3002015,type uitgesloten (Bikes); geen prijs,F2403O8
hsq-te3002015,type uitgesloten (Bikes); geen prijs,F2460O8
hsq-te3002015,type uitgesloten (Bikes); geen prijs,F2475O8
hsq-te3002016,type uitgesloten (Bikes); geen prijs,F2403P8
hsq-te3002016,type uitgesloten (Bikes); geen prijs,F2460P8
hsq-te3002016,type uitgesloten (Bikes); geen prijs,F2475P8
hsq-te3002017,type uitgesloten (Bikes); geen prijs,F2403Q8
hsq-te3002017,type uitgesloten (Bikes); geen prijs,F2460Q8
hsq-te3002017,type uitgesloten (Bikes); geen prijs,F2475Q8
hsq-te3002018,type uitgesloten (Bikes); geen prijs,F2460R8
hsq-te3002018,type uitgesloten (Bikes); geen prijs,F2475R8
hsq-te3002023,type uitgesloten (Bikes); geen prijs,F2403W7
hsq-te3002023,type uitgesloten (Bikes); geen prijs,F2442W7
hsq-te3002023,type uitgesloten (Bikes); geen prijs,F2475W7
hsq-te3002024,type uitgesloten (Bikes); geen prijs,F2403X7
hsq-te3002024,type uitgesloten (Bikes); geen prijs,F2442X7
hsq-te3002024,type uitgesloten (Bikes); geen prijs,F2475X7
hsq-te3002025,type uitgesloten (Bikes); geen prijs,F2403Y7
hsq-te3002025,type uitgesloten (Bikes); geen prijs,F2442Y7
hsq-te3002025,type uitgesloten (Bikes); geen prijs,F2475Y7
hsq-te3002026,type uitgesloten (Bikes); geen prijs,F2403Z7
hsq-te3002026,type uitgesloten (Bikes); geen prijs,F2475Z7
hsq-te300h2025,type uitgesloten (Bikes); geen prijs,F2403Y6
hsq-te300h2025,type uitgesloten (Bikes); geen prijs,F2475Y9
hsq-te300i2019,type uitgesloten (Bikes); geen prijs,F2403S7
hsq-te300i2019,type uitgesloten (Bikes); geen prijs,F2475S7
hsq-te300i2020,type uitgesloten (Bikes); geen prijs,F2403T7
hsq-te300i2020,type uitgesloten (Bikes); geen prijs,F2475T7
hsq-te300i2021,type uitgesloten (Bikes); geen prijs,F2403U7
hsq-te300i2021,type uitgesloten (Bikes); geen prijs,F2475U7
hsq-te300i2022,type uitgesloten (Bikes); geen prijs,F2403V7
hsq-te300i2022,type uitgesloten (Bikes); geen prijs,F2442V7
hsq-te300i2022,type uitgesloten (Bikes); geen prijs,F2475V7
hsq-te300ijarvisedition2020,type uitgesloten (Bikes); geen prijs,F2403T8
hsq-te300ijarvisedition2020,type uitgesloten (Bikes); geen prijs,F2475T8
hsq-te300ire2022,type uitgesloten (Bikes); geen prijs,F2403V8
hsq-te300ire2022,type uitgesloten (Bikes); geen prijs,F2475V8
hsq-te300pro2024,type uitgesloten (Bikes); geen prijs,F2403X8
hsq-te300pro2024,type uitgesloten (Bikes); geen prijs,F2475X8
hsq-te300pro2025,type uitgesloten (Bikes); geen prijs,F2403Y8
hsq-te300pro2025,type uitgesloten (Bikes); geen prijs,F2440Y8
hsq-te300pro2025,type uitgesloten (Bikes); geen prijs,F2475Y8
hsq-te300pro2025,type uitgesloten (Bikes); geen prijs,F2487Y8
hsq-te300pro2026,type uitgesloten (Bikes); geen prijs,F2403Z8
hsq-te300pro2026,type uitgesloten (Bikes); geen prijs,F2440Z8
hsq-te300pro2026,type uitgesloten (Bikes); geen prijs,F2475Z8
hsq-touratechibracket,status 80,60412993400
hsq-touratechibracket,status 80,60412993500
hsq-touratechibracket,status 80,60412993700
hsq-u6907834,type uitgesloten (Archive); geen verkoopbare variant in productgroep (prijs/type/status),U6907834
hsq-u6907846,type uitgesloten (Archive); geen prijs,U6907846
hsq-u6910016,type uitgesloten (Archive); status 80,U6910016
hsq-u6910034,status 80,U6910034
hsq-u6951345,type uitgesloten (Archive); geen verkoopbare variant in productgroep (prijs/type/status),U6951345
hsq-uhp1505031,status 80,UHP1505031
hsq-uhp15050601,status 80,UHP15050601
hsq-uhp1507020,status 80,UHP1507020
hsq-uhp1607020,status 80,UHP1607020
hsq-uhs21005280x,status 80,UHS210052802
hsq-uhs21005280x,status 80,UHS210052803
hsq-uhs21005280x,status 80,UHS210052804
hsq-uhs21005280x,status 80,UHS210052806
hsq-uhs21005290x,status 80,UHS210052902
hsq-uhs21005290x,status 80,UHS210052903
hsq-uhs21005290x,status 80,UHS210052904
hsq-uhs21005290x,status 80,UHS210052905
hsq-uhs21005290x,status 80,UHS210052906
hsq-uhs24004220x,geen prijs,UHS240042201
hsq-uhs24004220x,geen prijs,UHS240042202
hsq-uhs24004220x,geen prijs,UHS240042203
hsq-uhs24004220x,geen prijs,UHS240042204
hsq-uhs24004220x,geen prijs,UHS240042205
hsq-uhs24004220x,geen prijs,UHS240042206
hsq-upp1505013,type uitgesloten (Archive); status 80,UPP1505013
hsq-upp1505014,status 80,UPP1505014
hsq-upp1505015,type uitgesloten (Archive); status 80,UPP1505015
hsq-vitpilen1252024,type uitgesloten (Bikes); geen prijs,F1003X1
hsq-vitpilen1252024,type uitgesloten (Bikes); geen prijs,F1003X1B
hsq-vitpilen1252024,type uitgesloten (Bikes); geen prijs,F1003X2
hsq-vitpilen1252024,type uitgesloten (Bikes); geen prijs,F1086X1
hsq-vitpilen1252025,type uitgesloten (Bikes); geen prijs,F1003Y1
hsq-vitpilen1252025,type uitgesloten (Bikes); geen prijs,F1003Y2
hsq-vitpilen1252025,type uitgesloten (Bikes); geen prijs,F1022Y1
hsq-vitpilen250dummy2024,type uitgesloten (Bikes); geen prijs,VITPILEN250DUMMY2024
hsq-vitpilen4012019,type uitgesloten (Bikes); geen prijs,F2303S1
hsq-vitpilen4012019,type uitgesloten (Bikes); geen prijs,F2375S1
hsq-vitpilen4012021,type uitgesloten (Bikes); geen prijs,F1303U1
hsq-vitpilen4012021,type uitgesloten (Bikes); geen prijs,F1303U1B
hsq-vitpilen4012021,type uitgesloten (Bikes); geen prijs,F1303U2
hsq-vitpilen4012021,type uitgesloten (Bikes); geen prijs,F1303U2L
hsq-vitpilen4012021,type uitgesloten (Bikes); geen prijs,F1341U1
hsq-vitpilen4012021,type uitgesloten (Bikes); geen prijs,F1342U1
hsq-vitpilen4012021,type uitgesloten (Bikes); geen prijs,F1360U1
hsq-vitpilen4012021,type uitgesloten (Bikes); geen prijs,F1375U1
hsq-vitpilen4012021,type uitgesloten (Bikes); geen prijs,F1382U1
hsq-vitpilen4012021,type uitgesloten (Bikes); geen prijs,F1383U1
hsq-vitpilen4012021,type uitgesloten (Bikes); geen prijs,F1383U1K
hsq-vitpilen4012021,type uitgesloten (Bikes); geen prijs,F1386U1
hsq-vitpilen4012021,type uitgesloten (Bikes); geen prijs,F1387U1
hsq-vitpilen4012021,type uitgesloten (Bikes); geen prijs,F1389U1
hsq-vitpilen4012022,type uitgesloten (Bikes); geen prijs,F1303V1
hsq-vitpilen4012022,type uitgesloten (Bikes); geen prijs,F1303V1B
hsq-vitpilen4012022,type uitgesloten (Bikes); geen prijs,F1303V2
hsq-vitpilen4012022,type uitgesloten (Bikes); geen prijs,F1303V2L
hsq-vitpilen4012022,type uitgesloten (Bikes); geen prijs,F1322V1
hsq-vitpilen4012022,type uitgesloten (Bikes); geen prijs,F1341V1
hsq-vitpilen4012022,type uitgesloten (Bikes); geen prijs,F1342V1
hsq-vitpilen4012022,type uitgesloten (Bikes); geen prijs,F1360V1
hsq-vitpilen4012022,type uitgesloten (Bikes); geen prijs,F1375V1
hsq-vitpilen4012022,type uitgesloten (Bikes); geen prijs,F1375V1L
hsq-vitpilen4012022,type uitgesloten (Bikes); geen prijs,F1382V1
hsq-vitpilen4012022,type uitgesloten (Bikes); geen prijs,F1383V1K
hsq-vitpilen4012022,type uitgesloten (Bikes); geen prijs,F1386V1
hsq-vitpilen4012022,type uitgesloten (Bikes); geen prijs,F1387V1
hsq-vitpilen4012022,type uitgesloten (Bikes); geen prijs,F1387V1K
hsq-vitpilen4012022,type uitgesloten (Bikes); geen prijs,F1388V1
hsq-vitpilen4012022,type uitgesloten (Bikes); geen prijs,F1388V1K
hsq-vitpilen4012023,type uitgesloten (Bikes); geen prijs,F1303W1
hsq-vitpilen4012023,type uitgesloten (Bikes); geen prijs,F1303W2
hsq-vitpilen4012023,type uitgesloten (Bikes); geen prijs,F1322W1
hsq-vitpilen4012023,type uitgesloten (Bikes); geen prijs,F1375W1
hsq-vitpilen4012023,type uitgesloten (Bikes); geen prijs,F1386W1
hsq-vitpilen4012023,type uitgesloten (Bikes); geen prijs,F1387W1
hsq-vitpilen4012023,type uitgesloten (Bikes); geen prijs,F1388W1
hsq-vitpilen4012024,type uitgesloten (Bikes); geen prijs,F1303X1
hsq-vitpilen4012024,type uitgesloten (Bikes); geen prijs,F1303X1B
hsq-vitpilen4012024,type uitgesloten (Bikes); geen prijs,F1303X2
hsq-vitpilen4012024,type uitgesloten (Bikes); geen prijs,F1303X2L
hsq-vitpilen4012024,type uitgesloten (Bikes); geen prijs,F1303X3
hsq-vitpilen4012024,type uitgesloten (Bikes); geen prijs,F1322X1
hsq-vitpilen4012024,type uitgesloten (Bikes); geen prijs,F1375X1
hsq-vitpilen4012024,type uitgesloten (Bikes); geen prijs,F1381X1
hsq-vitpilen4012024,type uitgesloten (Bikes); geen prijs,F1382X1
hsq-vitpilen4012024,type uitgesloten (Bikes); geen prijs,F1386X1
hsq-vitpilen4012024,type uitgesloten (Bikes); geen prijs,F1387X1
hsq-vitpilen4012024,type uitgesloten (Bikes); geen prijs,F1387X1K
hsq-vitpilen4012024,type uitgesloten (Bikes); geen prijs,F1388X1
hsq-vitpilen4012024,type uitgesloten (Bikes); geen prijs,F1388X1K
hsq-vitpilen4012025,type uitgesloten (Bikes); geen prijs,F1302Y2
hsq-vitpilen4012025,type uitgesloten (Bikes); geen prijs,F1302Y2L
hsq-vitpilen4012025,type uitgesloten (Bikes); geen prijs,F1303Y1
hsq-vitpilen4012025,type uitgesloten (Bikes); geen prijs,F1303Y3
hsq-vitpilen4012025,type uitgesloten (Bikes); geen prijs,F1322Y1
hsq-vitpilen4012025,type uitgesloten (Bikes); geen prijs,F1342Y1
hsq-vitpilen4012025,type uitgesloten (Bikes); geen prijs,F1375Y1
hsq-vitpilen4012025,type uitgesloten (Bikes); geen prijs,F1386Y1
hsq-vitpilen4012026,type uitgesloten (Bikes); geen prijs,F1302Z2
hsq-vitpilen4012026,type uitgesloten (Bikes); geen prijs,F1302Z2L
hsq-vitpilen4012026,type uitgesloten (Bikes); geen prijs,F1386Z1
hsq-vitpilen7012019,type uitgesloten (Bikes); geen prijs,F2603S4
hsq-vitpilen7012019,type uitgesloten (Bikes); geen prijs,F2675S4
hsq-vitpilen8012025,type uitgesloten (Bikes); geen prijs,F2703Y1
hsq-vitpilen8012025,type uitgesloten (Bikes); geen prijs,F2703Y3
hsq-vitpilen8012025,type uitgesloten (Bikes); geen prijs,F2775Y1
hsq-vitpilen8012025,type uitgesloten (Bikes); geen prijs,F2775Y3
hsq-vitpilen8012026,type uitgesloten (Bikes); geen prijs,F2703Z1
hsq-vitpilen8012026,type uitgesloten (Bikes); geen prijs,F2775Z1
hsq-z10007,geen afbeeldingen (geen bestand onder input/ of geen geldige CDN-URL na upload),Z10007
hsq-zg10018,status 80,ZG10018
hsq-zg10021,status 80,ZG10021
