id,handle,title,fits_on,fits_on_year,fits_on_make,fits_on_model,fits_on_year_new,fits_on_make_new,fits_on_model_new,ymm_summary,parts_compartment,parts_floor,parts_shelve,parts_list,parts_box,parts_row,global_fits_on_make_new,global_fits_on_model_new,global_fits_on_year_new,MPN
,wp-1050adv2015,1050 Adventure 2015,"{""KTM"":{""1050 ADVENTURE"":[""2015""]}}",2015,KTM,1050 ADVENTURE,,,,KTM 1050 (STREET) 2015-2015,,,,,,,,,,F9903OC
,wp-1050adv2016,1050 Adventure 2016,"{""KTM"":{""1050 ADVENTURE"":[""2016""]}}",2016,KTM,1050 ADVENTURE,,,,KTM 1050 (STREET) 2016-2016,,,,,,,,,,F9903PC
,wp-1090adventure2017,1090 Adventure 2017,"{""KTM"":{""1090 ADVENTURE"":[""2017""]}}",2017,KTM,1090 ADVENTURE,,,,KTM 1090 (STREET) 2017-2017,,,,,,,,,,F9903QB
,wp-1090adventurer2017,1090 Adventure R 2017,"{""KTM"":{""1090 ADVENTURE R"":[""2017""]}}",2017,KTM,1090 ADVENTURE R,,,,KTM 1090 (STREET) 2017-2017,,,,,,,,,,F9903QD
,wp-1190rc82010,1190 RC8 2010,"{""KTM"":{""1190 RC8"":[""2010""]}}",2010,KTM,1190 RC8,,,,KTM 1190 2010-2010,,,,,,,,,,9903J0
,wp-1190rc82011,1190 RC8 2011,"{""KTM"":{""1190 RC8"":[""2011""]}}",2011,KTM,1190 RC8,,,,KTM 1190 2011-2011,,,,,,,,,,9903K0
,wp-1190rc8r2010,1190 RC8 R 2010,"{""KTM"":{""1190 RC8 R"":[""2010""]}}",2010,KTM,1190 RC8 R,,,,KTM 1190 2010-2010,,,,,,,,,,9903J2
,wp-1190rc8r2011,1190 RC8 R 2011,"{""KTM"":{""1190 RC8 R"":[""2011""]}}",2011,KTM,1190 RC8 R,,,,KTM 1190 2011-2011,,,,,,,,,,9903K1
,wp-1190rc8r2012,1190 RC8 R 2012,"{""KTM"":{""1190 RC8 R"":[""2012""]}}",2012,KTM,1190 RC8 R,,,,KTM 1190 2012-2012,,,,,,,,,,9903L1
,wp-1190rc8r2013,1190 RC8 R 2013,"{""KTM"":{""1190 RC8 R"":[""2013""]}}",2013,KTM,1190 RC8 R,,,,KTM 1190 2013-2013,,,,,,,,,,F9903M1
,wp-1190rc8r2014,1190 RC8 R 2014,"{""KTM"":{""1190 RC8 R"":[""2014""]}}",2014,KTM,1190 RC8 R,,,,KTM 1190 2014-2014,,,,,,,,,,F9903N1
,wp-1190rc8r2015,1190 RC8 R 2015,"{""KTM"":{""1190 RC8 R"":[""2015""]}}",2015,KTM,1190 RC8 R,,,,KTM 1190 2015-2015,,,,,,,,,,F9903O1
,wp-1190rc8r2016,1190 RC8 R 2016,"{""KTM"":{""1190 RC8 R"":[""2016""]}}",2016,KTM,1190 RC8 R,,,,KTM 1190 2016-2016,,,,,,,,,,F9903P1
,wp-1190rc8rt2011,1190 RC8 R Track 2011,"{""KTM"":{""1190 RC8 R TRACK"":[""2011""]}}",2011,KTM,1190 RC8 R TRACK,,,,KTM 1190 2011-2011,,,,,,,,,,9903KT
,wp-1199panigale2011,Ducati 1199 Panigale 2011,,,,,,,,,,,,,,,,,,1199PANIGALE2011
,wp-1199panigale2012,Ducati 1199 Panigale 2012,,,,,,,,,,,,,,,,,,1199PANIGALE2012
,wp-1199panigale2013,Ducati 1199 Panigale 2013,,,,,,,,,,,,,,,,,,1199PANIGALE2013
,wp-1199panigale2014,Ducati 1199 Panigale 2014,,,,,,,,,,,,,,,,,,1199PANIGALE2014
,wp-125 rc 2 2012,125 RC 2 2012,"{""KTM"":{""125 RC 2"":[""2012""]}}",2012,KTM,125 RC 2,,,,KTM 125 2012-2012,,,,,,,,,,8003L2
,wp-125duke2019,125 Duke 2019,"{""KTM"":{""125 DUKE"":[""2019""]}}",2019,KTM,125 DUKE,,,,KTM 125 (STREET) 2019-2019,,,,,,,,,,F4003S1
,wp-125duke2023,125 Duke 2023,"{""KTM"":{""125 DUKE"":[""2023""]}}",2023,KTM,125 DUKE,,,,KTM 125 (STREET) 2023-2023,,,,,,,,,,F4003W1
,wp-125duke2025,125 Duke 2025,"{""KTM"":{""125 DUKE"":[""2025""]}}",2025,KTM,125 DUKE,,,,KTM 125 (STREET) 2025-2025,,,,,,,,,,F4003Y1
,wp-125duke2026,125 Duke 2026,"{""KTM"":{""125 DUKE"":[""2026""]}}",2026,KTM,125 DUKE,,,,KTM 125 (STREET) 2026-2026,,,,,,,,,,F4002Z3
,wp-125enduror2026,125 Enduro R 2026,"{""KTM"":{""125 ENDURO R"":[""2026""]}}",2026,KTM,125 ENDURO R,,,,KTM 125 (ENDURO) 2026-2026,,,,,,,,,,F5002Z5
,wp-125ser2019,Sherco 125 SE-R 2019,,,,,,,,,,,,,,,,,,125SER2019
,wp-125ser2020,Sherco 125 SE-R 2020,,,,,,,,,,,,,,,,,,125SER2020
,wp-125smcr2026,125 SMC R 2026,"{""KTM"":{""125 SMC R"":[""2026""]}}",2026,KTM,125 SMC R,,,,KTM 125 (STREET) 2026-2026,,,,,,,,,,F5002Z6
,wp-125sx2015,125 SX 2015,"{""KTM"":{""125 SX"":[""2015""]}}",2015,KTM,125 SX,,,,KTM 125 (SX) 2015-2015,,,,,,,,,,F6101O0
,wp-125sx2016,125 SX 2016,"{""KTM"":{""125 SX"":[""2016""]}}",2016,KTM,125 SX,,,,KTM 125 (SX) 2016-2016,,,,,,,,,,F6101P0
,wp-125sx2017,125 SX 2017,"{""KTM"":{""125 SX"":[""2017""]}}",2017,KTM,125 SX,,,,KTM 125 (SX) 2017-2017,,,,,,,,,,F6101Q0
,wp-125sx2018,125 SX 2018,"{""KTM"":{""125 SX"":[""2018""]}}",2018,KTM,125 SX,,,,KTM 125 (SX) 2018-2018,,,,,,,,,,F6101R0
,wp-125sx2019,125 SX 2019,"{""KTM"":{""125 SX"":[""2019""]}}",2019,KTM,125 SX,,,,KTM 125 (SX) 2019-2019,,,,,,,,,,F6101S0
,wp-125sx2020,125 SX 2020,"{""KTM"":{""125 SX"":[""2020""]}}",2020,KTM,125 SX,,,,KTM 125 (SX) 2020-2020,,,,,,,,,,F6101T0
,wp-1290sduker2014,1290 Super Duke R 2014,"{""KTM"":{""1290 SUPER DUKE R"":[""2014""]}}",2014,KTM,1290 SUPER DUKE R,,,,KTM 1290 (STREET) 2014-2014,,,,,,,,,,F9903N2
,wp-1290sduker2015,1290 Super Duke R 2015,"{""KTM"":{""1290 SUPER DUKE R"":[""2015""]}}",2015,KTM,1290 SUPER DUKE R,,,,KTM 1290 (STREET) 2015-2015,,,,,,,,,,F9903O2
,wp-1290sduker2016,1290 Super Duke R 2016,"{""KTM"":{""1290 SUPER DUKE R"":[""2016""]}}",2016,KTM,1290 SUPER DUKE R,,,,KTM 1290 (STREET) 2016-2016,,,,,,,,,,F9903P2
,wp-1290superadventurer2017,1290 Super Adventure R 2017,"{""KTM"":{""1290 SUPER ADVENTURE R"":[""2017""]}}",2017,KTM,1290 SUPER ADVENTURE R,,,,KTM 1290 (STREET) 2017-2017,,,,,,,,,,F9903Q6
,wp-1290superadventurer2021,1290 Super Adventure R 2021,"{""KTM"":{""1290 SUPER ADVENTURE R"":[""2021""]}}",2021,KTM,1290 SUPER ADVENTURE R,,,,KTM 1290 (STREET) 2021-2021,,,,,,,,,,F9903U6
,wp-1290superadventurer2022,1290 Super Adventure R 2022,"{""KTM"":{""1290 SUPER ADVENTURE R"":[""2022""]}}",2022,KTM,1290 SUPER ADVENTURE R,,,,KTM 1290 (STREET) 2022-2022,,,,,,,,,,F9903V6
,wp-1290superadventures2017,1290 Super Adventure S 2017,"{""KTM"":{""1290 SUPER ADVENTURE S"":[""2017""]}}",2017,KTM,1290 SUPER ADVENTURE S,,,,KTM 1290 (STREET) 2017-2017,,,,,,,,,,F9903Q4
,wp-1290superadventures2021,1290 Super Adventure S 2021,"{""KTM"":{""1290 SUPER ADVENTURE S"":[""2021""]}}",2021,KTM,1290 SUPER ADVENTURE S,,,,KTM 1290 (STREET) 2021-2021,,,,,,,,,,F9903U4
,wp-1290superadventures2022,1290 Super Adventure S 2022,"{""KTM"":{""1290 SUPER ADVENTURE S"":[""2022""]}}",2022,KTM,1290 SUPER ADVENTURE S,,,,KTM 1290 (STREET) 2022-2022,,,,,,,,,,F9903V4
,wp-1290superadventuret2017,1290 Super Adventure T 2017,"{""KTM"":{""1290 SUPER ADVENTURE T"":[""2017""]}}",2017,KTM,1290 SUPER ADVENTURE T,,,,KTM 1290 (STREET) 2017-2017,,,,,,,,,,F9903QA
,wp-1290superdukegt2017,1290 Super Duke GT 2017,"{""KTM"":{""1290 SUPER DUKE GT"":[""2017""]}}",2017,KTM,1290 SUPER DUKE GT,,,,KTM 1290 (STREET) 2017-2017,,,,,,,,,,F9903QE
,wp-1290superdukegt2021,1290 Super Duke GT 2021,"{""KTM"":{""1290 SUPER DUKE GT"":[""2021""]}}",2021,KTM,1290 SUPER DUKE GT,,,,KTM 1290 (STREET) 2021-2021,,,,,,,,,,F9903UE
,wp-1290superdukegt2023,1290 Super Duke GT 2023,"{""KTM"":{""1290 SUPER DUKE GT"":[""2023""]}}",2023,KTM,1290 SUPER DUKE GT,,,,KTM 1290 (STREET) 2023-2023,,,,,,,,,,F9903WF
,wp-1290superduker2017,1290 Super Duke R 2017,"{""KTM"":{""1290 SUPER DUKE R"":[""2017""]}}",2017,KTM,1290 SUPER DUKE R,,,,KTM 1290 (STREET) 2017-2017,,,,,,,,,,F9903Q2
,wp-1290superduker2018,1290 SUPER DUKE R 2018,"{""KTM"":{""1290 SUPER DUKE R"":[""2018""]}}",2018,KTM,1290 SUPER DUKE R,,,,KTM 1290 (STREET) 2018-2018,,,,,,,,,,F9903R2
,wp-1290superduker2019,1290 Super Duke R 2019,"{""KTM"":{""1290 SUPER DUKE R"":[""2019""]}}",2019,KTM,1290 SUPER DUKE R,,,,KTM 1290 (STREET) 2019-2019,,,,,,,,,,F9903S2
,wp-1290superduker2020,1290 Super Duke R 2020,"{""KTM"":{""1290 SUPER DUKE R"":[""2020""]}}",2020,KTM,1290 SUPER DUKE R,,,,KTM 1290 (STREET) 2020-2020,,,,,,,,,,F9903T2
,wp-1290superduker2021,1290 Super Duke R 2021,"{""KTM"":{""1290 SUPER DUKE R"":[""2021""]}}",2021,KTM,1290 SUPER DUKE R,,,,KTM 1290 (STREET) 2021-2021,,,,,,,,,,F9903U2
,wp-1290superduker2023,1290 Super Duke R 2023,"{""KTM"":{""1290 SUPER DUKE R"":[""2023""]}}",2023,KTM,1290 SUPER DUKE R,,,,KTM 1290 (STREET) 2023-2023,,,,,,,,,,F9903W2
,wp-1290superdukerevo2023,1290 Super Duke R EVO 2023,"{""KTM"":{""1290 SUPER DUKE R EVO"":[""2023""]}}",2023,KTM,1290 SUPER DUKE R EVO,,,,KTM 1290 (STREET) 2023-2023,,,,,,,,,,F9903WS
,wp-1290superdukerr2021,1290 Super Duke RR 2021,"{""KTM"":{""1290 SUPER DUKE RR"":[""2021""]}}",2021,KTM,1290 SUPER DUKE RR,,,,KTM 1290 (STREET) 2021-2021,,,,,,,,,,F9903UR
,wp-1299panigale2015,Ducati 1299 Panigale 2015,,,,,,,,,,,,,,,,,,1299PANIGALE2015
,wp-1299panigale2016,Ducati 1299 Panigale 2016,,,,,,,,,,,,,,,,,,1299PANIGALE2016
,wp-1299panigale2017,Ducati 1299 Panigale 2017,,,,,,,,,,,,,,,,,,1299PANIGALE2017
,wp-1299panigale2018,Ducati 1299 Panigale R FE 2018,,,,,,,,,,,,,,,,,,1299PANIGALE2018
,wp-1390superduker2024,1390 Super Duke R 2024,"{""KTM"":{""1390 SUPER DUKE R"":[""2024""]}}",2024,KTM,1390 SUPER DUKE R,,,,KTM 1390 (STREET) 2024-2024,,,,,,,,,,F9903X2
,wp-150sx2015,150 SX 2015,"{""KTM"":{""150 SX"":[""2015""]}}",2015,KTM,150 SX,,,,KTM 150 (SX) 2015-2015,,,,,,,,,,F6101O1
,wp-150sx2016,150 SX 2016,"{""KTM"":{""150 SX"":[""2016""]}}",2016,KTM,150 SX,,,,KTM 150 (SX) 2016-2016,,,,,,,,,,F6101P1
,wp-150sx2017,150 SX 2017,"{""KTM"":{""150 SX"":[""2017""]}}",2017,KTM,150 SX,,,,KTM 150 (SX) 2017-2017,,,,,,,,,,F6101Q1
,wp-150sx2018,150 SX 2018,"{""KTM"":{""150 SX"":[""2018""]}}",2018,KTM,150 SX,,,,KTM 150 (SX) 2018-2018,,,,,,,,,,F6101R1
,wp-150sx2019,150 SX 2019,"{""KTM"":{""150 SX"":[""2019""]}}",2019,KTM,150 SX,,,,KTM 150 (SX) 2019-2019,,,,,,,,,,F6101S1
,wp-150sx2020,150 SX 2020,"{""KTM"":{""150 SX"":[""2020""]}}",2020,KTM,150 SX,,,,KTM 150 (SX) 2020-2020,,,,,,,,,,F6101T1
,wp-150xc-w2017,150 XC-W 2017,"{""KTM"":{""150 XC-W"":[""2017""]}}",2017,KTM,150 XC-W,,,,KTM 150 (XC) 2017-2017,,,,,,,,,,F7101Q3
,wp-200duke2018,200 Duke 2018,"{""KTM"":{""200 DUKE"":[""2018""]}}",2018,KTM,200 DUKE,,,,KTM 200 (STREET) 2018-2018,,,,,,,,,,F4103R1
,wp-200duke2019,200 Duke 2019,"{""KTM"":{""200 DUKE"":[""2019""]}}",2019,KTM,200 DUKE,,,,KTM 200 (STREET) 2019-2019,,,,,,,,,,F4103S1
,wp-200duke2021,200 Duke 2021,"{""KTM"":{""200 DUKE"":[""2021""]}}",2021,KTM,200 DUKE,,,,KTM 200 (STREET) 2021-2021,,,,,,,,,,F4103U2
,wp-200duke2023,200 Duke 2023,"{""KTM"":{""200 DUKE"":[""2023""]}}",2023,KTM,200 DUKE,,,,KTM 200 (STREET) 2023-2023,,,,,,,,,,F4103W2
,wp-200duke2025,200 Duke 2025,"{""KTM"":{""200 DUKE"":[""2025""]}}",2025,KTM,200 DUKE,,,,KTM 200 (STREET) 2025-2025,,,,,,,,,,00JP1J1T
,wp-200duke2026,200 Duke 2026,"{""KTM"":{""200 DUKE"":[""2026""]}}",2026,KTM,200 DUKE,,,,KTM 200 (STREET) 2026-2026,,,,,,,,,,F4102Z2
,wp-200dukewoabs2023,200 Duke 2023,"{""KTM"":{""200 DUKE"":[""2023""]}}",2023,KTM,200 DUKE,,,,KTM 200 (STREET) 2023-2023,,,,,,,,,,F4103W4L
,wp-200exc2012,200 EXC 2012,"{""KTM"":{""200 EXC"":[""2012""]}}",2012,KTM,200 EXC,,,,KTM 200 (EXC) 2012-2012,,,,,,,,,,7203L6
,wp-200exc2015,200 EXC 2015,"{""KTM"":{""200 EXC"":[""2015""]}}",2015,KTM,200 EXC,,,,KTM 200 (EXC) 2015-2015,,,,,,,,,,F7203O6
,wp-200exc2016,200 EXC 2016,"{""KTM"":{""200 EXC"":[""2016""]}}",2016,KTM,200 EXC,,,,KTM 200 (EXC) 2016-2016,,,,,,,,,,F7203P6
,wp-2020dukewoabs2021,200 Duke 2021,"{""KTM"":{""200 DUKE"":[""2021""]}}",2021,KTM,200 DUKE,,,,KTM 200 (STREET) 2021-2021,,,,,,,,,,F4103U5
,wp-250adventure2021,250 Adventure 2021,"{""KTM"":{""250 ADVENTURE"":[""2021""]}}",2021,KTM,250 ADVENTURE,,,,KTM 250 (STREET) 2021-2021,,,,,,,,,,F5203U5
,wp-250adventure2022,250 Adventure 2022,"{""KTM"":{""250 ADVENTURE"":[""2022""]}}",2022,KTM,250 ADVENTURE,,,,KTM 250 (STREET) 2022-2022,,,,,,,,,,F5203V1
,wp-250duke2018,250 Duke 2018,"{""KTM"":{""250 DUKE"":[""2018""]}}",2018,KTM,250 DUKE,,,,KTM 250 (STREET) 2018-2018,,,,,,,,,,F4203R1
,wp-250duke2019,250 Duke 2019,"{""KTM"":{""250 DUKE"":[""2019""]}}",2019,KTM,250 DUKE,,,,KTM 250 (STREET) 2019-2019,,,,,,,,,,F4203S1
,wp-250duke2021,250 Duke 2021,"{""KTM"":{""250 DUKE"":[""2021""]}}",2021,KTM,250 DUKE,,,,KTM 250 (STREET) 2021-2021,,,,,,,,,,F4203U1
,wp-250duke2023,250 Duke 2023,"{""KTM"":{""250 DUKE"":[""2023""]}}",2023,KTM,250 DUKE,,,,KTM 250 (STREET) 2023-2023,,,,,,,,,,F4203W1
,wp-250duke2025,250 Duke 2025,"{""KTM"":{""250 DUKE"":[""2025""]}}",2025,KTM,250 DUKE,,,,KTM 250 (STREET) 2025-2025,,,,,,,,,,00JP1E09
,wp-250duke2026,250 Duke 2026,"{""KTM"":{""250 DUKE"":[""2026""]}}",2026,KTM,250 DUKE,,,,KTM 250 (STREET) 2026-2026,,,,,,,,,,F4202Z1
,wp-250dukewoabs2021,250 Duke 2021,"{""KTM"":{""250 DUKE"":[""2021""]}}",2021,KTM,250 DUKE,,,,KTM 250 (STREET) 2021-2021,,,,,,,,,,F4203U3
,wp-250exc-f2017,250 EXC-F 2017,"{""KTM"":{""250 EXC-F"":[""2017""]}}",2017,KTM,250 EXC-F,,,,KTM 250 (EXC) 2017-2017,,,,,,,,,,F8103Q9
,wp-250exc-f2018,250 EXC-F 2018,"{""KTM"":{""250 EXC-F"":[""2018""]}}",2018,KTM,250 EXC-F,,,,KTM 250 (EXC) 2018-2018,,,,,,,,,,F8103R9
,wp-250exc-f2019,250 EXC-F 2019,"{""KTM"":{""250 EXC-F"":[""2019""]}}",2019,KTM,250 EXC-F,,,,KTM 250 (EXC) 2019-2019,,,,,,,,,,F8103S9
,wp-250exc2012,250 EXC 2012,"{""KTM"":{""250 EXC"":[""2012""]}}",2012,KTM,250 EXC,,,,KTM 250 (EXC) 2012-2012,,,,,,,,,,7303L6
,wp-250exc2015,250 EXC 2015,"{""KTM"":{""250 EXC"":[""2015""]}}",2015,KTM,250 EXC,,,,KTM 250 (EXC) 2015-2015,,,,,,,,,,F7303O6
,wp-250exc2016,250 EXC 2016,"{""KTM"":{""250 EXC"":[""2016""]}}",2016,KTM,250 EXC,,,,KTM 250 (EXC) 2016-2016,,,,,,,,,,F7303P6
,wp-250exc2017,250 EXC 2017,"{""KTM"":{""250 EXC"":[""2017""]}}",2017,KTM,250 EXC,,,,KTM 250 (EXC) 2017-2017,,,,,,,,,,F7303Q6
,wp-250excf2012,250 EXC-F 2012,"{""KTM"":{""250 EXC-F"":[""2012""]}}",2012,KTM,250 EXC-F,,,,KTM 250 (EXC) 2012-2012,,,,,,,,,,8103L9
,wp-250excf2015,250 EXC-F 2015,"{""KTM"":{""250 EXC-F"":[""2015""]}}",2015,KTM,250 EXC-F,,,,KTM 250 (EXC) 2015-2015,,,,,,,,,,F8103O9
,wp-250excf2016,250 EXC-F 2016,"{""KTM"":{""250 EXC-F"":[""2016""]}}",2016,KTM,250 EXC-F,,,,KTM 250 (EXC) 2016-2016,,,,,,,,,,F8103P9
,wp-250excf2020,250 EXC-F 2020,"{""KTM"":{""250 EXC-F"":[""2020""]}}",2020,KTM,250 EXC-F,,,,KTM 250 (EXC) 2020-2020,,,,,,,,,,F8103T9
,wp-250excf2021,250 EXC-F 2021,"{""KTM"":{""250 EXC-F"":[""2021""]}}",2021,KTM,250 EXC-F,,,,KTM 250 (EXC) 2021-2021,,,,,,,,,,F8103U9
,wp-250excf2023,250 EXC-F 2023,"{""KTM"":{""250 EXC-F"":[""2023""]}}",2023,KTM,250 EXC-F,,,,KTM 250 (EXC) 2023-2023,,,,,,,,,,F8103W9
,wp-250exctpi2018,250 EXC TPI 2018,"{""KTM"":{""250 EXC TPI"":[""2018""]}}",2018,KTM,250 EXC TPI,,,,KTM 250 (EXC) 2018-2018,,,,,,,,,,F7303R7
,wp-250se-rfactory2015,Sherco 250 SE-R Factory 2015,,,,,,,,,,,,,,,,,,250SE-RFACTORY2015
,wp-250se-rfactory2016,Sherco 250 SE-R Factory 2016,,,,,,,,,,,,,,,,,,250SE-RFACTORY2016
,wp-250sef-r2015,Sherco 250 SEF-R 2015,,,,,,,,,,,,,,,,,,250SEF-R2015
,wp-250sef-r2016,Sherco 250 SEF-R 2016,,,,,,,,,,,,,,,,,,250SEF-R2016
,wp-250sef2015,Sherco 250 SEF 2015,,,,,,,,,,,,,,,,,,250SEF2015
,wp-250sef2016,Sherco 250 SEF 2016,,,,,,,,,,,,,,,,,,250SEF2016
,wp-250sefr2017,Sherco 250 SEF-R 2017,,,,,,,,,,,,,,,,,,250SEFR2017
,wp-250sefr2018,Sherco 250 SEF-R 2018,,,,,,,,,,,,,,,,,,250SEFR2018
,wp-250sefr2019,Sherco 250 SEF-R 2019,,,,,,,,,,,,,,,,,,250SEFR2019
,wp-250sefr2020,Sherco 250 SEF-R 2020,,,,,,,,,,,,,,,,,,250SEFR2020
,wp-250ser2017,Sherco 250 SE-R 2017,,,,,,,,,,,,,,,,,,250SER2017
,wp-250ser2018,Sherco 250 SE-R 2018,,,,,,,,,,,,,,,,,,250SER2018
,wp-250ser2019,Sherco 250 SE-R 2019,,,,,,,,,,,,,,,,,,250SER2019
,wp-250ser2020,Sherco 250 SE-R 2020,,,,,,,,,,,,,,,,,,250SER2020
,wp-250sx-f2017,250 SX-F 2017,"{""KTM"":{""250 SX-F"":[""2017""]}}",2017,KTM,250 SX-F,,,,KTM 250 (SX) 2017-2017,,,,,,,,,,F8101Q5
,wp-250sx-f2018,250 SX-F 2018,"{""KTM"":{""250 SX-F"":[""2018""]}}",2018,KTM,250 SX-F,,,,KTM 250 (SX) 2018-2018,,,,,,,,,,F8101R5
,wp-250sx-f2019,250 SX-F 2019,"{""KTM"":{""250 SX-F"":[""2019""]}}",2019,KTM,250 SX-F,,,,KTM 250 (SX) 2019-2019,,,,,,,,,,F8101S5
,wp-250sx-f2020,250 SX-F 2020,"{""KTM"":{""250 SX-F"":[""2020""]}}",2020,KTM,250 SX-F,,,,KTM 250 (SX) 2020-2020,,,,,,,,,,F8101T5
,wp-250sx2013,250 SX 2013,"{""KTM"":{""250 SX"":[""2013""]}}",2013,KTM,250 SX,,,,KTM 250 (SX) 2013-2013,,,,,,,,,,F6301M0
,wp-250sx2015,250 SX 2015,"{""KTM"":{""250 SX"":[""2015""]}}",2015,KTM,250 SX,,,,KTM 250 (SX) 2015-2015,,,,,,,,,,F6301O0
,wp-250sx2016,250 SX 2016,"{""KTM"":{""250 SX"":[""2016""]}}",2016,KTM,250 SX,,,,KTM 250 (SX) 2016-2016,,,,,,,,,,F6301P0
,wp-250sx2017,250 SX 2017,"{""KTM"":{""250 SX"":[""2017""]}}",2017,KTM,250 SX,,,,KTM 250 (SX) 2017-2017,,,,,,,,,,F6301Q0
,wp-250sx2018,250 SX 2018,"{""KTM"":{""250 SX"":[""2018""]}}",2018,KTM,250 SX,,,,KTM 250 (SX) 2018-2018,,,,,,,,,,F6301R0
,wp-250sx2019,250 SX 2019,"{""KTM"":{""250 SX"":[""2019""]}}",2019,KTM,250 SX,,,,KTM 250 (SX) 2019-2019,,,,,,,,,,F6301S0
,wp-250sx2020,250 SX 2020,"{""KTM"":{""250 SX"":[""2020""]}}",2020,KTM,250 SX,,,,KTM 250 (SX) 2020-2020,,,,,,,,,,F6301T0
,wp-250sxf2015,250 SX-F 2015,"{""KTM"":{""250 SX-F"":[""2015""]}}",2015,KTM,250 SX-F,,,,KTM 250 (SX) 2015-2015,,,,,,,,,,F8101O5
,wp-250sxf2016,250 SX-F 2016,"{""KTM"":{""250 SX-F"":[""2016""]}}",2016,KTM,250 SX-F,,,,KTM 250 (SX) 2016-2016,,,,,,,,,,F8101P5
,wp-250sxf2021,250 SX-F 2021,"{""KTM"":{""250 SX-F"":[""2021""]}}",2021,KTM,250 SX-F,,,,KTM 250 (SX) 2021-2021,,,,,,,,,,F8101U5
,wp-250sxf2023,250 SX-F 2023,"{""KTM"":{""250 SX-F"":[""2023""]}}",2023,KTM,250 SX-F,,,,KTM 250 (SX) 2023-2023,,,,,,,,,,F8101W5
,wp-250sxf2027,250 SX-F 2027,"{""KTM"":{""250 SX-F"":[""2027""]}}",2027,KTM,250 SX-F,,,,KTM 250 (SX) 2027-2027,,,,,,,,,,F8101527
,wp-250xc-f2017,250 XC-F 2017,"{""KTM"":{""250 XC-F"":[""2017""]}}",2017,KTM,250 XC-F,,,,KTM 250 (XCF) 2017-2017,,,,,,,,,,F8101Q0
,wp-250xc-w2017,250 XC-W 2017,"{""KTM"":{""250 XC-W"":[""2017""]}}",2017,KTM,250 XC-W,,,,KTM 250 (XC) 2017-2017,,,,,,,,,,F7301Q3
,wp-250xc-w2018,250 XC-W 2018,"{""KTM"":{""250 XC-W"":[""2018""]}}",2018,KTM,250 XC-W,,,,KTM 250 (XC) 2018-2018,,,,,,,,,,F7175R4
,wp-250xc2017,250 XC 2017,"{""KTM"":{""250 XC"":[""2017""]}}",2017,KTM,250 XC,,,,KTM 250 (XC) 2017-2017,,,,,,,,,,F6301Q5
,wp-300exc2012,300 EXC 2012,"{""KTM"":{""300 EXC"":[""2012""]}}",2012,KTM,300 EXC,,,,KTM 300 (EXC) 2012-2012,,,,,,,,,,7403L6
,wp-300exc2015,300 EXC 2015,"{""KTM"":{""300 EXC"":[""2015""]}}",2015,KTM,300 EXC,,,,KTM 300 (EXC) 2015-2015,,,,,,,,,,F7403O6
,wp-300exc2016,300 EXC 2016,"{""KTM"":{""300 EXC"":[""2016""]}}",2016,KTM,300 EXC,,,,KTM 300 (EXC) 2016-2016,,,,,,,,,,F7403P6
,wp-300exc2017,300 EXC 2017,"{""KTM"":{""300 EXC"":[""2017""]}}",2017,KTM,300 EXC,,,,KTM 300 (EXC) 2017-2017,,,,,,,,,,F7403Q6
,wp-300exc2023,300 EXC 2023,"{""KTM"":{""300 EXC"":[""2023""]}}",2023,KTM,300 EXC,,,,KTM 300 (EXC) 2023-2023,,,,,,,,,,F7403W7
,wp-300excsd2023,300 EXC Six Days 2023,"{""KTM"":{""300 EXC SIX DAYS"":[""2023""]}}",2023,KTM,300 EXC SIX DAYS,,,,KTM 300 (EXC) 2023-2023,,,,,,,,,,7487W2_CFMOTO
,wp-300exctpi2018,300 EXC TPI 2018,"{""KTM"":{""300 EXC TPI"":[""2018""]}}",2018,KTM,300 EXC TPI,,,,KTM 300 (EXC) 2018-2018,,,,,,,,,,F7403R7
,wp-300se-rfactory2015,Sherco 300 SE-R Factory 2015,,,,,,,,,,,,,,,,,,300SE-RFACTORY2015
,wp-300se-rfactory2016,Sherco 300 SE-R Factory 2016,,,,,,,,,,,,,,,,,,300SE-RFACTORY2016
,wp-300sef-r2015,Sherco 300 SEF-R 2015,,,,,,,,,,,,,,,,,,300SEF-R2015
,wp-300sef-r2016,Sherco 300 SEF-R 2016,,,,,,,,,,,,,,,,,,300SEF-R2016
,wp-300sef2015,Sherco 300 SEF 2015,,,,,,,,,,,,,,,,,,300SEF2015
,wp-300sef2016,Sherco 300 SEF 2016,,,,,,,,,,,,,,,,,,300SEF2016
,wp-300sefr2017,Sherco 300 SEF-R 2017,,,,,,,,,,,,,,,,,,300SEFR2017
,wp-300sefr2018,Sherco 300 SEF-R 2018,,,,,,,,,,,,,,,,,,300SEFR2018
,wp-300sefr2019,Sherco 300 SEF-R 2019,,,,,,,,,,,,,,,,,,300SEFR2019
,wp-300sefr2020,Sherco 300 SEF-R 2020,,,,,,,,,,,,,,,,,,300SEFR2020
,wp-300ser2017,Sherco 300 SE-R 2017,,,,,,,,,,,,,,,,,,300SER2017
,wp-300ser2018,Sherco 300 SE-R 2018,,,,,,,,,,,,,,,,,,300SER2018
,wp-300ser2019,Sherco 300 SE-R 2019,,,,,,,,,,,,,,,,,,300SER2019
,wp-300ser2020,Sherco 300 SE-R 2020,,,,,,,,,,,,,,,,,,300SER2020
,wp-300xc-w2017,300 XC-W 2017,"{""KTM"":{""300 XC-W"":[""2017""]}}",2017,KTM,300 XC-W,,,,KTM 300 (XC) 2017-2017,,,,,,,,,,F7401Q3
,wp-300xc2017,300 XC 2017,"{""KTM"":{""300 XC"":[""2017""]}}",2017,KTM,300 XC,,,,KTM 300 (XC) 2017-2017,,,,,,,,,,F6401Q5
,wp-300xcwsixdays2017,300 XC-W Six Days 2017,"{""KTM"":{""300 XC-W SIX DAYS"":[""2017""]}}",2017,KTM,300 XC-W SIX DAYS,,,,KTM 300 (XC) 2017-2017,,,,,,,,,,F7401Q2
,wp-350exc-f2017,350 EXC-F 2017,"{""KTM"":{""350 EXC-F"":[""2017""]}}",2017,KTM,350 EXC-F,,,,KTM 350 (EXC) 2017-2017,,,,,,,,,,F8203Q9
,wp-350exc-f2018,350 EXC-F 2018,"{""KTM"":{""350 EXC-F"":[""2018""]}}",2018,KTM,350 EXC-F,,,,KTM 350 (EXC) 2018-2018,,,,,,,,,,F8203R9
,wp-350exc-f2019,350 EXC-F 2019,"{""KTM"":{""350 EXC-F"":[""2019""]}}",2019,KTM,350 EXC-F,,,,KTM 350 (EXC) 2019-2019,,,,,,,,,,F8203S9
,wp-350exc-fsd2017,350 EXC-F Six Days 2017,"{""KTM"":{""350 EXC-F SIX DAYS"":[""2017""]}}",2017,KTM,350 EXC-F SIX DAYS,,,,KTM 350 (EXC) 2017-2017,,,,,,,,,,F8203Q2
,wp-350exc-fsd2019,350 EXC-F Six Days 2019,"{""KTM"":{""350 EXC-F SIX DAYS"":[""2019""]}}",2019,KTM,350 EXC-F SIX DAYS,,,,KTM 350 (EXC) 2019-2019,,,,,,,,,,F8203S2
,wp-350exc-fsixdays2018,350 EXC-F SIX DAYS 2018,"{""KTM"":{""350 EXC-F SIX DAYS"":[""2018""]}}",2018,KTM,350 EXC-F SIX DAYS,,,,KTM 350 (EXC) 2018-2018,,,,,,,,,,F8203R2
,wp-350excf2012,350 EXC-F 2012,"{""KTM"":{""350 EXC-F"":[""2012""]}}",2012,KTM,350 EXC-F,,,,KTM 350 (EXC) 2012-2012,,,,,,,,,,8203L9
,wp-350excf2015,350 EXC-F 2015,"{""KTM"":{""350 EXC-F"":[""2015""]}}",2015,KTM,350 EXC-F,,,,KTM 350 (EXC) 2015-2015,,,,,,,,,,F8203O9
,wp-350excf2016,350 EXC-F 2016,"{""KTM"":{""350 EXC-F"":[""2016""]}}",2016,KTM,350 EXC-F,,,,KTM 350 (EXC) 2016-2016,,,,,,,,,,F8203P9
,wp-350excf2020,350 EXC-F 2020,"{""KTM"":{""350 EXC-F"":[""2020""]}}",2020,KTM,350 EXC-F,,,,KTM 350 (EXC) 2020-2020,,,,,,,,,,F8203T9
,wp-350excf2021,350 EXC-F 2021,"{""KTM"":{""350 EXC-F"":[""2021""]}}",2021,KTM,350 EXC-F,,,,KTM 350 (EXC) 2021-2021,,,,,,,,,,F8203U9
,wp-350excf2023,350 EXC-F 2023,"{""KTM"":{""350 EXC-F"":[""2023""]}}",2023,KTM,350 EXC-F,,,,KTM 350 (EXC) 2023-2023,,,,,,,,,,F8203W9
,wp-350excfsd2020,350 EXC-F Six Days 2020,"{""KTM"":{""350 EXC-F SIX DAYS"":[""2020""]}}",2020,KTM,350 EXC-F SIX DAYS,,,,KTM 350 (EXC) 2020-2020,,,,,,,,,,F8203T2
,wp-350excfsd2021,350 EXC-F Six Days 2021,"{""KTM"":{""350 EXC-F SIX DAYS"":[""2021""]}}",2021,KTM,350 EXC-F SIX DAYS,,,,KTM 350 (EXC) 2021-2021,,,,,,,,,,F8203U2
,wp-350excfsd2023,350 EXC-F Six Days 2023,"{""KTM"":{""350 EXC-F SIX DAYS"":[""2023""]}}",2023,KTM,350 EXC-F SIX DAYS,,,,KTM 350 (EXC) 2023-2023,,,,,,,,,,8287W2_CFMOTO
,wp-350sx-f2017,350 SX-F 2017,"{""KTM"":{""350 SX-F"":[""2017""]}}",2017,KTM,350 SX-F,,,,KTM 350 (SX) 2017-2017,,,,,,,,,,F8201Q5
,wp-350sx-f2018,350 SX-F 2018,"{""KTM"":{""350 SX-F"":[""2018""]}}",2018,KTM,350 SX-F,,,,KTM 350 (SX) 2018-2018,,,,,,,,,,F8201R5
,wp-350sx-f2019,350 SX-F 2019,"{""KTM"":{""350 SX-F"":[""2019""]}}",2019,KTM,350 SX-F,,,,KTM 350 (SX) 2019-2019,,,,,,,,,,F8201S5
,wp-350sx-f2020,350 SX-F 2020,"{""KTM"":{""350 SX-F"":[""2020""]}}",2020,KTM,350 SX-F,,,,KTM 350 (SX) 2020-2020,,,,,,,,,,F8201T5
,wp-350sxf2015,350 SX-F 2015,"{""KTM"":{""350 SX-F"":[""2015""]}}",2015,KTM,350 SX-F,,,,KTM 350 (SX) 2015-2015,,,,,,,,,,F8201O5
,wp-350sxf2016,350 SX-F 2016,"{""KTM"":{""350 SX-F"":[""2016""]}}",2016,KTM,350 SX-F,,,,KTM 350 (SX) 2016-2016,,,,,,,,,,F8201P5
,wp-350sxf2021,350 SX-F 2021,"{""KTM"":{""350 SX-F"":[""2021""]}}",2021,KTM,350 SX-F,,,,KTM 350 (SX) 2021-2021,,,,,,,,,,F8201U5
,wp-350sxf2023,350 SX-F 2023,"{""KTM"":{""350 SX-F"":[""2023""]}}",2023,KTM,350 SX-F,,,,KTM 350 (SX) 2023-2023,,,,,,,,,,F8201W5
,wp-350sxf2027,350 SX-F 2027,"{""KTM"":{""350 SX-F"":[""2027""]}}",2027,KTM,350 SX-F,,,,KTM 350 (SX) 2027-2027,,,,,,,,,,F8201527
,wp-350xc-f2017,350 XC-F 2017,"{""KTM"":{""350 XC-F"":[""2017""]}}",2017,KTM,350 XC-F,,,,KTM 350 (XCF) 2017-2017,,,,,,,,,,F8201Q0
,wp-390adventure2020,390 Adventure 2020,"{""KTM"":{""390 ADVENTURE"":[""2020""]}}",2020,KTM,390 ADVENTURE,,,,KTM 390 (STREET) 2020-2020,,,,,,,,,,F5303T5
,wp-390adventure2021,390 Adventure 2021,"{""KTM"":{""390 ADVENTURE"":[""2021""]}}",2021,KTM,390 ADVENTURE,,,,KTM 390 (STREET) 2021-2021,,,,,,,,,,F5303U5
,wp-390adventure2022,390 Adventure 2022,"{""KTM"":{""390 ADVENTURE"":[""2022""]}}",2022,KTM,390 ADVENTURE,,,,KTM 390 (STREET) 2022-2022,,,,,,,,,,F5303V5
,wp-390adventurer2026,390 Adventure R 2026,"{""KTM"":{""390 ADVENTURE R"":[""2026""]}}",2026,KTM,390 ADVENTURE R,,,,KTM 390 (STREET) 2026-2026,,,,,,,,,,F5302ZG
,wp-390adventurex2026,390 Adventure X 2026,"{""KTM"":{""390 ADVENTURE X"":[""2026""]}}",2026,KTM,390 ADVENTURE X,,,,KTM 390 (STREET) 2026-2026,,,,,,,,,,F5302ZJ
,wp-390duke2017,390 DUKE 2017,"{""KTM"":{""390 DUKE"":[""2017""]}}",2017,KTM,390 DUKE,,,,KTM 390 (STREET) 2017-2017,,,,,,,,,,F4303Q1
,wp-390duke2018,390 Duke 2018,"{""KTM"":{""390 DUKE"":[""2018""]}}",2018,KTM,390 DUKE,,,,KTM 390 (STREET) 2018-2018,,,,,,,,,,F4303R1
,wp-390duke2019,390 Duke 2019,"{""KTM"":{""390 DUKE"":[""2019""]}}",2019,KTM,390 DUKE,,,,KTM 390 (STREET) 2019-2019,,,,,,,,,,F4303S1
,wp-390duke2021,390 Duke 2021,"{""KTM"":{""390 DUKE"":[""2021""]}}",2021,KTM,390 DUKE,,,,KTM 390 (STREET) 2021-2021,,,,,,,,,,F4303U1
,wp-390duke2022,390 Duke 2022,"{""KTM"":{""390 DUKE"":[""2022""]}}",2022,KTM,390 DUKE,,,,KTM 390 (STREET) 2022-2022,,,,,,,,,,F4303V1
,wp-390duke2023,390 Duke 2023,"{""KTM"":{""390 DUKE"":[""2023""]}}",2023,KTM,390 DUKE,,,,KTM 390 (STREET) 2023-2023,,,,,,,,,,F4303W1
,wp-390duke2025,390 Duke 2025,"{""KTM"":{""390 DUKE"":[""2025""]}}",2025,KTM,390 DUKE,,,,KTM 390 (STREET) 2025-2025,,,,,,,,,,00JP1D1T
,wp-390duke2026,390 Duke 2026,"{""KTM"":{""390 DUKE"":[""2026""]}}",2026,KTM,390 DUKE,,,,KTM 390 (STREET) 2026-2026,,,,,,,,,,F4302Z3
,wp-390enduror2026,390 Enduro R 2026,"{""KTM"":{""390 ENDURO R"":[""2026""]}}",2026,KTM,390 ENDURO R,,,,KTM 390 (ENDURO) 2026-2026,,,,,,,,,,F5302Z5
,wp-390smcr2026,390 SMC R 2026,"{""KTM"":{""390 SMC R"":[""2026""]}}",2026,KTM,390 SMC R,,,,KTM 390 (STREET) 2026-2026,,,,,,,,,,F5302Z6
,wp-450exc-f2017,450 EXC-F 2017,"{""KTM"":{""450 EXC-F"":[""2017""]}}",2017,KTM,450 EXC-F,,,,KTM 450 (EXC) 2017-2017,,,,,,,,,,F8403Q9
,wp-450exc-f2018,450 EXC-F 2018,"{""KTM"":{""450 EXC-F"":[""2018""]}}",2018,KTM,450 EXC-F,,,,KTM 450 (EXC) 2018-2018,,,,,,,,,,F8403R9
,wp-450exc-f2019,450 EXC-F 2019,"{""KTM"":{""450 EXC-F"":[""2019""]}}",2019,KTM,450 EXC-F,,,,KTM 450 (EXC) 2019-2019,,,,,,,,,,F8403S9
,wp-450exc-fsd2017,450 EXC-F Six Days 2017,"{""KTM"":{""450 EXC-F SIX DAYS"":[""2017""]}}",2017,KTM,450 EXC-F SIX DAYS,,,,KTM 450 (EXC) 2017-2017,,,,,,,,,,F8403Q2
,wp-450exc-fsd2019,450 EXC-F Six Days 2019,"{""KTM"":{""450 EXC-F SIX DAYS"":[""2019""]}}",2019,KTM,450 EXC-F SIX DAYS,,,,KTM 450 (EXC) 2019-2019,,,,,,,,,,F8403S2
,wp-450exc-fsixdays2018,450 EXC-F SIX DAYS 2018,"{""KTM"":{""450 EXC-F SIX DAYS"":[""2018""]}}",2018,KTM,450 EXC-F SIX DAYS,,,,KTM 450 (EXC) 2018-2018,,,,,,,,,,F8403R2
,wp-450exc2012,450 EXC 2012,"{""KTM"":{""450 EXC"":[""2012""]}}",2012,KTM,450 EXC,,,,KTM 450 (EXC) 2012-2012,,,,,,,,,,8403L9
,wp-450exc2015,450 EXC 2015,"{""KTM"":{""450 EXC"":[""2015""]}}",2015,KTM,450 EXC,,,,KTM 450 (EXC) 2015-2015,,,,,,,,,,F8403O9
,wp-450exc2016,450 EXC 2016,"{""KTM"":{""450 EXC"":[""2016""]}}",2016,KTM,450 EXC,,,,KTM 450 (EXC) 2016-2016,,,,,,,,,,F8403P9
,wp-450se2015,Sherco 450 SE 2015,,,,,,,,,,,,,,,,,,450SE2015
,wp-450se2016,Sherco 450 SE 2016,,,,,,,,,,,,,,,,,,450SE2016
,wp-450sefr2017,Sherco 450 SEF-R 2017,,,,,,,,,,,,,,,,,,450SEFR2017
,wp-450sefr2018,Sherco 450 SEF-R 2018,,,,,,,,,,,,,,,,,,450SEFR2018
,wp-450sefr2019,Sherco 450 SEF-R 2019,,,,,,,,,,,,,,,,,,450SEFR2019
,wp-450sefr2020,Sherco 450 SEF-R 2020,,,,,,,,,,,,,,,,,,450SEFR2020
,wp-450sx-f2017,450 SX-F 2017,"{""KTM"":{""450 SX-F"":[""2017""]}}",2017,KTM,450 SX-F,,,,KTM 450 (SX) 2017-2017,,,,,,,,,,F8401Q5
,wp-450sx-f2018,450 SX-F 2018,"{""KTM"":{""450 SX-F"":[""2018""]}}",2018,KTM,450 SX-F,,,,KTM 450 (SX) 2018-2018,,,,,,,,,,F8401R5
,wp-450sx-f2019,450 SX-F 2019,"{""KTM"":{""450 SX-F"":[""2019""]}}",2019,KTM,450 SX-F,,,,KTM 450 (SX) 2019-2019,,,,,,,,,,F8401S5
,wp-450sx-f2020,450 SX-F 2020,"{""KTM"":{""450 SX-F"":[""2020""]}}",2020,KTM,450 SX-F,,,,KTM 450 (SX) 2020-2020,,,,,,,,,,F8401T5
,wp-450sxf2015,450 SX-F 2015,"{""KTM"":{""450 SX-F"":[""2015""]}}",2015,KTM,450 SX-F,,,,KTM 450 (SX) 2015-2015,,,,,,,,,,F8401O5
,wp-450sxf2016,450 SX-F 2016,"{""KTM"":{""450 SX-F"":[""2016""]}}",2016,KTM,450 SX-F,,,,KTM 450 (SX) 2016-2016,,,,,,,,,,F8401P5
,wp-450sxf2021,450 SX-F 2021,"{""KTM"":{""450 SX-F"":[""2021""]}}",2021,KTM,450 SX-F,,,,KTM 450 (SX) 2021-2021,,,,,,,,,,F8401U5
,wp-450sxf2023,450 SX-F 2023,"{""KTM"":{""450 SX-F"":[""2023""]}}",2023,KTM,450 SX-F,,,,KTM 450 (SX) 2023-2023,,,,,,,,,,F8401W5
,wp-450sxf2027,450 SX-F 2027,"{""KTM"":{""450 SX-F"":[""2027""]}}",2027,KTM,450 SX-F,,,,KTM 450 (SX) 2027-2027,,,,,,,,,,F8401527
,wp-450xcf2017,450 XC-F 2017,"{""KTM"":{""450 XC-F"":[""2017""]}}",2017,KTM,450 XC-F,,,,KTM 450 (XCF) 2017-2017,,,,,,,,,,F8401Q0
,wp-500exc-f2017,500 EXC-F 2017,"{""KTM"":{""500 EXC-F"":[""2017""]}}",2017,KTM,500 EXC-F,,,,KTM 500 (EXC) 2017-2017,,,,,,,,,,F8503Q9
,wp-500exc-f2018,500 EXC-F 2018,"{""KTM"":{""500 EXC-F"":[""2018""]}}",2018,KTM,500 EXC-F,,,,KTM 500 (EXC) 2018-2018,,,,,,,,,,F8503R9
,wp-500exc-f2019,500 EXC-F 2019,"{""KTM"":{""500 EXC-F"":[""2019""]}}",2019,KTM,500 EXC-F,,,,KTM 500 (EXC) 2019-2019,,,,,,,,,,F8503S9
,wp-500exc-fsd2017,500 EXC-F Six Days 2017,"{""KTM"":{""500 EXC-F SIX DAYS"":[""2017""]}}",2017,KTM,500 EXC-F SIX DAYS,,,,KTM 500 (EXC) 2017-2017,,,,,,,,,,F8503Q2
,wp-500exc2012,500 EXC 2012,"{""KTM"":{""500 EXC"":[""2012""]}}",2012,KTM,500 EXC,,,,KTM 500 (EXC) 2012-2012,,,,,,,,,,8503L9
,wp-500exc2015,500 EXC 2015,"{""KTM"":{""500 EXC"":[""2015""]}}",2015,KTM,500 EXC,,,,KTM 500 (EXC) 2015-2015,,,,,,,,,,F8503O9
,wp-500exc2016,500 EXC 2016,"{""KTM"":{""500 EXC"":[""2016""]}}",2016,KTM,500 EXC,,,,KTM 500 (EXC) 2016-2016,,,,,,,,,,F8503P9
,wp-500excf2020,500 EXC-F 2020,"{""KTM"":{""500 EXC-F"":[""2020""]}}",2020,KTM,500 EXC-F,,,,KTM 500 (EXC) 2020-2020,,,,,,,,,,F8503T9
,wp-500excf2021,500 EXC-F 2021,"{""KTM"":{""500 EXC-F"":[""2021""]}}",2021,KTM,500 EXC-F,,,,KTM 500 (EXC) 2021-2021,,,,,,,,,,F8503U9
,wp-500excf2023,500 EXC-F 2023,"{""KTM"":{""500 EXC-F"":[""2023""]}}",2023,KTM,500 EXC-F,,,,KTM 500 (EXC) 2023-2023,,,,,,,,,,F8503W9
,wp-500excfsd2020,500 EXC-F Six Days 2020,"{""KTM"":{""500 EXC-F SIX DAYS"":[""2020""]}}",2020,KTM,500 EXC-F SIX DAYS,,,,KTM 500 (EXC) 2020-2020,,,,,,,,,,F8503T2
,wp-500excfsd2021,500 EXC-F Six Days 2021,"{""KTM"":{""500 EXC-F SIX DAYS"":[""2021""]}}",2021,KTM,500 EXC-F SIX DAYS,,,,KTM 500 (EXC) 2021-2021,,,,,,,,,,F8503U2
,wp-500excfsd2023,500 EXC-F Six Days 2023,"{""KTM"":{""500 EXC-F SIX DAYS"":[""2023""]}}",2023,KTM,500 EXC-F SIX DAYS,,,,KTM 500 (EXC) 2023-2023,,,,,,,,,,F8503W2
,wp-500excsd2016,500 EXC Six Days 2016,"{""KTM"":{""500 EXC SIX DAYS"":[""2016""]}}",2016,KTM,500 EXC SIX DAYS,,,,KTM 500 (EXC) 2016-2016,,,,,,,,,,F8503P2
,wp-690duker2013,690 Duke R 2013,"{""KTM"":{""690 DUKE R"":[""2013""]}}",2013,KTM,690 DUKE R,,,,KTM 690 (STREET) 2013-2013,,,,,,,,,,F9703M1
,wp-690duker2014,690 Duke R 2014,"{""KTM"":{""690 DUKE R"":[""2014""]}}",2014,KTM,690 DUKE R,,,,KTM 690 (STREET) 2014-2014,,,,,,,,,,F9703N1
,wp-690duker2015,690 Duke R 2015,"{""KTM"":{""690 DUKE R"":[""2015""]}}",2015,KTM,690 DUKE R,,,,KTM 690 (STREET) 2015-2015,,,,,,,,,,F9703O1
,wp-690duker2016,690 Duke R 2016,"{""KTM"":{""690 DUKE R"":[""2016""]}}",2016,KTM,690 DUKE R,,,,KTM 690 (STREET) 2016-2016,,,,,,,,,,F9703P1
,wp-690enduror2012,690 Enduro R 2012,"{""KTM"":{""690 ENDURO R"":[""2012""]}}",2012,KTM,690 ENDURO R,,,,KTM 690 (ENDURO) 2012-2012,,,,,,,,,,9703L8
,wp-690enduror2013,690 Enduro R 2013,"{""KTM"":{""690 ENDURO R"":[""2013""]}}",2013,KTM,690 ENDURO R,,,,KTM 690 (ENDURO) 2013-2013,,,,,,,,,,F9703M8
,wp-690enduror2014,690 Enduro R 2014,"{""KTM"":{""690 ENDURO R"":[""2014""]}}",2014,KTM,690 ENDURO R,,,,KTM 690 (ENDURO) 2014-2014,,,,,,,,,,F9703N8
,wp-690enduror2015,690 Enduro R 2015,"{""KTM"":{""690 ENDURO R"":[""2015""]}}",2015,KTM,690 ENDURO R,,,,KTM 690 (ENDURO) 2015-2015,,,,,,,,,,F9703O8
,wp-690enduror2016,690 Enduro R 2016,"{""KTM"":{""690 ENDURO R"":[""2016""]}}",2016,KTM,690 ENDURO R,,,,KTM 690 (ENDURO) 2016-2016,,,,,,,,,,F9703P8
,wp-690enduror2019,690 Enduro R 2019,"{""KTM"":{""690 ENDURO R"":[""2019""]}}",2019,KTM,690 ENDURO R,,,,KTM 690 (ENDURO) 2019-2019,,,,,,,,,,F9703S8
,wp-690enduror2020,690 Enduro R 2020,"{""KTM"":{""690 ENDURO R"":[""2020""]}}",2020,KTM,690 ENDURO R,,,,KTM 690 (ENDURO) 2020-2020,,,,,,,,,,F9703T8
,wp-690enduror2023,690 Enduro R 2023,"{""KTM"":{""690 ENDURO R"":[""2023""]}}",2023,KTM,690 ENDURO R,,,,KTM 690 (ENDURO) 2023-2023,,,,,,,,,,F9703W8
,wp-690enduror2025,690 Enduro R 2025,"{""KTM"":{""690 ENDURO R"":[""2025""]}}",2025,KTM,690 ENDURO R,,,,KTM 690 (ENDURO) 2025-2025,,,,,,,,,,F9703Y8
,wp-690smcr2012,690 SMC R 2012,"{""KTM"":{""690 SMC R"":[""2012""]}}",2012,KTM,690 SMC R,,,,KTM 690 (STREET) 2012-2012,,,,,,,,,,9703L9
,wp-690smcr2013,690 SMC R 2013,"{""KTM"":{""690 SMC R"":[""2013""]}}",2013,KTM,690 SMC R,,,,KTM 690 (STREET) 2013-2013,,,,,,,,,,F9703M9
,wp-690smcr2014,690 SMC R 2014,"{""KTM"":{""690 SMC R"":[""2014""]}}",2014,KTM,690 SMC R,,,,KTM 690 (STREET) 2014-2014,,,,,,,,,,F9703N9
,wp-690smcr2015,690 SMC R 2015,"{""KTM"":{""690 SMC R"":[""2015""]}}",2015,KTM,690 SMC R,,,,KTM 690 (STREET) 2015-2015,,,,,,,,,,F9703O9
,wp-690smcr2019,690 SMC R 2019,"{""KTM"":{""690 SMC R"":[""2019""]}}",2019,KTM,690 SMC R,,,,KTM 690 (STREET) 2019-2019,,,,,,,,,,F9703S9
,wp-690smcr2023,690 SMC R 2023,"{""KTM"":{""690 SMC R"":[""2023""]}}",2023,KTM,690 SMC R,,,,KTM 690 (STREET) 2023-2023,,,,,,,,,,F9703W9
,wp-701enduro2019,701 Enduro 2019,"{""HUSQVARNA"":{""701 ENDURO"":[""2019""]}}",2019,HUSQVARNA,701 ENDURO,,,,HUSQVARNA 701 (ENDURO) 2019-2019,,,,,,,,,,F2603S1
,wp-701enduro2020,701 Enduro 2020,"{""HUSQVARNA"":{""701 ENDURO"":[""2020""]}}",2020,HUSQVARNA,701 ENDURO,,,,HUSQVARNA 701 (ENDURO) 2020-2020,,,,,,,,,,F2603T1
,wp-701enduro2021,701 Enduro 2021,"{""HUSQVARNA"":{""701 ENDURO"":[""2021""]}}",2021,HUSQVARNA,701 ENDURO,,,,HUSQVARNA 701 (ENDURO) 2021-2021,,,,,,,,,,F2603U1
,wp-701enduro2023,701 Enduro 2023,"{""HUSQVARNA"":{""701 ENDURO"":[""2023""]}}",2023,HUSQVARNA,701 ENDURO,,,,HUSQVARNA 701 (ENDURO) 2023-2023,,,,,,,,,,F2603W1
,wp-701enduro2025,701 Enduro 2025,"{""HUSQVARNA"":{""701 ENDURO"":[""2025""]}}",2025,HUSQVARNA,701 ENDURO,,,,HUSQVARNA 701 (ENDURO) 2025-2025,,,,,,,,,,F2603Y1
,wp-701endurolr2020,701 Enduro LR 2020,"{""HUSQVARNA"":{""701 ENDURO LR"":[""2020""]}}",2020,HUSQVARNA,701 ENDURO LR,,,,HUSQVARNA 701 (ENDURO) 2020-2020,,,,,,,,,,F2603T2
,wp-701supermoto2016,701 Supermoto 2016,"{""HUSQVARNA"":{""701 SUPERMOTO"":[""2016""]}}",2016,HUSQVARNA,701 SUPERMOTO,,,,HUSQVARNA 701 2016-2016,,,,,,,,,,F2603P3
,wp-701supermoto2017,701 Supermoto 2017,"{""HUSQVARNA"":{""701 SUPERMOTO"":[""2017""]}}",2017,HUSQVARNA,701 SUPERMOTO,,,,HUSQVARNA 701 2017-2017,,,,,,,,,,F2603Q3
,wp-701supermoto2023,701 Supermoto 2023,"{""HUSQVARNA"":{""701 SUPERMOTO"":[""2023""]}}",2023,HUSQVARNA,701 SUPERMOTO,,,,HUSQVARNA 701 2023-2023,,,,,,,,,,F2603W3
,wp-7103l2,125 EXC Six Days 2012,"{""KTM"":{""125 EXC SIX DAYS"":[""2012""]}}",2012,KTM,125 EXC SIX DAYS,,,,KTM 125 (EXC) 2012-2012,,,,,,,,,,7103L2
,wp-7103l6,125 EXC 2012,"{""KTM"":{""125 EXC"":[""2012""]}}",2012,KTM,125 EXC,,,,KTM 125 (EXC) 2012-2012,,,,,,,,,,7103L6
,wp-7303l2,250 EXC Six Days 2012,"{""KTM"":{""250 EXC SIX DAYS"":[""2012""]}}",2012,KTM,250 EXC SIX DAYS,,,,KTM 250 (EXC) 2012-2012,,,,,,,,,,7303L2
,wp-7403l2,300 EXC Six Days 2012,"{""KTM"":{""300 EXC SIX DAYS"":[""2012""]}}",2012,KTM,300 EXC SIX DAYS,,,,KTM 300 (EXC) 2012-2012,,,,,,,,,,7403L2
,wp-790adventure2021,790 Adventure 2021,"{""KTM"":{""790 ADVENTURE"":[""2021""]}}",2021,KTM,790 ADVENTURE,,,,KTM 790 (STREET) 2021-2021,,,,,,,,,,F9603U1
,wp-790adventure2023,790 Adventure 2023,"{""KTM"":{""790 ADVENTURE"":[""2023""]}}",2023,KTM,790 ADVENTURE,,,,KTM 790 (STREET) 2023-2023,,,,,,,,,,F9603W1
,wp-790adventure2026,790 Adventure 2026,"{""KTM"":{""790 ADVENTURE"":[""2026""]}}",2026,KTM,790 ADVENTURE,,,,KTM 790 (STREET) 2026-2026,,,,,,,,,,F9603Z1
,wp-790adventurer2019,790 Adventure R 2019,"{""KTM"":{""790 ADVENTURE R"":[""2019""]}}",2019,KTM,790 ADVENTURE R,,,,KTM 790 (STREET) 2019-2019,,,,,,,,,,F9603S3
,wp-790adventurer2020,790 Adventure R 2020,"{""KTM"":{""790 ADVENTURE R"":[""2020""]}}",2020,KTM,790 ADVENTURE R,,,,KTM 790 (STREET) 2020-2020,,,,,,,,,,F9603T3
,wp-790adventurer2021,790 Adventure R 2021,"{""KTM"":{""790 ADVENTURE R"":[""2021""]}}",2021,KTM,790 ADVENTURE R,,,,KTM 790 (STREET) 2021-2021,,,,,,,,,,F9642U3
,wp-790adventurerrally2020,790 Adventure R Rally 2020,"{""KTM"":{""790 ADVENTURE R RALLY"":[""2020""]}}",2020,KTM,790 ADVENTURE R RALLY,,,,KTM 790 (STREET) 2020-2020,,,,,,,,,,F9603T4
,wp-790adventures2019,790 Adventure 2019,"{""KTM"":{""790 ADVENTURE"":[""2019""]}}",2019,KTM,790 ADVENTURE,,,,KTM 790 (STREET) 2019-2019,,,,,,,,,,F9603S1
,wp-790duke2018,790 DUKE 2018,"{""KTM"":{""790 DUKE"":[""2018""]}}",2018,KTM,790 DUKE,,,,KTM 790 (STREET) 2018-2018,,,,,,,,,,F9603R5
,wp-790duke2019,790 Duke 2019,"{""KTM"":{""790 DUKE"":[""2019""]}}",2019,KTM,790 DUKE,,,,KTM 790 (STREET) 2019-2019,,,,,,,,,,F9603S5
,wp-790duke2020,790 Duke 2020,"{""KTM"":{""790 DUKE"":[""2020""]}}",2020,KTM,790 DUKE,,,,KTM 790 (STREET) 2020-2020,,,,,,,,,,F9603T5
,wp-790duke2026,790 Duke 2026,"{""KTM"":{""790 DUKE"":[""2026""]}}",2026,KTM,790 DUKE,,,,KTM 790 (STREET) 2026-2026,,,,,,,,,,F9603ZO
,wp-8103l2,250 EXC-F Six Days 2012,"{""KTM"":{""250 EXC-F SIX DAYS"":[""2012""]}}",2012,KTM,250 EXC-F SIX DAYS,,,,KTM 250 (EXC) 2012-2012,,,,,,,,,,8103L2
,wp-8203l2,350 EXC-F Six Days 2012,"{""KTM"":{""350 EXC-F SIX DAYS"":[""2012""]}}",2012,KTM,350 EXC-F SIX DAYS,,,,KTM 350 (EXC) 2012-2012,,,,,,,,,,8203L2
,wp-8403l2,450 EXC Six Days 2012,"{""KTM"":{""450 EXC SIX DAYS"":[""2012""]}}",2012,KTM,450 EXC SIX DAYS,,,,KTM 450 (EXC) 2012-2012,,,,,,,,,,8403L2
,wp-8503l2,500 EXC Six Days 2012,"{""KTM"":{""500 EXC SIX DAYS"":[""2012""]}}",2012,KTM,500 EXC SIX DAYS,,,,KTM 500 (EXC) 2012-2012,,,,,,,,,,8503L2
,wp-85sx17142014,85 SX 17/14 2014,"{""KTM"":{""85 SX 17/14"":[""2014""]}}",2014,KTM,85 SX 17/14,,,,KTM 85 (SX) 2014-2014,,,,,,,,,,F6001N8
,wp-890adventure2021,890 Adventure 2021,"{""KTM"":{""890 ADVENTURE"":[""2021""]}}",2021,KTM,890 ADVENTURE,,,,KTM 890 (STREET) 2021-2021,,,,,,,,,,F9703U5
,wp-890adventure2022,890 Adventure 2022,"{""KTM"":{""890 ADVENTURE"":[""2022""]}}",2022,KTM,890 ADVENTURE,,,,KTM 890 (STREET) 2022-2022,,,,,,,,,,F9703V5
,wp-890adventure2023,890 Adventure 2023,"{""KTM"":{""890 ADVENTURE"":[""2023""]}}",2023,KTM,890 ADVENTURE,,,,KTM 890 (STREET) 2023-2023,,,,,,,,,,F9703W5
,wp-890adventurer2021,890 Adventure R 2021,"{""KTM"":{""890 ADVENTURE R"":[""2021""]}}",2021,KTM,890 ADVENTURE R,,,,KTM 890 (STREET) 2021-2021,,,,,,,,,,F9703U7
,wp-890adventurer2022,890 Adventure R 2022,"{""KTM"":{""890 ADVENTURE R"":[""2022""]}}",2022,KTM,890 ADVENTURE R,,,,KTM 890 (STREET) 2022-2022,,,,,,,,,,F9703V7
,wp-890adventurer2023,890 Adventure R 2023,"{""KTM"":{""890 ADVENTURE R"":[""2023""]}}",2023,KTM,890 ADVENTURE R,,,,KTM 890 (STREET) 2023-2023,,,,,,,,,,F9703W7
,wp-890adventurer2024,890 Adventure R 2024,"{""KTM"":{""890 ADVENTURE R"":[""2024""]}}",2024,KTM,890 ADVENTURE R,,,,KTM 890 (STREET) 2024-2024,,,,,,,,,,F9703X7
,wp-890adventurer2026,890 Adventure R 2026,"{""KTM"":{""890 ADVENTURE R"":[""2026""]}}",2026,KTM,890 ADVENTURE R,,,,KTM 890 (STREET) 2026-2026,,,,,,,,,,F9703Z7
,wp-890adventurerrally2021,890 Adventure R Rally 2021,"{""KTM"":{""890 ADVENTURE R RALLY"":[""2021""]}}",2021,KTM,890 ADVENTURE R RALLY,,,,KTM 890 (STREET) 2021-2021,,,,,,,,,,F9703UD
,wp-890duke2021,890 Duke 2021,"{""KTM"":{""890 DUKE"":[""2021""]}}",2021,KTM,890 DUKE,,,,KTM 890 (STREET) 2021-2021,,,,,,,,,,F9703U1
,wp-890duker2020,890 Duke R 2020,"{""KTM"":{""890 DUKE R"":[""2020""]}}",2020,KTM,890 DUKE R,,,,KTM 890 (STREET) 2020-2020,,,,,,,,,,F9703T3
,wp-890duker2021,890 Duke R 2021,"{""KTM"":{""890 DUKE R"":[""2021""]}}",2021,KTM,890 DUKE R,,,,KTM 890 (STREET) 2021-2021,,,,,,,,,,F9703U3
,wp-890duker2023,890 Duke R 2023,"{""KTM"":{""890 DUKE R"":[""2023""]}}",2023,KTM,890 DUKE R,,,,KTM 890 (STREET) 2023-2023,,,,,,,,,,F9703W3
,wp-9903lt,1190 RC8 R Track 2012,"{""KTM"":{""1190 RC8 R TRACK"":[""2012""]}}",2012,KTM,1190 RC8 R TRACK,,,,KTM 1190 2012-2012,,,,,,,,,,9903LT
,wp-990duke2026,990 Duke 2026,"{""KTM"":{""990 DUKE"":[""2026""]}}",2026,KTM,990 DUKE,,,,KTM 990 (STREET) 2026-2026,,,,,,,,,,F9803ZC
,wp-990duker2026,990 Duke R 2026,"{""KTM"":{""990 DUKE R"":[""2026""]}}",2026,KTM,990 DUKE R,,,,KTM 990 (STREET) 2026-2026,,,,,,,,,,F9803ZE
,wp-betarr2t1252019,Beta RR 2T 125 2019,,,,,,,,,,,,,,,,,,BETARR2T1252019
,wp-betarr2t1252020,Beta RR 2T 125 2020,,,,,,,,,,,,,,,,,,BETARR2T1252020
,wp-cbr10002009,Honda CBR1000RR 2009,,,,,,,,,,,,,,,,,,CBR10002009
,wp-cbr10002010,Honda CBR1000RR 2010,,,,,,,,,,,,,,,,,,CBR10002010
,wp-cbr10002011,Honda CBR1000RR 2011,,,,,,,,,,,,,,,,,,CBR10002011
,wp-cbr10002012,Honda CBR1000RR 2012,,,,,,,,,,,,,,,,,,CBR10002012
,wp-cbr10002013,Honda CBR1000RR 2013,,,,,,,,,,,,,,,,,,CBR10002013
,wp-cbr10002014,Honda CBR1000RR 2014,,,,,,,,,,,,,,,,,,CBR10002014
,wp-cbr10002015,Honda CBR1000RR 2015,,,,,,,,,,,,,,,,,,CBR10002015
,wp-cbr10002016,Honda CBR1000RR 2016,,,,,,,,,,,,,,,,,,CBR10002016
,wp-cbr10002017,Honda CBR1000RR 2017,,,,,,,,,,,,,,,,,,CBR10002017
,wp-cbr6002012,Honda CBR600RR 2012,,,,,,,,,,,,,,,,,,CBR6002012
,wp-cbr6002013,Honda CBR600RR 2013,,,,,,,,,,,,,,,,,,CBR6002013
,wp-cbr6002014,Honda CBR600RR 2014,,,,,,,,,,,,,,,,,,CBR6002014
,wp-cbr6002015,Honda CBR600RR 2015,,,,,,,,,,,,,,,,,,CBR6002015
,wp-cbr6002016,Honda CBR600RR 2016,,,,,,,,,,,,,,,,,,CBR6002016
,wp-cbr6002017,Honda CBR600RR 2017,,,,,,,,,,,,,,,,,,CBR6002017
,wp-cbr6002018,$M-CBR600RR2018,,,,,,,,,,,,,,,,,,CBR6002018
,wp-crf2502015,Honda CRF250R 2015,,,,,,,,,,,,,,,,,,CRF2502015
,wp-crf2502016,Honda CRF250R 2016,,,,,,,,,,,,,,,,,,CRF2502016
,wp-crf2502017,Honda CRF250R 2017,,,,,,,,,,,,,,,,,,CRF2502017
,wp-crf250r2018,Honda CRF250R 2018,,,,,,,,,,,,,,,,,,CRF250R2018
,wp-crf250r2019,Honda CRF250R 2019,,,,,,,,,,,,,,,,,,CRF250R2019
,wp-crf250r2020,Honda CRF250R 2020,,,,,,,,,,,,,,,,,,CRF250R2020
,wp-crf250r2021,Honda CRF250R 2021,,,,,,,,,,,,,,,,,,CRF250R2021
,wp-crf250r2022,Honda CRF250R 2022,,,,,,,,,,,,,,,,,,CRF250R2022
,wp-crf250r2024,Honda CRF250R 2024,,,,,,,,,,,,,,,,,,CRF250R2024
,wp-crf250r2025,Honda CRF250R 2025,,,,,,,,,,,,,,,,,,CRF250R2025
,wp-crf4502015,Honda CRF450R 2015,,,,,,,,,,,,,,,,,,CRF4502015
,wp-crf4502016,Honda CRF450R 2016,,,,,,,,,,,,,,,,,,CRF4502016
,wp-crf4502017,Honda CRF450R 2017,,,,,,,,,,,,,,,,,,CRF4502017
,wp-crf450r2018,Honda CRF450R 2018,,,,,,,,,,,,,,,,,,CRF450R2018
,wp-crf450r2019,Honda CRF450R 2019,,,,,,,,,,,,,,,,,,CRF450R2019
,wp-crf450r2020,Honda CRF450R 2020,,,,,,,,,,,,,,,,,,CRF450R2020
,wp-crf450r2021,Honda CRF450R 2021,,,,,,,,,,,,,,,,,,CRF450R2021
,wp-crf450r2022,Honda CRF450R 2022,,,,,,,,,,,,,,,,,,CRF450R2022
,wp-crf450r2024,Honda CRF450R 2024,,,,,,,,,,,,,,,,,,CRF450R2024
,wp-crf450r2025,Honda CRF450R 2025,,,,,,,,,,,,,,,,,,CRF450R2025
,wp-daytona6752012,Triumph Daytona 675 2012,,,,,,,,,,,,,,,,,,DAYTONA6752012
,wp-daytona6752013,Triumph Daytona 675 2013,,,,,,,,,,,,,,,,,,DAYTONA6752013
,wp-daytona6752014,Triumph Daytona 675 2014,,,,,,,,,,,,,,,,,,DAYTONA6752014
,wp-daytona6752015,Triumph Daytona 675 2015,,,,,,,,,,,,,,,,,,DAYTONA6752015
,wp-daytona6752016,Triumph Daytona 675 2016,,,,,,,,,,,,,,,,,,DAYTONA6752016
,wp-daytona6752017,Triumph Daytona 675 2017,,,,,,,,,,,,,,,,,,DAYTONA6752017
,wp-ec2502023,EC 250 2023,"{""GASGAS"":{""EC 250"":[""2023""]}}",2023,GASGAS,EC 250,,,,GASGAS — 2023-2023,,,,,,,,,,F0303W7
,wp-ec250f2023,EC 250F 2023,"{""GASGAS"":{""EC 250F"":[""2023""]}}",2023,GASGAS,EC 250F,,,,GASGAS — 2023-2023,,,,,,,,,,F0203W9
,wp-ec3002021,EC 300 2021,"{""GASGAS"":{""EC 300"":[""2021""]}}",2021,GASGAS,EC 300,,,,GASGAS — 2021-2021,,,,,,,,,,F0403U7
,wp-ec3002023,EC 300 2023,"{""GASGAS"":{""EC 300"":[""2023""]}}",2023,GASGAS,EC 300,,,,GASGAS — 2023-2023,,,,,,,,,,F0403W7
,wp-es7002022,ES 700 2022,"{""GASGAS"":{""ES 700"":[""2022""]}}",2022,GASGAS,ES 700,,,,GASGAS — 2022-2022,,,,,,,,,,F0503V1
,wp-es7002023,ES 700 2023,"{""GASGAS"":{""ES 700"":[""2023""]}}",2023,GASGAS,ES 700,,,,GASGAS — 2023-2023,,,,,,,,,,F0503W1
,wp-es7002024,ES 700 2024,"{""GASGAS"":{""ES 700"":[""2024""]}}",2024,GASGAS,ES 700,,,,GASGAS — 2024-2024,,,,,,,,,,F0503X1
,wp-f0001u1,MC-E 5 2021,"{""GASGAS"":{""MC-E 5"":[""2021""]}}",2021,GASGAS,MC-E 5,,,,GASGAS — 2021-2021,,,,,,,,,,F0001U1
,wp-f0001u4,MC 50 2021,"{""GASGAS"":{""MC 50"":[""2021""]}}",2021,GASGAS,MC 50,,,,GASGAS — 2021-2021,,,,,,,,,,F0001U4
,wp-f0001u6,MC 65 2021,"{""GASGAS"":{""MC 65"":[""2021""]}}",2021,GASGAS,MC 65,,,,GASGAS — 2021-2021,,,,,,,,,,F0001U6
,wp-f0001u9,MC 85 2021,"{""GASGAS"":{""MC 85"":[""2021""]}}",2021,GASGAS,MC 85,,,,GASGAS — 2021-2021,,,,,,,,,,F0001U9
,wp-f0001w1,MC-E 5 2023,"{""GASGAS"":{""MC-E 5"":[""2023""]}}",2023,GASGAS,MC-E 5,,,,GASGAS — 2023-2023,,,,,,,,,,F0001W1
,wp-f0001w4,MC 50 2023,"{""GASGAS"":{""MC 50"":[""2023""]}}",2023,GASGAS,MC 50,,,,GASGAS — 2023-2023,,,,,,,,,,F0001W4
,wp-f0001w6,MC 65 2023,"{""GASGAS"":{""MC 65"":[""2023""]}}",2023,GASGAS,MC 65,,,,GASGAS — 2023-2023,,,,,,,,,,F0001W6
,wp-f0001w8,MC 85 17/14 2023,"{""GASGAS"":{""MC 85 17/14"":[""2023""]}}",2023,GASGAS,MC 85 17/14,,,,GASGAS — 2023-2023,,,,,,,,,,F0001W8
,wp-f0001w9,MC 85 19/16 2023,"{""GASGAS"":{""MC 85 19/16"":[""2023""]}}",2023,GASGAS,MC 85 19/16,,,,GASGAS — 2023-2023,,,,,,,,,,F0001W9
,wp-f0101u0,MC 125 2021,"{""GASGAS"":{""MC 125"":[""2021""]}}",2021,GASGAS,MC 125,,,,GASGAS — 2021-2021,,,,,,,,,,F0101U0
,wp-f0101wx,MC 125 2023,"{""GASGAS"":{""MC 125"":[""2023""]}}",2023,GASGAS,MC 125,,,,GASGAS — 2023-2023,,,,,,,,,,F0101W0
,wp-f0103tk,TXT GP 125 2020,"{""GASGAS"":{""TXT GP 125"":[""2020""]}}",2020,GASGAS,TXT GP 125,,,,GASGAS — 2020-2020,,,,,,,,,,F0103TK
,wp-f0201u5,MC 250F 2021,"{""GASGAS"":{""MC 250F"":[""2021""]}}",2021,GASGAS,MC 250F,,,,GASGAS — 2021-2021,,,,,,,,,,F0201U5
,wp-f0203u9,EC 250F 2021,"{""GASGAS"":{""EC 250F"":[""2021""]}}",2021,GASGAS,EC 250F,,,,GASGAS — 2021-2021,,,,,,,,,,F0203U9
,wp-f0203v9,EC 250F 2022,"{""GASGAS"":{""EC 250F"":[""2022""]}}",2022,GASGAS,EC 250F,,,,GASGAS — 2022-2022,,,,,,,,,,F0203V9
,wp-f0275u1,EX 250F 2021,"{""GASGAS"":{""EX 250F"":[""2021""]}}",2021,GASGAS,EX 250F,,,,GASGAS — 2021-2021,,,,,,,,,,F0275U1
,wp-f0275w5,MC 250F Factory Edition 2023,"{""GASGAS"":{""MC 250F FACTORY EDITION"":[""2023""]}}",2023,GASGAS,MC 250F FACTORY EDITION,,,,GASGAS — 2023-2023,,,,,,,,,,F0275W5
,wp-f0275wx,EX 250F 2023,"{""GASGAS"":{""EX 250F"":[""2023""]}}",2023,GASGAS,EX 250F,,,,GASGAS — 2023-2023,,,,,,,,,,F0275W1
,wp-f0301u5,MC 450F 2021,"{""GASGAS"":{""MC 450F"":[""2021""]}}",2021,GASGAS,MC 450F,,,,GASGAS — 2021-2021,,,,,,,,,,F0301U5
,wp-f0301wx,MC 450F 2023,"{""GASGAS"":{""MC 250"":[""2023""],""MC 350F"":[""2023""],""MC 450F"":[""2023""]}}",2023,GASGAS,MC 250||MC 350F||MC 450F,,,,GASGAS — 2023-2023,,,,,,,,,,F0301W0
,wp-f0303tl,TXT GP 250 2020,"{""GASGAS"":{""TXT GP 250"":[""2020""]}}",2020,GASGAS,TXT GP 250,,,,GASGAS — 2020-2020,,,,,,,,,,F0303TL
,wp-f0303tm,TXT GP 280 2020,"{""GASGAS"":{""TXT GP 280"":[""2020""]}}",2020,GASGAS,TXT GP 280,,,,GASGAS — 2020-2020,,,,,,,,,,F0303TM
,wp-f0303u7,EC 250 2021,"{""GASGAS"":{""EC 250"":[""2021""]}}",2021,GASGAS,EC 250,,,,GASGAS — 2021-2021,,,,,,,,,,F0303U7
,wp-f0303u9,EC 350F 2021,"{""GASGAS"":{""EC 350F"":[""2021""]}}",2021,GASGAS,EC 350F,,,,GASGAS — 2021-2021,,,,,,,,,,F0303U9
,wp-f0303v9,EC 350F 2022,"{""GASGAS"":{""EC 350F"":[""2022""]}}",2022,GASGAS,EC 350F,,,,GASGAS — 2022-2022,,,,,,,,,,F0303V9
,wp-f0303w9,EC 350F 2023,"{""GASGAS"":{""EC 350F"":[""2023""]}}",2023,GASGAS,EC 350F,,,,GASGAS — 2023-2023,,,,,,,,,,F0303W9
,wp-f0303x9,EC 350F 2024,"{""GASGAS"":{""EC 350F"":[""2024""]}}",2024,GASGAS,EC 350F,,,,GASGAS — 2024-2024,,,,,,,,,,F0303X9
,wp-f0375u1,EX 350F 2021,"{""GASGAS"":{""EX 350F"":[""2021""]}}",2021,GASGAS,EX 350F,,,,GASGAS — 2021-2021,,,,,,,,,,F0375U1
,wp-f0375u2,EX 450F 2021,"{""GASGAS"":{""EX 450F"":[""2021""]}}",2021,GASGAS,EX 450F,,,,GASGAS — 2021-2021,,,,,,,,,,F0375U2
,wp-f0375w5,MC 450F Factory Edition 2023,"{""GASGAS"":{""MC 450F FACTORY EDITION"":[""2023""]}}",2023,GASGAS,MC 450F FACTORY EDITION,,,,GASGAS — 2023-2023,,,,,,,,,,F0375W5
,wp-f0375wx,EX 350F 2023,"{""GASGAS"":{""EX 250"":[""2023""],""EX 350F"":[""2023""],""EX 450F"":[""2023""]}}",2023,GASGAS,EX 250||EX 350F||EX 450F,,,,GASGAS — 2023-2023,,,,,,,,,,F0375W1
,wp-f0403tn,TXT GP 300 2020,"{""GASGAS"":{""TXT GP 300"":[""2020""]}}",2020,GASGAS,TXT GP 300,,,,GASGAS — 2020-2020,,,,,,,,,,F0403TN
,wp-f0475127,EX 300 2027,"{""GASGAS"":{""EX 300"":[""2027""]}}",2027,GASGAS,EX 300,,,,GASGAS — 2027-2027,,,,,,,,,,F0475127
,wp-f0475u1,EX 300 2021,"{""GASGAS"":{""EX 300"":[""2021""]}}",2021,GASGAS,EX 300,,,,GASGAS — 2021-2021,,,,,,,,,,F0475U1
,wp-f0475wx,EX 300 2023,"{""GASGAS"":{""EX 300"":[""2023""]}}",2023,GASGAS,EX 300,,,,GASGAS — 2023-2023,,,,,,,,,,F0475W1
,wp-f2001427,TC 50 2027,"{""HUSQVARNA"":{""TC 50"":[""2027""]}}",2027,HUSQVARNA,TC 50,,,,HUSQVARNA — 2027-2027,,,,,,,,,,F2001427
,wp-f2001627,TC 65 2027,"{""HUSQVARNA"":{""TC 65"":[""2027""]}}",2027,HUSQVARNA,TC 65,,,,HUSQVARNA — 2027-2027,,,,,,,,,,F2001627
,wp-f2001827,TC 85 17/14 2027,"{""HUSQVARNA"":{""TC 85 17/14"":[""2027""]}}",2027,HUSQVARNA,TC 85 17/14,,,,HUSQVARNA — 2027-2027,,,,,,,,,,F2001827
,wp-f2001927,TC 85 19/16 2027,"{""HUSQVARNA"":{""TC 85 19/16"":[""2027""]}}",2027,HUSQVARNA,TC 85 19/16,,,,HUSQVARNA — 2027-2027,,,,,,,,,,F2001927
,wp-f2001o8,TC 85 17/14 2015,"{""HUSQVARNA"":{""TC 85 17/14"":[""2015""]}}",2015,HUSQVARNA,TC 85 17/14,,,,HUSQVARNA — 2015-2015,,,,,,,,,,F2001O8
,wp-f2001o9,TC 85 19/16 2015,"{""HUSQVARNA"":{""TC 85 19/16"":[""2015""]}}",2015,HUSQVARNA,TC 85 19/16,,,,HUSQVARNA — 2015-2015,,,,,,,,,,F2001O9
,wp-f2001p8,TC 85 17/14 2016,"{""HUSQVARNA"":{""TC 85 17/14"":[""2016""]}}",2016,HUSQVARNA,TC 85 17/14,,,,HUSQVARNA — 2016-2016,,,,,,,,,,F2001P8
,wp-f2001p9,TC 85 19/16 2016,"{""HUSQVARNA"":{""TC 85 19/16"":[""2016""]}}",2016,HUSQVARNA,TC 85 19/16,,,,HUSQVARNA — 2016-2016,,,,,,,,,,F2001P9
,wp-f2001q4,TC 50 2017,"{""HUSQVARNA"":{""TC 50"":[""2017""]}}",2017,HUSQVARNA,TC 50,,,,HUSQVARNA — 2017-2017,,,,,,,,,,F2001Q4
,wp-f2001q6,TC 65 2017,"{""HUSQVARNA"":{""TC 65"":[""2017""]}}",2017,HUSQVARNA,TC 65,,,,HUSQVARNA — 2017-2017,,,,,,,,,,F2001Q6
,wp-f2001q8,TC 85 17/14 2017,"{""HUSQVARNA"":{""TC 85 17/14"":[""2017""]}}",2017,HUSQVARNA,TC 85 17/14,,,,HUSQVARNA — 2017-2017,,,,,,,,,,F2001Q8
,wp-f2001q9,TC 85 19/16 2017,"{""HUSQVARNA"":{""TC 85 19/16"":[""2017""]}}",2017,HUSQVARNA,TC 85 19/16,,,,HUSQVARNA — 2017-2017,,,,,,,,,,F2001Q9
,wp-f2001r4,TC 50 2018,"{""HUSQVARNA"":{""TC 50"":[""2018""]}}",2018,HUSQVARNA,TC 50,,,,HUSQVARNA — 2018-2018,,,,,,,,,,F2001R4
,wp-f2001r6,TC 65 2018,"{""HUSQVARNA"":{""TC 65"":[""2018""]}}",2018,HUSQVARNA,TC 65,,,,HUSQVARNA — 2018-2018,,,,,,,,,,F2001R6
,wp-f2001r8,TC 85 17/14 2018,"{""HUSQVARNA"":{""TC 85 17/14"":[""2018""]}}",2018,HUSQVARNA,TC 85 17/14,,,,HUSQVARNA — 2018-2018,,,,,,,,,,F2001R8
,wp-f2001r9,TC 85 19/16 2018,"{""HUSQVARNA"":{""TC 85 19/16"":[""2018""]}}",2018,HUSQVARNA,TC 85 19/16,,,,HUSQVARNA — 2018-2018,,,,,,,,,,F2001R9
,wp-f2001s4,TC 50 2019,"{""HUSQVARNA"":{""TC 50"":[""2019""]}}",2019,HUSQVARNA,TC 50,,,,HUSQVARNA — 2019-2019,,,,,,,,,,F2001S4
,wp-f2001s6,TC 65 2019,"{""HUSQVARNA"":{""TC 65"":[""2019""]}}",2019,HUSQVARNA,TC 65,,,,HUSQVARNA — 2019-2019,,,,,,,,,,F2001S6
,wp-f2001s8,TC 85 17/14 2019,"{""HUSQVARNA"":{""TC 85 17/14"":[""2019""]}}",2019,HUSQVARNA,TC 85 17/14,,,,HUSQVARNA — 2019-2019,,,,,,,,,,F2001S8
,wp-f2001s9,TC 85 19/16 2019,"{""HUSQVARNA"":{""TC 85 19/16"":[""2019""]}}",2019,HUSQVARNA,TC 85 19/16,,,,HUSQVARNA — 2019-2019,,,,,,,,,,F2001S9
,wp-f2001t4,TC 50 2020,"{""HUSQVARNA"":{""TC 50"":[""2020""]}}",2020,HUSQVARNA,TC 50,,,,HUSQVARNA — 2020-2020,,,,,,,,,,F2001T4
,wp-f2001t5,TC 50 Mini 2020,"{""HUSQVARNA"":{""TC 50 MINI"":[""2020""]}}",2020,HUSQVARNA,TC 50 MINI,,,,HUSQVARNA — 2020-2020,,,,,,,,,,F2001T5
,wp-f2001t6,TC 65 2020,"{""HUSQVARNA"":{""TC 65"":[""2020""]}}",2020,HUSQVARNA,TC 65,,,,HUSQVARNA — 2020-2020,,,,,,,,,,F2001T6
,wp-f2001t8,TC 85 17/14 2020,"{""HUSQVARNA"":{""TC 85 17/14"":[""2020""]}}",2020,HUSQVARNA,TC 85 17/14,,,,HUSQVARNA — 2020-2020,,,,,,,,,,F2001T8
,wp-f2001t9,TC 85 19/16 2020,"{""HUSQVARNA"":{""TC 85 19/16"":[""2020""]}}",2020,HUSQVARNA,TC 85 19/16,,,,HUSQVARNA — 2020-2020,,,,,,,,,,F2001T9
,wp-f2001u4,TC 50 2021,"{""HUSQVARNA"":{""TC 50"":[""2021""]}}",2021,HUSQVARNA,TC 50,,,,HUSQVARNA — 2021-2021,,,,,,,,,,F2001U4
,wp-f2001u6,TC 65 2021,"{""HUSQVARNA"":{""TC 65"":[""2021""]}}",2021,HUSQVARNA,TC 65,,,,HUSQVARNA — 2021-2021,,,,,,,,,,F2001U6
,wp-f2001u8,TC 85 17/14 2021,"{""HUSQVARNA"":{""TC 85 17/14"":[""2021""]}}",2021,HUSQVARNA,TC 85 17/14,,,,HUSQVARNA — 2021-2021,,,,,,,,,,F2001U8
,wp-f2001u9,TC 85 19/16 2021,"{""HUSQVARNA"":{""TC 85 19/16"":[""2021""]}}",2021,HUSQVARNA,TC 85 19/16,,,,HUSQVARNA — 2021-2021,,,,,,,,,,F2001U9
,wp-f2001v4,TC 50 2022,"{""HUSQVARNA"":{""TC 50"":[""2022""]}}",2022,HUSQVARNA,TC 50,,,,HUSQVARNA — 2022-2022,,,,,,,,,,F2001V4
,wp-f2001v5,TC 50 Mini 2022,"{""HUSQVARNA"":{""TC 50 MINI"":[""2022""]}}",2022,HUSQVARNA,TC 50 MINI,,,,HUSQVARNA — 2022-2022,,,,,,,,,,F2001V5
,wp-f2001v6,TC 65 2022,"{""HUSQVARNA"":{""TC 65"":[""2022""]}}",2022,HUSQVARNA,TC 65,,,,HUSQVARNA — 2022-2022,,,,,,,,,,F2001V6
,wp-f2001v8,TC 85 17/14 2022,"{""HUSQVARNA"":{""TC 85 17/14"":[""2022""]}}",2022,HUSQVARNA,TC 85 17/14,,,,HUSQVARNA — 2022-2022,,,,,,,,,,F2001V8
,wp-f2001v9,TC 85 19/16 2022,"{""HUSQVARNA"":{""TC 85 19/16"":[""2022""]}}",2022,HUSQVARNA,TC 85 19/16,,,,HUSQVARNA — 2022-2022,,,,,,,,,,F2001V9
,wp-f2001w4,TC 50 2023,"{""HUSQVARNA"":{""TC 50"":[""2023""]}}",2023,HUSQVARNA,TC 50,,,,HUSQVARNA — 2023-2023,,,,,,,,,,F2001W4
,wp-f2001w5,TC 50 Mini 2023,"{""HUSQVARNA"":{""TC 50 MINI"":[""2023""]}}",2023,HUSQVARNA,TC 50 MINI,,,,HUSQVARNA — 2023-2023,,,,,,,,,,F2001W5
,wp-f2001w6,TC 65 2023,"{""HUSQVARNA"":{""TC 65"":[""2023""]}}",2023,HUSQVARNA,TC 65,,,,HUSQVARNA — 2023-2023,,,,,,,,,,F2001W6
,wp-f2001w8,TC 85 17/14 2023,"{""HUSQVARNA"":{""TC 85 17/14"":[""2023""]}}",2023,HUSQVARNA,TC 85 17/14,,,,HUSQVARNA — 2023-2023,,,,,,,,,,F2001W8
,wp-f2001w9,TC 85 19/16 2023,"{""HUSQVARNA"":{""TC 85 19/16"":[""2023""]}}",2023,HUSQVARNA,TC 85 19/16,,,,HUSQVARNA — 2023-2023,,,,,,,,,,F2001W9
,wp-f2001z8,TC 85 17/14 2026,"{""HUSQVARNA"":{""TC 85 17/14"":[""2026""]}}",2026,HUSQVARNA,TC 85 17/14,,,,HUSQVARNA — 2026-2026,,,,,,,,,,F2001Z8
,wp-f2001z9,TC 85 19/16 2026,"{""HUSQVARNA"":{""TC 85 19/16"":[""2026""]}}",2026,HUSQVARNA,TC 85 19/16,,,,HUSQVARNA — 2026-2026,,,,,,,,,,F2001Z9
,wp-f2101027,TC 125 2027,"{""HUSQVARNA"":{""TC 125"":[""2027""]}}",2027,HUSQVARNA,TC 125,,,,HUSQVARNA — 2027-2027,,,,,,,,,,F2101027
,wp-f2101n1,FC 250 2014,"{""HUSQVARNA"":{""FC 250"":[""2014""]}}",2014,HUSQVARNA,FC 250,,,,HUSQVARNA — 2014-2014,,,,,,,,,,F2101N1
,wp-f2101o0,TC 125 2015,"{""HUSQVARNA"":{""TC 125"":[""2015""]}}",2015,HUSQVARNA,TC 125,,,,HUSQVARNA — 2015-2015,,,,,,,,,,F2101O0
,wp-f2101p0,TC 125 2016,"{""HUSQVARNA"":{""TC 125"":[""2016""]}}",2016,HUSQVARNA,TC 125,,,,HUSQVARNA — 2016-2016,,,,,,,,,,F2101P0
,wp-f2101p1,FC 250 2016,"{""HUSQVARNA"":{""FC 250"":[""2016""]}}",2016,HUSQVARNA,FC 250,,,,HUSQVARNA — 2016-2016,,,,,,,,,,F2101P1
,wp-f2101q0,TC 125 2017,"{""HUSQVARNA"":{""TC 125"":[""2017""]}}",2017,HUSQVARNA,TC 125,,,,HUSQVARNA — 2017-2017,,,,,,,,,,F2101Q0
,wp-f2101q1,FC 250 2017,"{""HUSQVARNA"":{""FC 250"":[""2017""]}}",2017,HUSQVARNA,FC 250,,,,HUSQVARNA — 2017-2017,,,,,,,,,,F2101Q1
,wp-f2101q6,FX 250 2017,"{""HUSQVARNA"":{""FX 250"":[""2017""]}}",2017,HUSQVARNA,FX 250,,,,HUSQVARNA — 2017-2017,,,,,,,,,,F2101Q6
,wp-f2101r0,TC 125 2018,"{""HUSQVARNA"":{""TC 125"":[""2018""]}}",2018,HUSQVARNA,TC 125,,,,HUSQVARNA — 2018-2018,,,,,,,,,,F2101R0
,wp-f2101r1,FC 250 2018,"{""HUSQVARNA"":{""FC 250"":[""2018""]}}",2018,HUSQVARNA,FC 250,,,,HUSQVARNA — 2018-2018,,,,,,,,,,F2101R1
,wp-f2101s0,TC 125 2019,"{""HUSQVARNA"":{""TC 125"":[""2019""]}}",2019,HUSQVARNA,TC 125,,,,HUSQVARNA — 2019-2019,,,,,,,,,,F2101S0
,wp-f2101s1,FC 250 2019,"{""HUSQVARNA"":{""FC 250"":[""2019""]}}",2019,HUSQVARNA,FC 250,,,,HUSQVARNA — 2019-2019,,,,,,,,,,F2101S1
,wp-f2101t0,TC 125 2020,"{""HUSQVARNA"":{""TC 125"":[""2020""]}}",2020,HUSQVARNA,TC 125,,,,HUSQVARNA — 2020-2020,,,,,,,,,,F2101T0
,wp-f2101t1,FC 250 2020,"{""HUSQVARNA"":{""FC 250"":[""2020""]}}",2020,HUSQVARNA,FC 250,,,,HUSQVARNA — 2020-2020,,,,,,,,,,F2101T1
,wp-f2101u0,TC 125 2021,"{""HUSQVARNA"":{""TC 125"":[""2021""]}}",2021,HUSQVARNA,TC 125,,,,HUSQVARNA — 2021-2021,,,,,,,,,,F2101U0
,wp-f2101v0,TC 125 2022,"{""HUSQVARNA"":{""TC 125"":[""2022""]}}",2022,HUSQVARNA,TC 125,,,,HUSQVARNA — 2022-2022,,,,,,,,,,F2101V0
,wp-f2101w0,TC 125 2023,"{""HUSQVARNA"":{""TC 125"":[""2023""]}}",2023,HUSQVARNA,TC 125,,,,HUSQVARNA — 2023-2023,,,,,,,,,,F2101W0
,wp-f2101w2,TC 125 Heritage 2023,"{""HUSQVARNA"":{""TC 125 HERITAGE"":[""2023""]}}",2023,HUSQVARNA,TC 125 HERITAGE,,,,HUSQVARNA — 2023-2023,,,,,,,,,,F2101W2
,wp-f2103q9,TX 125 2017,"{""GASGAS"":{""TX 125"":[""2017""]}}",2017,GASGAS,TX 125,,,,GASGAS — 2017-2017,,,,,,,,,,F2103Q9
,wp-f2103r9,TX 125 2018,"{""GASGAS"":{""TX 125"":[""2018""]}}",2018,GASGAS,TX 125,,,,GASGAS — 2018-2018,,,,,,,,,,F2103R9
,wp-f2103s9,TX 125 2019,"{""GASGAS"":{""TX 125"":[""2019""]}}",2019,GASGAS,TX 125,,,,GASGAS — 2019-2019,,,,,,,,,,F2103S9
,wp-f2103t4,FE 250 2020,"{""HUSQVARNA"":{""FE 250"":[""2020""]}}",2020,HUSQVARNA,FE 250,,,,HUSQVARNA — 2020-2020,,,,,,,,,,F2103T4
,wp-f2103u4,FE 250 2021,"{""HUSQVARNA"":{""FE 250"":[""2021""]}}",2021,HUSQVARNA,FE 250,,,,HUSQVARNA — 2021-2021,,,,,,,,,,F2103U4
,wp-f2175q9,TE 150 2017,"{""HUSQVARNA"":{""TE 150"":[""2017""]}}",2017,HUSQVARNA,TE 150,,,,HUSQVARNA — 2017-2017,,,,,,,,,,F2175Q9
,wp-f2175r9,TE 150 2018,"{""HUSQVARNA"":{""TE 150"":[""2018""]}}",2018,HUSQVARNA,TE 150,,,,HUSQVARNA — 2018-2018,,,,,,,,,,F2175R9
,wp-f2175s9,TE 150 2019,"{""HUSQVARNA"":{""TE 150"":[""2019""]}}",2019,HUSQVARNA,TE 150,,,,HUSQVARNA — 2019-2019,,,,,,,,,,F2175S9
,wp-f2175z6,FC 250 Factory Edition 2026,"{""HUSQVARNA"":{""FC 250 FACTORY EDITION"":[""2026""]}}",2026,HUSQVARNA,FC 250 FACTORY EDITION,,,,HUSQVARNA — 2026-2026,,,,,,,,,,F2175Z6
,wp-f2201n1,FC 350 2014,"{""HUSQVARNA"":{""FC 350"":[""2014""]}}",2014,HUSQVARNA,FC 350,,,,HUSQVARNA — 2014-2014,,,,,,,,,,F2201N1
,wp-f2201o1,FC 350 2015,"{""HUSQVARNA"":{""FC 350"":[""2015""]}}",2015,HUSQVARNA,FC 350,,,,HUSQVARNA — 2015-2015,,,,,,,,,,F2201O1
,wp-f2201p1,FC 350 2016,"{""HUSQVARNA"":{""FC 350"":[""2016""]}}",2016,HUSQVARNA,FC 350,,,,HUSQVARNA — 2016-2016,,,,,,,,,,F2201P1
,wp-f2201q1,FC 350 2017,"{""HUSQVARNA"":{""FC 350"":[""2017""]}}",2017,HUSQVARNA,FC 350,,,,HUSQVARNA — 2017-2017,,,,,,,,,,F2201Q1
,wp-f2201q6,FX 350 2017,"{""HUSQVARNA"":{""FX 350"":[""2017""]}}",2017,HUSQVARNA,FX 350,,,,HUSQVARNA — 2017-2017,,,,,,,,,,F2201Q6
,wp-f2201r1,FC 350 2018,"{""HUSQVARNA"":{""FC 350"":[""2018""]}}",2018,HUSQVARNA,FC 350,,,,HUSQVARNA — 2018-2018,,,,,,,,,,F2201R1
,wp-f2201r6,FX 350 2018,"{""HUSQVARNA"":{""FX 350"":[""2018""]}}",2018,HUSQVARNA,FX 350,,,,HUSQVARNA — 2018-2018,,,,,,,,,,F2201R6
,wp-f2201s1,FC 350 2019,"{""HUSQVARNA"":{""FC 350"":[""2019""]}}",2019,HUSQVARNA,FC 350,,,,HUSQVARNA — 2019-2019,,,,,,,,,,F2201S1
,wp-f2201s6,FX 350 2019,"{""HUSQVARNA"":{""FX 350"":[""2019""]}}",2019,HUSQVARNA,FX 350,,,,HUSQVARNA — 2019-2019,,,,,,,,,,F2201S6
,wp-f2201t1,FC 350 2020,"{""HUSQVARNA"":{""FC 350"":[""2020""]}}",2020,HUSQVARNA,FC 350,,,,HUSQVARNA — 2020-2020,,,,,,,,,,F2201T1
,wp-f2201t6,FX 350 2020,"{""HUSQVARNA"":{""FX 350"":[""2020""]}}",2020,HUSQVARNA,FX 350,,,,HUSQVARNA — 2020-2020,,,,,,,,,,F2201T6
,wp-f2201u6,FX 350 2021,"{""HUSQVARNA"":{""FX 350"":[""2021""]}}",2021,HUSQVARNA,FX 350,,,,HUSQVARNA — 2021-2021,,,,,,,,,,F2201U6
,wp-f2201v6,FX 350 2022,"{""HUSQVARNA"":{""FX 350"":[""2022""]}}",2022,HUSQVARNA,FX 350,,,,HUSQVARNA — 2022-2022,,,,,,,,,,F2201V6
,wp-f2201wx,FX 350 Heritage 2023,"{""HUSQVARNA"":{""FX 350"":[""2023""],""FX 350 HERITAGE"":[""2023""]}}",2023,HUSQVARNA,FX 350||FX 350 HERITAGE,,,,HUSQVARNA — 2023-2023,,,,,,,,,,F2201W5
,wp-f2275o4,FE 350s 2015,"{""HUSQVARNA"":{""FE 350S"":[""2015""]}}",2015,HUSQVARNA,FE 350S,,,,HUSQVARNA — 2015-2015,,,,,,,,,,F2275O4
,wp-f2275p4,FE 350s 2016,"{""HUSQVARNA"":{""FE 350S"":[""2016""]}}",2016,HUSQVARNA,FE 350S,,,,HUSQVARNA — 2016-2016,,,,,,,,,,F2275P4
,wp-f2275t4,FE 350s 2020,"{""HUSQVARNA"":{""FE 350S"":[""2020""]}}",2020,HUSQVARNA,FE 350S,,,,HUSQVARNA — 2020-2020,,,,,,,,,,F2275T4
,wp-f2275u4,FE 350s 2021,"{""HUSQVARNA"":{""FE 350S"":[""2021""]}}",2021,HUSQVARNA,FE 350S,,,,HUSQVARNA — 2021-2021,,,,,,,,,,F2275U4
,wp-f2275w4,FE 350s 2023,"{""HUSQVARNA"":{""FE 350S"":[""2023""]}}",2023,HUSQVARNA,FE 350S,,,,HUSQVARNA — 2023-2023,,,,,,,,,,F2275W4
,wp-f2301127,TC 250 2027,"{""HUSQVARNA"":{""TC 250"":[""2027""]}}",2027,HUSQVARNA,TC 250,,,,HUSQVARNA — 2027-2027,,,,,,,,,,F2301127
,wp-f2301n1,TC 250 2014,"{""HUSQVARNA"":{""TC 250"":[""2014""]}}",2014,HUSQVARNA,TC 250,,,,HUSQVARNA — 2014-2014,,,,,,,,,,F2301N1
,wp-f2301o1,TC 250 2015,"{""HUSQVARNA"":{""TC 250"":[""2015""]}}",2015,HUSQVARNA,TC 250,,,,HUSQVARNA — 2015-2015,,,,,,,,,,F2301O1
,wp-f2301p1,TC 250 2016,"{""HUSQVARNA"":{""TC 250"":[""2016""]}}",2016,HUSQVARNA,TC 250,,,,HUSQVARNA — 2016-2016,,,,,,,,,,F2301P1
,wp-f2301q1,TC 250 2017,"{""HUSQVARNA"":{""TC 250"":[""2017""]}}",2017,HUSQVARNA,TC 250,,,,HUSQVARNA — 2017-2017,,,,,,,,,,F2301Q1
,wp-f2301q6,FX 450 2017,"{""HUSQVARNA"":{""FX 450"":[""2017""]}}",2017,HUSQVARNA,FX 450,,,,HUSQVARNA — 2017-2017,,,,,,,,,,F2301Q6
,wp-f2301r1,TC 250 2018,"{""HUSQVARNA"":{""TC 250"":[""2018""]}}",2018,HUSQVARNA,TC 250,,,,HUSQVARNA — 2018-2018,,,,,,,,,,F2301R1
,wp-f2301r6,FX 450 2018,"{""HUSQVARNA"":{""FX 450"":[""2018""]}}",2018,HUSQVARNA,FX 450,,,,HUSQVARNA — 2018-2018,,,,,,,,,,F2301R6
,wp-f2301s1,TC 250 2019,"{""HUSQVARNA"":{""TC 250"":[""2019""]}}",2019,HUSQVARNA,TC 250,,,,HUSQVARNA — 2019-2019,,,,,,,,,,F2301S1
,wp-f2301s6,FX 450 2019,"{""HUSQVARNA"":{""FX 450"":[""2019""]}}",2019,HUSQVARNA,FX 450,,,,HUSQVARNA — 2019-2019,,,,,,,,,,F2301S6
,wp-f2301t1,TC 250 2020,"{""HUSQVARNA"":{""TC 250"":[""2020""]}}",2020,HUSQVARNA,TC 250,,,,HUSQVARNA — 2020-2020,,,,,,,,,,F2301T1
,wp-f2301t6,FX 450 2020,"{""HUSQVARNA"":{""FX 450"":[""2020""]}}",2020,HUSQVARNA,FX 450,,,,HUSQVARNA — 2020-2020,,,,,,,,,,F2301T6
,wp-f2301u1,TC 250 2021,"{""HUSQVARNA"":{""TC 250"":[""2021""]}}",2021,HUSQVARNA,TC 250,,,,HUSQVARNA — 2021-2021,,,,,,,,,,F2301U1
,wp-f2301u6,FX 450 2021,"{""HUSQVARNA"":{""FX 450"":[""2021""]}}",2021,HUSQVARNA,FX 450,,,,HUSQVARNA — 2021-2021,,,,,,,,,,F2301U6
,wp-f2301v1,TC 250 2022,"{""HUSQVARNA"":{""TC 250"":[""2022""]}}",2022,HUSQVARNA,TC 250,,,,HUSQVARNA — 2022-2022,,,,,,,,,,F2301V1
,wp-f2301v6,FX 450 2022,"{""HUSQVARNA"":{""FX 450"":[""2022""]}}",2022,HUSQVARNA,FX 450,,,,HUSQVARNA — 2022-2022,,,,,,,,,,F2301V6
,wp-f2301w1,TC 250 2023,"{""HUSQVARNA"":{""TC 250"":[""2023""]}}",2023,HUSQVARNA,TC 250,,,,HUSQVARNA — 2023-2023,,,,,,,,,,F2301W1
,wp-f2301w2,TC 250 Heritage 2023,"{""HUSQVARNA"":{""TC 250 HERITAGE"":[""2023""]}}",2023,HUSQVARNA,TC 250 HERITAGE,,,,HUSQVARNA — 2023-2023,,,,,,,,,,F2301W2
,wp-f2301w7,FX 450 Heritage 2023,"{""HUSQVARNA"":{""FX 450 HERITAGE"":[""2023""]}}",2023,HUSQVARNA,FX 450 HERITAGE,,,,HUSQVARNA — 2023-2023,,,,,,,,,,F2301W7
,wp-f2301wx,FX 450 2023,"{""HUSQVARNA"":{""FX 450"":[""2023""]}}",2023,HUSQVARNA,FX 450,,,,HUSQVARNA — 2023-2023,,,,,,,,,,F2301W6
,wp-f2303o0,FS 450 2015,"{""HUSQVARNA"":{""FS 450"":[""2015""]}}",2015,HUSQVARNA,FS 450,,,,HUSQVARNA — 2015-2015,,,,,,,,,,F2303O0
,wp-f2303p0,FS 450 2016,"{""HUSQVARNA"":{""FS 450"":[""2016""]}}",2016,HUSQVARNA,FS 450,,,,HUSQVARNA — 2016-2016,,,,,,,,,,F2303P0
,wp-f2303q0,FS 450 2017,"{""HUSQVARNA"":{""FS 450"":[""2017""]}}",2017,HUSQVARNA,FS 450,,,,HUSQVARNA — 2017-2017,,,,,,,,,,F2303Q0
,wp-f2303q7,TE 250 EFI 2017,"{""HUSQVARNA"":{""TE 250 EFI"":[""2017""]}}",2017,HUSQVARNA,TE 250 EFI,,,,HUSQVARNA — 2017-2017,,,,,,,,,,F2303Q7
,wp-f2303r0,FS 450 2018,"{""HUSQVARNA"":{""FS 450"":[""2018""]}}",2018,HUSQVARNA,FS 450,,,,HUSQVARNA — 2018-2018,,,,,,,,,,F2303R0
,wp-f2303s0,FS 450 2019,"{""HUSQVARNA"":{""FS 450"":[""2019""]}}",2019,HUSQVARNA,FS 450,,,,HUSQVARNA — 2019-2019,,,,,,,,,,F2303S0
,wp-f2303t4,FE 450 2020,"{""HUSQVARNA"":{""FE 450"":[""2020""]}}",2020,HUSQVARNA,FE 450,,,,HUSQVARNA — 2020-2020,,,,,,,,,,F2303T4
,wp-f2303u0,FS 450 2021,"{""HUSQVARNA"":{""FS 450"":[""2021""]}}",2021,HUSQVARNA,FS 450,,,,HUSQVARNA — 2021-2021,,,,,,,,,,F2303U0
,wp-f2303u4,FE 450 2021,"{""HUSQVARNA"":{""FE 450"":[""2021""]}}",2021,HUSQVARNA,FE 450,,,,HUSQVARNA — 2021-2021,,,,,,,,,,F2303U4
,wp-f2303w0,FS 450 2023,"{""HUSQVARNA"":{""FS 450"":[""2023""]}}",2023,HUSQVARNA,FS 450,,,,HUSQVARNA — 2023-2023,,,,,,,,,,F2303W0
,wp-f2401227,TC 300 2027,"{""HUSQVARNA"":{""TC 300"":[""2027""]}}",2027,HUSQVARNA,TC 300,,,,HUSQVARNA — 2027-2027,,,,,,,,,,F2401227
,wp-f2401n1,FC 450 2014,"{""HUSQVARNA"":{""FC 450"":[""2014""]}}",2014,HUSQVARNA,FC 450,,,,HUSQVARNA — 2014-2014,,,,,,,,,,F2401N1
,wp-f2401p1,FC 450 2016,"{""HUSQVARNA"":{""FC 450"":[""2016""]}}",2016,HUSQVARNA,FC 450,,,,HUSQVARNA — 2016-2016,,,,,,,,,,F2401P1
,wp-f2401q1,FC 450 2017,"{""HUSQVARNA"":{""FC 450"":[""2017""]}}",2017,HUSQVARNA,FC 450,,,,HUSQVARNA — 2017-2017,,,,,,,,,,F2401Q1
,wp-f2401q5,TX 300 2017,"{""GASGAS"":{""TX 300"":[""2017""]}}",2017,GASGAS,TX 300,,,,GASGAS — 2017-2017,,,,,,,,,,F2401Q5
,wp-f2401r1,FC 450 2018,"{""HUSQVARNA"":{""FC 450"":[""2018""]}}",2018,HUSQVARNA,FC 450,,,,HUSQVARNA — 2018-2018,,,,,,,,,,F2401R1
,wp-f2401r5,TX 300 2018,"{""GASGAS"":{""TX 300"":[""2018""]}}",2018,GASGAS,TX 300,,,,GASGAS — 2018-2018,,,,,,,,,,F2401R5
,wp-f2401s1,FC 450 2019,"{""HUSQVARNA"":{""FC 450"":[""2019""]}}",2019,HUSQVARNA,FC 450,,,,HUSQVARNA — 2019-2019,,,,,,,,,,F2401S1
,wp-f2401s5,TX 300 2019,"{""GASGAS"":{""TX 300"":[""2019""]}}",2019,GASGAS,TX 300,,,,GASGAS — 2019-2019,,,,,,,,,,F2401S5
,wp-f2401t1,FC 450 2020,"{""HUSQVARNA"":{""FC 450"":[""2020""]}}",2020,HUSQVARNA,FC 450,,,,HUSQVARNA — 2020-2020,,,,,,,,,,F2401T1
,wp-f2401t5,TX 300i 2020,"{""GASGAS"":{""TX 300I"":[""2020""]}}",2020,GASGAS,TX 300I,,,,GASGAS — 2020-2020,,,,,,,,,,F2401T5
,wp-f2401u5,TX 300i 2021,"{""GASGAS"":{""TX 300I"":[""2021""]}}",2021,GASGAS,TX 300I,,,,GASGAS — 2021-2021,,,,,,,,,,F2401U5
,wp-f2401v5,TX 300i 2022,"{""GASGAS"":{""TX 300I"":[""2022""]}}",2022,GASGAS,TX 300I,,,,GASGAS — 2022-2022,,,,,,,,,,F2401V5
,wp-f2401wx,TX 300 Heritage 2023,"{""GASGAS"":{""TX 300"":[""2023""],""TX 300 HERITAGE"":[""2023""]}}",2023,GASGAS,TX 300||TX 300 HERITAGE,,,,GASGAS — 2023-2023,,,,,,,,,,F2401W5
,wp-f2403q7,TE 300 EFI 2017,"{""HUSQVARNA"":{""TE 300 EFI"":[""2017""]}}",2017,HUSQVARNA,TE 300 EFI,,,,HUSQVARNA — 2017-2017,,,,,,,,,,F2403Q7
,wp-f2403r7,TE 300i 2018,"{""HUSQVARNA"":{""TE 300I"":[""2018""]}}",2018,HUSQVARNA,TE 300I,,,,HUSQVARNA — 2018-2018,,,,,,,,,,F2403R7
,wp-f2403w6,FE 501 Heritage 2023,"{""HUSQVARNA"":{""FE 501 HERITAGE"":[""2023""]}}",2023,HUSQVARNA,FE 501 HERITAGE,,,,HUSQVARNA — 2023-2023,,,,,,,,,,F2403W6
,wp-f2475o4,FE 501s 2015,"{""HUSQVARNA"":{""FE 501S"":[""2015""]}}",2015,HUSQVARNA,FE 501S,,,,HUSQVARNA — 2015-2015,,,,,,,,,,F2475O4
,wp-f2475p4,FE 501s 2016,"{""HUSQVARNA"":{""FE 501S"":[""2016""]}}",2016,HUSQVARNA,FE 501S,,,,HUSQVARNA — 2016-2016,,,,,,,,,,F2475P4
,wp-f2475r1,FC 450 Rockstar Edition 2018,"{""HUSQVARNA"":{""FC 450 ROCKSTAR EDITION"":[""2018""]}}",2018,HUSQVARNA,FC 450 ROCKSTAR EDITION,,,,HUSQVARNA — 2018-2018,,,,,,,,,,F2475R1
,wp-f2475s1,FC 450 Rockstar Edition 2019,"{""HUSQVARNA"":{""FC 450 ROCKSTAR EDITION"":[""2019""]}}",2019,HUSQVARNA,FC 450 ROCKSTAR EDITION,,,,HUSQVARNA — 2019-2019,,,,,,,,,,F2475S1
,wp-f2475t1,FC 450 Rockstar Edition 2020,"{""HUSQVARNA"":{""FC 450 ROCKSTAR EDITION"":[""2020""]}}",2020,HUSQVARNA,FC 450 ROCKSTAR EDITION,,,,HUSQVARNA — 2020-2020,,,,,,,,,,F2475T1
,wp-f2475t4,FE 501s 2020,"{""HUSQVARNA"":{""FE 501S"":[""2020""]}}",2020,HUSQVARNA,FE 501S,,,,HUSQVARNA — 2020-2020,,,,,,,,,,F2475T4
,wp-f2475u4,FE 501s 2021,"{""HUSQVARNA"":{""FE 501S"":[""2021""]}}",2021,HUSQVARNA,FE 501S,,,,HUSQVARNA — 2021-2021,,,,,,,,,,F2475U4
,wp-f2475w1,FC 450 Rockstar Edition 2023,"{""HUSQVARNA"":{""FC 450 ROCKSTAR EDITION"":[""2023""]}}",2023,HUSQVARNA,FC 450 ROCKSTAR EDITION,,,,HUSQVARNA — 2023-2023,,,,,,,,,,F2475W1
,wp-f2475w4,FE 501s 2023,"{""HUSQVARNA"":{""FE 501S"":[""2023""]}}",2023,HUSQVARNA,FE 501S,,,,HUSQVARNA — 2023-2023,,,,,,,,,,F2475W4
,wp-f2475z1,FC 450 Factory Edition 2026,"{""HUSQVARNA"":{""FC 450 FACTORY EDITION"":[""2026""]}}",2026,HUSQVARNA,FC 450 FACTORY EDITION,,,,HUSQVARNA — 2026-2026,,,,,,,,,,F2475Z1
,wp-f2675127,701 Enduro 2027,"{""HUSQVARNA"":{""701 ENDURO"":[""2027""]}}",2027,HUSQVARNA,701 ENDURO,,,,HUSQVARNA 701 (ENDURO) 2027-2027,,,,,,,,,,F2675127
,wp-f2703z2,Svartpilen 801 SE 2026,"{""HUSQVARNA"":{""SVARTPILEN 801 SE"":[""2026""]}}",2026,HUSQVARNA,SVARTPILEN 801 SE,,,,HUSQVARNA — 2026-2026,,,,,,,,,,F2703Z2
,wp-f2775227,Svartpilen 801 SE 2027,"{""HUSQVARNA"":{""SVARTPILEN 801 SE"":[""2027""]}}",2027,HUSQVARNA,SVARTPILEN 801 SE,,,,HUSQVARNA — 2027-2027,,,,,,,,,,F2775227
,wp-f2875127,Norden 901 2027,"{""HUSQVARNA"":{""NORDEN 901"":[""2027""]}}",2027,HUSQVARNA,NORDEN 901,,,,HUSQVARNA — 2027-2027,,,,,,,,,,F2875127
,wp-f2875227,Norden 901 Expedition 2027,"{""HUSQVARNA"":{""NORDEN 901 EXPEDITION"":[""2027""]}}",2027,HUSQVARNA,NORDEN 901 EXPEDITION,,,,HUSQVARNA — 2027-2027,,,,,,,,,,F2875227
,wp-f3001s1,Freeride E-XC 2019,"{""KTM"":{""FREERIDE E-XC"":[""2019""]}}",2019,KTM,FREERIDE E-XC,,,,KTM — 2019-2019,,,,,,,,,,F3001S1
,wp-f3001t1,Freeride E-XC 2020,"{""KTM"":{""FREERIDE E-XC"":[""2020""]}}",2020,KTM,FREERIDE E-XC,,,,KTM — 2020-2020,,,,,,,,,,F3001T1
,wp-f3001t6,SX-E 5 2020,"{""KTM"":{""SX-E 5"":[""2020""]}}",2020,KTM,SX-E 5,,,,KTM — 2020-2020,,,,,,,,,,F3001T6
,wp-f3001t7,EE 5 2020,"{""GASGAS"":{""EE 5"":[""2020""]}}",2020,GASGAS,EE 5,,,,GASGAS — 2020-2020,,,,,,,,,,F3001T7
,wp-f3001u6,SX-E 5 2021,"{""KTM"":{""SX-E 5"":[""2021""]}}",2021,KTM,SX-E 5,,,,KTM — 2021-2021,,,,,,,,,,F3001U6
,wp-f3001u7,EE 5 2021,"{""GASGAS"":{""EE 5"":[""2021""]}}",2021,GASGAS,EE 5,,,,GASGAS — 2021-2021,,,,,,,,,,F3001U7
,wp-f3001v1,Freeride E-XC 2022,"{""KTM"":{""FREERIDE E-XC"":[""2022""]}}",2022,KTM,FREERIDE E-XC,,,,KTM — 2022-2022,,,,,,,,,,F3001V1
,wp-f3001v7,EE 5 2022,"{""GASGAS"":{""EE 5"":[""2022""]}}",2022,GASGAS,EE 5,,,,GASGAS — 2022-2022,,,,,,,,,,F3001V7
,wp-f3001w6,SX-E 5 2023,"{""KTM"":{""SX-E 5"":[""2023""]}}",2023,KTM,SX-E 5,,,,KTM — 2023-2023,,,,,,,,,,F3001W6
,wp-f3001w7,EE 5 2023,"{""GASGAS"":{""EE 5"":[""2023""]}}",2023,GASGAS,EE 5,,,,GASGAS — 2023-2023,,,,,,,,,,F3001W7
,wp-f3001w8,SX-E 3 2023,"{""KTM"":{""SX-E 3"":[""2023""]}}",2023,KTM,SX-E 3,,,,KTM — 2023-2023,,,,,,,,,,F3001W8
,wp-f3001w9,EE 3 2023,"{""GASGAS"":{""EE 3"":[""2023""]}}",2023,GASGAS,EE 3,,,,GASGAS — 2023-2023,,,,,,,,,,F3001W9
,wp-f4003qx,125 Duke 2017,"{""KTM"":{""125 DUKE"":[""2017""]}}",2017,KTM,125 DUKE,,,,KTM 125 (STREET) 2017-2017,,,,,,,,,,F4003Q1
,wp-f4003rx,125 Duke 2018,"{""KTM"":{""125 DUKE"":[""2018""]}}",2018,KTM,125 DUKE,,,,KTM 125 (STREET) 2018-2018,,,,,,,,,,F4003R1
,wp-f5387ux,390 Adventure 低座版 2021,"{""KTM"":{""390 ADVENTURE 低座版"":[""2021""]}}",2021,KTM,390 ADVENTURE 低座版,,,,KTM 390 (STREET) 2021-2021,,,,,,,,,,F5387U5
,wp-f6001427,50 SX 2027,"{""KTM"":{""50 SX"":[""2027""]}}",2027,KTM,50 SX,,,,KTM 50 (SX) 2027-2027,,,,,,,,,,F6001427
,wp-f6001627,65 SX 2027,"{""KTM"":{""65 SX"":[""2027""]}}",2027,KTM,65 SX,,,,KTM 65 (SX) 2027-2027,,,,,,,,,,F6001627
,wp-f6001827,85 SX 17/14 2027,"{""KTM"":{""85 SX 17/14"":[""2027""]}}",2027,KTM,85 SX 17/14,,,,KTM 85 (SX) 2027-2027,,,,,,,,,,F6001827
,wp-f6001927,85 SX 19/16 2027,"{""KTM"":{""85 SX 19/16"":[""2027""]}}",2027,KTM,85 SX 19/16,,,,KTM 85 (SX) 2027-2027,,,,,,,,,,F6001927
,wp-f6001m4,50 SX 2013,"{""KTM"":{""50 SX"":[""2013""]}}",2013,KTM,50 SX,,,,KTM 50 (SX) 2013-2013,,,,,,,,,,F6001M4
,wp-f6001m8,85 SX 17/14 2013,"{""KTM"":{""85 SX 17/14"":[""2013""]}}",2013,KTM,85 SX 17/14,,,,KTM 85 (SX) 2013-2013,,,,,,,,,,F6001M8
,wp-f6001m9,85 SX 19/16 2013,"{""KTM"":{""85 SX 19/16"":[""2013""]}}",2013,KTM,85 SX 19/16,,,,KTM 85 (SX) 2013-2013,,,,,,,,,,F6001M9
,wp-f6001n4,50 SX 2014,"{""KTM"":{""50 SX"":[""2014""]}}",2014,KTM,50 SX,,,,KTM 50 (SX) 2014-2014,,,,,,,,,,F6001N4
,wp-f6001n9,85 SX 19/16 2014,"{""KTM"":{""85 SX 19/16"":[""2014""]}}",2014,KTM,85 SX 19/16,,,,KTM 85 (SX) 2014-2014,,,,,,,,,,F6001N9
,wp-f6001o4,50 SX 2015,"{""KTM"":{""50 SX"":[""2015""]}}",2015,KTM,50 SX,,,,KTM 50 (SX) 2015-2015,,,,,,,,,,F6001O4
,wp-f6001o5,50 SX Mini 2015,"{""KTM"":{""50 SX MINI"":[""2015""]}}",2015,KTM,50 SX MINI,,,,KTM 50 (SX) 2015-2015,,,,,,,,,,F6001O5
,wp-f6001o6,65 SX 2015,"{""KTM"":{""65 SX"":[""2015""]}}",2015,KTM,65 SX,,,,KTM 65 (SX) 2015-2015,,,,,,,,,,F6001O6
,wp-f6001o8,85 SX 17/14 2015,"{""KTM"":{""85 SX 17/14"":[""2015""]}}",2015,KTM,85 SX 17/14,,,,KTM 85 (SX) 2015-2015,,,,,,,,,,F6001O8
,wp-f6001o9,85 SX 19/16 2015,"{""KTM"":{""85 SX 19/16"":[""2015""]}}",2015,KTM,85 SX 19/16,,,,KTM 85 (SX) 2015-2015,,,,,,,,,,F6001O9
,wp-f6001p4,50 SX 2016,"{""KTM"":{""50 SX"":[""2016""]}}",2016,KTM,50 SX,,,,KTM 50 (SX) 2016-2016,,,,,,,,,,F6001P4
,wp-f6001p5,50 SX Mini 2016,"{""KTM"":{""50 SX MINI"":[""2016""]}}",2016,KTM,50 SX MINI,,,,KTM 50 (SX) 2016-2016,,,,,,,,,,F6001P5
,wp-f6001p6,65 SX 2016,"{""KTM"":{""65 SX"":[""2016""]}}",2016,KTM,65 SX,,,,KTM 65 (SX) 2016-2016,,,,,,,,,,F6001P6
,wp-f6001p8,85 SX 17/14 2016,"{""KTM"":{""85 SX 17/14"":[""2016""]}}",2016,KTM,85 SX 17/14,,,,KTM 85 (SX) 2016-2016,,,,,,,,,,F6001P8
,wp-f6001p9,85 SX 19/16 2016,"{""KTM"":{""85 SX 19/16"":[""2016""]}}",2016,KTM,85 SX 19/16,,,,KTM 85 (SX) 2016-2016,,,,,,,,,,F6001P9
,wp-f6001q4,50 SX 2017,"{""KTM"":{""50 SX"":[""2017""]}}",2017,KTM,50 SX,,,,KTM 50 (SX) 2017-2017,,,,,,,,,,F6001Q4
,wp-f6001q5,50 SX MINI 2017,"{""KTM"":{""50 SX MINI"":[""2017""]}}",2017,KTM,50 SX MINI,,,,KTM 50 (SX) 2017-2017,,,,,,,,,,F6001Q5
,wp-f6001q6,65 SX 2017,"{""KTM"":{""65 SX"":[""2017""]}}",2017,KTM,65 SX,,,,KTM 65 (SX) 2017-2017,,,,,,,,,,F6001Q6
,wp-f6001q8,85 SX 17/14 2017,"{""KTM"":{""85 SX 17/14"":[""2017""]}}",2017,KTM,85 SX 17/14,,,,KTM 85 (SX) 2017-2017,,,,,,,,,,F6001Q8
,wp-f6001q9,85 SX 19/16 2017,"{""KTM"":{""85 SX 19/16"":[""2017""]}}",2017,KTM,85 SX 19/16,,,,KTM 85 (SX) 2017-2017,,,,,,,,,,F6001Q9
,wp-f6001r4,50 SX 2018,"{""KTM"":{""50 SX"":[""2018""]}}",2018,KTM,50 SX,,,,KTM 50 (SX) 2018-2018,,,,,,,,,,F6001R4
,wp-f6001r6,65 SX 2018,"{""KTM"":{""65 SX"":[""2018""]}}",2018,KTM,65 SX,,,,KTM 65 (SX) 2018-2018,,,,,,,,,,F6001R6
,wp-f6001r8,85 SX 17/14 2018,"{""KTM"":{""85 SX 17/14"":[""2018""]}}",2018,KTM,85 SX 17/14,,,,KTM 85 (SX) 2018-2018,,,,,,,,,,F6001R8
,wp-f6001r9,85 SX 19/16 2018,"{""KTM"":{""85 SX 19/16"":[""2018""]}}",2018,KTM,85 SX 19/16,,,,KTM 85 (SX) 2018-2018,,,,,,,,,,F6001R9
,wp-f6001s4,50 SX 2019,"{""KTM"":{""50 SX"":[""2019""]}}",2019,KTM,50 SX,,,,KTM 50 (SX) 2019-2019,,,,,,,,,,F6001S4
,wp-f6001s5,50 SX Mini 2019,"{""KTM"":{""50 SX MINI"":[""2019""]}}",2019,KTM,50 SX MINI,,,,KTM 50 (SX) 2019-2019,,,,,,,,,,F6001S5
,wp-f6001s6,65 SX 2019,"{""KTM"":{""65 SX"":[""2019""]}}",2019,KTM,65 SX,,,,KTM 65 (SX) 2019-2019,,,,,,,,,,F6001S6
,wp-f6001s8,85 SX 17/14 2019,"{""KTM"":{""85 SX 17/14"":[""2019""]}}",2019,KTM,85 SX 17/14,,,,KTM 85 (SX) 2019-2019,,,,,,,,,,F6001S8
,wp-f6001s9,85 SX 19/16 2019,"{""KTM"":{""85 SX 19/16"":[""2019""]}}",2019,KTM,85 SX 19/16,,,,KTM 85 (SX) 2019-2019,,,,,,,,,,F6001S9
,wp-f6001t4,50 SX 2020,"{""KTM"":{""50 SX"":[""2020""]}}",2020,KTM,50 SX,,,,KTM 50 (SX) 2020-2020,,,,,,,,,,F6001T4
,wp-f6001t5,50 SX Mini 2020,"{""KTM"":{""50 SX MINI"":[""2020""]}}",2020,KTM,50 SX MINI,,,,KTM 50 (SX) 2020-2020,,,,,,,,,,F6001T5
,wp-f6001t6,65 SX 2020,"{""KTM"":{""65 SX"":[""2020""]}}",2020,KTM,65 SX,,,,KTM 65 (SX) 2020-2020,,,,,,,,,,F6001T6
,wp-f6001t8,85 SX 17/14 2020,"{""KTM"":{""85 SX 17/14"":[""2020""]}}",2020,KTM,85 SX 17/14,,,,KTM 85 (SX) 2020-2020,,,,,,,,,,F6001T8
,wp-f6001t9,85 SX 19/16 2020,"{""KTM"":{""85 SX 19/16"":[""2020""]}}",2020,KTM,85 SX 19/16,,,,KTM 85 (SX) 2020-2020,,,,,,,,,,F6001T9
,wp-f6001u4,50 SX 2021,"{""KTM"":{""50 SX"":[""2021""]}}",2021,KTM,50 SX,,,,KTM 50 (SX) 2021-2021,,,,,,,,,,F6001U4
,wp-f6001u6,65 SX 2021,"{""KTM"":{""65 SX"":[""2021""]}}",2021,KTM,65 SX,,,,KTM 65 (SX) 2021-2021,,,,,,,,,,F6001U6
,wp-f6001u8,85 SX 17/14 2021,"{""KTM"":{""85 SX 17/14"":[""2021""]}}",2021,KTM,85 SX 17/14,,,,KTM 85 (SX) 2021-2021,,,,,,,,,,F6001U8
,wp-f6001u9,85 SX 19/16 2021,"{""KTM"":{""85 SX 19/16"":[""2021""]}}",2021,KTM,85 SX 19/16,,,,KTM 85 (SX) 2021-2021,,,,,,,,,,F6001U9
,wp-f6001w4,50 SX 2023,"{""KTM"":{""50 SX"":[""2023""]}}",2023,KTM,50 SX,,,,KTM 50 (SX) 2023-2023,,,,,,,,,,F6001W4
,wp-f6001w5,50 SX Mini 2023,"{""KTM"":{""50 SX MINI"":[""2023""]}}",2023,KTM,50 SX MINI,,,,KTM 50 (SX) 2023-2023,,,,,,,,,,F6001W5
,wp-f6001w6,65 SX 2023,"{""KTM"":{""65 SX"":[""2023""]}}",2023,KTM,65 SX,,,,KTM 65 (SX) 2023-2023,,,,,,,,,,F6001W6
,wp-f6001w8,85 SX 17/14 2023,"{""KTM"":{""85 SX 17/14"":[""2023""]}}",2023,KTM,85 SX 17/14,,,,KTM 85 (SX) 2023-2023,,,,,,,,,,F6001W8
,wp-f6001w9,85 SX 19/16 2023,"{""KTM"":{""85 SX 19/16"":[""2023""]}}",2023,KTM,85 SX 19/16,,,,KTM 85 (SX) 2023-2023,,,,,,,,,,F6001W9
,wp-f6075m4,50 SXS 2013,"{""KTM"":{""50 SXS"":[""2013""]}}",2013,KTM,50 SXS,,,,KTM 50 2013-2013,,,,,,,,,,F6075M4
,wp-f6075m8,85 SXS 17/14 2013,"{""KTM"":{""85 SXS 17/14"":[""2013""]}}",2013,KTM,85 SXS 17/14,,,,KTM 85 2013-2013,,,,,,,,,,F6075M8
,wp-f6075n4,50 SXS 2014,"{""KTM"":{""50 SXS"":[""2014""]}}",2014,KTM,50 SXS,,,,KTM 50 2014-2014,,,,,,,,,,F6075N4
,wp-f6075n9,85 SXS 17/14 2014,"{""KTM"":{""85 SXS 17/14"":[""2014""]}}",2014,KTM,85 SXS 17/14,,,,KTM 85 2014-2014,,,,,,,,,,F6075N9
,wp-f6075o4,50 SXS 2015,"{""KTM"":{""50 SXS"":[""2015""]}}",2015,KTM,50 SXS,,,,KTM 50 2015-2015,,,,,,,,,,F6075O4
,wp-f6075o6,65 SXS 2015,"{""KTM"":{""65 SXS"":[""2015""]}}",2015,KTM,65 SXS,,,,KTM 65 2015-2015,,,,,,,,,,F6075O6
,wp-f6075o8,85 SXS 17/14 2015,"{""KTM"":{""85 SXS 17/14"":[""2015""]}}",2015,KTM,85 SXS 17/14,,,,KTM 85 2015-2015,,,,,,,,,,F6075O8
,wp-f6075o9,85 SXS 19/16 2015,"{""KTM"":{""85 SXS 19/16"":[""2015""]}}",2015,KTM,85 SXS 19/16,,,,KTM 85 2015-2015,,,,,,,,,,F6075O9
,wp-f6075p4,50 SXS 2016,"{""KTM"":{""50 SXS"":[""2016""]}}",2016,KTM,50 SXS,,,,KTM 50 2016-2016,,,,,,,,,,F6075P4
,wp-f6075p5,50 SXS Mini 2016,"{""KTM"":{""50 SXS MINI"":[""2016""]}}",2016,KTM,50 SXS MINI,,,,KTM 50 2016-2016,,,,,,,,,,F6075P5
,wp-f6101027,125 SX 2027,"{""KTM"":{""125 SX"":[""2027""]}}",2027,KTM,125 SX,,,,KTM 125 (SX) 2027-2027,,,,,,,,,,F6101027
,wp-f6101u0,125 SX 2021,"{""KTM"":{""125 SX"":[""2021""]}}",2021,KTM,125 SX,,,,KTM 125 (SX) 2021-2021,,,,,,,,,,F6101U0
,wp-f6101u1,150 SX 2021,"{""KTM"":{""150 SX"":[""2021""]}}",2021,KTM,150 SX,,,,KTM 150 (SX) 2021-2021,,,,,,,,,,F6101U1
,wp-f6101w0,125 SX 2023,"{""KTM"":{""125 SX"":[""2023""]}}",2023,KTM,125 SX,,,,KTM 125 (SX) 2023-2023,,,,,,,,,,F6101W0
,wp-f6175327,125 XC 2027,"{""KTM"":{""125 XC"":[""2027""]}}",2027,KTM,125 XC,,,,KTM 125 (XC) 2027-2027,,,,,,,,,,F6175327
,wp-f6175o5,150 XC 2015,"{""KTM"":{""150 XC"":[""2015""]}}",2015,KTM,150 XC,,,,KTM 150 (XC) 2015-2015,,,,,,,,,,F6175O5
,wp-f6175u3,125 XC 2021,"{""KTM"":{""125 XC"":[""2021""]}}",2021,KTM,125 XC,,,,KTM 125 (XC) 2021-2021,,,,,,,,,,F6175U3
,wp-f6175w3,125 XC 2023,"{""KTM"":{""125 XC"":[""2023""]}}",2023,KTM,125 XC,,,,KTM 125 (XC) 2023-2023,,,,,,,,,,F6175W3
,wp-f6301027,250 SX 2027,"{""KTM"":{""250 SX"":[""2027""]}}",2027,KTM,250 SX,,,,KTM 250 (SX) 2027-2027,,,,,,,,,,F6301027
,wp-f6301u0,250 SX 2021,"{""KTM"":{""250 SX"":[""2021""]}}",2021,KTM,250 SX,,,,KTM 250 (SX) 2021-2021,,,,,,,,,,F6301U0
,wp-f6301w0,250 SX 2023,"{""KTM"":{""250 SX"":[""2023""]}}",2023,KTM,250 SX,,,,KTM 250 (SX) 2023-2023,,,,,,,,,,F6301W0
,wp-f6375527,250 XC 2027,"{""KTM"":{""250 XC"":[""2027""]}}",2027,KTM,250 XC,,,,KTM 250 (XC) 2027-2027,,,,,,,,,,F6375527
,wp-f6375o5,250 XC 2015,"{""KTM"":{""250 XC"":[""2015""]}}",2015,KTM,250 XC,,,,KTM 250 (XC) 2015-2015,,,,,,,,,,F6375O5
,wp-f6375p5,250 XC 2016,"{""KTM"":{""250 XC"":[""2016""]}}",2016,KTM,250 XC,,,,KTM 250 (XC) 2016-2016,,,,,,,,,,F6375P5
,wp-f6375r5,250 XC 2018,"{""KTM"":{""250 XC"":[""2018""]}}",2018,KTM,250 XC,,,,KTM 250 (XC) 2018-2018,,,,,,,,,,F6375R5
,wp-f6375s5,250 XC 2019,"{""KTM"":{""250 XC"":[""2019""]}}",2019,KTM,250 XC,,,,KTM 250 (XC) 2019-2019,,,,,,,,,,F6375S5
,wp-f6375t5,250 XC TPI 2020,"{""KTM"":{""250 XC TPI"":[""2020""]}}",2020,KTM,250 XC TPI,,,,KTM 250 (XC) 2020-2020,,,,,,,,,,F6375T5
,wp-f6375u5,250 XC TPI 2021,"{""KTM"":{""250 XC TPI"":[""2021""]}}",2021,KTM,250 XC TPI,,,,KTM 250 (XC) 2021-2021,,,,,,,,,,F6375U5
,wp-f6375w5,250 XC 2023,"{""KTM"":{""250 XC"":[""2023""]}}",2023,KTM,250 XC,,,,KTM 250 (XC) 2023-2023,,,,,,,,,,F6375W5
,wp-f6401127,300 SX 2027,"{""KTM"":{""300 SX"":[""2027""]}}",2027,KTM,300 SX,,,,KTM 300 (SX) 2027-2027,,,,,,,,,,F6401127
,wp-f6401w1,300 SX 2023,"{""KTM"":{""300 SX"":[""2023""]}}",2023,KTM,300 SX,,,,KTM 300 (SX) 2023-2023,,,,,,,,,,F6401W1
,wp-f6475527,300 XC 2027,"{""KTM"":{""300 XC"":[""2027""]}}",2027,KTM,300 XC,,,,KTM 300 (XC) 2027-2027,,,,,,,,,,F6475527
,wp-f6475o5,300 XC 2015,"{""KTM"":{""300 XC"":[""2015""]}}",2015,KTM,300 XC,,,,KTM 300 (XC) 2015-2015,,,,,,,,,,F6475O5
,wp-f6475p5,300 XC 2016,"{""KTM"":{""300 XC"":[""2016""]}}",2016,KTM,300 XC,,,,KTM 300 (XC) 2016-2016,,,,,,,,,,F6475P5
,wp-f6475r5,300 XC 2018,"{""KTM"":{""300 XC"":[""2018""]}}",2018,KTM,300 XC,,,,KTM 300 (XC) 2018-2018,,,,,,,,,,F6475R5
,wp-f6475s5,300 XC 2019,"{""KTM"":{""300 XC"":[""2019""]}}",2019,KTM,300 XC,,,,KTM 300 (XC) 2019-2019,,,,,,,,,,F6475S5
,wp-f6475t5,300 XC TPI 2020,"{""KTM"":{""300 XC TPI"":[""2020""]}}",2020,KTM,300 XC TPI,,,,KTM 300 (XC) 2020-2020,,,,,,,,,,F6475T5
,wp-f6475u5,300 XC TPI 2021,"{""KTM"":{""300 XC TPI"":[""2021""]}}",2021,KTM,300 XC TPI,,,,KTM 300 (XC) 2021-2021,,,,,,,,,,F6475U5
,wp-f6475w5,300 XC 2023,"{""KTM"":{""300 XC"":[""2023""]}}",2023,KTM,300 XC,,,,KTM 300 (XC) 2023-2023,,,,,,,,,,F6475W5
,wp-f7103o2,125 EXC Six Days 2015,"{""KTM"":{""125 EXC SIX DAYS"":[""2015""]}}",2015,KTM,125 EXC SIX DAYS,,,,KTM 125 (EXC) 2015-2015,,,,,,,,,,F7103O2
,wp-f7103o6,125 EXC 2015,"{""KTM"":{""125 EXC"":[""2015""]}}",2015,KTM,125 EXC,,,,KTM 125 (EXC) 2015-2015,,,,,,,,,,F7103O6
,wp-f7103o7,125 EXC Factory Edition 2015,"{""KTM"":{""125 EXC FACTORY EDITION"":[""2015""]}}",2015,KTM,125 EXC FACTORY EDITION,,,,KTM 125 (EXC) 2015-2015,,,,,,,,,,F7103O7
,wp-f7103p2,125 EXC Six Days 2016,"{""KTM"":{""125 EXC SIX DAYS"":[""2016""]}}",2016,KTM,125 EXC SIX DAYS,,,,KTM 125 (EXC) 2016-2016,,,,,,,,,,F7103P2
,wp-f7103p6,125 EXC 2016,"{""KTM"":{""125 EXC"":[""2016""]}}",2016,KTM,125 EXC,,,,KTM 125 (EXC) 2016-2016,,,,,,,,,,F7103P6
,wp-f7103q2,125 EXC Six Days 2017,"{""KTM"":{""125 EXC SIX DAYS"":[""2017""]}}",2017,KTM,125 EXC SIX DAYS,,,,KTM 125 (EXC) 2017-2017,,,,,,,,,,F7103Q2
,wp-f7103q3,125 XC-W 2017,"{""KTM"":{""125 XC-W"":[""2017""]}}",2017,KTM,125 XC-W,,,,KTM 125 (XC) 2017-2017,,,,,,,,,,F7103Q3
,wp-f7103q6,125 EXC 2017,"{""KTM"":{""125 EXC"":[""2017""]}}",2017,KTM,125 EXC,,,,KTM 125 (EXC) 2017-2017,,,,,,,,,,F7103Q6
,wp-f7103r3,125 XC-W 2018,"{""KTM"":{""125 XC-W"":[""2018""]}}",2018,KTM,125 XC-W,,,,KTM 125 (XC) 2018-2018,,,,,,,,,,F7103R3
,wp-f7103s3,125 XC-W 2019,"{""KTM"":{""125 XC-W"":[""2019""]}}",2019,KTM,125 XC-W,,,,KTM 125 (XC) 2019-2019,,,,,,,,,,F7103S3
,wp-f7103t6,150 EXC TPI 2020,"{""KTM"":{""150 EXC TPI"":[""2020""]}}",2020,KTM,150 EXC TPI,,,,KTM 150 (EXC) 2020-2020,,,,,,,,,,F7103T6
,wp-f7103u6,150 EXC TPI 2021,"{""KTM"":{""150 EXC TPI"":[""2021""]}}",2021,KTM,150 EXC TPI,,,,KTM 150 (EXC) 2021-2021,,,,,,,,,,F7103U6
,wp-f7103w6,150 EXC 2023,"{""KTM"":{""150 EXC"":[""2023""]}}",2023,KTM,150 EXC,,,,KTM 150 (EXC) 2023-2023,,,,,,,,,,F7103W6
,wp-f7175r3,150 XC-W 2018,"{""KTM"":{""150 XC-W"":[""2018""]}}",2018,KTM,150 XC-W,,,,KTM 150 (XC) 2018-2018,,,,,,,,,,F7175R3
,wp-f7175s3,150 XC-W 2019,"{""KTM"":{""150 XC-W"":[""2019""]}}",2019,KTM,150 XC-W,,,,KTM 150 (XC) 2019-2019,,,,,,,,,,F7175S3
,wp-f7175t3,150 XC-W TPI 2020,"{""KTM"":{""150 XC-W TPI"":[""2020""]}}",2020,KTM,150 XC-W TPI,,,,KTM 150 (XC) 2020-2020,,,,,,,,,,F7175T3
,wp-f7175u3,150 XC-W TPI 2021,"{""KTM"":{""150 XC-W TPI"":[""2021""]}}",2021,KTM,150 XC-W TPI,,,,KTM 150 (XC) 2021-2021,,,,,,,,,,F7175U3
,wp-f7175w3,150 XC-W 2023,"{""KTM"":{""150 XC-W"":[""2023""]}}",2023,KTM,150 XC-W,,,,KTM 150 (XC) 2023-2023,,,,,,,,,,F7175W3
,wp-f7275o3,200 XC-W 2015,"{""KTM"":{""200 XC-W"":[""2015""]}}",2015,KTM,200 XC-W,,,,KTM 200 (XC) 2015-2015,,,,,,,,,,F7275O3
,wp-f7275p3,200 XC-W 2016,"{""KTM"":{""200 XC-W"":[""2016""]}}",2016,KTM,200 XC-W,,,,KTM 200 (XC) 2016-2016,,,,,,,,,,F7275P3
,wp-f7303o2,250 EXC Six Days 2015,"{""KTM"":{""250 EXC SIX DAYS"":[""2015""]}}",2015,KTM,250 EXC SIX DAYS,,,,KTM 250 (EXC) 2015-2015,,,,,,,,,,F7303O2
,wp-f7303o7,250 EXC Factory Edition  2015,"{""KTM"":{""250 EXC FACTORY EDITION"":[""2015""]}}",2015,KTM,250 EXC FACTORY EDITION,,,,KTM 250 (EXC) 2015-2015,,,,,,,,,,F7303O7
,wp-f7303p2,250 EXC Six Days 2016,"{""KTM"":{""250 EXC SIX DAYS"":[""2016""]}}",2016,KTM,250 EXC SIX DAYS,,,,KTM 250 (EXC) 2016-2016,,,,,,,,,,F7303P2
,wp-f7303q2,250 EXC Six Days 2017,"{""KTM"":{""250 EXC SIX DAYS"":[""2017""]}}",2017,KTM,250 EXC SIX DAYS,,,,KTM 250 (EXC) 2017-2017,,,,,,,,,,F7303Q2
,wp-f7303s2,250 EXC Six Days TPI 2019,"{""KTM"":{""250 EXC SIX DAYS TPI"":[""2019""]}}",2019,KTM,250 EXC SIX DAYS TPI,,,,KTM 250 (EXC) 2019-2019,,,,,,,,,,F7303S2
,wp-f7303s7,250 EXC TPI 2019,"{""KTM"":{""250 EXC TPI"":[""2019""]}}",2019,KTM,250 EXC TPI,,,,KTM 250 (EXC) 2019-2019,,,,,,,,,,F7303S7
,wp-f7303t2,250 EXC Six Days TPI 2020,"{""KTM"":{""250 EXC SIX DAYS TPI"":[""2020""]}}",2020,KTM,250 EXC SIX DAYS TPI,,,,KTM 250 (EXC) 2020-2020,,,,,,,,,,F7303T2
,wp-f7303t7,250 EXC TPI 2020,"{""KTM"":{""250 EXC TPI"":[""2020""]}}",2020,KTM,250 EXC TPI,,,,KTM 250 (EXC) 2020-2020,,,,,,,,,,F7303T7
,wp-f7303u2,250 EXC TPI Six Days 2021,"{""KTM"":{""250 EXC TPI SIX DAYS"":[""2021""]}}",2021,KTM,250 EXC TPI SIX DAYS,,,,KTM 250 (EXC) 2021-2021,,,,,,,,,,F7303U2
,wp-f7303u7,250 EXC TPI 2021,"{""KTM"":{""250 EXC TPI"":[""2021""]}}",2021,KTM,250 EXC TPI,,,,KTM 250 (EXC) 2021-2021,,,,,,,,,,F7303U7
,wp-f7303w2,250 EXC Six Days 2023,"{""KTM"":{""250 EXC SIX DAYS"":[""2023""]}}",2023,KTM,250 EXC SIX DAYS,,,,KTM 250 (EXC) 2023-2023,,,,,,,,,,F7303W2
,wp-f7303w7,250 EXC 2023,"{""KTM"":{""250 EXC"":[""2023""]}}",2023,KTM,250 EXC,,,,KTM 250 (EXC) 2023-2023,,,,,,,,,,F7303W7
,wp-f7375o3,250 XC-W 2015,"{""KTM"":{""250 XC-W"":[""2015""]}}",2015,KTM,250 XC-W,,,,KTM 250 (XC) 2015-2015,,,,,,,,,,F7375O3
,wp-f7375p3,250 XC-W 2016,"{""KTM"":{""250 XC-W"":[""2016""]}}",2016,KTM,250 XC-W,,,,KTM 250 (XC) 2016-2016,,,,,,,,,,F7375P3
,wp-f7375r4,250 XC-W TPI 2018,"{""KTM"":{""250 XC-W TPI"":[""2018""]}}",2018,KTM,250 XC-W TPI,,,,KTM 250 (XC) 2018-2018,,,,,,,,,,F7375R4
,wp-f7375s3,250 XC-W 2019,"{""KTM"":{""250 XC-W"":[""2019""]}}",2019,KTM,250 XC-W,,,,KTM 250 (XC) 2019-2019,,,,,,,,,,F7375S3
,wp-f7375s4,250 XC-W TPI 2019,"{""KTM"":{""250 XC-W TPI"":[""2019""]}}",2019,KTM,250 XC-W TPI,,,,KTM 250 (XC) 2019-2019,,,,,,,,,,F7375S4
,wp-f7375t4,250 XC-W TPI 2020,"{""KTM"":{""250 XC-W TPI"":[""2020""]}}",2020,KTM,250 XC-W TPI,,,,KTM 250 (XC) 2020-2020,,,,,,,,,,F7375T4
,wp-f7375u4,250 XC-W TPI 2021,"{""KTM"":{""250 XC-W TPI"":[""2021""]}}",2021,KTM,250 XC-W TPI,,,,KTM 250 (XC) 2021-2021,,,,,,,,,,F7375U4
,wp-f7375w4,250 XC-W 2023,"{""KTM"":{""250 XC-W"":[""2023""]}}",2023,KTM,250 XC-W,,,,KTM 250 (XC) 2023-2023,,,,,,,,,,F7375W4
,wp-f7403o2,300 EXC Six Days 2015,"{""KTM"":{""300 EXC SIX DAYS"":[""2015""]}}",2015,KTM,300 EXC SIX DAYS,,,,KTM 300 (EXC) 2015-2015,,,,,,,,,,F7403O2
,wp-f7403o7,300 EXC Factory Edition  2015,"{""KTM"":{""300 EXC FACTORY EDITION"":[""2015""]}}",2015,KTM,300 EXC FACTORY EDITION,,,,KTM 300 (EXC) 2015-2015,,,,,,,,,,F7403O7
,wp-f7403p2,300 EXC Six Days 2016,"{""KTM"":{""300 EXC SIX DAYS"":[""2016""]}}",2016,KTM,300 EXC SIX DAYS,,,,KTM 300 (EXC) 2016-2016,,,,,,,,,,F7403P2
,wp-f7403q2,300 EXC Six Days 2017,"{""KTM"":{""300 EXC SIX DAYS"":[""2017""]}}",2017,KTM,300 EXC SIX DAYS,,,,KTM 300 (EXC) 2017-2017,,,,,,,,,,F7403Q2
,wp-f7403r2,300 EXC TPI SIX DAYS 2018,"{""KTM"":{""300 EXC TPI SIX DAYS"":[""2018""]}}",2018,KTM,300 EXC TPI SIX DAYS,,,,KTM 300 (EXC) 2018-2018,,,,,,,,,,F7403R2
,wp-f7403s2,300 EXC Six Days TPI 2019,"{""KTM"":{""300 EXC SIX DAYS TPI"":[""2019""]}}",2019,KTM,300 EXC SIX DAYS TPI,,,,KTM 300 (EXC) 2019-2019,,,,,,,,,,F7403S2
,wp-f7403s7,300 EXC TPI 2019,"{""KTM"":{""300 EXC TPI"":[""2019""]}}",2019,KTM,300 EXC TPI,,,,KTM 300 (EXC) 2019-2019,,,,,,,,,,F7403S7
,wp-f7403t2,300 EXC Six Days TPI 2020,"{""KTM"":{""300 EXC SIX DAYS TPI"":[""2020""]}}",2020,KTM,300 EXC SIX DAYS TPI,,,,KTM 300 (EXC) 2020-2020,,,,,,,,,,F7403T2
,wp-f7403t3,300 EXC TPI Erzberg Edition 2020,"{""KTM"":{""300 EXC TPI ERZBERG EDITION"":[""2020""]}}",2020,KTM,300 EXC TPI ERZBERG EDITION,,,,KTM 300 (EXC) 2020-2020,,,,,,,,,,F7403T3
,wp-f7403t7,300 EXC TPI 2020,"{""KTM"":{""300 EXC TPI"":[""2020""]}}",2020,KTM,300 EXC TPI,,,,KTM 300 (EXC) 2020-2020,,,,,,,,,,F7403T7
,wp-f7403u2,300 EXC TPI Six Days 2021,"{""KTM"":{""300 EXC TPI SIX DAYS"":[""2021""]}}",2021,KTM,300 EXC TPI SIX DAYS,,,,KTM 300 (EXC) 2021-2021,,,,,,,,,,F7403U2
,wp-f7403u3,300 EXC TPI Erzbergrodeo 2021,"{""KTM"":{""300 EXC TPI ERZBERGRODEO"":[""2021""]}}",2021,KTM,300 EXC TPI ERZBERGRODEO,,,,KTM 300 (EXC) 2021-2021,,,,,,,,,,F7403U3
,wp-f7403u7,300 EXC TPI 2021,"{""KTM"":{""300 EXC TPI"":[""2021""]}}",2021,KTM,300 EXC TPI,,,,KTM 300 (EXC) 2021-2021,,,,,,,,,,F7403U7
,wp-f7403w3,300 EXC Erzbergrodeo 2023,"{""KTM"":{""300 EXC ERZBERGRODEO"":[""2023""]}}",2023,KTM,300 EXC ERZBERGRODEO,,,,KTM 300 (EXC) 2023-2023,,,,,,,,,,F7403W3
,wp-f7440s2,300 EXC Six Days 2019,"{""KTM"":{""300 EXC SIX DAYS"":[""2019""]}}",2019,KTM,300 EXC SIX DAYS,,,,KTM 300 (EXC) 2019-2019,,,,,,,,,,F7440S2
,wp-f7440s6,300 EXC 2019,"{""KTM"":{""300 EXC"":[""2019""]}}",2019,KTM,300 EXC,,,,KTM 300 (EXC) 2019-2019,,,,,,,,,,F7440S6
,wp-f7440t6,300 EXC 2020,"{""KTM"":{""300 EXC"":[""2020""]}}",2020,KTM,300 EXC,,,,KTM 300 (EXC) 2020-2020,,,,,,,,,,F7440T6
,wp-f7440u6,300 EXC 2021,"{""KTM"":{""300 EXC"":[""2021""]}}",2021,KTM,300 EXC,,,,KTM 300 (EXC) 2021-2021,,,,,,,,,,F7440U6
,wp-f7475o2,300 XC-W Six Days 2015,"{""KTM"":{""300 XC-W SIX DAYS"":[""2015""]}}",2015,KTM,300 XC-W SIX DAYS,,,,KTM 300 (XC) 2015-2015,,,,,,,,,,F7475O2
,wp-f7475o3,300 XC-W 2015,"{""KTM"":{""300 XC-W"":[""2015""]}}",2015,KTM,300 XC-W,,,,KTM 300 (XC) 2015-2015,,,,,,,,,,F7475O3
,wp-f7475p2,300 XC-W Six Days 2016,"{""KTM"":{""300 XC-W SIX DAYS"":[""2016""]}}",2016,KTM,300 XC-W SIX DAYS,,,,KTM 300 (XC) 2016-2016,,,,,,,,,,F7475P2
,wp-f7475p3,300 XC-W 2016,"{""KTM"":{""300 XC-W"":[""2016""]}}",2016,KTM,300 XC-W,,,,KTM 300 (XC) 2016-2016,,,,,,,,,,F7475P3
,wp-f7475r2,300 XC-W SIX DAYS 2018,"{""KTM"":{""300 XC-W SIX DAYS"":[""2018""]}}",2018,KTM,300 XC-W SIX DAYS,,,,KTM 300 (XC) 2018-2018,,,,,,,,,,F7475R2
,wp-f7475r3,300 XC-W 2018,"{""KTM"":{""300 XC-W"":[""2018""]}}",2018,KTM,300 XC-W,,,,KTM 300 (XC) 2018-2018,,,,,,,,,,F7475R3
,wp-f7475s2,300 XC-W TPI Six Days 2019,"{""KTM"":{""300 XC-W TPI SIX DAYS"":[""2019""]}}",2019,KTM,300 XC-W TPI SIX DAYS,,,,KTM 300 (XC) 2019-2019,,,,,,,,,,F7475S2
,wp-f7475s3,300 XC-W TPI 2019,"{""KTM"":{""300 XC-W TPI"":[""2019""]}}",2019,KTM,300 XC-W TPI,,,,KTM 300 (XC) 2019-2019,,,,,,,,,,F7475S3
,wp-f7475t2,300 XC-W Six Days TPI 2020,"{""KTM"":{""300 XC-W SIX DAYS TPI"":[""2020""]}}",2020,KTM,300 XC-W SIX DAYS TPI,,,,KTM 300 (XC) 2020-2020,,,,,,,,,,F7475T2
,wp-f7475t3,300 XC-W TPI 2020,"{""KTM"":{""300 XC-W TPI"":[""2020""]}}",2020,KTM,300 XC-W TPI,,,,KTM 300 (XC) 2020-2020,,,,,,,,,,F7475T3
,wp-f7475u3,300 XC-W TPI 2021,"{""KTM"":{""300 XC-W TPI"":[""2021""]}}",2021,KTM,300 XC-W TPI,,,,KTM 300 (XC) 2021-2021,,,,,,,,,,F7475U3
,wp-f7475w3,300 XC-W 2023,"{""KTM"":{""300 XC-W"":[""2023""]}}",2023,KTM,300 XC-W,,,,KTM 300 (XC) 2023-2023,,,,,,,,,,F7475W3
,wp-f7475w6,300 XC-W Erzbergrodeo 2023,"{""KTM"":{""300 XC-W ERZBERGRODEO"":[""2023""]}}",2023,KTM,300 XC-W ERZBERGRODEO,,,,KTM 300 (XC) 2023-2023,,,,,,,,,,F7475W6
,wp-f8103o2,250 EXC-F Six Days 2015,"{""KTM"":{""250 EXC-F SIX DAYS"":[""2015""]}}",2015,KTM,250 EXC-F SIX DAYS,,,,KTM 250 (EXC) 2015-2015,,,,,,,,,,F8103O2
,wp-f8103o7,250 EXC-F Factory Edition  2015,"{""KTM"":{""250 EXC-F FACTORY EDITION"":[""2015""]}}",2015,KTM,250 EXC-F FACTORY EDITION,,,,KTM 250 (EXC) 2015-2015,,,,,,,,,,F8103O7
,wp-f8103p2,250 EXC-F Six Days 2016,"{""KTM"":{""250 EXC-F SIX DAYS"":[""2016""]}}",2016,KTM,250 EXC-F SIX DAYS,,,,KTM 250 (EXC) 2016-2016,,,,,,,,,,F8103P2
,wp-f8103q2,250 EXC-F Six Days 2017,"{""KTM"":{""250 EXC-F SIX DAYS"":[""2017""]}}",2017,KTM,250 EXC-F SIX DAYS,,,,KTM 250 (EXC) 2017-2017,,,,,,,,,,F8103Q2
,wp-f8103r2,250 EXC-F SIX DAYS 2018,"{""KTM"":{""250 EXC-F SIX DAYS"":[""2018""]}}",2018,KTM,250 EXC-F SIX DAYS,,,,KTM 250 (EXC) 2018-2018,,,,,,,,,,F8103R2
,wp-f8103s2,250 EXC-F Six Days 2019,"{""KTM"":{""250 EXC-F SIX DAYS"":[""2019""]}}",2019,KTM,250 EXC-F SIX DAYS,,,,KTM 250 (EXC) 2019-2019,,,,,,,,,,F8103S2
,wp-f8103s4,Freeride 250 F 2019,"{""KTM"":{""FREERIDE 250 F"":[""2019""]}}",2019,KTM,FREERIDE 250 F,,,,KTM — 2019-2019,,,,,,,,,,F8103S4
,wp-f8103t2,250 EXC-F Six Days 2020,"{""KTM"":{""250 EXC-F SIX DAYS"":[""2020""]}}",2020,KTM,250 EXC-F SIX DAYS,,,,KTM 250 (EXC) 2020-2020,,,,,,,,,,F8103T2
,wp-f8103t4,Freeride 250 F 2020,"{""KTM"":{""FREERIDE 250 F"":[""2020""]}}",2020,KTM,FREERIDE 250 F,,,,KTM — 2020-2020,,,,,,,,,,F8103T4
,wp-f8103u2,250 EXC-F Six Days 2021,"{""KTM"":{""250 EXC-F SIX DAYS"":[""2021""]}}",2021,KTM,250 EXC-F SIX DAYS,,,,KTM 250 (EXC) 2021-2021,,,,,,,,,,F8103U2
,wp-f8103w2,250 EXC-F Six Days 2023,"{""KTM"":{""250 EXC-F SIX DAYS"":[""2023""]}}",2023,KTM,250 EXC-F SIX DAYS,,,,KTM 250 (EXC) 2023-2023,,,,,,,,,,F8103W2
,wp-f8175027,250 XC-F 2027,"{""KTM"":{""250 XC-F"":[""2027""]}}",2027,KTM,250 XC-F,,,,KTM 250 (XCF) 2027-2027,,,,,,,,,,F8175027
,wp-f8175o0,250 XC-F 2015,"{""KTM"":{""250 XC-F"":[""2015""]}}",2015,KTM,250 XC-F,,,,KTM 250 (XCF) 2015-2015,,,,,,,,,,F8175O0
,wp-f8175o1,250 SX-F Factory Edition 2015,"{""KTM"":{""250 SX-F FACTORY EDITION"":[""2015""]}}",2015,KTM,250 SX-F FACTORY EDITION,,,,KTM 250 (SX) 2015-2015,,,,,,,,,,F8175O1
,wp-f8175o3,250 XCF-W 2015,"{""KTM"":{""250 XCF-W"":[""2015""]}}",2015,KTM,250 XCF-W,,,,KTM 250 2015-2015,,,,,,,,,,F8175O3
,wp-f8175p0,250 XC-F 2016,"{""KTM"":{""250 XC-F"":[""2016""]}}",2016,KTM,250 XC-F,,,,KTM 250 (XCF) 2016-2016,,,,,,,,,,F8175P0
,wp-f8175p1,250 SX-F Factory Edition 2016,"{""KTM"":{""250 SX-F FACTORY EDITION"":[""2016""]}}",2016,KTM,250 SX-F FACTORY EDITION,,,,KTM 250 (SX) 2016-2016,,,,,,,,,,F8175P1
,wp-f8175p3,250 XCF-W 2016,"{""KTM"":{""250 XCF-W"":[""2016""]}}",2016,KTM,250 XCF-W,,,,KTM 250 2016-2016,,,,,,,,,,F8175P3
,wp-f8175q1,250 SX-F Factory Edition 2017,"{""KTM"":{""250 SX-F FACTORY EDITION"":[""2017""]}}",2017,KTM,250 SX-F FACTORY EDITION,,,,KTM 250 (SX) 2017-2017,,,,,,,,,,F8175Q1
,wp-f8175r0,250 XC-F 2018,"{""KTM"":{""250 XC-F"":[""2018""]}}",2018,KTM,250 XC-F,,,,KTM 250 (XCF) 2018-2018,,,,,,,,,,F8175R0
,wp-f8175s0,250 XC-F 2019,"{""KTM"":{""250 XC-F"":[""2019""]}}",2019,KTM,250 XC-F,,,,KTM 250 (XCF) 2019-2019,,,,,,,,,,F8175S0
,wp-f8175t0,250 XC-F 2020,"{""KTM"":{""250 XC-F"":[""2020""]}}",2020,KTM,250 XC-F,,,,KTM 250 (XCF) 2020-2020,,,,,,,,,,F8175T0
,wp-f8175u0,250 XC-F 2021,"{""KTM"":{""250 XC-F"":[""2021""]}}",2021,KTM,250 XC-F,,,,KTM 250 (XCF) 2021-2021,,,,,,,,,,F8175U0
,wp-f8175v0,250 XC-F 2022,"{""KTM"":{""250 XC-F"":[""2022""]}}",2022,KTM,250 XC-F,,,,KTM 250 (XCF) 2022-2022,,,,,,,,,,F8175V0
,wp-f8175w0,250 XC-F 2023,"{""KTM"":{""250 XC-F"":[""2023""]}}",2023,KTM,250 XC-F,,,,KTM 250 (XCF) 2023-2023,,,,,,,,,,F8175W0
,wp-f8203o2,350 EXC-F Six Days 2015,"{""KTM"":{""350 EXC-F SIX DAYS"":[""2015""]}}",2015,KTM,350 EXC-F SIX DAYS,,,,KTM 350 (EXC) 2015-2015,,,,,,,,,,F8203O2
,wp-f8203o7,350 EXC-F Factory Edition  2015,"{""KTM"":{""350 EXC-F FACTORY EDITION"":[""2015""]}}",2015,KTM,350 EXC-F FACTORY EDITION,,,,KTM 350 (EXC) 2015-2015,,,,,,,,,,F8203O7
,wp-f8203p2,350 EXC-F Six Days 2016,"{""KTM"":{""350 EXC-F SIX DAYS"":[""2016""]}}",2016,KTM,350 EXC-F SIX DAYS,,,,KTM 350 (EXC) 2016-2016,,,,,,,,,,F8203P2
,wp-f8203u3,350 EXC-F Wess 2021,"{""KTM"":{""350 EXC-F WESS"":[""2021""]}}",2021,KTM,350 EXC-F WESS,,,,KTM 350 (EXC) 2021-2021,,,,,,,,,,F8203U3
,wp-f8275027,350 XC-F 2027,"{""KTM"":{""350 XC-F"":[""2027""]}}",2027,KTM,350 XC-F,,,,KTM 350 (XCF) 2027-2027,,,,,,,,,,F8275027
,wp-f8275o0,350 XC-F 2015,"{""KTM"":{""350 XC-F"":[""2015""]}}",2015,KTM,350 XC-F,,,,KTM 350 (XCF) 2015-2015,,,,,,,,,,F8275O0
,wp-f8275o2,350 XCF-W Six Days 2015,"{""KTM"":{""350 XCF-W SIX DAYS"":[""2015""]}}",2015,KTM,350 XCF-W SIX DAYS,,,,KTM 350 2015-2015,,,,,,,,,,F8275O2
,wp-f8275o3,350 XCF-W 2015,"{""KTM"":{""350 XCF-W"":[""2015""]}}",2015,KTM,350 XCF-W,,,,KTM 350 2015-2015,,,,,,,,,,F8275O3
,wp-f8275p0,350 XC-F 2016,"{""KTM"":{""350 XC-F"":[""2016""]}}",2016,KTM,350 XC-F,,,,KTM 350 (XCF) 2016-2016,,,,,,,,,,F8275P0
,wp-f8275p2,350 XCF-W Six Days 2016,"{""KTM"":{""350 XCF-W SIX DAYS"":[""2016""]}}",2016,KTM,350 XCF-W SIX DAYS,,,,KTM 350 2016-2016,,,,,,,,,,F8275P2
,wp-f8275p3,350 XCF-W 2016,"{""KTM"":{""350 XCF-W"":[""2016""]}}",2016,KTM,350 XCF-W,,,,KTM 350 2016-2016,,,,,,,,,,F8275P3
,wp-f8275r0,350 XC-F 2018,"{""KTM"":{""350 XC-F"":[""2018""]}}",2018,KTM,350 XC-F,,,,KTM 350 (XCF) 2018-2018,,,,,,,,,,F8275R0
,wp-f8275s0,350 XC-F 2019,"{""KTM"":{""350 XC-F"":[""2019""]}}",2019,KTM,350 XC-F,,,,KTM 350 (XCF) 2019-2019,,,,,,,,,,F8275S0
,wp-f8275t0,350 XC-F 2020,"{""KTM"":{""350 XC-F"":[""2020""]}}",2020,KTM,350 XC-F,,,,KTM 350 (XCF) 2020-2020,,,,,,,,,,F8275T0
,wp-f8275t1,350 XCF-W 2020,"{""KTM"":{""350 XCF-W"":[""2020""]}}",2020,KTM,350 XCF-W,,,,KTM 350 2020-2020,,,,,,,,,,F8275T1
,wp-f8275u0,350 XC-F 2021,"{""KTM"":{""350 XC-F"":[""2021""]}}",2021,KTM,350 XC-F,,,,KTM 350 (XCF) 2021-2021,,,,,,,,,,F8275U0
,wp-f8275u1,350 XCF-W 2021,"{""KTM"":{""350 XCF-W"":[""2021""]}}",2021,KTM,350 XCF-W,,,,KTM 350 2021-2021,,,,,,,,,,F8275U1
,wp-f8275w0,350 XC-F 2023,"{""KTM"":{""350 XC-F"":[""2023""]}}",2023,KTM,350 XC-F,,,,KTM 350 (XCF) 2023-2023,,,,,,,,,,F8275W0
,wp-f8403o2,450 EXC Six Days 2015,"{""KTM"":{""450 EXC SIX DAYS"":[""2015""]}}",2015,KTM,450 EXC SIX DAYS,,,,KTM 450 (EXC) 2015-2015,,,,,,,,,,F8403O2
,wp-f8403o7,450 EXC F-Factory Edition  2015,"{""KTM"":{""450 EXC F-FACTORY EDITION"":[""2015""]}}",2015,KTM,450 EXC F-FACTORY EDITION,,,,KTM 450 (EXC) 2015-2015,,,,,,,,,,F8403O7
,wp-f8403p2,450 EXC Six Days 2016,"{""KTM"":{""450 EXC SIX DAYS"":[""2016""]}}",2016,KTM,450 EXC SIX DAYS,,,,KTM 450 (EXC) 2016-2016,,,,,,,,,,F8403P2
,wp-f8403t2,450 EXC-F Six Days 2020,"{""KTM"":{""450 EXC-F SIX DAYS"":[""2020""]}}",2020,KTM,450 EXC-F SIX DAYS,,,,KTM 450 (EXC) 2020-2020,,,,,,,,,,F8403T2
,wp-f8403t9,450 EXC-F 2020,"{""KTM"":{""450 EXC-F"":[""2020""]}}",2020,KTM,450 EXC-F,,,,KTM 450 (EXC) 2020-2020,,,,,,,,,,F8403T9
,wp-f8403u2,450 EXC-F Six Days 2021,"{""KTM"":{""450 EXC-F SIX DAYS"":[""2021""]}}",2021,KTM,450 EXC-F SIX DAYS,,,,KTM 450 (EXC) 2021-2021,,,,,,,,,,F8403U2
,wp-f8403u9,450 EXC-F 2021,"{""KTM"":{""450 EXC-F"":[""2021""]}}",2021,KTM,450 EXC-F,,,,KTM 450 (EXC) 2021-2021,,,,,,,,,,F8403U9
,wp-f8403w2,450 EXC-F Six Days 2023,"{""KTM"":{""450 EXC-F SIX DAYS"":[""2023""]}}",2023,KTM,450 EXC-F SIX DAYS,,,,KTM 450 (EXC) 2023-2023,,,,,,,,,,F8403W2
,wp-f8403w9,450 EXC-F 2023,"{""KTM"":{""450 EXC-F"":[""2023""]}}",2023,KTM,450 EXC-F,,,,KTM 450 (EXC) 2023-2023,,,,,,,,,,F8403W9
,wp-f8475027,450 XC-F 2027,"{""KTM"":{""450 XC-F"":[""2027""]}}",2027,KTM,450 XC-F,,,,KTM 450 (XCF) 2027-2027,,,,,,,,,,F8475027
,wp-f8475o0,450 XC-F 2015,"{""KTM"":{""450 XC-F"":[""2015""]}}",2015,KTM,450 XC-F,,,,KTM 450 (XCF) 2015-2015,,,,,,,,,,F8475O0
,wp-f8475o1,450 SX-F Factory Edition 2015,"{""KTM"":{""450 SX-F FACTORY EDITION"":[""2015""]}}",2015,KTM,450 SX-F FACTORY EDITION,,,,KTM 450 (SX) 2015-2015,,,,,,,,,,F8475O1
,wp-f8475o3,450 XC-W 2015,"{""KTM"":{""450 XC-W"":[""2015""]}}",2015,KTM,450 XC-W,,,,KTM 450 (XC) 2015-2015,,,,,,,,,,F8475O3
,wp-f8475p0,450 XC-F 2016,"{""KTM"":{""450 XC-F"":[""2016""]}}",2016,KTM,450 XC-F,,,,KTM 450 (XCF) 2016-2016,,,,,,,,,,F8475P0
,wp-f8475p1,450 SX-F Factory-Edition 2016,"{""KTM"":{""450 SX-F FACTORY-EDITION"":[""2016""]}}",2016,KTM,450 SX-F FACTORY-EDITION,,,,KTM 450 (SX) 2016-2016,,,,,,,,,,F8475P1
,wp-f8475p3,450 XC-W 2016,"{""KTM"":{""450 XC-W"":[""2016""]}}",2016,KTM,450 XC-W,,,,KTM 450 (XC) 2016-2016,,,,,,,,,,F8475P3
,wp-f8475q1,450 SX-F Factory Edition 2017,"{""KTM"":{""450 SX-F FACTORY EDITION"":[""2017""]}}",2017,KTM,450 SX-F FACTORY EDITION,,,,KTM 450 (SX) 2017-2017,,,,,,,,,,F8475Q1
,wp-f8475r0,450 XC-F 2018,"{""KTM"":{""450 XC-F"":[""2018""]}}",2018,KTM,450 XC-F,,,,KTM 450 (XCF) 2018-2018,,,,,,,,,,F8475R0
,wp-f8475r1,450 SX-F Factory Edition 2018,"{""KTM"":{""450 SX-F FACTORY EDITION"":[""2018""]}}",2018,KTM,450 SX-F FACTORY EDITION,,,,KTM 450 (SX) 2018-2018,,,,,,,,,,F8475R1
,wp-f8475s0,450 XC-F 2019,"{""KTM"":{""450 XC-F"":[""2019""]}}",2019,KTM,450 XC-F,,,,KTM 450 (XCF) 2019-2019,,,,,,,,,,F8475S0
,wp-f8475s1,450 SX-F FACTORY EDITION 2019,"{""KTM"":{""450 SX-F FACTORY EDITION"":[""2019""]}}",2019,KTM,450 SX-F FACTORY EDITION,,,,KTM 450 (SX) 2019-2019,,,,,,,,,,F8475S1
,wp-f8475t0,450 XC-F 2020,"{""KTM"":{""450 XC-F"":[""2020""]}}",2020,KTM,450 XC-F,,,,KTM 450 (XCF) 2020-2020,,,,,,,,,,F8475T0
,wp-f8475t1,450 SX-F Factory Edition 2020,"{""KTM"":{""450 SX-F FACTORY EDITION"":[""2020""]}}",2020,KTM,450 SX-F FACTORY EDITION,,,,KTM 450 (SX) 2020-2020,,,,,,,,,,F8475T1
,wp-f8475u0,450 XC-F 2021,"{""KTM"":{""450 XC-F"":[""2021""]}}",2021,KTM,450 XC-F,,,,KTM 450 (XCF) 2021-2021,,,,,,,,,,F8475U0
,wp-f8475w0,450 XC-F 2023,"{""KTM"":{""450 XC-F"":[""2023""]}}",2023,KTM,450 XC-F,,,,KTM 450 (XCF) 2023-2023,,,,,,,,,,F8475W0
,wp-f8475w2,450 XCF-W 2023,"{""KTM"":{""450 XCF-W"":[""2023""]}}",2023,KTM,450 XCF-W,,,,KTM 450 2023-2023,,,,,,,,,,F8475W2
,wp-f8503o2,500 EXC Six Days 2015,"{""KTM"":{""500 EXC SIX DAYS"":[""2015""]}}",2015,KTM,500 EXC SIX DAYS,,,,KTM 500 (EXC) 2015-2015,,,,,,,,,,F8503O2
,wp-f8503r2,500 EXC-F SIX DAYS 2018,"{""KTM"":{""500 EXC-F SIX DAYS"":[""2018""]}}",2018,KTM,500 EXC-F SIX DAYS,,,,KTM 500 (EXC) 2018-2018,,,,,,,,,,F8503R2
,wp-f8503s2,500 EXC-F Six Days 2019,"{""KTM"":{""500 EXC-F SIX DAYS"":[""2019""]}}",2019,KTM,500 EXC-F SIX DAYS,,,,KTM 500 (EXC) 2019-2019,,,,,,,,,,F8503S2
,wp-f8575o3,500 XC-W 2015,"{""KTM"":{""500 XC-W"":[""2015""]}}",2015,KTM,500 XC-W,,,,KTM 500 (XC) 2015-2015,,,,,,,,,,F8575O3
,wp-f8575p3,500 XC-W 2016,"{""KTM"":{""500 XC-W"":[""2016""]}}",2016,KTM,500 XC-W,,,,KTM 500 (XC) 2016-2016,,,,,,,,,,F8575P3
,wp-f8575t1,500 XCF-W 2020,"{""KTM"":{""500 XCF-W"":[""2020""]}}",2020,KTM,500 XCF-W,,,,KTM 500 2020-2020,,,,,,,,,,F8575T1
,wp-f8575u1,500 XCF-W 2021,"{""KTM"":{""500 XCF-W"":[""2021""]}}",2021,KTM,500 XCF-W,,,,KTM 500 2021-2021,,,,,,,,,,F8575U1
,wp-f9399827,450 Rally Replica 2027,"{""KTM"":{""450 RALLY REPLICA"":[""2027""]}}",2027,KTM,450 RALLY REPLICA,,,,KTM 450 2027-2027,,,,,,,,,,F9399827
,wp-f9603r8,790 Duke L (A2) 2018,"{""KTM"":{""790 DUKE L (A2)"":[""2018""]}}",2018,KTM,790 DUKE L (A2),,,,KTM 790 (STREET) 2018-2018,,,,,,,,,,F9603R8
,wp-f9603sx,790 Duke L (A2) 2019,"{""KTM"":{""790 DUKE L (A2)"":[""2019""]}}",2019,KTM,790 DUKE L (A2),,,,KTM 790 (STREET) 2019-2019,,,,,,,,,,F9603S8
,wp-f9703vx,890 Adventure L 2022,"{""KTM"":{""890 ADVENTURE L"":[""2022""]}}",2022,KTM,890 ADVENTURE L,,,,KTM 890 (STREET) 2022-2022,,,,,,,,,,F9703VE
,wp-f9703wx,890 Duke GP 2023,"{""KTM"":{""890 DUKE GP"":[""2023""]}}",2023,KTM,890 DUKE GP,,,,KTM 890 (STREET) 2023-2023,,,,,,,,,,F9703WC
,wp-f9703xx,890 Adventure 2024,"{""KTM"":{""890 ADVENTURE"":[""2024""]}}",2024,KTM,890 ADVENTURE,,,,KTM 890 (STREET) 2024-2024,,,,,,,,,,F9703X5
,wp-f9703zd,890 Adventure R Rally 2026,"{""KTM"":{""890 ADVENTURE R RALLY"":[""2026""]}}",2026,KTM,890 ADVENTURE R RALLY,,,,KTM 890 (STREET) 2026-2026,,,,,,,,,,F9703ZD
,wp-f9703zg,890 SMT 2026,"{""KTM"":{""890 SMT"":[""2026""]}}",2026,KTM,890 SMT,,,,KTM 890 2026-2026,,,,,,,,,,F9703ZG
,wp-f9775627,890 Adventure R Rally 2027,"{""KTM"":{""890 ADVENTURE R RALLY"":[""2027""]}}",2027,KTM,890 ADVENTURE R RALLY,,,,KTM 890 (STREET) 2027-2027,,,,,,,,,,F9775627
,wp-f9801827,990 RC R Track 2027,"{""KTM"":{""990 RC R TRACK"":[""2027""]}}",2027,KTM,990 RC R TRACK,,,,KTM 990 2027-2027,,,,,,,,,,F9801827
,wp-f9801z8,990 RC R Track 2026,"{""KTM"":{""990 RC R TRACK"":[""2026""]}}",2026,KTM,990 RC R TRACK,,,,KTM 990 2026-2026,,,,,,,,,,F9801Z8
,wp-f9875c27,990 Duke 2027,"{""KTM"":{""990 DUKE"":[""2027""]}}",2027,KTM,990 DUKE,,,,KTM 990 (STREET) 2027-2027,,,,,,,,,,F9875C27
,wp-f9875m7,990 Adventure 2013,"{""KTM"":{""990 ADVENTURE"":[""2013""]}}",2013,KTM,990 ADVENTURE,,,,KTM 990 (STREET) 2013-2013,,,,,,,,,,F9875M7
,wp-f9901zu,1390 Super Duke RR TRACK 2026,"{""KTM"":{""1390 SUPER DUKE RR TRACK"":[""2026""]}}",2026,KTM,1390 SUPER DUKE RR TRACK,,,,KTM 1390 (STREET) 2026-2026,,,,,,,,,,F9901ZU
,wp-f9903yx,1390 Super Duke R 2025,"{""KTM"":{""1390 SUPER DUKE R"":[""2025""]}}",2025,KTM,1390 SUPER DUKE R,,,,KTM 1390 (STREET) 2025-2025,,,,,,,,,,F9903Y2
,wp-f9903zr,1390 Super Duke RR 2026,"{""KTM"":{""1390 SUPER DUKE RR"":[""2026""]}}",2026,KTM,1390 SUPER DUKE RR,,,,KTM 1390 (STREET) 2026-2026,,,,,,,,,,F9903ZR
,wp-f9903zx,1390 Super Duke R 2026,"{""KTM"":{""1390 SUPER DUKE R"":[""2026""]}}",2026,KTM,1390 SUPER DUKE R,,,,KTM 1390 (STREET) 2026-2026,,,,,,,,,,F9903Z2
,wp-f9975127,1390 Super Adventure S EVO 2027,"{""KTM"":{""1390 SUPER ADVENTURE S EVO"":[""2027""]}}",2027,KTM,1390 SUPER ADVENTURE S EVO,,,,KTM 1390 (STREET) 2027-2027,,,,,,,,,,F9975127
,wp-f9975w7,1290 Super Adventure R 2023,"{""KTM"":{""1290 SUPER ADVENTURE R"":[""2023""]}}",2023,KTM,1290 SUPER ADVENTURE R,,,,KTM 1290 (STREET) 2023-2023,,,,,,,,,,F9975W7
,wp-f9975wx,1290 Super Adventure S 2023,"{""KTM"":{""1290 SUPER ADVENTURE S"":[""2023""]}}",2023,KTM,1290 SUPER ADVENTURE S,,,,KTM 1290 (STREET) 2023-2023,,,,,,,,,,F9975W4
,wp-fc2502015,FC 250 2015,"{""HUSQVARNA"":{""FC 250"":[""2015""]}}",2015,HUSQVARNA,FC 250,,,,HUSQVARNA — 2015-2015,,,,,,,,,,F2101O1
,wp-fc2502021,FC 250 2021,"{""HUSQVARNA"":{""FC 250"":[""2021""]}}",2021,HUSQVARNA,FC 250,,,,HUSQVARNA — 2021-2021,,,,,,,,,,F2101U1
,wp-fc2502022,FC 250 2022,"{""HUSQVARNA"":{""FC 250"":[""2022""]}}",2022,HUSQVARNA,FC 250,,,,HUSQVARNA — 2022-2022,,,,,,,,,,F2101V1
,wp-fc2502023,FC 250 2023,"{""HUSQVARNA"":{""FC 250"":[""2023""]}}",2023,HUSQVARNA,FC 250,,,,HUSQVARNA — 2023-2023,,,,,,,,,,F2101W1
,wp-fc2502027,FC 250 2027,"{""HUSQVARNA"":{""FC 250"":[""2027""]}}",2027,HUSQVARNA,FC 250,,,,HUSQVARNA — 2027-2027,,,,,,,,,,F2201127
,wp-fc250heritage2023,FC 250 Heritage 2023,"{""HUSQVARNA"":{""FC 250 HERITAGE"":[""2023""]}}",2023,HUSQVARNA,FC 250 HERITAGE,,,,HUSQVARNA — 2023-2023,,,,,,,,,,F2101W3
,wp-fc3502021,FC 350 2021,"{""HUSQVARNA"":{""FC 350"":[""2021""]}}",2021,HUSQVARNA,FC 350,,,,HUSQVARNA — 2021-2021,,,,,,,,,,F2201U1
,wp-fc3502022,FC 350 2022,"{""HUSQVARNA"":{""FC 350"":[""2022""]}}",2022,HUSQVARNA,FC 350,,,,HUSQVARNA — 2022-2022,,,,,,,,,,F2201V1
,wp-fc3502023,FC 350 2023,"{""HUSQVARNA"":{""FC 350"":[""2023""]}}",2023,HUSQVARNA,FC 350,,,,HUSQVARNA — 2023-2023,,,,,,,,,,F2201W1
,wp-fc3502027,FC 350 2027,"{""HUSQVARNA"":{""FC 350"":[""2027""]}}",2027,HUSQVARNA,FC 350,,,,HUSQVARNA — 2027-2027,,,,,,,,,,F2301427
,wp-fc350heritage2023,FC 350 Heritage 2023,"{""HUSQVARNA"":{""FC 350 HERITAGE"":[""2023""]}}",2023,HUSQVARNA,FC 350 HERITAGE,,,,HUSQVARNA — 2023-2023,,,,,,,,,,F2201W2
,wp-fc4502015,FC 450 2015,"{""HUSQVARNA"":{""FC 450"":[""2015""]}}",2015,HUSQVARNA,FC 450,,,,HUSQVARNA — 2015-2015,,,,,,,,,,F2401O1
,wp-fc4502021,FC 450 2021,"{""HUSQVARNA"":{""FC 450"":[""2021""]}}",2021,HUSQVARNA,FC 450,,,,HUSQVARNA — 2021-2021,,,,,,,,,,F2401U1
,wp-fc4502022,FC 450 2022,"{""HUSQVARNA"":{""FC 450"":[""2022""]}}",2022,HUSQVARNA,FC 450,,,,HUSQVARNA — 2022-2022,,,,,,,,,,F2401V1
,wp-fc4502023,FC 450 2023,"{""HUSQVARNA"":{""FC 450"":[""2023""]}}",2023,HUSQVARNA,FC 450,,,,HUSQVARNA — 2023-2023,,,,,,,,,,F2401W1
,wp-fc4502027,FC 450 2027,"{""HUSQVARNA"":{""FC 450"":[""2027""]}}",2027,HUSQVARNA,FC 450,,,,HUSQVARNA — 2027-2027,,,,,,,,,,F2401527
,wp-fc450heritage2023,FC 450 Heritage 2023,"{""HUSQVARNA"":{""FC 450 HERITAGE"":[""2023""]}}",2023,HUSQVARNA,FC 450 HERITAGE,,,,HUSQVARNA — 2023-2023,,,,,,,,,,F2401W2
,wp-fe2502015,FE 250 2015,"{""HUSQVARNA"":{""FE 250"":[""2015""]}}",2015,HUSQVARNA,FE 250,,,,HUSQVARNA — 2015-2015,,,,,,,,,,F2103O4
,wp-fe2502016,FE 250 2016,"{""HUSQVARNA"":{""FE 250"":[""2016""]}}",2016,HUSQVARNA,FE 250,,,,HUSQVARNA — 2016-2016,,,,,,,,,,F2103P4
,wp-fe2502017,FE 250 2017,"{""HUSQVARNA"":{""FE 250"":[""2017""]}}",2017,HUSQVARNA,FE 250,,,,HUSQVARNA — 2017-2017,,,,,,,,,,F2103Q4
,wp-fe2502018,FE 250 2018,"{""HUSQVARNA"":{""FE 250"":[""2018""]}}",2018,HUSQVARNA,FE 250,,,,HUSQVARNA — 2018-2018,,,,,,,,,,F2103R4
,wp-fe2502019,FE 250 2019,"{""HUSQVARNA"":{""FE 250"":[""2019""]}}",2019,HUSQVARNA,FE 250,,,,HUSQVARNA — 2019-2019,,,,,,,,,,F2103S4
,wp-fe2502023,FE 250 2023,"{""HUSQVARNA"":{""FE 250"":[""2023""]}}",2023,HUSQVARNA,FE 250,,,,HUSQVARNA — 2023-2023,,,,,,,,,,F2103W4
,wp-fe3502015,FE 350 2015,"{""HUSQVARNA"":{""FE 350"":[""2015""]}}",2015,HUSQVARNA,FE 350,,,,HUSQVARNA — 2015-2015,,,,,,,,,,F2203O4
,wp-fe3502016,FE 350 2016,"{""HUSQVARNA"":{""FE 350"":[""2016""]}}",2016,HUSQVARNA,FE 350,,,,HUSQVARNA — 2016-2016,,,,,,,,,,F2203P4
,wp-fe3502017,FE 350 2017,"{""HUSQVARNA"":{""FE 350"":[""2017""]}}",2017,HUSQVARNA,FE 350,,,,HUSQVARNA — 2017-2017,,,,,,,,,,F2203Q4
,wp-fe3502018,FE 350 2018,"{""HUSQVARNA"":{""FE 350"":[""2018""]}}",2018,HUSQVARNA,FE 350,,,,HUSQVARNA — 2018-2018,,,,,,,,,,F2203R4
,wp-fe3502019,FE 350 2019,"{""HUSQVARNA"":{""FE 350"":[""2019""]}}",2019,HUSQVARNA,FE 350,,,,HUSQVARNA — 2019-2019,,,,,,,,,,F2203S4
,wp-fe3502020,FE 350 2020,"{""HUSQVARNA"":{""FE 350"":[""2020""]}}",2020,HUSQVARNA,FE 350,,,,HUSQVARNA — 2020-2020,,,,,,,,,,F2203T4
,wp-fe3502021,FE 350 2021,"{""HUSQVARNA"":{""FE 350"":[""2021""]}}",2021,HUSQVARNA,FE 350,,,,HUSQVARNA — 2021-2021,,,,,,,,,,F2203U4
,wp-fe3502023,FE 350 2023,"{""HUSQVARNA"":{""FE 350"":[""2023""]}}",2023,HUSQVARNA,FE 350,,,,HUSQVARNA — 2023-2023,,,,,,,,,,F2203W4
,wp-fe4502015,FE 450 2015,"{""HUSQVARNA"":{""FE 450"":[""2015""]}}",2015,HUSQVARNA,FE 450,,,,HUSQVARNA — 2015-2015,,,,,,,,,,F2303O4
,wp-fe4502016,FE 450 2016,"{""HUSQVARNA"":{""FE 450"":[""2016""]}}",2016,HUSQVARNA,FE 450,,,,HUSQVARNA — 2016-2016,,,,,,,,,,F2303P4
,wp-fe4502017,FE 450 2017,"{""HUSQVARNA"":{""FE 450"":[""2017""]}}",2017,HUSQVARNA,FE 450,,,,HUSQVARNA — 2017-2017,,,,,,,,,,F2303Q4
,wp-fe4502018,FE 450 2018,"{""HUSQVARNA"":{""FE 450"":[""2018""]}}",2018,HUSQVARNA,FE 450,,,,HUSQVARNA — 2018-2018,,,,,,,,,,F2303R4
,wp-fe4502019,FE 450 2019,"{""HUSQVARNA"":{""FE 450"":[""2019""]}}",2019,HUSQVARNA,FE 450,,,,HUSQVARNA — 2019-2019,,,,,,,,,,F2303S4
,wp-fe4502023,FE 450 2023,"{""HUSQVARNA"":{""FE 450"":[""2023""]}}",2023,HUSQVARNA,FE 450,,,,HUSQVARNA — 2023-2023,,,,,,,,,,F2303W4
,wp-fe5012015,FE 501 2015,"{""HUSQVARNA"":{""FE 501"":[""2015""]}}",2015,HUSQVARNA,FE 501,,,,HUSQVARNA — 2015-2015,,,,,,,,,,F2403O4
,wp-fe5012016,FE 501 2016,"{""HUSQVARNA"":{""FE 501"":[""2016""]}}",2016,HUSQVARNA,FE 501,,,,HUSQVARNA — 2016-2016,,,,,,,,,,F2403P4
,wp-fe5012017,FE 501 2017,"{""HUSQVARNA"":{""FE 501"":[""2017""]}}",2017,HUSQVARNA,FE 501,,,,HUSQVARNA — 2017-2017,,,,,,,,,,F2403Q4
,wp-fe5012018,FE 501 2018,"{""HUSQVARNA"":{""FE 501"":[""2018""]}}",2018,HUSQVARNA,FE 501,,,,HUSQVARNA — 2018-2018,,,,,,,,,,F2403R4
,wp-fe5012019,FE 501 2019,"{""HUSQVARNA"":{""FE 501"":[""2019""]}}",2019,HUSQVARNA,FE 501,,,,HUSQVARNA — 2019-2019,,,,,,,,,,F2403S4
,wp-fe5012020,FE 501 2020,"{""HUSQVARNA"":{""FE 501"":[""2020""]}}",2020,HUSQVARNA,FE 501,,,,HUSQVARNA — 2020-2020,,,,,,,,,,F2403T4
,wp-fe5012021,FE 501 2021,"{""HUSQVARNA"":{""FE 501"":[""2021""]}}",2021,HUSQVARNA,FE 501,,,,HUSQVARNA — 2021-2021,,,,,,,,,,F2403U4
,wp-fe5012023,FE 501 2023,"{""HUSQVARNA"":{""FE 501"":[""2023""]}}",2023,HUSQVARNA,FE 501,,,,HUSQVARNA — 2023-2023,,,,,,,,,,F2403W4
,wp-freeride250r2014,Freeride 250 R 2014,"{""KTM"":{""FREERIDE 250 R"":[""2014""]}}",2014,KTM,FREERIDE 250 R,,,,KTM — 2014-2014,,,,,,,,,,F7303N4
,wp-freeride250r2015,Freeride 250 R 2015,"{""KTM"":{""FREERIDE 250 R"":[""2015""]}}",2015,KTM,FREERIDE 250 R,,,,KTM — 2015-2015,,,,,,,,,,F7303O4
,wp-freeride250r2016,Freeride 250 R 2016,"{""KTM"":{""FREERIDE 250 R"":[""2016""]}}",2016,KTM,FREERIDE 250 R,,,,KTM — 2016-2016,,,,,,,,,,F7303P4
,wp-freeride250r2017,Freeride 250 R 2017,"{""KTM"":{""FREERIDE 250 R"":[""2017""]}}",2017,KTM,FREERIDE 250 R,,,,KTM — 2017-2017,,,,,,,,,,F7303Q4
,wp-freeride3502014,Freeride 350 2014,"{""KTM"":{""FREERIDE 350"":[""2014""]}}",2014,KTM,FREERIDE 350,,,,KTM — 2014-2014,,,,,,,,,,F8203N4
,wp-freeride3502015,Freeride 350 2015,"{""KTM"":{""FREERIDE 350"":[""2015""]}}",2015,KTM,FREERIDE 350,,,,KTM — 2015-2015,,,,,,,,,,F8203O4
,wp-freeride3502016,Freeride 350 2016,"{""KTM"":{""FREERIDE 350"":[""2016""]}}",2016,KTM,FREERIDE 350,,,,KTM — 2016-2016,,,,,,,,,,F8203P4
,wp-freeride3502017,Freeride 350 2017,"{""KTM"":{""FREERIDE 350"":[""2017""]}}",2017,KTM,FREERIDE 350,,,,KTM — 2017-2017,,,,,,,,,,F8203Q4
,wp-freeridee660w2027,FREERIDE E 660W 2027,"{""KTM"":{""FREERIDE E 660W"":[""2027""]}}",2027,KTM,FREERIDE E 660W,,,,KTM — 2027-2027,,,,,,,,,,F3003127
,wp-gsxr10002012,Suzuki GSX-R1000 2012,,,,,,,,,,,,,,,,,,GSXR10002012
,wp-gsxr10002013,Suzuki GSX-R1000 2013,,,,,,,,,,,,,,,,,,GSXR10002013
,wp-gsxr10002014,Suzuki GSX-R1000 2014,,,,,,,,,,,,,,,,,,GSXR10002014
,wp-gsxr10002015,Suzuki GSX-R1000 2015,,,,,,,,,,,,,,,,,,GSXR10002015
,wp-gsxr10002016,Suzuki GSX-R1000 2016,,,,,,,,,,,,,,,,,,GSXR10002016
,wp-gsxr10002017,Suzuki GSX-R1000 2017,,,,,,,,,,,,,,,,,,GSXR10002017
,wp-gsxr10002018,Suzuki GSX-R1000 2018,,,,,,,,,,,,,,,,,,GSXR10002018
,wp-gsxr10002019,Suzuki GSX-R1000 2019,,,,,,,,,,,,,,,,,,GSXR10002019
,wp-gsxr10002020,Suzuki GSX-R1000 2020,,,,,,,,,,,,,,,,,,GSXR10002020
,wp-gsxr10002022,Suzuki GSX-R1000 2022,,,,,,,,,,,,,,,,,,GSXR10002022
,wp-gsxr1000r2017,Suzuki GSX-R1000R 2017,,,,,,,,,,,,,,,,,,GSXR1000R2017
,wp-gsxr1000r2018,Suzuki GSX-R1000R 2018,,,,,,,,,,,,,,,,,,GSXR1000R2018
,wp-gsxr1000r2019,Suzuki GSX-R1000R 2019,,,,,,,,,,,,,,,,,,GSXR1000R2019
,wp-gsxr1000r2022,Suzuki GSX-R1000R 2022,,,,,,,,,,,,,,,,,,GSXR1000R2022
,wp-gsxr1000rr2020,Suzuki GSX-R1000R 2020,,,,,,,,,,,,,,,,,,GSXR1000RR2020
,wp-gsxr6002012,Suzuki GSX-R600 2012,,,,,,,,,,,,,,,,,,GSXR6002012
,wp-gsxr6002013,Suzuki GSX-R600 2013,,,,,,,,,,,,,,,,,,GSXR6002013
,wp-gsxr6002014,Suzuki GSX-R600 2014,,,,,,,,,,,,,,,,,,GSXR6002014
,wp-gsxr6002015,Suzuki GSX-R600 2015,,,,,,,,,,,,,,,,,,GSXR6002015
,wp-gsxr6002016,Suzuki GSX-R600 2016,,,,,,,,,,,,,,,,,,GSXR6002016
,wp-gsxr6002017,Suzuki GSX-R600 2017,,,,,,,,,,,,,,,,,,GSXR6002017
,wp-gsxr6002018,Suzuki GSX-R600 2018,,,,,,,,,,,,,,,,,,GSXR6002018
,wp-gsxr7502012,Suzuki GSX-R750 2012,,,,,,,,,,,,,,,,,,GSXR7502012
,wp-gsxr7502013,Suzuki GSX-R750 2013,,,,,,,,,,,,,,,,,,GSXR7502013
,wp-gsxr7502014,Suzuki GSX-R750 2014,,,,,,,,,,,,,,,,,,GSXR7502014
,wp-gsxr7502015,Suzuki GSX-R750 2015,,,,,,,,,,,,,,,,,,GSXR7502015
,wp-kx10rr2016,Kawasaki ZX-10RR 2016,,,,,,,,,,,,,,,,,,KX10RR2016
,wp-kx250f2016,Kawasaki KX 250 2016,,,,,,,,,,,,,,,,,,KX250F2016
,wp-kx250f2019,Kawasaki KX 250 2019,,,,,,,,,,,,,,,,,,KX250F2019
,wp-kx250f2020,Kawasaki KX 250 2020,,,,,,,,,,,,,,,,,,KX250F2020
,wp-kx250f2022,Kawasaki KX 250 2022,,,,,,,,,,,,,,,,,,KX250F2022
,wp-kx250f2024,Kawasaki KX 250 2024,,,,,,,,,,,,,,,,,,KX250F2024
,wp-kx250f2025,Kawasaki KX 250 2025,,,,,,,,,,,,,,,,,,KX250F2025
,wp-kx450f2018,Kawasaki KX 450 2018,,,,,,,,,,,,,,,,,,KX450F2018
,wp-kx450f2019,Kawasaki KX 450 2019,,,,,,,,,,,,,,,,,,KX450F2019
,wp-kx450f2020,Kawasaki KX 450 2020,,,,,,,,,,,,,,,,,,KX450F2020
,wp-kx450f2021,Kawasaki KX 450 2021,,,,,,,,,,,,,,,,,,KX450F2021
,wp-kx450f2022,Kawasaki KX 450 2022,,,,,,,,,,,,,,,,,,KX450F2022
,wp-kx450f2023,Kawasaki KX 450 2023,,,,,,,,,,,,,,,,,,KX450F2023
,wp-kxf2502015,Kawasaki KX 250 2015,,,,,,,,,,,,,,,,,,KXF2502015
,wp-kxf2502017,Kawasaki KX 250 2017,,,,,,,,,,,,,,,,,,KXF2502017
,wp-kxf2502018,Kawasaki KX 250 2018,,,,,,,,,,,,,,,,,,KXF2502018
,wp-kxf4502015,Kawasaki KX 450 2015,,,,,,,,,,,,,,,,,,KXF4502015
,wp-kxf4502016,Kawasaki KX 450 2016,,,,,,,,,,,,,,,,,,KXF4502016
,wp-kxf4502017,Kawasaki KX 450 2017,,,,,,,,,,,,,,,,,,KXF4502017
,wp-mc250f2023,MC 250F 2023,"{""GASGAS"":{""MC 250F"":[""2023""]}}",2023,GASGAS,MC 250F,,,,GASGAS — 2023-2023,,,,,,,,,,F0201W5
,wp-mt092017,Yamaha MT-09 2017,,,,,,,,,,,,,,,,,,MT092017
,wp-mt092018,Yamaha MT-09 2018,,,,,,,,,,,,,,,,,,MT092018
,wp-mt092019,Yamaha MT-09 2019,,,,,,,,,,,,,,,,,,MT092019
,wp-mt092020,Yamaha MT-09 2020,,,,,,,,,,,,,,,,,,MT092020
,wp-mt092021,Yamaha MT-09 2021,,,,,,,,,,,,,,,,,,MT092021
,wp-mt09sp2018,Yamaha MT-09 SP 2018,,,,,,,,,,,,,,,,,,MT09SP2018
,wp-mt09sp2019,Yamaha MT-09 SP 2019,,,,,,,,,,,,,,,,,,MT09SP2019
,wp-norden9012022,Norden 901 2022,"{""HUSQVARNA"":{""NORDEN 901"":[""2022""]}}",2022,HUSQVARNA,NORDEN 901,,,,HUSQVARNA — 2022-2022,,,,,,,,,,F2803V1
,wp-norden9012023,Norden 901 2023,"{""HUSQVARNA"":{""NORDEN 901"":[""2023""]}}",2023,HUSQVARNA,NORDEN 901,,,,HUSQVARNA — 2023-2023,,,,,,,,,,F2803W1
,wp-norden9012024,Norden 901 2024,"{""HUSQVARNA"":{""NORDEN 901"":[""2024""]}}",2024,HUSQVARNA,NORDEN 901,,,,HUSQVARNA — 2024-2024,,,,,,,,,,F2803X1
,wp-norden9012026,Norden 901 2026,"{""HUSQVARNA"":{""NORDEN 901"":[""2026""]}}",2026,HUSQVARNA,NORDEN 901,,,,HUSQVARNA — 2026-2026,,,,,,,,,,F2803Z1
,wp-norden901exp2024,Norden 901 Expedition 2024,"{""HUSQVARNA"":{""NORDEN 901 EXPEDITION"":[""2024""]}}",2024,HUSQVARNA,NORDEN 901 EXPEDITION,,,,HUSQVARNA — 2024-2024,,,,,,,,,,F2803X2
,wp-norden901exp2026,Norden 901 Expedition 2026,"{""HUSQVARNA"":{""NORDEN 901 EXPEDITION"":[""2026""]}}",2026,HUSQVARNA,NORDEN 901 EXPEDITION,,,,HUSQVARNA — 2026-2026,,,,,,,,,,F2803Z2
,wp-rmz2502015,Suzuki RM-Z250 2015,,,,,,,,,,,,,,,,,,RMZ2502015
,wp-rmz2502016,Suzuki RM-Z250 2016,,,,,,,,,,,,,,,,,,RMZ2502016
,wp-rmz2502017,Suzuki RM-Z250 2017,,,,,,,,,,,,,,,,,,RMZ2502017
,wp-rmz2502018,$M-SUZUKIRMZ2502018,,,,,,,,,,,,,,,,,,RMZ2502018
,wp-rmz2502019,Suzuki RM-Z250 2019,,,,,,,,,,,,,,,,,,RMZ2502019
,wp-rmz2502020,Suzuki RM-Z 250 2020,,,,,,,,,,,,,,,,,,RMZ2502020
,wp-rmz2502021,Suzuki RM-Z 250 2021,,,,,,,,,,,,,,,,,,RMZ2502021
,wp-rmz2502022,Suzuki RM-Z 250 2022,,,,,,,,,,,,,,,,,,RMZ2502022
,wp-rmz4502015,Suzuki RM-Z450 2015,,,,,,,,,,,,,,,,,,RMZ4502015
,wp-rmz4502016,Suzuki RM-Z450 2016,,,,,,,,,,,,,,,,,,RMZ4502016
,wp-rmz4502017,Suzuki RM-Z450 2017,,,,,,,,,,,,,,,,,,RMZ4502017
,wp-rmz4502018,Suzuki RM-Z450 2018,,,,,,,,,,,,,,,,,,RMZ4502018
,wp-rmz4502019,Suzuki RM-Z450 2019,,,,,,,,,,,,,,,,,,RMZ4502019
,wp-rmz4502020,Suzuki RM-Z 450 2020,,,,,,,,,,,,,,,,,,RMZ4502020
,wp-rmz4502021,Suzuki RM-Z 450 2021,,,,,,,,,,,,,,,,,,RMZ4502021
,wp-rmz4502022,Suzuki RM-Z 450 2022,,,,,,,,,,,,,,,,,,RMZ4502022
,wp-rr2t2502015,Beta RR 2T 250 2015,,,,,,,,,,,,,,,,,,RR2T2502015
,wp-rr2t2502016,Beta RR 2T 250 2016,,,,,,,,,,,,,,,,,,RR2T2502016
,wp-rr2t2502017,Beta RR 2T 250 2017,,,,,,,,,,,,,,,,,,RR2T2502017
,wp-rr2t2502018,$M-BETARR2T2502018,,,,,,,,,,,,,,,,,,RR2T2502018
,wp-rr2t2502019,Beta RR 2T 250 2019,,,,,,,,,,,,,,,,,,RR2T2502019
,wp-rr2t3002015,Beta RR 2T 300 2015,,,,,,,,,,,,,,,,,,RR2T3002015
,wp-rr2t3002016,Beta RR 2T 300 2016,,,,,,,,,,,,,,,,,,RR2T3002016
,wp-rr2t3002018,$M-BETARR2T3002018,,,,,,,,,,,,,,,,,,RR2T3002018
,wp-rr2t3002019,Beta RR 2T 300 2019,,,,,,,,,,,,,,,,,,RR2T3002019
,wp-rr4t3502015,Beta RR 4T 350 2015,,,,,,,,,,,,,,,,,,RR4T3502015
,wp-rr4t3502016,Beta RR 4T 350 2016,,,,,,,,,,,,,,,,,,RR4T3502016
,wp-rr4t3502018,$M-BETARR4T3502018,,,,,,,,,,,,,,,,,,RR4T3502018
,wp-rr4t3502019,Beta RR 4T 350 2019,,,,,,,,,,,,,,,,,,RR4T3502019
,wp-rr4t3902015,Beta RR 4T 390 2015,,,,,,,,,,,,,,,,,,RR4T3902015
,wp-rr4t3902016,Beta RR 4T 390 2016,,,,,,,,,,,,,,,,,,RR4T3902016
,wp-rr4t3902018,$M-BETARR4T3902018,,,,,,,,,,,,,,,,,,RR4T3902018
,wp-rr4t3902019,Beta RR 4T 390 2019,,,,,,,,,,,,,,,,,,RR4T3902019
,wp-rr4t4302018,$M-BETARR4T4302018,,,,,,,,,,,,,,,,,,RR4T4302018
,wp-rr4t4302019,Beta RR 4T 430 2019,,,,,,,,,,,,,,,,,,RR4T4302019
,wp-rr4t4502015,Beta RR 4T 430 2015,,,,,,,,,,,,,,,,,,RR4T4502015
,wp-rr4t4502016,Beta RR 4T 430 2016,,,,,,,,,,,,,,,,,,RR4T4502016
,wp-rr4t4802015,Beta RR 4T 480 2015,,,,,,,,,,,,,,,,,,RR4T4802015
,wp-rr4t4802016,Beta RR 4T 480 2016,,,,,,,,,,,,,,,,,,RR4T4802016
,wp-rr4t4802018,$M-BETARR4T4802018,,,,,,,,,,,,,,,,,,RR4T4802018
,wp-rr4t4802019,Beta RR 4T 480 2019,,,,,,,,,,,,,,,,,,RR4T4802019
,wp-s1000r2021,BMW S 1000 R 2021,,,,,,,,,,,,,,,,,,S1000R2021
,wp-s1000r2022,BMW S 1000 R 2022,,,,,,,,,,,,,,,,,,S1000R2022
,wp-s1000r2024,BMW S 1000 R 2024,,,,,,,,,,,,,,,,,,S1000R2024
,wp-s1000rr2011,BMW S 1000 RR 2011,,,,,,,,,,,,,,,,,,S1000RR2011
,wp-s1000rr2012,BMW S 1000 RR 2012,,,,,,,,,,,,,,,,,,S1000RR2012
,wp-s1000rr2013,BMW S 1000 RR 2013,,,,,,,,,,,,,,,,,,S1000RR2013
,wp-s1000rr2014,BMW S 1000 RR 2014,,,,,,,,,,,,,,,,,,S1000RR2014
,wp-s1000rr2015,BMW S 1000 RR 2015,,,,,,,,,,,,,,,,,,S1000RR2015
,wp-s1000rr2016,BMW S 1000 RR 2016,,,,,,,,,,,,,,,,,,S1000RR2016
,wp-s1000rr2017,BMW S 1000 RR 2017,,,,,,,,,,,,,,,,,,S1000RR2017
,wp-s1000rr2018,BMW S 1000 RR 2018,,,,,,,,,,,,,,,,,,S1000RR2018
,wp-s1000rr2019,BMW S 1000 RR 2019,,,,,,,,,,,,,,,,,,S1000RR2019
,wp-s1000rr2020,BMW S 1000 RR 2020,,,,,,,,,,,,,,,,,,S1000RR2020
,wp-s1000rr2021,BMW S 1000 RR 2021,,,,,,,,,,,,,,,,,,S1000RR2021
,wp-s1000rr2022,BMW S 1000 RR 2022,,,,,,,,,,,,,,,,,,S1000RR2022
,wp-s1000rr2024,BMW S 1000 RR 2024,,,,,,,,,,,,,,,,,,S1000RR2024
,wp-svartpilen1252021,Svartpilen 125 2021,"{""HUSQVARNA"":{""SVARTPILEN 125"":[""2021""]}}",2021,HUSQVARNA,SVARTPILEN 125,,,,HUSQVARNA — 2021-2021,,,,,,,,,,F1003U5
,wp-svartpilen1252023,Svartpilen 125 2023,"{""HUSQVARNA"":{""SVARTPILEN 125"":[""2023""]}}",2023,HUSQVARNA,SVARTPILEN 125,,,,HUSQVARNA — 2023-2023,,,,,,,,,,F1003W5
,wp-svartpilen2002021,Svartpilen 200 2021,"{""HUSQVARNA"":{""SVARTPILEN 200"":[""2021""]}}",2021,HUSQVARNA,SVARTPILEN 200,,,,HUSQVARNA — 2021-2021,,,,,,,,,,F1103U5
,wp-svartpilen2002023,Svartpilen 200 2023,"{""HUSQVARNA"":{""SVARTPILEN 200"":[""2023""]}}",2023,HUSQVARNA,SVARTPILEN 200,,,,HUSQVARNA — 2023-2023,,,,,,,,,,F1103W5
,wp-svartpilen2502021,Svartpilen 250 2021,"{""HUSQVARNA"":{""SVARTPILEN 250"":[""2021""]}}",2021,HUSQVARNA,SVARTPILEN 250,,,,HUSQVARNA — 2021-2021,,,,,,,,,,F1203U5
,wp-svartpilen2502023,Svartpilen 250 2023,"{""HUSQVARNA"":{""SVARTPILEN 250"":[""2023""]}}",2023,HUSQVARNA,SVARTPILEN 250,,,,HUSQVARNA — 2023-2023,,,,,,,,,,F1203W5
,wp-svartpilen4012021,Svartpilen 401 2021,"{""HUSQVARNA"":{""SVARTPILEN 401"":[""2021""]}}",2021,HUSQVARNA,SVARTPILEN 401,,,,HUSQVARNA — 2021-2021,,,,,,,,,,F1303U5
,wp-svartpilen4012023,Svartpilen 401 2023,"{""HUSQVARNA"":{""SVARTPILEN 401"":[""2023""]}}",2023,HUSQVARNA,SVARTPILEN 401,,,,HUSQVARNA — 2023-2023,,,,,,,,,,F1303W5
,wp-te1252015,TE 125 2015,"{""HUSQVARNA"":{""TE 125"":[""2015""]}}",2015,HUSQVARNA,TE 125,,,,HUSQVARNA — 2015-2015,,,,,,,,,,F2103O8
,wp-te1252016,TE 125 2016,"{""HUSQVARNA"":{""TE 125"":[""2016""]}}",2016,HUSQVARNA,TE 125,,,,HUSQVARNA — 2016-2016,,,,,,,,,,F2103P8
,wp-te1502023,TE 150 2023,"{""HUSQVARNA"":{""TE 150"":[""2023""]}}",2023,HUSQVARNA,TE 150,,,,HUSQVARNA — 2023-2023,,,,,,,,,,F2103W9
,wp-te150i2020,TE 150i 2020,"{""HUSQVARNA"":{""TE 150I"":[""2020""]}}",2020,HUSQVARNA,TE 150I,,,,HUSQVARNA — 2020-2020,,,,,,,,,,F2103T9
,wp-te150i2021,TE 150i 2021,"{""HUSQVARNA"":{""TE 150I"":[""2021""]}}",2021,HUSQVARNA,TE 150I,,,,HUSQVARNA — 2021-2021,,,,,,,,,,F2103U9
,wp-te2502015,TE 250 2015,"{""HUSQVARNA"":{""TE 250"":[""2015""]}}",2015,HUSQVARNA,TE 250,,,,HUSQVARNA — 2015-2015,,,,,,,,,,F2303O8
,wp-te2502016,TE 250 2016,"{""HUSQVARNA"":{""TE 250"":[""2016""]}}",2016,HUSQVARNA,TE 250,,,,HUSQVARNA — 2016-2016,,,,,,,,,,F2303P8
,wp-te2502017,TE 250 2017,"{""HUSQVARNA"":{""TE 250"":[""2017""]}}",2017,HUSQVARNA,TE 250,,,,HUSQVARNA — 2017-2017,,,,,,,,,,F2303Q8
,wp-te2502018,TE 250 2018,"{""HUSQVARNA"":{""TE 250"":[""2018""]}}",2018,HUSQVARNA,TE 250,,,,HUSQVARNA — 2018-2018,,,,,,,,,,F2360R8
,wp-te2502019,TE 250 2019,"{""HUSQVARNA"":{""TE 250"":[""2019""]}}",2019,HUSQVARNA,TE 250,,,,HUSQVARNA — 2019-2019,,,,,,,,,,F2360S8
,wp-te2502023,TE 250 2023,"{""HUSQVARNA"":{""TE 250"":[""2023""]}}",2023,HUSQVARNA,TE 250,,,,HUSQVARNA — 2023-2023,,,,,,,,,,2387W7_CFMOTO
,wp-te250i2018,TE 250i 2018,"{""HUSQVARNA"":{""TE 250I"":[""2018""]}}",2018,HUSQVARNA,TE 250I,,,,HUSQVARNA — 2018-2018,,,,,,,,,,F2303R7
,wp-te250i2019,TE 250i 2019,"{""HUSQVARNA"":{""TE 250I"":[""2019""]}}",2019,HUSQVARNA,TE 250I,,,,HUSQVARNA — 2019-2019,,,,,,,,,,F2303S7
,wp-te250i2020,TE 250i 2020,"{""HUSQVARNA"":{""TE 250I"":[""2020""]}}",2020,HUSQVARNA,TE 250I,,,,HUSQVARNA — 2020-2020,,,,,,,,,,F2303T7
,wp-te250i2021,TE 250i 2021,"{""HUSQVARNA"":{""TE 250I"":[""2021""]}}",2021,HUSQVARNA,TE 250I,,,,HUSQVARNA — 2021-2021,,,,,,,,,,F2303U7
,wp-te3002015,TE 300 2015,"{""HUSQVARNA"":{""TE 300"":[""2015""]}}",2015,HUSQVARNA,TE 300,,,,HUSQVARNA — 2015-2015,,,,,,,,,,F2403O8
,wp-te3002016,TE 300 2016,"{""HUSQVARNA"":{""TE 300"":[""2016""]}}",2016,HUSQVARNA,TE 300,,,,HUSQVARNA — 2016-2016,,,,,,,,,,F2403P8
,wp-te3002017,TE 300 2017,"{""HUSQVARNA"":{""TE 300"":[""2017""]}}",2017,HUSQVARNA,TE 300,,,,HUSQVARNA — 2017-2017,,,,,,,,,,F2403Q8
,wp-te3002018,TE 300 2018,"{""HUSQVARNA"":{""TE 300"":[""2018""]}}",2018,HUSQVARNA,TE 300,,,,HUSQVARNA — 2018-2018,,,,,,,,,,F2460R8
,wp-te3002019,TE 300 2019,"{""HUSQVARNA"":{""TE 300"":[""2019""]}}",2019,HUSQVARNA,TE 300,,,,HUSQVARNA — 2019-2019,,,,,,,,,,F2460S8
,wp-te3002023,TE 300 2023,"{""HUSQVARNA"":{""TE 300"":[""2023""]}}",2023,HUSQVARNA,TE 300,,,,HUSQVARNA — 2023-2023,,,,,,,,,,F2403W7
,wp-te300i2019,TE 300i 2019,"{""HUSQVARNA"":{""TE 300I"":[""2019""]}}",2019,HUSQVARNA,TE 300I,,,,HUSQVARNA — 2019-2019,,,,,,,,,,F2403S7
,wp-te300i2020,TE 300i 2020,"{""HUSQVARNA"":{""TE 300I"":[""2020""]}}",2020,HUSQVARNA,TE 300I,,,,HUSQVARNA — 2020-2020,,,,,,,,,,F2403T7
,wp-te300i2021,TE 300i 2021,"{""HUSQVARNA"":{""TE 300I"":[""2021""]}}",2021,HUSQVARNA,TE 300I,,,,HUSQVARNA — 2021-2021,,,,,,,,,,F2403U7
,wp-te300ijarvisedition2021,TE 300i Rockstar Edition 2021,"{""HUSQVARNA"":{""TE 300I ROCKSTAR EDITION"":[""2021""]}}",2021,HUSQVARNA,TE 300I ROCKSTAR EDITION,,,,HUSQVARNA — 2021-2021,,,,,,,,,,F2403U8
,wp-tracer9002017,Yamaha Tracer 900 2017,,,,,,,,,,,,,,,,,,TRACER9002017
,wp-tracer9002018,Yamaha Tracer 900 2018,,,,,,,,,,,,,,,,,,TRACER9002018
,wp-tracer9002019,Yamaha Tracer 900 2019,,,,,,,,,,,,,,,,,,TRACER9002019
,wp-tracer9002020,Yamaha Tracer 900 2020,,,,,,,,,,,,,,,,,,TRACER9002020
,wp-tracer9002021,Yamaha Tracer 900 2021,,,,,,,,,,,,,,,,,,TRACER9002021
,wp-txtgp1252021,TXT GP 125 2021,"{""GASGAS"":{""TXT GP 125"":[""2021""]}}",2021,GASGAS,TXT GP 125,,,,GASGAS — 2021-2021,,,,,,,,,,F0103UK
,wp-txtgp2502021,TXT GP 250 2021,"{""GASGAS"":{""TXT GP 250"":[""2021""]}}",2021,GASGAS,TXT GP 250,,,,GASGAS — 2021-2021,,,,,,,,,,F0303UL
,wp-txtgp2802021,TXT GP 280 2021,"{""GASGAS"":{""TXT GP 280"":[""2021""]}}",2021,GASGAS,TXT GP 280,,,,GASGAS — 2021-2021,,,,,,,,,,F0303UM
,wp-txtgp3002021,TXT GP 300 2021,"{""GASGAS"":{""TXT GP 300"":[""2021""]}}",2021,GASGAS,TXT GP 300,,,,GASGAS — 2021-2021,,,,,,,,,,F0403UN
,wp-txtracing1252021,TXT RACING 125 2021,"{""GASGAS"":{""TXT RACING 125"":[""2021""]}}",2021,GASGAS,TXT RACING 125,,,,GASGAS — 2021-2021,,,,,,,,,,F0103UG
,wp-txtracing2502021,TXT RACING 250 2021,"{""GASGAS"":{""TXT RACING 250"":[""2021""]}}",2021,GASGAS,TXT RACING 250,,,,GASGAS — 2021-2021,,,,,,,,,,F0303UH
,wp-txtracing2802021,TXT RACING 280 2021,"{""GASGAS"":{""TXT RACING 280"":[""2021""]}}",2021,GASGAS,TXT RACING 280,,,,GASGAS — 2021-2021,,,,,,,,,,F0303UI
,wp-txtracing3002021,TXT RACING 300 2021,"{""GASGAS"":{""TXT RACING 300"":[""2021""]}}",2021,GASGAS,TXT RACING 300,,,,GASGAS — 2021-2021,,,,,,,,,,F0403UJ
,wp-vitpilen4012021,Vitpilen 401 2021,"{""HUSQVARNA"":{""VITPILEN 401"":[""2021""]}}",2021,HUSQVARNA,VITPILEN 401,,,,HUSQVARNA — 2021-2021,,,,,,,,,,F1303U1
,wp-vitpilen4012023,Vitpilen 401 2023,"{""HUSQVARNA"":{""VITPILEN 401"":[""2023""]}}",2023,HUSQVARNA,VITPILEN 401,,,,HUSQVARNA — 2023-2023,,,,,,,,,,F1303W1
,wp-vitpilen4012026,Vitpilen 401 2026,"{""HUSQVARNA"":{""VITPILEN 401"":[""2026""]}}",2026,HUSQVARNA,VITPILEN 401,,,,HUSQVARNA — 2026-2026,,,,,,,,,,F1302Z2
,wp-vitpilen8012026,Vitpilen 801 2026,"{""HUSQVARNA"":{""VITPILEN 801"":[""2026""]}}",2026,HUSQVARNA,VITPILEN 801,,,,HUSQVARNA — 2026-2026,,,,,,,,,,F2703Z1
,wp-xsr9002017,Yamaha XSR900 2017,,,,,,,,,,,,,,,,,,XSR9002017
,wp-xsr9002018,Yamaha XSR900 2018,,,,,,,,,,,,,,,,,,XSR9002018
,wp-xsr9002019,Yamaha XSR900 2019,,,,,,,,,,,,,,,,,,XSR9002019
,wp-xsr9002020,Yamaha XSR 900 2020,,,,,,,,,,,,,,,,,,XSR9002020
,wp-xsr9002021,Yamaha XSR 900 2021,,,,,,,,,,,,,,,,,,XSR9002021
,wp-yz1252014,Yamaha YZ125 2014,,,,,,,,,,,,,,,,,,YZ1252014
,wp-yz1252015,Yamaha YZ125 2015,,,,,,,,,,,,,,,,,,YZ1252015
,wp-yz1252016,Yamaha YZ125 2016,,,,,,,,,,,,,,,,,,YZ1252016
,wp-yz1252017,Yamaha YZ125 2017,,,,,,,,,,,,,,,,,,YZ1252017
,wp-yz1252018,$M-YZ1252018,,,,,,,,,,,,,,,,,,YZ1252018
,wp-yz1252019,Yamaha YZ 125 2019,,,,,,,,,,,,,,,,,,YZ1252019
,wp-yz1252020,Yamaha YZ 125 2020,,,,,,,,,,,,,,,,,,YZ1252020
,wp-yz1252021,Yamaha YZ 125 2021,,,,,,,,,,,,,,,,,,YZ1252021
,wp-yz2502016,Yamaha YZ 250 2016,,,,,,,,,,,,,,,,,,YZ2502016
,wp-yz2502018,$M-YZ2502018,,,,,,,,,,,,,,,,,,YZ2502018
,wp-yz2502019,Yamaha YZ 250 2019,,,,,,,,,,,,,,,,,,YZ2502019
,wp-yz2502020,Yamaha YZ 250 2020,,,,,,,,,,,,,,,,,,YZ2502020
,wp-yz2502021,Yamaha YZ 250 2021,,,,,,,,,,,,,,,,,,YZ2502021
,wp-yz250f2015,Yamaha YZ 250F 2015,,,,,,,,,,,,,,,,,,YZ250F2015
,wp-yz250f2016,Yamaha YZ 250F 2016,,,,,,,,,,,,,,,,,,YZ250F2016
,wp-yz250f2018,$M-YZF2502018,,,,,,,,,,,,,,,,,,YZ250F2018
,wp-yz250f2020,Yamaha YZ 250F 2020,,,,,,,,,,,,,,,,,,YZ250F2020
,wp-yz450f2020,Yamaha YZ 450F 2020,,,,,,,,,,,,,,,,,,YZ450F2020
,wp-yz450f2022,Yamaha YZ 450F 2022,,,,,,,,,,,,,,,,,,YZ450F2022
,wp-yzf2502014,Yamaha YZ 250 2014,,,,,,,,,,,,,,,,,,YZF2502014
,wp-yzf2502015,Yamaha YZ 250 2015,,,,,,,,,,,,,,,,,,YZF2502015
,wp-yzf2502017,Yamaha YZ 250F 2017,,,,,,,,,,,,,,,,,,YZF2502017
,wp-yzf2502019,Yamaha YZ 250F 2019,,,,,,,,,,,,,,,,,,YZF2502019
,wp-yzf4502015,Yamaha YZ 450F 2015,,,,,,,,,,,,,,,,,,YZF4502015
,wp-yzf4502016,Yamaha YZ 450F 2016,,,,,,,,,,,,,,,,,,YZF4502016
,wp-yzf4502017,Yamaha YZ 450F 2017,,,,,,,,,,,,,,,,,,YZF4502017
,wp-yzf4502018,Yamaha YZ 450F 2018,,,,,,,,,,,,,,,,,,YZF4502018
,wp-yzf4502019,Yamaha YZ 450F 2019,,,,,,,,,,,,,,,,,,YZF4502019
,wp-yzfr12012,Yamaha YZF-R1 2012,,,,,,,,,,,,,,,,,,YZFR12012
,wp-yzfr12013,Yamaha YZF-R1 2013,,,,,,,,,,,,,,,,,,YZFR12013
,wp-yzfr12014,Yamaha YZF-R1 2014,,,,,,,,,,,,,,,,,,YZFR12014
,wp-yzfr12015,Yamaha YZF-R1 2015,,,,,,,,,,,,,,,,,,YZFR12015
,wp-yzfr12016,Yamaha YZF-R1 2016,,,,,,,,,,,,,,,,,,YZFR12016
,wp-yzfr12017,Yamaha YZF-R1 2017,,,,,,,,,,,,,,,,,,YZFR12017
,wp-yzfr12018,Yamaha YZF-R1 2018,,,,,,,,,,,,,,,,,,YZFR12018
,wp-yzfr12019,Yamaha YZF-R1 2019,,,,,,,,,,,,,,,,,,YZFR12019
,wp-yzfr12020,Yamaha YZF-R1 2020,,,,,,,,,,,,,,,,,,YZFR12020
,wp-yzfr12021,Yamaha YZF-R1 2021,,,,,,,,,,,,,,,,,,YZFR12021
,wp-yzfr1m2015,Yamaha YZF-R1M 2015,,,,,,,,,,,,,,,,,,YZFR1M2015
,wp-yzfr1m2016,Yamaha YZF-R1M 2016,,,,,,,,,,,,,,,,,,YZFR1M2016
,wp-yzfr1m2017,Yamaha YZF-R1M 2017,,,,,,,,,,,,,,,,,,YZFR1M2017
,wp-yzfr1m2019,Yamaha YZF-R1M 2019,,,,,,,,,,,,,,,,,,YZFR1M2019
,wp-yzfr1m2020,Yamaha YZF-R1M 2020,,,,,,,,,,,,,,,,,,YZFR1M2020
,wp-yzfr1m2021,Yamaha YZF-R1M 2021,,,,,,,,,,,,,,,,,,YZFR1M2021
,wp-yzfr62012,Yamaha YZF-R6 2012,,,,,,,,,,,,,,,,,,YZFR62012
,wp-yzfr62013,Yamaha YZF-R6 2013,,,,,,,,,,,,,,,,,,YZFR62013
,wp-yzfr62014,Yamaha YZF-R6 2014,,,,,,,,,,,,,,,,,,YZFR62014
,wp-yzfr62015,Yamaha YZF-R6 2015,,,,,,,,,,,,,,,,,,YZFR62015
,wp-yzfr62016,Yamaha YZF-R6 2016,,,,,,,,,,,,,,,,,,YZFR62016
,wp-yzfr62017,Yamaha YZF-R6 2017,,,,,,,,,,,,,,,,,,YZFR62017
,wp-yzfr62018,Yamaha YZF-R6 2018,,,,,,,,,,,,,,,,,,YZFR62018
,wp-yzfr62019,Yamaha YZF-R6 2019,,,,,,,,,,,,,,,,,,YZFR62019
,wp-yzfr62020,Yamaha YZF-R6 2020,,,,,,,,,,,,,,,,,,YZFR62020
,wp-yzfr62021,Yamaha YZF-R6 2021,,,,,,,,,,,,,,,,,,YZFR62021
,wp-yzfr62022,Yamaha YZF-R 6 2022,,,,,,,,,,,,,,,,,,YZFR62022
,wp-zx10r2012,Kawasaki ZX-10R 2012,,,,,,,,,,,,,,,,,,ZX10R2012
,wp-zx10r2013,Kawasaki ZX-10R 2013,,,,,,,,,,,,,,,,,,ZX10R2013
,wp-zx10r2014,Kawasaki ZX-10R 2014,,,,,,,,,,,,,,,,,,ZX10R2014
,wp-zx10r2015,Kawasaki ZX-10R 2015,,,,,,,,,,,,,,,,,,ZX10R2015
,wp-zx10r2016,Kawasaki ZX-10R 2016,,,,,,,,,,,,,,,,,,ZX10R2016
,wp-zx10r2017,Kawasaki ZX-10R 2017,,,,,,,,,,,,,,,,,,ZX10R2017
,wp-zx10r2018,Kawasaki ZX-10R 2018,,,,,,,,,,,,,,,,,,ZX10R2018
,wp-zx10r2019,Kawasaki ZX-10R 2019,,,,,,,,,,,,,,,,,,ZX10R2019
,wp-zx10r2020,Kawasaki ZX-10R 2020,,,,,,,,,,,,,,,,,,ZX10R2020
,wp-zx10r2021,Kawasaki ZX-10R 2021,,,,,,,,,,,,,,,,,,ZX10R2021
,wp-zx10rr2017,Kawasaki ZX-10RR 2017,,,,,,,,,,,,,,,,,,ZX10RR2017
,wp-zx10rr2018,Kawasaki ZX-10R 2018,,,,,,,,,,,,,,,,,,ZX10RR2018
,wp-zx10rr2019,Kawasaki ZX-10RR 2019,,,,,,,,,,,,,,,,,,ZX10RR2019
,wp-zx10rr2020,Kawasaki ZX-10RR 2020,,,,,,,,,,,,,,,,,,ZX10RR2020
,wp-zx10rr2021,Kawasaki ZX-10RR 2021,,,,,,,,,,,,,,,,,,ZX10RR2021
,wp-zx6r2012,Kawasaki ZX-6R 2012,,,,,,,,,,,,,,,,,,ZX6R2012
,wp-zx6r2013,Kawasaki ZX-6R 2013,,,,,,,,,,,,,,,,,,ZX6R2013
,wp-zx6r2014,Kawasaki ZX-6R 2014,,,,,,,,,,,,,,,,,,ZX6R2014
,wp-zx6r2015,Kawasaki ZX-6R 2015,,,,,,,,,,,,,,,,,,ZX6R2015
,wp-zx6r2016,Kawasaki ZX-6R 2016,,,,,,,,,,,,,,,,,,ZX6R2016
,wp-zx6r2017,Kawasaki ZX-6R 2017,,,,,,,,,,,,,,,,,,ZX6R2017
,wp-zx6r2018,Kawasaki ZX-6R 2018,,,,,,,,,,,,,,,,,,ZX6R2018
,wp-zx6r2019,Kawasaki ZX-6R 2019,,,,,,,,,,,,,,,,,,ZX6R2019
,wp-zx6r2020,Kawasaki ZX-6R 2020,,,,,,,,,,,,,,,,,,ZX6R2020
,wp-zx6r2022,Kawasaki ZX-6R 2022,,,,,,,,,,,,,,,,,,ZX6R2022
9399619715402,wp-00010000356,Inner fork tube set,,,,,,,,,,,,,,,,,,00010000356
9399622500682,wp-00010000358,Inner fork tube set,,,,,,,,,,,,,,,,,,00010000358
9399624859978,wp-00010000362,Front brake conversion kit,,,,,,,,,,,,,,,,,,00010000362
9399618568522,wp-00010000413,Adjuster kit,,,,,,,,,,,,,,,,,,00010000413
9637535351114,wp-00010000415,Preload adjuster set,,,,,,,,,,,,,,,,,,00010000415
9637535547722,wp-00010000416,Preload adjuster set,,,,,,,,,,,,,,,,,,00010000416
9399618699594,wp-00010000420,Piston ring set,,,,,,,,,,,,,,,,,,00010000420
9399639834954,wp-00029016100,Combination tool,,,,,,,,,,,,,,,,,,00029016100
9399652614474,wp-00029090100,Sag scale,,,,,,,,,,,,,,,,,,00029090100
9399639703882,wp-00029090200,Sag scale,,,,,,,,,,,,,,,,,,00029090200
9399639245130,wp-00029920000c1,Chain gauge,,,,,,,,,,,,,,,,,,00029920000C1
9637543772490,wp-00029920100c1,Chain gauge,,,,,,,,,,,,,,,,,,00029920100C1
9399639179594,wp-00029996100,Torque wrench,,,,,,,,,,,,,,,,,,00029996100
9399614570826,wp-00050000929,Handlebar mount kit,,,,,,,,,,,,,,,,,,00050000929
9399654023498,wp-00062010051,Special grease AER Fork 50g,,,,,,,,,,,,,,,,,,00062010051
9399653892426,wp-00062010053,Special grease AER Fork,,,,,,,,,,,,,,,,,,00062010053
9399623090506,wp-0015080256s,Hexagonal bolt with external hexagon with collar M8x25,,,,,,,,,,,,,,,,,,0015080256S
15665041670474,wp-0025080256s,Hexagonal bolt with external hexagon with collar M8x25,,,,,,,,,,,,,,,,,,0025080256S
15665041768778,wp-0025080356,Hexagonal bolt with external hexagon with collar M8X35,,,,,,,,,,,,,,,,,,0025080356
15665041801546,wp-0025080406,Hexagonal bolt with external hexagon with collar M8X40 ISA 40,,,,,,,,,,,,,,,,,,0025080406
15665041899850,wp-0025080456,Hexagonal bolt with external hexagon with collar M8X45 TX40,,,,,,,,,,,,,,,,,,0025080456
15665041965386,wp-0025080506,Hexagonal bolt with external hexagon with collar,,,,,,,,,,,,,,,,,,0025080506
9399602118986,wp-0251l101u400220,AER Conversion kit,,,,,,,,,,,,,,,,,,0251L101U400220
9399611720010,wp-03180m01set,XACT PRO 7736 Shock absorber,,,,,,,,,,,,,,,,,,03180M01SET
9399611818314,wp-03180n02set,XACT PRO 7736 Shock absorber,,,,,,,,,,,,,,,,,,03180N02SET
9399600775498,wp-0472c104u203220,XACT PRO 7543 Spring fork,,,,,,,,,,,,,,,,,,0472C104U203220
9399601529162,wp-0472c404u311220,XACT PRO 8946 Shock absorber,,,,,,,,,,,,,,,,,,0472C404U311220
9400593613130,wp-0472c404u314220,XACT PRO 8946 Shock absorber,,,,,,,,,,,,,,,,,,0472C404U314220
9399610966346,wp-05060l01set,APEX PRO 7500 Cartridge,,,,,,,,,,,,,,,,,,05060L01SET
9399606346058,wp-05140l01set,APEX PRO 7500 Cartridge,,,,,,,,,,,,,,,,,,05140L01SET
9399607263562,wp-05140l02set,APEX PRO 7500 Cartridge,,,,,,,,,,,,,,,,,,05140L02SET
9399606280522,wp-05170l01set,APEX PRO 7500 Cartridge,,,,,,,,,,,,,,,,,,05170L01SET
9399607296330,wp-05170l02set,APEX PRO 7500 Cartridge,,,,,,,,,,,,,,,,,,05170L02SET
9399607394634,wp-05180l01set,APEX PRO 7500 Cartridge,,,,,,,,,,,,,,,,,,05180L01SET
9399609721162,wp-05182n02set,APEX PRO 6543 Spring fork,,,,,,,,,,,,,,,,,,05182N02SET
9399603855690,wp-05182o03set,XACT PRO 7543 Spring fork,,,,,,,,,,,,,,,,,,05182O03SET
9399606411594,wp-05182r10set,APEX PRO 6543 Spring fork,,,,,,,,,,,,,,,,,,05182R10SET
9399610999114,wp-05230l01set,APEX PRO 7500 Cartridge,,,,,,,,,,,,,,,,,,05230L01SET
9399611097418,wp-05230l02set,APEX PRO 7500 Cartridge,,,,,,,,,,,,,,,,,,05230L02SET
9399607460170,wp-05270l01set,APEX PRO 7500 Cartridge,,,,,,,,,,,,,,,,,,05270L01SET
9399639081290,wp-05992p01set,APEX PRO 7543 Spring fork,,,,,,,,,,,,,,,,,,05992P01SET
9399607787850,wp-05992p02set,APEX PRO 7543 Spring fork,,,,,,,,,,,,,,,,,,05992P02SET
9399607853386,wp-05992p03set,APEX PRO 7543 Spring fork,,,,,,,,,,,,,,,,,,05992P03SET
9399607918922,wp-05992p04set,APEX PRO 7543 Spring fork,,,,,,,,,,,,,,,,,,05992P04SET
9399609655626,wp-0617c101u402220,APEX PRO 7548 Spring fork,,,,,,,,,,,,,,,,,,0617C101U402220
9637536891210,wp-06992m01,Moto 3 Spring fork 2013,,,,,,,,,,,,,,,,,,06992M01
9399609885002,wp-06992m02,Moto 3 Spring fork 2013,,,,,,,,,,,,,,,,,,06992M02
9399608869194,wp-07182n02set,XACT PRO 7535 Spring fork,,,,,,,,,,,,,,,,,,07182N02SET
9399609950538,wp-0761c141v002220,XPLOR PRO 6500 Cartridge,,,,,,,,,,,,,,,,,,0761C141V002220
9399602151754,wp-0791l101u400220,AER Conversion kit,,,,,,,,,,,,,,,,,,0791L101U400220
9399610409290,wp-0797c167u002220,XPLOR PRO 6500 Cartridge,,,,,,,,,,,,,,,,,,0797C167U002220
8543683248458,wp-0900001601200,"Collar screw M16 x 1,5",,,,,,,,,,,,,,,,,,0900001601200
9400592925002,wp-0963c104w001220,APEX PRO 6500 Cartridge,,,,,,,,,,,,,,,,,,0963C104W001220
9400593711434,wp-0963c404w313220,APEX PRO 6746 Shock absorber,,,,,,,,,,,,,,,,,,0963C404W313220
9400592007498,wp-10150u07set,XACT PRO HUSQVARNA SUSPENSION SET,,,,,,,,,,,,,,,,,,10150U07SET
9400592171338,wp-10180t07set,XACT PRO MX SUSPENSION SET,,,,,,,,,,,,,,,,,,10180T07SET
9400592138570,wp-10180t67set,XPLOR PRO ENDURO SUSPENSION SET,,,,,,,,,,,,,,,,,,10180T67SET
9399664705866,wp-1086001,Tool panel,,,,,,,,,,,,,,,,,,1086001
9399664640330,wp-1086002,Tool panel,,,,,,,,,,,,,,,,,,1086002
9399617782090,wp-12000l03,Preload Adjuster Trax Link,,,,,,,,,,,,,,,,,,12000L03
9399617749322,wp-12000l04,Preload Adjuster OEM PDS,,,,,,,,,,,,,,,,,,12000L04
9399617716554,wp-12000l06,Preload Adjuster OEM PDS,,,,,,,,,,,,,,,,,,12000L06
9399617683786,wp-12000l07,Preload Adjuster Trax Link,,,,,,,,,,,,,,,,,,12000L07
9399628988746,wp-12000p01,Preload adjuster,,,,,,,,,,,,,,,,,,12000P01
9399617913162,wp-12000q04e,Preload Adjuster Trax PDS,,,,,,,,,,,,,,,,,,12000Q04E
9399628923210,wp-12000q06e,Preload adjuster,,,,,,,,,,,,,,,,,,12000Q06E
9399604642122,wp-12180o0202set,XPLOR PRO 7746 Shock absorber,,,,,,,,,,,,,,,,,,12180O0202SET
9399612440906,wp-12180p6102set,XPLOR PRO 7746 Shock absorber,,,,,,,,,,,,,,,,,,12180P6102SET
9637536956746,wp-12180p6302set,XPLOR PRO 7746 Shock absorber,,,,,,,,,,,,,,,,,,12180P6302SET
9399612506442,wp-12180p6702set,XPLOR PRO 7746 Shock absorber,,,,,,,,,,,,,,,,,,12180P6702SET
9399604707658,wp-12180p6902set,XPLOR PRO 7746 Shock absorber,,,,,,,,,,,,,,,,,,12180P6902SET
9399611883850,wp-12180r04set,XACT PRO 7746 Shock absorber,,,,,,,,,,,,,,,,,,12180R04SET
9399611916618,wp-12180r6102set,XPLOR PRO 7746 Shock absorber,,,,,,,,,,,,,,,,,,12180R6102SET
9399611982154,wp-12180r6302set,XPLOR PRO 7746 Shock absorber,,,,,,,,,,,,,,,,,,12180R6302SET
9399612047690,wp-12180r6702set,XPLOR PRO 7746 Shock absorber,,,,,,,,,,,,,,,,,,12180R6702SET
9399612145994,wp-12180r6902set,XPLOR PRO 7746 Shock absorber,,,,,,,,,,,,,,,,,,12180R6902SET
9399611654474,wp-12180s08set,XPLOR PRO 6746 Shock absorber,,,,,,,,,,,,,,,,,,12180S08SET
9399611687242,wp-12180s10set,XPLOR PRO 6746 Shock absorber,,,,,,,,,,,,,,,,,,12180S10SET
9399601594698,wp-12180u67set,XPLOR PRO 8946 Shock absorber,,,,,,,,,,,,,,,,,,12180U67SET
9637535711562,wp-14142o01set,Cone Valve Spring fork Honda,,,,,,,,,,,,,,,,,,14142O01SET
9399604085066,wp-14142o02set,XACT PRO 7548 Spring fork,,,,,,,,,,,,,,,,,,14142O02SET
9637542297930,wp-14142p02set,XACT PRO 7548 Spring fork,,,,,,,,,,,,,,,,,,14142P02SET
9637542330698,wp-14142q01set,XACT PRO 7548 Spring fork,,,,,,,,,,,,,,,,,,14142Q01SET
9399603069258,wp-14142q02set,XACT PRO 7548 Spring fork,,,,,,,,,,,,,,,,,,14142Q02SET
9399603790154,wp-14142r01set,XACT PRO 7548 Spring fork,,,,,,,,,,,,,,,,,,14142R01SET
9637542363466,wp-14152o01set,XACT PRO 7548 Spring fork,,,,,,,,,,,,,,,,,,14152O01SET
9637542396234,wp-14152o03set,XPLOR PRO 7548 Spring fork,,,,,,,,,,,,,,,,,,14152O03SET
9399636656458,wp-14152t6770set,XPLOR PRO 7548 Spring fork,,,,,,,,,,,,,,,,,,14152T6770SET
9399608279370,wp-14152u07set,XACT PRO 7548 Spring fork,,,,,,,,,,,,,,,,,,14152U07SET
9637542429002,wp-14172o01set,XACT PRO 7548 Spring fork,,,,,,,,,,,,,,,,,,14172O01SET
9637542461770,wp-14172o02set,XACT PRO 7548 Spring fork,,,,,,,,,,,,,,,,,,14172O02SET
9637536399690,wp-14172p02set,XACT PRO 7548 Spring fork,,,,,,,,,,,,,,,,,,14172P02SET
9637536268618,wp-14172q01set,XACT PRO 7548 Spring fork,,,,,,,,,,,,,,,,,,14172Q01SET
9399609065802,wp-14172q02set,XACT PRO 7548 Spring fork,,,,,,,,,,,,,,,,,,14172Q02SET
9399609000266,wp-14172s02set,XACT PRO 7548 Spring fork,,,,,,,,,,,,,,,,,,14172S02SET
9637542494538,wp-14182n09set,XPLOR PRO 7548 Spring fork,,,,,,,,,,,,,,,,,,14182N09SET
9637542527306,wp-14182o01set,XACT PRO 7548 Spring fork,,,,,,,,,,,,,,,,,,14182O01SET
9637542592842,wp-14182o03set,XPLOR PRO 7548 Spring fork,,,,,,,,,,,,,,,,,,14182O03SET
9637542625610,wp-14182o07set,XPLOR PRO 7548 Spring fork,,,,,,,,,,,,,,,,,,14182O07SET
9637536432458,wp-14182p01set,XACT PRO 7548 Spring fork,,,,,,,,,,,,,,,,,,14182P01SET
9637536465226,wp-14182p03set,XACT PRO 7548 Spring fork,,,,,,,,,,,,,,,,,,14182P03SET
9637542658378,wp-14182p05set,XACT PRO 7548 Spring fork,,,,,,,,,,,,,,,,,,14182P05SET
9637542691146,wp-14182p07set,XACT PRO 7548 Spring fork,,,,,,,,,,,,,,,,,,14182P07SET
9637542723914,wp-14182p09set,XACT PRO 7548 Spring fork,,,,,,,,,,,,,,,,,,14182P09SET
9637536497994,wp-14182p61set,XPLOR PRO 7548 Spring fork,,,,,,,,,,,,,,,,,,14182P61SET
9637536563530,wp-14182p63set,XPLOR PRO 7548 Spring fork,,,,,,,,,,,,,,,,,,14182P63SET
9637542822218,wp-14182p69set,XPLOR PRO 7548 Spring fork,,,,,,,,,,,,,,,,,,14182P69SET
9637542854986,wp-14182q61set,XPLOR PRO 7548 Spring fork,,,,,,,,,,,,,,,,,,14182Q61SET
9637542920522,wp-14182q63set,XPLOR PRO 7548 Spring fork,,,,,,,,,,,,,,,,,,14182Q63SET
9637536334154,wp-14182q67set,XPLOR PRO 7548 Spring fork,,,,,,,,,,,,,,,,,,14182Q67SET
9637542953290,wp-14182q69set,XPLOR PRO 7548 Spring fork,,,,,,,,,,,,,,,,,,14182Q69SET
9399608672586,wp-14182s08set,XPLOR PRO 7548 Spring fork,,,,,,,,,,,,,,,,,,14182S08SET
9399608738122,wp-14182s10set,XPLOR PRO 7548 Spring fork,,,,,,,,,,,,,,,,,,14182S10SET
9399635149130,wp-14182t0170set,XACT PRO 7548 Spring fork,,,,,,,,,,,,,,,,,,14182T0170SET
9399635312970,wp-14182t0570set,XACT PRO 7548 Spring fork,,,,,,,,,,,,,,,,,,14182T0570SET
9399635476810,wp-14182t0580set,XACT PRO 7548 Spring fork,,,,,,,,,,,,,,,,,,14182T0580SET
9399635575114,wp-14182t0590set,XACT PRO 7548 Spring fork,,,,,,,,,,,,,,,,,,14182T0590SET
9399635673418,wp-14182t0790set,XACT PRO 7548 Spring fork,,,,,,,,,,,,,,,,,,14182T0790SET
9399602020682,wp-14182t07set,XACT PRO 7548 Spring fork,,,,,,,,,,,,,,,,,,14182T07SET
9399636001098,wp-14182t5780set,XACT PRO 7548 Spring fork,,,,,,,,,,,,,,,,,,14182T5780SET
9399636230474,wp-14182t5990set,XACT PRO 7548 Spring fork,,,,,,,,,,,,,,,,,,14182T5990SET
9637541937482,wp-14182t6790set,XPLOR PRO 7548 Spring fork,,,,,,,,,,,,,,,,,,14182T6790SET
9399608639818,wp-14182t67set,XPLOR PRO 7548 Spring fork,,,,,,,,,,,,,,,,,,14182T67SET
9637535809866,wp-14232o01set,Cone Valve Spring fork Suzuki,,,,,,,,,,,,,,,,,,14232O01SET
9637543051594,wp-14232o02set,XACT PRO 7548 Spring fork,,,,,,,,,,,,,,,,,,14232O02SET
9637535842634,wp-14232p01set,Cone Valve Spring fork Suzuki,,,,,,,,,,,,,,,,,,14232P01SET
9637543149898,wp-14232q01set,XACT PRO 7548 Spring fork,,,,,,,,,,,,,,,,,,14232Q01SET
9637543182666,wp-14232q02set,XACT PRO 7548 Spring fork,,,,,,,,,,,,,,,,,,14232Q02SET
9399609327946,wp-14232r02set,XACT PRO 7548 Spring fork,,,,,,,,,,,,,,,,,,14232R02SET
9637535908170,wp-14272o01set,Cone Valve Spring fork Yamaha,,,,,,,,,,,,,,,,,,14272O01SET
9637543215434,wp-14272o02set,XACT PRO 7548 Spring fork,,,,,,,,,,,,,,,,,,14272O02SET
9637543248202,wp-14272p02set,XACT PRO 7548 Spring fork,,,,,,,,,,,,,,,,,,14272P02SET
9637543313738,wp-14272p03set,XACT PRO 7548 Spring fork,,,,,,,,,,,,,,,,,,14272P03SET
9399609426250,wp-14272p04set,XACT PRO 7548 Spring fork,,,,,,,,,,,,,,,,,,14272P04SET
9637543379274,wp-14272q01set,XACT PRO 7548  Spring fork,,,,,,,,,,,,,,,,,,14272Q01SET
9399629021514,wp-14272q02set,XACT PRO 7548  Spring fork,,,,,,,,,,,,,,,,,,14272Q02SET
9399609557322,wp-14272r02set,XACT PRO 7548 Spring fork,,,,,,,,,,,,,,,,,,14272R02SET
9637536629066,wp-14442o01set,XPLOR PRO 7548 Spring fork,,,,,,,,,,,,,,,,,,14442O01SET
9637543412042,wp-14442o02set,XPLOR PRO 7548 Spring fork,,,,,,,,,,,,,,,,,,14442O02SET
9399622271306,wp-14460107,"O-Ring 10x1,5 NBR70",,,,,,,,,,,,,,,,,,14460107
9637536694602,wp-14522o01set,XPLOR PRO 7548 Spring fork,,,,,,,,,,,,,,,,,,14522O01SET
9399624892746,wp-15000d07,Preload Adjuster,,,,,,,,,,,,,,,,,,15000D07
9399617651018,wp-15000m02s1,Preload Adjuster Cup Shock RC390,,,,,,,,,,,,,,,,,,15000M02S1
9399617618250,wp-15004t01,Preload Adjuster,,,,,,,,,,,,,,,,,,15004T01
9399607198026,wp-15060o0102set,APEX PRO 7746 Shock absorber,,,,,,,,,,,,,,,,,,15060O0102SET
9399601693002,wp-15060t11set,APEX PRO 7746 Shock absorber,,,,,,,,,,,,,,,,,,15060T11SET
9399613030730,wp-15067k0402set,APEX PRO 7746 Shock absorber,,,,,,,,,,,,,,,,,,15067K0402SET
9399613063498,wp-15067l0302set,APEX PRO 7746 Shock absorber,,,,,,,,,,,,,,,,,,15067L0302SET
9399613129034,wp-15097l0102set,APEX PRO 7746 Shock absorber,,,,,,,,,,,,,,,,,,15097L0102SET
9399607492938,wp-15147k2902set,APEX PRO 7746 Shock absorber,,,,,,,,,,,,,,,,,,15147K2902SET
9399606247754,wp-15147l2702set,APEX PRO 7746 Shock absorber,,,,,,,,,,,,,,,,,,15147L2702SET
9399613161802,wp-15147l2802set,APEX PRO 7746 Shock absorber,,,,,,,,,,,,,,,,,,15147L2802SET
9399607722314,wp-15147m01,Moto 3 Shock absorber Honda 2013,,,,,,,,,,,,,,,,,,15147M01
9399606182218,wp-15170p02set,APEX PRO 7746 Shock absorber,,,,,,,,,,,,,,,,,,15170P02SET
9399607591242,wp-15177l2302set,APEX PRO 7746 Shock absorber,,,,,,,,,,,,,,,,,,15177L2302SET
9399613194570,wp-15177l2402set,APEX PRO 7746 Shock absorber,,,,,,,,,,,,,,,,,,15177L2402SET
9399613292874,wp-15180n01set,APEX PRO 7746 Shock absorber,,,,,,,,,,,,,,,,,,15180N01SET
9637537186122,wp-15180o02set,APEX PRO 6746 Shock absorber,,,,,,,,,,,,,,,,,,15180O02SET
9399603691850,wp-15180o03set,XACT PRO 7746 Shock absorber,,,,,,,,,,,,,,,,,,15180O03SET
9399606509898,wp-15180r10set,APEX PRO 6746 Shock absorber,,,,,,,,,,,,,,,,,,15180R10SET
9399613718858,wp-15180r8102set,APEX PRO 6746 Shock absorber,,,,,,,,,,,,,,,,,,15180R8102SET
9399613653322,wp-15180r81set,APEX PRO 6746 Shock absorber,,,,,,,,,,,,,,,,,,15180R81SET
9399602479434,wp-15180t01set,APEX PRO 7746 Shock absorber,,,,,,,,,,,,,,,,,,15180T01SET
9399602381130,wp-15180t91set,APEX PRO 7746 Shock absorber,,,,,,,,,,,,,,,,,,15180T91SET
9399630365002,wp-15187l0102set,APEX PRO 7746 Shock absorber,,,,,,,,,,,,,,,,,,15187L0102SET
9399607656778,wp-15187m5002,Moto 3 Shock absorber KTM 2013,,,,,,,,,,,,,,,,,,15187M5002
9399613358410,wp-15230q11set,APEX PRO 7746 Shock absorber,,,,,,,,,,,,,,,,,,15230Q11SET
9399613391178,wp-15237l2302set,APEX PRO 7746 Shock absorber,,,,,,,,,,,,,,,,,,15237L2302SET
9399613456714,wp-15237l2402set,APEX PRO 7746 Shock absorber,,,,,,,,,,,,,,,,,,15237L2402SET
9399613522250,wp-15237l2502set,APEX PRO 7746 Shock absorber,,,,,,,,,,,,,,,,,,15237L2502SET
9399606051146,wp-15270o0202set,APEX PRO 7746 Shock absorber,,,,,,,,,,,,,,,,,,15270O0202SET
9399601889610,wp-15270q61set,APEX PRO 7746 Shock absorber,,,,,,,,,,,,,,,,,,15270Q61SET
9399605330250,wp-15270q81set,APEX PRO 6746 Shock absorber,,,,,,,,,,,,,,,,,,15270Q81SET
9399605985610,wp-15277l1602set,APEX PRO 7746 Shock absorber,,,,,,,,,,,,,,,,,,15277L1602SET
9399607624010,wp-15277l1702set,APEX PRO 7746 Shock absorber,,,,,,,,,,,,,,,,,,15277L1702SET
9399613555018,wp-15287l3102set,APEX PRO 7746 Shock absorber,,,,,,,,,,,,,,,,,,15287L3102SET
9399614767434,wp-16061t11set,APEX PRO 7117 Steering damper,,,,,,,,,,,,,,,,,,16061T11SET
9399614865738,wp-16141m01s,APEX PRO 7115 Steering damper,,,,,,,,,,,,,,,,,,16141M01S
9399607066954,wp-16181l01s2,APEX PRO 7115 Steering damper,,,,,,,,,,,,,,,,,,16181L01S2
9399630889290,wp-16181m50s,APEX PRO 7115 Steering damper,,,,,,,,,,,,,,,,,,16181M50S
9400593973578,wp-16181t01e,APEX PRO 7117 Steering damper kit,,,,,,,,,,,,,,,,,,16181T01E
9637537284426,wp-16231q11set,APEX PRO 7115 Steering damper,,,,,,,,,,,,,,,,,,16231Q11SET
9399606935882,wp-16271o11set,APEX PRO 7115 Steering damper,,,,,,,,,,,,,,,,,,16271O11SET
9399606706506,wp-16271q61set,APEX PRO 7115 Steering damper,,,,,,,,,,,,,,,,,,16271Q61SET
9637536006474,wp-18140o01set,XACT PRO 7750 Shock absorber,,,,,,,,,,,,,,,,,,18140O01SET
9637536104778,wp-18140o02set,XACT PRO 7750 Shock absorber,,,,,,,,,,,,,,,,,,18140O02SET
9399604773194,wp-18140p02set,XACT PRO 7750 Shock absorber,,,,,,,,,,,,,,,,,,18140P02SET
9399604871498,wp-18140q01set,XACT PRO 7750 Shock absorber,,,,,,,,,,,,,,,,,,18140Q01SET
9399602905418,wp-18140q02set,XACT PRO 7750 Shock absorber,,,,,,,,,,,,,,,,,,18140Q02SET
9399603626314,wp-18140r01set,XACT PRO 7750 Shock absorber,,,,,,,,,,,,,,,,,,18140R01SET
9399604216138,wp-18150o0102set,XACT PRO 7750 Shock absorber,,,,,,,,,,,,,,,,,,18150O0102SET
9399612866890,wp-18150o0202set,XACT PRO 7750 Shock absorber,,,,,,,,,,,,,,,,,,18150O0202SET
9399604576586,wp-18150o0302set,XPLOR PRO 7750 Shock absorber,,,,,,,,,,,,,,,,,,18150O0302SET
9399612408138,wp-18150p6102set,XPLOR PRO 7750 Shock absorber,,,,,,,,,,,,,,,,,,18150P6102SET
9399612539210,wp-18150p6302set,XPLOR PRO 7750 Shock absorber,,,,,,,,,,,,,,,,,,18150P6302SET
9399612571978,wp-18150p6702set,XPLOR PRO 7750 Shock absorber,,,,,,,,,,,,,,,,,,18150P6702SET
9399612604746,wp-18150p6902set,XPLOR PRO 7750 Shock absorber,,,,,,,,,,,,,,,,,,18150P6902SET
9637536989514,wp-18150q6102set,XPLOR PRO 7750 Shock absorber,,,,,,,,,,,,,,,,,,18150Q6102SET
9637536301386,wp-18150q6302set,XPLOR PRO 7750 Shock absorber,,,,,,,,,,,,,,,,,,18150Q6302SET
9637536170314,wp-18150q6702set,XPLOR PRO 7750 Shock absorber,,,,,,,,,,,,,,,,,,18150Q6702SET
9637536203082,wp-18150q6902set,XPLOR PRO 7750 Shock absorber,,,,,,,,,,,,,,,,,,18150Q6902SET
9399611588938,wp-18150t67set,XPLOR PRO 8950 Shock absorber,,,,,,,,,,,,,,,,,,18150T67SET
9399601791306,wp-18150u07set,XACT PRO 8950 Shock absorber,,,,,,,,,,,,,,,,,,18150U07SET
9399604904266,wp-18170o01set,XACT PRO 7750 Shock absorber,,,,,,,,,,,,,,,,,,18170O01SET
9399604937034,wp-18170o02set,XACT PRO 7750 Shock absorber,,,,,,,,,,,,,,,,,,18170O02SET
9399603593546,wp-18170p02set,XACT PRO 7750 Shock absorber,,,,,,,,,,,,,,,,,,18170P02SET
9399603528010,wp-18170q01set,XACT PRO 7750 Shock absorber,,,,,,,,,,,,,,,,,,18170Q01SET
9399603888458,wp-18170q02set,XACT PRO 7750 Shock absorber,,,,,,,,,,,,,,,,,,18170Q02SET
9399603429706,wp-18170s02set,XACT PRO 7750 Shock absorber,,,,,,,,,,,,,,,,,,18170S02SET
9399604314442,wp-18180o0102set,XACT PRO 7750 Shock absorber,,,,,,,,,,,,,,,,,,18180O0102SET
9399604379978,wp-18180o0202set,XACT PRO 7750 Shock absorber,,,,,,,,,,,,,,,,,,18180O0202SET
9399604445514,wp-18180o0302set,XACT PRO 7750 Shock absorber,,,,,,,,,,,,,,,,,,18180O0302SET
9399604511050,wp-18180o0402set,XACT PRO 7750 Shock absorber,,,,,,,,,,,,,,,,,,18180O0402SET
9637536137546,wp-18180p0102set,XACT PRO 7750 Shock absorber,,,,,,,,,,,,,,,,,,18180P0102SET
9399612375370,wp-18180p0302set,XACT PRO 7750 Shock absorber,,,,,,,,,,,,,,,,,,18180P0302SET
9637537087818,wp-18180p0502set,XACT PRO 7750 Shock absorber,,,,,,,,,,,,,,,,,,18180P0502SET
9637536235850,wp-18180p0702set,XACT PRO 7750 Shock absorber,,,,,,,,,,,,,,,,,,18180P0702SET
9399603822922,wp-18180p0902set,XACT PRO 7750 Shock absorber,,,,,,,,,,,,,,,,,,18180P0902SET
9637537120586,wp-18180q0302set,XACT PRO 7750 Shock absorber,,,,,,,,,,,,,,,,,,18180Q0302SET
9399601824074,wp-18180t07set,XACT PRO 8950 Shock absorber,,,,,,,,,,,,,,,,,,18180T07SET
9399629349194,wp-18180t5370set,XACT PRO 8950 Shock absorber,,,,,,,,,,,,,,,,,,18180T5370SET
9399629316426,wp-18180t5380set,XACT PRO 8950 Shock absorber,,,,,,,,,,,,,,,,,,18180T5380SET
9399629283658,wp-18180t5390set,XACT PRO 8950 Shock absorber,,,,,,,,,,,,,,,,,,18180T5390SET
9399630168394,wp-18230o01set,XACT PRO 7750 Shock absorber,,,,,,,,,,,,,,,,,,18230O01SET
9399605002570,wp-18230o02set,XACT PRO 7750 Shock absorber,,,,,,,,,,,,,,,,,,18230O02SET
9399630201162,wp-18230p01set,XACT PRO 7750 Shock absorber,,,,,,,,,,,,,,,,,,18230P01SET
9399603921226,wp-18230q01set,XACT PRO 7750 Shock absorber,,,,,,,,,,,,,,,,,,18230Q01SET
9399605035338,wp-18230q02set,XACT PRO 7750 Shock absorber,,,,,,,,,,,,,,,,,,18230Q02SET
9399612309834,wp-18230r02set,XACT PRO 7750 Shock absorber,,,,,,,,,,,,,,,,,,18230R02SET
9637536039242,wp-18270o01set,XACT PRO 7750 Shock absorber,,,,,,,,,,,,,,,,,,18270O01SET
9399605133642,wp-18270o02set,XACT PRO 7750 Shock absorber,,,,,,,,,,,,,,,,,,18270O02SET
9399612670282,wp-18270p02set,XACT PRO 7750 Shock absorber,,,,,,,,,,,,,,,,,,18270P02SET
9399612703050,wp-18270p03set,XACT PRO 7750 Shock absorber,,,,,,,,,,,,,,,,,,18270P03SET
9399612768586,wp-18270p04set,XACT PRO 7750 Shock absorber,,,,,,,,,,,,,,,,,,18270P04SET
9399603298634,wp-18270q01set,XACT PRO 7750 Shock absorber,,,,,,,,,,,,,,,,,,18270Q01SET
9399603986762,wp-18270q02set,XACT PRO 7750 Shock absorber,,,,,,,,,,,,,,,,,,18270Q02SET
9399612277066,wp-18270r02set,XACT PRO 7750 Shock absorber,,,,,,,,,,,,,,,,,,18270R02SET
9399604019530,wp-18440o01set,XPLOR PRO 7750 Shock absorber,,,,,,,,,,,,,,,,,,18440O01SET
9399603200330,wp-18440o02set,XPLOR PRO 7750 Shock absorber,,,,,,,,,,,,,,,,,,18440O02SET
9399604052298,wp-18520o01set,XPLOR PRO 7750 Shock absorber,,,,,,,,,,,,,,,,,,18520O01SET
9399645372746,wp-20170043int,GROUP Ball Pen,,,,,,,,,,,,,,,,,,20170043INT
15665042882890,wp-20210006de,Dakar Book,,,,,,,,,,,,,,,,,,20210006DE
9399644553546,wp-20220020int,PMAG Lanyard,,,,,,,,,,,,,,,,,,20220020INT
9399644389706,wp-20230007int,PMAG Document Folder Premium,,,,,,,,,,,,,,,,,,20230007INT
9399644356938,wp-20230008int,PMAG Notepad A4,,,,,,,,,,,,,,,,,,20230008INT
9399644324170,wp-20230009int,PMAG Notebook Premium,,,,,,,,,,,,,,,,,,20230009INT
9399644520778,wp-20230012int,PMAG Notepad A5,,,,,,,,,,,,,,,,,,20230012INT
9399644488010,wp-20230013int,PMAG Greeting Card,,,,,,,,,,,,,,,,,,20230013INT
9399615291722,wp-22101999088c1a,Factory triple clamp,,,,,,,,,,,,,,,,,,22101999088C1A
9399616143690,wp-22112955044,Lowering kit,,,,,,,,,,,,,,,,,,22112955044
9399664804170,wp-2286007,WP header,,,,,,,,,,,,,,,,,,2286007
9399664869706,wp-2286008,WP header,,,,,,,,,,,,,,,,,,2286008
9399619354954,wp-25001939500,Progressive handlebar damping system (PHDS),,,,,,,,,,,,,,,,,,25001939500
9399617421642,wp-27004905000,Preload adjuster,,,,,,,,,,,,,,,,,,27004905000
9399616569674,wp-28012955044,Lowering kit,,,,,,,,,,,,,,,,,,28012955044
15665043046730,wp-28112955044,Lowering kit,,,,,,,,,,,,,,,,,,28112955044
9399616635210,wp-28512955044,Lowering kit,,,,,,,,,,,,,,,,,,28512955044
,wp-300sef-rfactory15,$M-300SEF-RFACTORY15,,,,,,,,,,,,,,,,,,300SEF-RFACTORY15
,wp-300sef-rfactory16,$M-300SEF-RFACTORY16,,,,,,,,,,,,,,,,,,300SEF-RFACTORY16
9399647863114,wp-318216,Tent Frame 3 x 3m,,,,,,,,,,,,,,,,,,318216
9399647994186,wp-3210589,Tent Frame 6 x 3m,,,,,,,,,,,,,,,,,,3210589
9399664542026,wp-3287001,Clamp,,,,,,,,,,,,,,,,,,3287001
9399664443722,wp-3287002,Clamp,,,,,,,,,,,,,,,,,,3287002
9399664378186,wp-3287003,Clamp,,,,,,,,,,,,,,,,,,3287003
9399664345418,wp-3287004,Hook,,,,,,,,,,,,,,,,,,3287004
9399664312650,wp-3287005,Hook,,,,,,,,,,,,,,,,,,3287005
9399664279882,wp-3287006,Hook,,,,,,,,,,,,,,,,,,3287006
9399664247114,wp-3287007,Hook,,,,,,,,,,,,,,,,,,3287007
9399664214346,wp-3287008,Hook,,,,,,,,,,,,,,,,,,3287008
9399664148810,wp-3287009,Hook,,,,,,,,,,,,,,,,,,3287009
9399664083274,wp-3287010,Hook,,,,,,,,,,,,,,,,,,3287010
9399664017738,wp-3287011,Magnet holder,,,,,,,,,,,,,,,,,,3287011
9399663984970,wp-3287012,Metal box,,,,,,,,,,,,,,,,,,3287012
9399663853898,wp-3287013,Clamp,,,,,,,,,,,,,,,,,,3287013
9399663788362,wp-3287014,Hook,,,,,,,,,,,,,,,,,,3287014
9399663755594,wp-3287015,Hook,,,,,,,,,,,,,,,,,,3287015
9399663722826,wp-3287016,Metal box,,,,,,,,,,,,,,,,,,3287016
9399663591754,wp-3287017,Hook,,,,,,,,,,,,,,,,,,3287017
9399663558986,wp-3287018,Hook,,,,,,,,,,,,,,,,,,3287018
9637543444810,wp-34182q01set,XACT PRO 7448 Airfork,,,,,,,,,,,,,,,,,,34182Q01SET
9637536792906,wp-34182q03set,XACT PRO 7448 Airfork,,,,,,,,,,,,,,,,,,34182Q03SET
9637543477578,wp-34182q05set,XACT PRO 7448 Airfork,,,,,,,,,,,,,,,,,,34182Q05SET
9637543510346,wp-34182q07set,XACT PRO 7448 Airfork,,,,,,,,,,,,,,,,,,34182Q07SET
9637536825674,wp-34182q09set,XACT PRO 7448 Airfork,,,,,,,,,,,,,,,,,,34182Q09SET
9399601955146,wp-34182t07set,XACT PRO 7448 Airfork,,,,,,,,,,,,,,,,,,34182T07SET
9399601103178,wp-34182u67set,XPLOR PRO 7448 Air spring fork,,,,,,,,,,,,,,,,,,34182U67SET
9399626858826,wp-36120060,"Dirt scraper 12,7X18X3-4,5",,,,,,,,,,,,,,,,,,36120060
9399644193098,wp-3wp21006230x,Mechanic Gloves,,,,,,,,,,,,,,,,,,3WP210062301
9399643996490,wp-3wp210062400,Curved Cap,,,,,,,,,,,,,,,,,,3WP210062400
9399643898186,wp-3wp210062500,Flat Cap,,,,,,,,,,,,,,,,,,3WP210062500
9399641768266,wp-3wp21006290x,Replica Team Polo Shirt,,,,,,,,,,,,,,,,,,3WP210062900
9399641702730,wp-3wp21006300x,Replica Team Shirt,,,,,,,,,,,,,,,,,,3WP210063000
9399642423626,wp-3wp21006310x,Replica Team Thin Sweater,,,,,,,,,,,,,,,,,,3WP210063100
9399643242826,wp-3wp21006330x,Replica Team Softshell Jacket,,,,,,,,,,,,,,,,,,3WP210063300
9399643144522,wp-3wp21006340x,Replica Team Hardshell Jacket,,,,,,,,,,,,,,,,,,3WP210063400
9399643078986,wp-3wp21006350x,Replica Team Winter Jacket,,,,,,,,,,,,,,,,,,3WP210063500
9637544198474,wp-3wp210077500,Renegade Backpack,,,,,,,,,,,,,,,,,,3WP210077500
9637543870794,wp-3wp210077600,Travel Bag 9800,,,,,,,,,,,,,,,,,,3WP210077600
9399641538890,wp-3wp21007860x,Replica Team Tee,,,,,,,,,,,,,,,,,,3WP210078600
9399641604426,wp-3wp21007870x,Replica Team Polo,,,,,,,,,,,,,,,,,,3WP210078700
9399641669962,wp-3wp21007880x,Replica Team Shirt,,,,,,,,,,,,,,,,,,3WP210078800
9399642161482,wp-3wp21007890x,Replica Team Thin Sweater,,,,,,,,,,,,,,,,,,3WP210078900
9399642325322,wp-3wp21007900x,Replica Team Zip Hoodie,,,,,,,,,,,,,,,,,,3WP210079000
9399642718538,wp-3wp21007910x,Replica Team Softshell Jacket,,,,,,,,,,,,,,,,,,3WP210079100
9399642882378,wp-3wp21007920x,Replica Team Hardshell Jacket,,,,,,,,,,,,,,,,,,3WP210079200
9399643013450,wp-3wp21007930x,Replica Team Winter Jacket,,,,,,,,,,,,,,,,,,3WP210079300
9399643537738,wp-3wp21007940x,Replica Team Shorts,,,,,,,,,,,,,,,,,,3WP210079400
9399643636042,wp-3wp21007950x,Replica Team Pants,,,,,,,,,,,,,,,,,,3WP210079500
9399641375050,wp-3wp21008030x,Mechanic Gloves,,,,,,,,,,,,,,,,,,3WP210080301
15665043276106,wp-3wp220067000,Lanyard,,,,,,,,,,,,,,,,,,3WP220067000
9399641211210,wp-3wp220067100,Buff,,,,,,,,,,,,,,,,,,3WP220067100
9399641243978,wp-3wp240040300,Replica Team Rev Backpack,,,,,,,,,,,,,,,,,,3WP240040300
9399641342282,wp-3wp240040400,Replica Team Travel Bag 9800,,,,,,,,,,,,,,,,,,3WP240040400
9399641112906,wp-3wp240040500,Replica Team Flat Cap,,,,,,,,,,,,,,,,,,3WP240040500
9399641178442,wp-3wp240040600,Replica Team Curved Cap,,,,,,,,,,,,,,,,,,3WP240040600
9399640424778,wp-3wp24004070x,Replica Team Tee,,,,,,,,,,,,,,,,,,3WP240040700
9399640490314,wp-3wp24004080x,Replica Team Polo,,,,,,,,,,,,,,,,,,3WP240040800
9399641440586,wp-3wp24004090x,Replica Team Halfzip Sweater,,,,,,,,,,,,,,,,,,3WP240040900
9399640686922,wp-3wp24004100x,Replica Team Softshell Jacket,,,,,,,,,,,,,,,,,,3WP240041000
9399640785226,wp-3wp24004110x,Replica Team Hardshell Jacket,,,,,,,,,,,,,,,,,,3WP240041100
9399640883530,wp-3wp24004120x,Replica Team Winter Jacket,,,,,,,,,,,,,,,,,,3WP240041200
9399640981834,wp-3wp24004130x,Replica Team Shorts,,,,,,,,,,,,,,,,,,3WP240041301
9399641080138,wp-3wp24004140x,Replica Team Pants,,,,,,,,,,,,,,,,,,3WP240041401
9399641506122,wp-3wp24004150x,Replica Team Zip Hoodie,,,,,,,,,,,,,,,,,,3WP240041500
9399640555850,wp-3wp24004160x,Women Replica Team Tee,,,,,,,,,,,,,,,,,,3WP240041601
9399664607562,wp-4086602,WP label kit,,,,,,,,,,,,,,,,,,4086602
9399608770890,wp-43182r04set,XACT PRO 7443 Airfork,,,,,,,,,,,,,,,,,,43182R04SET
9399622304074,wp-43570397,"O-Ring 8x1,5 NBR70",,,,,,,,,,,,,,,,,,43570397
9399628169546,wp-43570874,"Preload bush 12,5x18x27",,,,,,,,,,,,,,,,,,43570874
9399625679178,wp-45201034022,Triple clamp,,,,,,,,,,,,,,,,,,45201034022
9399617290570,wp-45304905000,Preload adjuster,,,,,,,,,,,,,,,,,,45304905000
9399616405834,wp-45412955044s,Lowering kit,,,,,,,,,,,,,,,,,,45412955044S
15665043439946,wp-45412955144s,Lowering kit,,,,,,,,,,,,,,,,,,45412955144S
9399622533450,wp-46001086000,"Protection ring 20,1x39x5",,,,,,,,,,,,,,,,,,46001086000
9399625744714,wp-46201032022,Triple clamp,,,,,,,,,,,,,,,,,,46201032022
9399615947082,wp-46301996100,Factory start device,,,,,,,,,,,,,,,,,,46301996100
9399617225034,wp-46304905000,Preload adjuster,,,,,,,,,,,,,,,,,,46304905000
9399615881546,wp-47201996100faa,Factory start device,,,,,,,,,,,,,,,,,,47201996100FAA
9399615390026,wp-47201999014c1a,Factory triple clamp,,,,,,,,,,,,,,,,,,47201999014C1A
9399622336842,wp-48600044,"O-ring 6x1,5 NBR70",,,,,,,,,,,,,,,,,,48600044
9399631970634,wp-48600074s9,Preload adjuster set,,,,,,,,,,,,,,,,,,48600074S9
9399620862282,wp-48600494s,Front Fork Fluid SAE 5,,,,,,,,,,,,,,,,,,48600494S
9399620731210,wp-48600495s,Front Fork Fluid SAE 7.5,,,,,,,,,,,,,,,,,,48600495S
9399620665674,wp-48600496s,Front Fork Fluid SAE 10,,,,,,,,,,,,,,,,,,48600496S
9399620632906,wp-48600497s,Front Fork Fluid SAE 15,,,,,,,,,,,,,,,,,,48600497S
9399620567370,wp-48600498s,Front Fork Fluid SAE 20,,,,,,,,,,,,,,,,,,48600498S
9399616012618,wp-48601164,Factory start device Cone Valve,,,,,,,,,,,,,,,,,,48601164
9399620960586,wp-48601166s1,FRONT FORK FLUID SAE 4 5L,,,,,,,,,,,,,,,,,,48601166S1
9637535973706,wp-48601166s2,Front Fork Fluid SAE 4 10L,,,,,,,,,,,,,,,,,,48601166S2
9399620927818,wp-48601166s4,Front Fork Fluid SAE 4 200L,,,,,,,,,,,,,,,,,,48601166S4
9637535678794,wp-48601167,Handlebar &quot;Fix System&quot;,,,,,,,,,,,,,,,,,,48601167
9399629414730,wp-48601172,Progressive handlebar damping system (PHDS),,,,,,,,,,,,,,,,,,48601172
9399628955978,wp-48601175,Factory start device,,,,,,,,,,,,,,,,,,48601175
9399605199178,wp-48601193,Factory triple clamp,,,,,,,,,,,,,,,,,,48601193
9399627317578,wp-48601194,Handlebar riser 3mm,,,,,,,,,,,,,,,,,,48601194
9399627448650,wp-48601195,Handlebar riser 6mm,,,,,,,,,,,,,,,,,,48601195
9399627514186,wp-48601196,Handlebar riser 10mm,,,,,,,,,,,,,,,,,,48601196
9637536366922,wp-48601441s,Race Performance Kit KTM/ Husqvarna,,,,,,,,,,,,,,,,,,48601441S
9399623319882,wp-48601494,Valve,,,,,,,,,,,,,,,,,,48601494
9399619387722,wp-48601627,Valve cap,,,,,,,,,,,,,,,,,,48601627
9399622664522,wp-49001081000,Tapered roller bearing,,,,,,,,,,,,,,,,,,49001081000
9399621026122,wp-50180751s1,SHOCK FLUID SAE 2.5 5L,,,,,,,,,,,,,,,,,,50180751S1
9399630758218,wp-50180751s2,Shock Fluid SAF 1579 10L,,,,,,,,,,,,,,,,,,50180751S2
9399620993354,wp-50180751s4,SHOCK FLUID SAE 2.5 205L,,,,,,,,,,,,,,,,,,50180751S4
9399623450954,wp-50181126,Bladderholder,,,,,,,,,,,,,,,,,,50181126
9399623516490,wp-50181170,Bladder,,,,,,,,,,,,,,,,,,50181170
9399623385418,wp-50181177,Snap ring,,,,,,,,,,,,,,,,,,50181177
9399623287114,wp-50181234,Bladder,,,,,,,,,,,,,,,,,,50181234
9399628661066,wp-50181235,Spring ring,,,,,,,,,,,,,,,,,,50181235
9399617159498,wp-50312955044,Lowering kit,,,,,,,,,,,,,,,,,,50312955044
9399646257482,wp-52000117,Track Tape,,,,,,,,,,,,,,,,,,52000117
9399623745866,wp-52000146,Sticker,,,,,,,,,,,,,,,,,,52000146
9399645471050,wp-52000182,Racing Umbrella,,,,,,,,,,,,,,,,,,52000182
9399645831498,wp-52000185,Sticker sheet,,,,,,,,,,,,,,,,,,52000185
9399602282826,wp-52000194,Service pit mat,,,,,,,,,,,,,,,,,,52000194
9399621976394,wp-52000312e,Sticker XACT LDS 80x29,,,,,,,,,,,,,,,,,,52000312E
15665043669322,wp-52000347,Sticker sheet,,,,,,,,,,,,,,,,,,52000347
9399610802506,wp-53182r81set,APEX PRO 6500 Cartridge,,,,,,,,,,,,,,,,,,53182R81SET
9399605363018,wp-53272q81set,APEX PRO 6500 Cartridge,,,,,,,,,,,,,,,,,,53272Q81SET
9399644225866,wp-54000235,Apron (one size),,,,,,,,,,,,,,,,,,54000235
9399644127562,wp-54000237,Baseball Cap (one size),,,,,,,,,,,,,,,,,,54000237
9399644029258,wp-54000238,Flexfit Cap (one size),,,,,,,,,,,,,,,,,,54000238
9399645634890,wp-54000240,USB Stick 8GB,,,,,,,,,,,,,,,,,,54000240
9399624597834,wp-54801036000,Steering head screw,,,,,,,,,,,,,,,,,,54801036000
9399623188810,wp-54801036100,Collar screw,,,,,,,,,,,,,,,,,,54801036100
9399606640970,wp-55062o01set,APEX PRO 7500 Cartridge,,,,,,,,,,,,,,,,,,55062O01SET
9399602184522,wp-55062t11set,APEX PRO 7500 Cartridge,,,,,,,,,,,,,,,,,,55062T11SET
9399605920074,wp-55172p02set,APEX PRO 7500 Cartridge,,,,,,,,,,,,,,,,,,55172P02SET
9399610900810,wp-55182n01set,APEX PRO 7500 Cartridge,,,,,,,,,,,,,,,,,,55182N01SET
9399610474826,wp-55182p01,XACT PRO 7500 Cartridge,,,,,,,,,,,,,,,,,,55182P01
9399610507594,wp-55182p05,XACT PRO 7500 Cartridge,,,,,,,,,,,,,,,,,,55182P05
9399610540362,wp-55182p07,XACT PRO 7500 Cartridge,,,,,,,,,,,,,,,,,,55182P07
9399610573130,wp-55182p09,XACT PRO 7500 Cartridge,,,,,,,,,,,,,,,,,,55182P09
9399602774346,wp-55182t01set,APEX PRO 7500 Cartridge,,,,,,,,,,,,,,,,,,55182T01SET
9399602643274,wp-55182t91set,APEX PRO 7500 Cartridge,,,,,,,,,,,,,,,,,,55182T91SET
9399605821770,wp-55232q11set,APEX PRO 7500 Cartridge,,,,,,,,,,,,,,,,,,55232Q11SET
9399605723466,wp-55232q12set,APEX PRO 7500 Cartridge,,,,,,,,,,,,,,,,,,55232Q12SET
9399605625162,wp-55272o02set,APEX PRO 7500 Cartridge,,,,,,,,,,,,,,,,,,55272O02SET
9399605559626,wp-55272o03set,APEX PRO 7500 Cartridge,,,,,,,,,,,,,,,,,,55272O03SET
9399602839882,wp-55272q61set,APEX PRO 7500 Cartridge,,,,,,,,,,,,,,,,,,55272Q61SET
9399652778314,wp-58310025000,Wheel alignment gauge,,,,,,,,,,,,,,,,,,58310025000
9400594170186,wp-58310025100,Wheel alignment gauge,,,,,,,,,,,,,,,,,,58310025100
9399618896202,wp-60812905044,Steering damper kit,,,,,,,,,,,,,,,,,,60812905044
15665043898698,wp-6170891000001a,Fender,,,,,,,,,,,,,,,,,,6170891000001A
9399626400074,wp-63503223000c1,Side stand,,,,,,,,,,,,,,,,,,63503223000C1
9399616536906,wp-63512955044,Lowering kit,,,,,,,,,,,,,,,,,,63512955044
9399616176458,wp-63512955144,Lowering kit,,,,,,,,,,,,,,,,,,63512955144
9399616241994,wp-63512955544,Lowering kit,,,,,,,,,,,,,,,,,,63512955544
9399626334538,wp-63542203000,Brake line,,,,,,,,,,,,,,,,,,63542203000
9399624794442,wp-63601042000,Thrust washer,,,,,,,,,,,,,,,,,,63601042000
9399616373066,wp-63612955044,Lowering kit,,,,,,,,,,,,,,,,,,63612955044
9399615029578,wp-6410199914430b,Factory triple clamp,,,,,,,,,,,,,,,,,,6410199914430B
9399615324490,wp-6410199918830b,Factory triple clamp,,,,,,,,,,,,,,,,,,6410199918830B
9399616733514,wp-64112955044,Lowering kit,,,,,,,,,,,,,,,,,,64112955044
15665044062538,wp-70009082000,"Collar screw M20x1,5",,,,,,,,,,,,,,,,,,70009082000
9399616799050,wp-72112955044,Lowering kit,,,,,,,,,,,,,,,,,,72112955044
9399617126730,wp-72512955044,Lowering kit,,,,,,,,,,,,,,,,,,72512955044
15665044128074,wp-76012955033,Lowering kit,,,,,,,,,,,,,,,,,,76012955033
9399621484874,wp-76409071240c1,Spoke,,,,,,,,,,,,,,,,,,76409071240C1
9399614636362,wp-76512905000,Steering damper kit,,,,,,,,,,,,,,,,,,76512905000
15665044226378,wp-76912955044,Lowering kit,,,,,,,,,,,,,,,,,,76912955044
9399616504138,wp-76912955544,Lowering kit,,,,,,,,,,,,,,,,,,76912955544
9399622238538,wp-77012005050,Steering damper repair kit,,,,,,,,,,,,,,,,,,77012005050
9399613948234,wp-77012005144,Factory steering damper bracket,,,,,,,,,,,,,,,,,,77012005144
9399614144842,wp-77012005544,Factory steering damper bracket,,,,,,,,,,,,,,,,,,77012005544
9399614210378,wp-77012005644,PHDS bracket for Factory steering damper,,,,,,,,,,,,,,,,,,77012005644
9399621550410,wp-77109072000c1s,Spoke nipple,,,,,,,,,,,,,,,,,,77109072000C1S
9399621255498,wp-77110071193,Spoke,,,,,,,,,,,,,,,,,,77110071193
9399621321034,wp-7711007120530,Spoke,,,,,,,,,,,,,,,,,,7711007120530
9399614406986,wp-77212905444,Steering damper counter bearing,,,,,,,,,,,,,,,,,,77212905444
15665044390218,wp-77701084000,O-ring support with sealing lip,,,,,,,,,,,,,,,,,,77701084000
15665044488522,wp-777019390x0,Handlebar riser,,,,,,,,,,,,,,,,,,77701939010
9399639867722,wp-77719910100,C-Spanner,,,,,,,,,,,,,,,,,,77719910100
9399621222730,wp-78010070000c1,"Rim 2,5x18"" EXCEL",,,,,,,,,,,,,,,,,,78010070000C1
15665044914506,wp-78901939x44,Handlebar mount kit,,,,,,,,,,,,,,,,,,79701939044
9399619125578,wp-79001939500,Progressive handlebar damping system (PHDS),,,,,,,,,,,,,,,,,,79001939500
9399620436298,wp-79001940144,Handlebar mount bushing kit,,,,,,,,,,,,,,,,,,79001940144
9399618371914,wp-7900199400049,Fork protector kit,,,,,,,,,,,,,,,,,,7900199400049
9399614505290,wp-79012970100,Steering damper counter bearing,,,,,,,,,,,,,,,,,,79012970100
9399628759370,wp-79101900000,Bleeder valve,,,,,,,,,,,,,,,,,,79101900000
9399619518794,wp-79101900100,Bleeder valve,,,,,,,,,,,,,,,,,,79101900100
9399623254346,wp-79101933000,Steering stem,,,,,,,,,,,,,,,,,,79101933000
9399615521098,wp-79101999021c1a,Factory Racing triple clamp,,,,,,,,,,,,,,,,,,79101999021C1A
9399618437450,wp-79104983000,Shock absorber linkage protection,,,,,,,,,,,,,,,,,,79104983000
9399621419338,wp-7910907000030,"Rim 1,6x21"" EXCEL",,,,,,,,,,,,,,,,,,7910907000030
9399621288266,wp-7911007000030,"Rim 2,5x19"" EXCEL",,,,,,,,,,,,,,,,,,7911007000030
9399622828362,wp-79129955000bj,Bike stand,,,,,,,,,,,,,,,,,,79129955000BJ
15665044619594,wp-79129955000bjc,Bike stand,,,,,,,,,,,,,,,,,,79129955000BJC
15665044750666,wp-79129955014,Sticker kit,,,,,,,,,,,,,,,,,,79129955014
9399625253194,wp-79129955020c1,Top plate,,,,,,,,,,,,,,,,,,79129955020C1
9399625220426,wp-79129955030bj,Side part,,,,,,,,,,,,,,,,,,79129955030BJ
9399625023818,wp-7912995504001,Aluminum tube,,,,,,,,,,,,,,,,,,7912995504001
9399625122122,wp-79129955050ab,Sticker panel,,,,,,,,,,,,,,,,,,79129955050AB
9399617552714,wp-79401905000,Preload adjuster set,,,,,,,,,,,,,,,,,,79401905000
9399640162634,wp-79412966100,Fork airpump,,,,,,,,,,,,,,,,,,79412966100
9399617487178,wp-79601905000,Preload adjuster set,,,,,,,,,,,,,,,,,,79601905000
9399618502986,wp-79601994000,Fork shoe protection kit,,,,,,,,,,,,,,,,,,79601994000
9399616700746,wp-79612955144,Lowering kit,,,,,,,,,,,,,,,,,,79612955144
9399617061194,wp-79612955544,Lowering kit,,,,,,,,,,,,,,,,,,79612955544
9399639998794,wp-79619910000,C-Spanner,,,,,,,,,,,,,,,,,,79619910000
9399617454410,wp-79701905000,Preload adjuster set,,,,,,,,,,,,,,,,,,79701905000
9399615586634,wp-79701999021c1a,Factory Racing triple clamp,,,,,,,,,,,,,,,,,,79701999021C1A
15665044980042,wp-90212955044,Lowering kit,,,,,,,,,,,,,,,,,,90212955044
9399621615946,wp-910101xx,Shock spring,,,,,,,,,,,,,,,,,,91010046
9399628136778,wp-91010375,Mainspring (59) 85-170-170 damper,,,,,,,,,,,,,,,,,,91010375
9399626039626,wp-910103xx,Shock spring,,,,,,,,,,,,,,,,,,91010336
9399621747018,wp-9101040x,Shock spring,,,,,,,,,,,,,,,,,,91010401
9399625810250,wp-91010xxx,Shock spring,,,,,,,,,,,,,,,,,,91010407
9399621779786,wp-91010xxxs,Shock absorber spring,,,,,,,,,,,,,,,,,,91010080
9399621681482,wp-9121013x,Shock absorber spring,,,,,,,,,,,,,,,,,,91210126
9399628628298,wp-912101xx,Shock absorber spring,,,,,,,,,,,,,,,,,,91210100S
9399625351498,wp-9141012x,Fork spring,,,,,,,,,,,,,,,,,,91410124
9399626498378,wp-91410132,Fork spring set 4.4N/mm,,,,,,,,,,,,,,,,,,91410132
9399628366154,wp-91410133,Fork spring set hard 4.6N/mm,,,,,,,,,,,,,,,,,,91410133
9399628464458,wp-91410134,Fork spring set hard 4.8N/mm,,,,,,,,,,,,,,,,,,91410134
9399628071242,wp-91410139,"Mainspring (36,5) 5-8-320",,,,,,,,,,,,,,,,,,91410139
9399628267850,wp-91410140,Fork spring set soft 4.0N/mm,,,,,,,,,,,,,,,,,,91410140
9399628333386,wp-91410141,Fork spring set soft 4.2N/mm,,,,,,,,,,,,,,,,,,91410141
9399628562762,wp-914101xx,Fork spring set,,,,,,,,,,,,,,,,,,91410111
9399621878090,wp-914101xxs,Fork spring set,,,,,,,,,,,,,,,,,,91410149S
9399625941322,wp-91410xxxs,Fork spring set,,,,,,,,,,,,,,,,,,91410098S
9399625613642,wp-9301021xs,Shock absorber spring,,,,,,,,,,,,,,,,,,93010217S
9399616831818,wp-93012955044,Lowering kit,,,,,,,,,,,,,,,,,,93012955044
15665045176650,wp-93312955033,Lowering kit,,,,,,,,,,,,,,,,,,93312955033
9399616930122,wp-93312955044,Lowering Kit,,,,,,,,,,,,,,,,,,93312955044
9399625515338,wp-9501003xs,Fork spring set,,,,,,,,,,,,,,,,,,95010029S
9399624335690,wp-9501005xs,Fork spring set,,,,,,,,,,,,,,,,,,95010051S
9399621812554,wp-9501009xs,Fork spring set,,,,,,,,,,,,,,,,,,95010090S
9399624106314,wp-950100xxx,Fork spring set,,,,,,,,,,,,,,,,,,95010044S
9399616438602,wp-95812955044,Lowering kit,,,,,,,,,,,,,,,,,,95812955044
15665045307722,wp-96312955044,Lowering kit,,,,,,,,,,,,,,,,,,96312955044
9399626269002,wp-970100xx,Fork spring set,,,,,,,,,,,,,,,,,,97010031
,wp-9903j2_idm,1200 RC 8 R,,,,,,,,,,,,,,,,,,9903J2_IDM
9399608017226,wp-a360c101w403220,XACT PRO 7548 Spring fork,,,,,,,,,,,,,,,,,,A360C101W403220
9399610343754,wp-a360c107u002220,XACT PRO 6500 Cartridge,,,,,,,,,,,,,,,,,,A360C107U002220
9399608213834,wp-a360c109w403220,XACT PRO 7548 Spring fork,,,,,,,,,,,,,,,,,,A360C109W403220
9399611326794,wp-a360c401w411220,XACT PRO 8950 Shock absorber,,,,,,,,,,,,,,,,,,A360C401W411220
9399611490634,wp-a360c409w411220,XACT PRO 8950 Shock absorber,,,,,,,,,,,,,,,,,,A360C409W411220
9400592466250,wp-a390c167x403220,XPLOR PRO 7548 Spring Fork,,,,,,,,,,,,,,,,,,A390C167X403220
9400593416522,wp-a390c467x411220,XPLOR PRO 8950 Shock absorber,,,,,,,,,,,,,,,,,,A390C467X411220
9399599989066,wp-a40001999022c1a,Factory triple clamp,,,,,,,,,,,,,,,,,,A40001999022C1A
15665045504330,wp-a40012955044,Lowering kit,,,,,,,,,,,,,,,,,,A40012955044
15665045569866,wp-a40012955144,Lowering kit,,,,,,,,,,,,,,,,,,A40012955144
15665045635402,wp-a400c102z003220,XACT PRO 7500 Cartridge,,,,,,,,,,,,,,,,,,A400C102Z003220
9400593383754,wp-a400c402x113220,XACT PRO 6736 Shock absorber,,,,,,,,,,,,,,,,,,A400C402X113220
9399599956298,wp-a40501999022c1a,Factory triple clamp,,,,,,,,,,,,,,,,,,A40501999022C1A
15665045799242,wp-a405c103z003220,XACT PRO 7500 Cartridge,,,,,,,,,,,,,,,,,,A405C103Z003220
9400593350986,wp-a405c403x111220,XACT PRO 8936 Shock absorber,,,,,,,,,,,,,,,,,,A405C403X111220
15665045897546,wp-a405c403z111220,XACT PRO 8936 Shock absorber,,,,,,,,,,,,,,,,,,A405C403Z111220
9637535482186,wp-a41001999014c1a,Factory triple clamp,,,,,,,,,,,,,,,,,,A41001999014C1A
9400592695626,wp-a410c104y002220,XACT PRO 6500 Cartridge,,,,,,,,,,,,,,,,,,A410C104Y002220
15665045995850,wp-a410c104y203220,XACT PRO 7543 Spring fork,,,,,,,,,,,,,,,,,,A410C104Y203220
9400593252682,wp-a410c404y311220,XACT PRO 8946 Shock absorber,,,,,,,,,,,,,,,,,,A410C404Y311220
9399619060042,wp-a46001939500,Progressive handlebar damping system (PHDS),,,,,,,,,,,,,,,,,,A46001939500
9399618306378,wp-a46001995000,Fork protector,,,,,,,,,,,,,,,,,,A46001995000
9399618208074,wp-a46001996000,Fork protector,,,,,,,,,,,,,,,,,,A46001996000
9399615127882,wp-a46001999021c1a,Factory Racing triple clamp,,,,,,,,,,,,,,,,,,A46001999021C1A
9399613882698,wp-a46002922044,Steering damper kit,,,,,,,,,,,,,,,,,,A46002922044
9399618666826,wp-a46004925033,Adjuster rebound,,,,,,,,,,,,,,,,,,A46004925033
9399618634058,wp-a46004925066,Dual compression control adjuster,,,,,,,,,,,,,,,,,,A46004925066
9399618077002,wp-a46009901544c1a,Factory Racing front wheel 1.6x21&quot;,,,,,,,,,,,,,,,,,,A46009901544C1A
9399621517642,wp-a46009910044c1a,Front wheel hub,,,,,,,,,,,,,,,,,,A46009910044C1A
9399618044234,wp-a46010901544c1a,Factory Racing rear wheel 2.15x19&quot;,,,,,,,,,,,,,,,,,,A46010901544C1A
9399621353802,wp-a46010910044c1a,Rear wheel hub,,,,,,,,,,,,,,,,,,A46010910044C1A
9399600218442,wp-a46019909000,Spoke torque wrench,,,,,,,,,,,,,,,,,,A46019909000
9399608049994,wp-a460c101w403220,XACT PRO 7548 Spring fork,,,,,,,,,,,,,,,,,,A460C101W403220
9399610179914,wp-a460c107t002220,XACT PRO 6500 Cartridge,,,,,,,,,,,,,,,,,,A460C107T002220
9399610245450,wp-a460c107u002220,XACT PRO 6500 Cartridge,,,,,,,,,,,,,,,,,,A460C107U002220
9399608246602,wp-a460c109w403220,XACT PRO 7548 Spring fork,,,,,,,,,,,,,,,,,,A460C109W403220
9400619467082,wp-a460c199x400220,XACT PRO Cairoli Edition,,,,,,,,,,,,,,,,,,A460C199X400220
9399611392330,wp-a460c401w411220,XACT PRO 8950 Shock absorber,,,,,,,,,,,,,,,,,,A460C401W411220
9399611523402,wp-a460c409w411220,XACT PRO 8950 Shock absorber,,,,,,,,,,,,,,,,,,A460C409W411220
10218359193930,wp-a48009072000c1s,Spoke nipple,,,,,,,,,,,,,,,,,,A48009072000C1S
9399610638666,wp-a480c108w002220,XACT PRO 6500 Cartridge,,,,,,,,,,,,,,,,,,A480C108W002220
9399618142538,wp-a49001997000,Dirt scraper,,,,,,,,,,,,,,,,,,A49001997000
9399618011466,wp-a49010901544c1a,Factory Racing rear wheel 2.15x18&quot;,,,,,,,,,,,,,,,,,,A49010901544C1A
9637543805258,wp-a49012906000,Service pit mat,,,,,,,,,,,,,,,,,,A49012906000
9399600087370,wp-a49012955044,Lowering kit,,,,,,,,,,,,,,,,,,A49012955044
9399600054602,wp-a49012955544,Lowering kit,,,,,,,,,,,,,,,,,,A49012955544
15665046290762,wp-a49012955644,Lowering kit,,,,,,,,,,,,,,,,,,A49012955644
9400592826698,wp-a490c167x003220,XPLOR PRO 7500 Cartridge,,,,,,,,,,,,,,,,,,A490C167X003220
9400592302410,wp-a490c167x403220,XPLOR PRO 7548 Spring Fork,,,,,,,,,,,,,,,,,,A490C167X403220
9400593514826,wp-a490c467x311220,XPLOR PRO 8946 shock absorber,,,,,,,,,,,,,,,,,,A490C467X311220
9637535383882,wp-a490c467y311220,XPLOR PRO 8946 shock absorber,,,,,,,,,,,,,,,,,,A490C467Y311220
9399615750474,wp-a54001996000faa,Factory start device,,,,,,,,,,,,,,,,,,A54001996000FAA
9399615684938,wp-a54001996500faa,Factory start device,,,,,,,,,,,,,,,,,,A54001996500FAA
9399617388874,wp-a54004905000faa,Preload adjuster,,,,,,,,,,,,,,,,,,A54004905000FAA
9399617323338,wp-a54004905500faa,Preload adjuster,,,,,,,,,,,,,,,,,,A54004905500FAA
9399618830666,wp-a54007930000c1,Factory fuel cap vent,,,,,,,,,,,,,,,,,,A54007930000C1
9399614734666,wp-a54012905000faa,Factory steering damper,,,,,,,,,,,,,,,,,,A54012905000FAA
9399640260938,wp-a54012928000,Case,,,,,,,,,,,,,,,,,,A54012928000
9399639408970,wp-a54029935000c1,Mud removal tool,,,,,,,,,,,,,,,,,,A54029935000C1
9399639277898,wp-a54029963000,Measuring cup,,,,,,,,,,,,,,,,,,A54029963000
9399639343434,wp-a54029994000c1,Fork support,,,,,,,,,,,,,,,,,,A54029994000C1
9399639474506,wp-a54029994500,Fork seal doctor,,,,,,,,,,,,,,,,,,A54029994500
9400594006346,wp-a59012955544,Lowering kit,,,,,,,,,,,,,,,,,,A59012955544
15665046421834,wp-a601c142y001220,XPLOR PRO 6500 Cartridge,,,,,,,,,,,,,,,,,,A601C142Y001220
15665046487370,wp-a601c442y313220,XPLOR PRO 6746 Federbein,,,,,,,,,,,,,,,,,,A601C442Y313220
,wp-a606c141y401102,Fork 690 SMC R 2025,,,,,,,,,,,,,,,,,,A606C141Y401102
,wp-a606c410y313000,Shock absorber 690 Enduro R 2025,,,,,,,,,,,,,,,,,,A606C410Y313000
9399616078154,wp-a60712955044,Lowering kit,,,,,,,,,,,,,,,,,,A60712955044
9400592990538,wp-a607c126x001220,APEX PRO 6500 Cartridge,,,,,,,,,,,,,,,,,,A607C126X001220
9400592597322,wp-a607c249x100200,APEX PRO 7117 Steering damper kit,,,,,,,,,,,,,,,,,,A607C249X100200
9400593842506,wp-a607c426x313220,APEX PRO 6746 shock absorber,,,,,,,,,,,,,,,,,,A607C426X313220
9399600283978,wp-a610c155x403220,XPLOR PRO 7548 Spring fork,,,,,,,,,,,,,,,,,,A610C155X403220
9399611162954,wp-a610c455x305220,XPLOR PRO 6746 Shock absorber,,,,,,,,,,,,,,,,,,A610C455X305220
9400593088842,wp-a624c122x702220,APEX PRO 8500 Cartridge,,,,,,,,,,,,,,,,,,A624C122X702220
9400593908042,wp-a624c422x413220,APEX PRO 8750 shock absorber,,,,,,,,,,,,,,,,,,A624C422X413220
9637543739722,wp-a62612903010,Air compressor,,,,,,,,,,,,,,,,,,A62612903010
15665046847818,wp-a674c101y702220,APEX PRO 8500 Cartridge,,,,,,,,,,,,,,,,,,A674C101Y702220
15665046946122,wp-a674c401y413220,APEX PRO 8750 Shock absorber,,,,,,,,,,,,,,,,,,A674C401Y413220
15665047011658,wp-a67912955044,Lowering kit,,,,,,,,,,,,,,,,,,A67912955044
,wp-a681c422y413200,Shock absorber 1390 Super Duke RR 2025,,,,,,,,,,,,,,,,,,A681C422Y413200
,wp-a719c122y402200,Fork 1390 Super Duke RR Track 2025,,,,,,,,,,,,,,,,,,A719C122Y402200
15665047372106,wp-a719c122y402220,WP Apex Pro Fork,,,,,,,,,,,,,,,,,,A719C122Y402220
15665047437642,wp-a719c423y413220,WP Apex Pro Shock,,,,,,,,,,,,,,,,,,A719C423Y413220
9399646519626,wp-ag180001int,Tent Frame 3 x 3 m,,,,,,,,,,,,,,,,,,AG180001INT
9399646552394,wp-ag180002int,Tent Frame 6 x 3 m,,,,,,,,,,,,,,,,,,AG180002INT
9399646617930,wp-ag180003int,Rainwater Gutter Small,,,,,,,,,,,,,,,,,,AG180003INT
9399646683466,wp-ag180004int,Rainwater Gutter Big,,,,,,,,,,,,,,,,,,AG180004INT
9399646749002,wp-ag180005int,Tent Roof Interior 3 x 3 m,,,,,,,,,,,,,,,,,,AG180005INT
9399646847306,wp-ag180006int,Tent Roof Interior 6 x 3 m,,,,,,,,,,,,,,,,,,AG180006INT
9399647240522,wp-ag180007int,Ground Plate for Beachflag,,,,,,,,,,,,,,,,,,AG180007INT
9399647174986,wp-ag180008int,Ground Spike for Beachflag,,,,,,,,,,,,,,,,,,AG180008INT
9400592073034,wp-ap01c001u400set,XACT PRO KAWASAKI SUSPENSION SET,,,,,,,,,,,,,,,,,,AP01C001U400SET
9399600546122,wp-ap01c101u403220,XACT PRO 7548 Spring fork,,,,,,,,,,,,,,,,,,AP01C101U403220
9399601365322,wp-ap01c401u411220,XACT PRO 8950 Shock absorber,,,,,,,,,,,,,,,,,,AP01C401U411220
9399602610506,wp-ap06c100u001220,APEX PRO 6500 Cartridge,,,,,,,,,,,,,,,,,,AP06C100U001220
9399602512202,wp-ap06c100u001221,APEX PRO 6500 Cartridge,,,,,,,,,,,,,,,,,,AP06C100U001221
9399602315594,wp-ap06c400u313220,APEX PRO 6746 Shock absorber,,,,,,,,,,,,,,,,,,AP06C400U313220
9399610147146,wp-ap08c102v001220,XACT PRO 7500 Cartridge,,,,,,,,,,,,,,,,,,AP08C102V001220
9399610048842,wp-ap09c103v001220,XACT PRO 7500 Cartridge,,,,,,,,,,,,,,,,,,AP09C103V001220
9400592105802,wp-ap13c002v400set,XACT PRO HONDA SUSPENSION SET,,,,,,,,,,,,,,,,,,AP13C002V400SET
9399600447818,wp-ap13c102v403220,XACT PRO 7548 Spring fork,,,,,,,,,,,,,,,,,,AP13C102V403220
9399600382282,wp-ap13c402v411220,XACT PRO 8950 Shock absorber,,,,,,,,,,,,,,,,,,AP13C402V411220
,wp-f0003to,TXE 2020,,,,,,,,,,,,,,,,,,F0003TO
,wp-f0003uo,TXE 2021,,,,,,,,,,,,,,,,,,F0003UO
,wp-f5003ox,RC 125 2015,,,,,,,,,,,,,,,,,,F5003O1
,wp-f5003px,RC 125 2016,,,,,,,,,,,,,,,,,,F5003P1
,wp-f5003qx,RC 125 2017,,,,,,,,,,,,,,,,,,F5003Q1
,wp-f5303p1,RC 390 2016 (Euro 4),,,,,,,,,,,,,,,,,,F5303P1
,wp-f5303q1,RC 390 2017,,,,,,,,,,,,,,,,,,F5303Q1
,wp-f5399ox,RC 390 ADAC CUP 2015,,,,,,,,,,,,,,,,,,F5399O1
,wp-f5399p2,RC 390 2016,,,,,,,,,,,,,,,,,,F5399P2
,wp-f5399px,RC 390 CUP 2016,,,,,,,,,,,,,,,,,,F5399P1
,wp-f8199mx,RC 250 R 2013,,,,,,,,,,,,,,,,,,F8199M0
,wp-f8199n0,RC 250 R 2014,,,,,,,,,,,,,,,,,,F8199N0
,wp-f8199o0,RC 250 R 2015,,,,,,,,,,,,,,,,,,F8199O0
,wp-f8199p0,RC 250 R 2016,,,,,,,,,,,,,,,,,,F8199P0
,wp-f8199q0,RC 250 R 2017,,,,,,,,,,,,,,,,,,F8199Q0
,wp-f9299s9,Moto 3 2019,,,,,,,,,,,,,,,,,,F9299S9
,wp-f9599q1,Moto 2 2017,,,,,,,,,,,,,,,,,,F9599Q1
,wp-f9799w9,RC 8C 2023,,,,,,,,,,,,,,,,,,F9799W9
,wp-f9999q1,RC 16 2017,,,,,,,,,,,,,,,,,,F9999Q1
,wp-f9999r1,RC 16 2018,,,,,,,,,,,,,,,,,,F9999R1
,wp-f9999sx,RC16 2019,,,,,,,,,,,,,,,,,,F9999S1
9399627252042,wp-r12012,heim joint kit,,,,,,,,,,,,,,,,,,R12012
9399627841866,wp-r14042,fork repair kit,,,,,,,,,,,,,,,,,,R14042
9637535646026,wp-r14042t,Pilot bushing set,,,,,,,,,,,,,,,,,,R14042T
9399626957130,wp-r14046,Fork repair kit,,,,,,,,,,,,,,,,,,R14046
9399627120970,wp-r14047,fork repair kit,,,,,,,,,,,,,,,,,,R14047
9399625417034,wp-r14047t,Fork repair kit,,,,,,,,,,,,,,,,,,R14047T
15665047699786,wp-r14054t,Spacer kit,,,,,,,,,,,,,,,,,,R14054T
9399627776330,wp-r516,Fork repair kit,,,,,,,,,,,,,,,,,,R516
9357001457994,wp-r516t,Fork gasket kit 43 mm,,,,,,,,,,,,,,,,,,R516T
,wp-rc1252014,RC 125 2014,,,,,,,,,,,,,,,,,,F5003N1
,wp-rc1252018,RC 125 2018,,,,,,,,,,,,,,,,,,F5003R1
,wp-rc1252019,RC 125 2019,,,,,,,,,,,,,,,,,,F5003S1
,wp-rc1252020,RC 125 2020,,,,,,,,,,,,,,,,,,F5003T1
,wp-rc1252023,RC 125 2023,,,,,,,,,,,,,,,,,,F5003W1
,wp-rc2002014,RC 200 2014,,,,,,,,,,,,,,,,,,F5103N3
,wp-rc2002015,RC 200 2015,,,,,,,,,,,,,,,,,,F5103O1
,wp-rc2002018,RC 200 2018,,,,,,,,,,,,,,,,,,F5103R1
,wp-rc2002019,RC 200 2019,,,,,,,,,,,,,,,,,,F5103S1
,wp-rc2002020,RC 200 2020,,,,,,,,,,,,,,,,,,F5103T1
,wp-rc2002023,RC 200 2023,,,,,,,,,,,,,,,,,,F5103W1
,wp-rc2502018,RC 250 2018,,,,,,,,,,,,,,,,,,F5283R1
,wp-rc2502019,RC 250 2019,,,,,,,,,,,,,,,,,,F5203S1
,wp-rc2502020,RC 250 2020,,,,,,,,,,,,,,,,,,F5203T1
,wp-rc250rrookies,RC 250 R Rookies,,,,,,,,,,,,,,,,,,F8199N1
,wp-rc3902014,RC 390 2014,,,,,,,,,,,,,,,,,,F5303N1
,wp-rc3902015,RC 390 2015,,,,,,,,,,,,,,,,,,F5303O1
,wp-rc3902018,RC 390 2018,,,,,,,,,,,,,,,,,,F5303R1
,wp-rc3902019,RC 390 2019,,,,,,,,,,,,,,,,,,F5303S1
,wp-rc3902020,RC 390 2020,,,,,,,,,,,,,,,,,,F5303T1
,wp-rc3902021gen1,RC 390 2021,,,,,,,,,,,,,,,,,,F5341U1
,wp-rc3902023,RC 390 2023,,,,,,,,,,,,,,,,,,F5303W1
,wp-rc390r2018,RC 390 R 2018,,,,,,,,,,,,,,,,,,F5303R9
,wp-rc390r2019,RC 390 R 2019,,,,,,,,,,,,,,,,,,F5303S9
,wp-rc390r2020,RC 390 R 2020,,,,,,,,,,,,,,,,,,F5303T9
9399627874634,wp-rp10006,fork repair kit,,,,,,,,,,,,,,,,,,RP10006
9399627972938,wp-rp10007,fork repair kit,,,,,,,,,,,,,,,,,,RP10007
9399626760522,wp-rp10012,Fork repair kit,,,,,,,,,,,,,,,,,,RP10012
8753710924106,wp-rp10048t,Fork repair kit,,,,,,,,,,,,,,,,,,RP10048T
,wp-rr2t2502019-kopie,$M-BETARR2T2502019-KOPIE,,,,,,,,,,,,,,,,,,RR2T2502019-KOPIE
,wp-rr2t2502019-kopie-kopie,$M-BETARR2T3002019-KOPIE,,,,,,,,,,,,,,,,,,RR2T2502019-KOPIE-KOPIE
,wp-rr2t3002017,$M-RR2T3002017,,,,,,,,,,,,,,,,,,RR2T3002017
,wp-rr4t3502017,$M-RR4T3502017,,,,,,,,,,,,,,,,,,RR4T3502017
,wp-rr4t3502020,$M-BETARR4T3502019-KOPIE,,,,,,,,,,,,,,,,,,RR4T3502020
,wp-rr4t3902017,$M-RR4T3902017,,,,,,,,,,,,,,,,,,RR4T3902017
,wp-rr4t3902020,$M-BETARR4T3902019-KOPIE,,,,,,,,,,,,,,,,,,RR4T3902020
,wp-rr4t4302017,$M-RR4T4302017,,,,,,,,,,,,,,,,,,RR4T4302017
,wp-rr4t4302020,$M-BETARR4T4302019-KOPIE,,,,,,,,,,,,,,,,,,RR4T4302020
,wp-rr4t4802017,$M-RR4T4802017,,,,,,,,,,,,,,,,,,RR4T4802017
,wp-rr4t4802020,$M-BETARR4T4802019-KOPIE,,,,,,,,,,,,,,,,,,RR4T4802020
9399617192266,wp-s03852000300000,Preload adjuster,,,,,,,,,,,,,,,,,,S03852000300000
9399622041930,wp-s20920000200000,O-ring 64x3 HNBR70,,,,,,,,,,,,,,,,,,S20920000200000
9399622107466,wp-s23922000000000,Spring Ring 72.6x2,,,,,,,,,,,,,,,,,,S23922000000000
15665047994698,wp-s634820001s00fa,Protective ring kit,,,,,,,,,,,,,,,,,,S634820001S00FA
15665048125770,wp-s70872000200001,$M-S70872000200001,,,,,,,,,,,,,,,,,,S70872000200001
9399621124426,wp-s8098200170002x,SHOCK ABSORBER SPRING,,,,,,,,,,,,,,,,,,S80982001300020
15665048224074,wp-s80982002xs0020,SHOCK ABSORBER SPRING,,,,,,,,,,,,,,,,,,S809820030S0020
9399621189962,wp-s8098200410000x,FORK SPRING SET,,,,,,,,,,,,,,,,,,S80982004100000
15665048355146,wp-s80982004xs,Shock absorber spring,,,,,,,,,,,,,,,,,,S809820040S0020
9399621091658,wp-s809900036s0000,Fork spring set,,,,,,,,,,,,,,,,,,S809900036S0000
,wp-s809900047s0000,$M-S809900047S0000,,,,,,,,,,,,,,,,,,S809900047S0000
15665048650058,wp-s80992001x,FORK SPRING SET,,,,,,,,,,,,,,,,,,S809920013S0000
15665048781130,wp-s8198000x00028,Shock Absorber Spring,,,,,,,,,,,,,,,,,,S81980000800028
9399624433994,wp-s82882000100000,Spring retainer,,,,,,,,,,,,,,,,,,S82882000100000
15665048944970,wp-s82882000x000c1,spring retainer,,,,,,,,,,,,,,,,,,S828820002000C1
9399622402378,wp-s92082000100000,Loss protection,,,,,,,,,,,,,,,,,,S92082000100000
9399622173002,wp-s92922000000000,Bladder 68x63,,,,,,,,,,,,,,,,,,S92922000000000
9399615652170,wp-s998020012s0000,Factory start device XACT PRO 7543,,,,,,,,,,,,,,,,,,S998020012S0000
15665049076042,wp-s998020013s0000,$M-S998020013S0000,,,,,,,,,,,,,,,,,,S998020013S0000
15665049207114,wp-s99812001900000,Bracket,,,,,,,,,,,,,,,,,,S99812001900000
,wp-sm7002023,SM 700 2023,,,,,,,,,,,,,,,,,,F0503W3
9399627546954,wp-sxs05125203,Elastomer kit green/soft,,,,,,,,,,,,,,,,,,SXS05125203
9399627645258,wp-sxs05125204,Elastomer kit yellow/medium,,,,,,,,,,,,,,,,,,SXS05125204
9399627743562,wp-sxs05125205,Elastomer kit red/hard,,,,,,,,,,,,,,,,,,SXS05125205
9399619289418,wp-sxs07125200,Progressive handlebar damping system (PHDS),,,,,,,,,,,,,,,,,,SXS07125200
9399619158346,wp-sxs14125200,Progressive handlebar damping system (PHDS),,,,,,,,,,,,,,,,,,SXS14125200
9399648289098,wp-t01076,Filling adaptor,,,,,,,,,,,,,,,,,,T01076
9400595448138,wp-t01077,$M-T01077,,,,,,,,,,,,,,,,,,T01077
9399651926346,wp-t03032,$M-T03032,,,,,,,,,,,,,,,,,,T03032
9399651860810,wp-t03033,$M-T03033,,,,,,,,,,,,,,,,,,T03033
9399663231306,wp-t05047,Special wrench,,,,,,,,,,,,,,,,,,T05047
9400597643594,wp-t05048,Special wrench,,,,,,,,,,,,,,,,,,T05048
15665049403722,wp-t05049-00,$M-T05049,,,,,,,,,,,,,,,,,,T05049-00
15665049567562,wp-t05050-00,$M-T05050,,,,,,,,,,,,,,,,,,T05050-00
9399654547786,wp-t05051,$M-T05051,,,,,,,,,,,,,,,,,,T05051
9399654449482,wp-t05052s,$M-T05052S,,,,,,,,,,,,,,,,,,T05052S
9399656448330,wp-t05053,$M-T05053,,,,,,,,,,,,,,,,,,T05053
9399656382794,wp-t05054,$M-T05054,,,,,,,,,,,,,,,,,,T05054
9399653073226,wp-t05055,$M-T05055,,,,,,,,,,,,,,,,,,T05055
9399651828042,wp-t05056,$M-T05056,,,,,,,,,,,,,,,,,,T05056
9637544493386,wp-t07030,Socket,,,,,,,,,,,,,,,,,,T07030
9400615993674,wp-t07033,Mounting tool,,,,,,,,,,,,,,,,,,T07033
9399656579402,wp-t101s,Spring removal/fitting,,,,,,,,,,,,,,,,,,T101S
9399656644938,wp-t103,Pin wrench,,,,,,,,,,,,,,,,,,T103
9637544427850,wp-t104s,Clamping jaws,,,,,,,,,,,,,,,,,,T104S
9399662117194,wp-t106s,Hook wrench,,,,,,,,,,,,,,,,,,T106S
9399653826890,wp-t107s,Depth micrometer,,,,,,,,,,,,,,,,,,T107S
9399656841546,wp-t120,Drift,,,,,,,,,,,,,,,,,,T120
9399649337674,wp-t1201,Mounting sleeve,,,,,,,,,,,,,,,,,,T1201
9399654711626,wp-t1202s,Clamping stand,,,,,,,,,,,,,,,,,,T1202S
9400594792778,wp-t1205,Calibrating unit,,,,,,,,,,,,,,,,,,T1205
9399656907082,wp-t1206,Pressing tool,,,,,,,,,,,,,,,,,,T1206
9399656972618,wp-t1207s,Pressing tool,,,,,,,,,,,,,,,,,,T1207S
9399657038154,wp-t1208,Pressing tool,,,,,,,,,,,,,,,,,,T1208
7113470116021,wp-t1209,Guide bush removal/fitting tool,,,,,,,,,,,,,,,,,,T1209
9400594891082,wp-t1211,Clamping jaw D= 54,,,,,,,,,,,,,,,,,,T1211
9400595087690,wp-t12126s,Socket,,,,,,,,,,,,,,,,,,T12126S
9400597184842,wp-t12127,Socket,,,,,,,,,,,,,,,,,,T12127
9400597971274,wp-t12128,Filling adapter,,,,,,,,,,,,,,,,,,T12128
9399650681162,wp-t12131s,Mounting tool,,,,,,,,,,,,,,,,,,T12131S
9400594465098,wp-t12133,pressing tool,,,,,,,,,,,,,,,,,,T12133
9400595022154,wp-t12134,Adapter,,,,,,,,,,,,,,,,,,T12134
9400608620874,wp-t12139,Filling adapter,,,,,,,,,,,,,,,,,,T12139
9399657169226,wp-t1214,Centering sleeve,,,,,,,,,,,,,,,,,,T1214
15665049993546,wp-t12140s-00,$M-T12140S,,,,,,,,,,,,,,,,,,T12140S-00
9399659364682,wp-t12141,$M-T12141,,,,,,,,,,,,,,,,,,T12141
9400615534922,wp-t1216,Pressing tool,,,,,,,,,,,,,,,,,,T1216
9399650779466,wp-t1218,Pin wrench,,,,,,,,,,,,,,,,,,T1218
9400615895370,wp-t1238,Socket,,,,,,,,,,,,,,,,,,T1238
8775278887242,wp-t1240s,Vacuum pump,,,,,,,,,,,,,,,,,,T1240S
9399652057418,wp-t1245s,Filling adapter,,,,,,,,,,,,,,,,,,T1245S
9399649075530,wp-t1252,Dorn guide bush holder,,,,,,,,,,,,,,,,,,T1252
9399663493450,wp-t1255,Vacuum oil,,,,,,,,,,,,,,,,,,T1255
9399651008842,wp-t125s,Pin wrench,,,,,,,,,,,,,,,,,,T125S
9400597905738,wp-t1260s,External tank for Vacuum pump,,,,,,,,,,,,,,,,,,T1260S
9400597348682,wp-t1280,Trax key PDS2,,,,,,,,,,,,,,,,,,T1280
9400595906890,wp-t1281,Clamping jaw Trax PDS2,,,,,,,,,,,,,,,,,,T1281
9399662182730,wp-t1282,Trax Link key,,,,,,,,,,,,,,,,,,T1282
9399654777162,wp-t1283,Clamping jaw Trax 5018,,,,,,,,,,,,,,,,,,T1283
9399659626826,wp-t1285s,Mounting tool,,,,,,,,,,,,,,,,,,T1285S
9399649173834,wp-t1286s,Counter torque wrenche reservoir cap,,,,,,,,,,,,,,,,,,T1286S
9399648190794,wp-t1288,Steering piston holder,,,,,,,,,,,,,,,,,,T1288
9400596791626,wp-t1289,Inner tube mounting tool D=46,,,,,,,,,,,,,,,,,,T1289
9400615600458,wp-t129,Pressing tool,,,,,,,,,,,,,,,,,,T129
9400596955466,wp-t1290,Inner tube mounting tool D=43,,,,,,,,,,,,,,,,,,T1290
9399653663050,wp-t1291,Measuring instrument,,,,,,,,,,,,,,,,,,T1291
9399659757898,wp-t1292,Reservoir Adapter PDS/ Link,,,,,,,,,,,,,,,,,,T1292
9399649468746,wp-t1293,Springholder mounting tool Link,,,,,,,,,,,,,,,,,,T1293
9399653597514,wp-t1295,Calibration tool,,,,,,,,,,,,,,,,,,T1295
9399652548938,wp-t1296,Filling adapter,,,,,,,,,,,,,,,,,,T1296
9399648682314,wp-t1297,Weft thorn Trax,,,,,,,,,,,,,,,,,,T1297
9399653138762,wp-t1298,Positioning thorn Trax,,,,,,,,,,,,,,,,,,T1298
9399659921738,wp-t1299s,Socket,,,,,,,,,,,,,,,,,,T1299S
9399654908234,wp-t1300,Clamp for needle guiding Link,,,,,,,,,,,,,,,,,,T1300
9399655039306,wp-t1301,Clamp for needle guiding PDS,,,,,,,,,,,,,,,,,,T1301
9399662281034,wp-t1306,Preload key SW 41,,,,,,,,,,,,,,,,,,T1306
9399662379338,wp-t1307,Preload spanner SW 27,,,,,,,,,,,,,,,,,,T1307
9399657267530,wp-t1308,Reservoir Tool Link,,,,,,,,,,,,,,,,,,T1308
9399657431370,wp-t1309,Mounting sleeve,,,,,,,,,,,,,,,,,,T1309
9399656153418,wp-t131,Loctite 243 50ml,,,,,,,,,,,,,,,,,,T131
9399665295690,wp-t1317,Digital Air pump,,,,,,,,,,,,,,,,,,T1317
9399659987274,wp-t1318s,Socket,,,,,,,,,,,,,,,,,,T1318S
9399649567050,wp-t1319,Needle Adapter,,,,,,,,,,,,,,,,,,T1319
9399656251722,wp-t132,Loctite 2701 50ml,,,,,,,,,,,,,,,,,,T132
15665050485066,wp-t1320,Needle,,,,,,,,,,,,,,,,,,T1320
9399649272138,wp-t1321,Impact thorn Igus bush,,,,,,,,,,,,,,,,,,T1321
9399661789514,wp-t1323,Clamping bush,,,,,,,,,,,,,,,,,,T1323
9399661986122,wp-t1324,"Clamp bush D= 65,2",,,,,,,,,,,,,,,,,,T1324
9399648420170,wp-t137s,Air chamber bottle,,,,,,,,,,,,,,,,,,T137S
9399657529674,wp-t1401,Protecting sleeve,,,,,,,,,,,,,,,,,,T1401
9399628824906,wp-t14015,Clamping jaw Set Ø 27mm,,,,,,,,,,,,,,,,,,T14015
9399654646090,wp-t14015s,Clamping stand,,,,,,,,,,,,,,,,,,T14015S
9399665164618,wp-t14016,Clamping jaw Set Ø 12mm,,,,,,,,,,,,,,,,,,T14016
9399655137610,wp-t14016s,Clamping stand,,,,,,,,,,,,,,,,,,T14016S
9399662510410,wp-t14017,Ring wrench,,,,,,,,,,,,,,,,,,T14017
9399649698122,wp-t14018,Screw cap adaptor,,,,,,,,,,,,,,,,,,T14018
9399654383946,wp-t14020,Support tool,,,,,,,,,,,,,,,,,,T14020
9399649927498,wp-t14021,Calibrating unit,,,,,,,,,,,,,,,,,,T14021
9399653237066,wp-t14022b,Pressing tool,,,,,,,,,,,,,,,,,,T14022B
9400615469386,wp-t14023,Thread protection sleeve,,,,,,,,,,,,,,,,,,T14023
9399657660746,wp-t14025,Seal mounting adapter,,,,,,,,,,,,,,,,,,T14025
9399662575946,wp-t14028,Ring wrench,,,,,,,,,,,,,,,,,,T14028
9399657726282,wp-t14029,Mounting sleeve,,,,,,,,,,,,,,,,,,T14029
9399652122954,wp-t14030,Filling adapter,,,,,,,,,,,,,,,,,,T14030
9399653368138,wp-t14031,Pressing tool,,,,,,,,,,,,,,,,,,T14031
9399662707018,wp-t14032,Open end wrench,,,,,,,,,,,,,,,,,,T14032
9400615665994,wp-t14033,Tweezers,,,,,,,,,,,,,,,,,,T14033
9399653957962,wp-t14034,Seal Grease,,,,,,,,,,,,,,,,,,T14034
9399655203146,wp-t14038s,Tool cone piston position,,,,,,,,,,,,,,,,,,T14038S
9399655334218,wp-t1403s,Clamping stand,,,,,,,,,,,,,,,,,,T1403S
9399657824586,wp-t14040s,Mounting tool,,,,,,,,,,,,,,,,,,T14040S
9399660183882,wp-t14042s,Wrench pin bore screw cap,,,,,,,,,,,,,,,,,,T14042S
9399649993034,wp-t14045,Allen wrench screw cap,,,,,,,,,,,,,,,,,,T14045
9399650287946,wp-t14046,Allen wrench spring preload,,,,,,,,,,,,,,,,,,T14046
9400597021002,wp-t14047,Groove nut wrench,,,,,,,,,,,,,,,,,,T14047
9399649435978,wp-t14048,Key SW 14,,,,,,,,,,,,,,,,,,T14048
9399655432522,wp-t14049s,Clamping stand,,,,,,,,,,,,,,,,,,T14049S
9399657922890,wp-t1404s,Mounting tool,,,,,,,,,,,,,,,,,,T1404S
9400594727242,wp-t14050s,Spring tensioner,,,,,,,,,,,,,,,,,,T14050S
9399658053962,wp-t14051,Pressing tool,,,,,,,,,,,,,,,,,,T14051
9399660249418,wp-t14053s,Innertube mounting tool,,,,,,,,,,,,,,,,,,T14053S
9399662903626,wp-t14058,Strap wrench,,,,,,,,,,,,,,,,,,T14058
9399650484554,wp-t14061,Cartridge Spanner,,,,,,,,,,,,,,,,,,T14061
9400597446986,wp-t14062,Seal carrier spanner 55mm,,,,,,,,,,,,,,,,,,T14062
9399650877770,wp-t14063,Fork cap spanner,,,,,,,,,,,,,,,,,,T14063
9399650910538,wp-t14064,Cartridge bottom tool,,,,,,,,,,,,,,,,,,T14064
9399649599818,wp-t14065,Seal Driver,,,,,,,,,,,,,,,,,,T14065
9399649763658,wp-t14067,Spring Puller,,,,,,,,,,,,,,,,,,T14067
9399655530826,wp-t14072,Clamping stand,,,,,,,,,,,,,,,,,,T14072
9399658152266,wp-t14073s,Seal mounting adapter,,,,,,,,,,,,,,,,,,T14073S
9399663001930,wp-t14074s,Reservoir cap spanner,,,,,,,,,,,,,,,,,,T14074S
9399651402058,wp-t14076,Pressing tool,,,,,,,,,,,,,,,,,,T14076
9400597283146,wp-t14083,Special tool,,,,,,,,,,,,,,,,,,T14083
9399660413258,wp-t14084,Special socket,,,,,,,,,,,,,,,,,,T14084
9400594235722,wp-t14086e,Fork pump adapter,,,,,,,,,,,,,,,,,,T14086E
9400619598154,wp-t14096,Ring wrench,,,,,,,,,,,,,,,,,,T14096
9400596070730,wp-t14098s,Clamping stand,,,,,,,,,,,,,,,,,,T14098S
9400596463946,wp-t14099,Mounting tool,,,,,,,,,,,,,,,,,,T14099
9400597578058,wp-t14102,Mounting tool,,,,,,,,,,,,,,,,,,T14102
9400595546442,wp-t14105,Adapter,,,,,,,,,,,,,,,,,,T14105
9400608850250,wp-t14106s,Special wrench,,,,,,,,,,,,,,,,,,T14106S
9400608751946,wp-t14107s,Socket,,,,,,,,,,,,,,,,,,T14107S
9399654416714,wp-t14109s,$M-T14109S,,,,,,,,,,,,,,,,,,T14109S
9399659331914,wp-t14110s,$M-T14110S,,,,,,,,,,,,,,,,,,T14110S
9400596234570,wp-t14115s,Spring preload tool,,,,,,,,,,,,,,,,,,T14115S
9399660511562,wp-t145s,Mounting tool,,,,,,,,,,,,,,,,,,T145S
9399658217802,wp-t146,Mounting tool,,,,,,,,,,,,,,,,,,T146
9399658348874,wp-t147,Clamping bush,,,,,,,,,,,,,,,,,,T147
9399658611018,wp-t148,Adapter Ø50 for clamp wrench T146,,,,,,,,,,,,,,,,,,T148
9399650124106,wp-t149,Calibrating central carrier bush,,,,,,,,,,,,,,,,,,T149
9400595218762,wp-t15000,Press-out tool,,,,,,,,,,,,,,,,,,T15000
9399653466442,wp-t1504,Pressing tool,,,,,,,,,,,,,,,,,,T1504
9400615731530,wp-t15067,Clamping bush,,,,,,,,,,,,,,,,,,T15067
9399648059722,wp-t15074,Mounting tool,,,,,,,,,,,,,,,,,,T15074
9400594432330,wp-t15077,Mounting sleeve,,,,,,,,,,,,,,,,,,T15077
9400595382602,wp-t15080,Clamping bush,,,,,,,,,,,,,,,,,,T15080
9637544460618,wp-t15082,Mounting tool,,,,,,,,,,,,,,,,,,T15082
9400615371082,wp-t15083,Clamping stand,,,,,,,,,,,,,,,,,,T15083
9400597840202,wp-t15085,Vacuum pump,,,,,,,,,,,,,,,,,,T15085
9400597807434,wp-t15086,Vacuum pump,,,,,,,,,,,,,,,,,,T15086
9400615403850,wp-t1509,Filling adapter,,,,,,,,,,,,,,,,,,T1509
15665050747210,wp-t150s,Mounting tool,,,,,,,,,,,,,,,,,,T150S
9399658676554,wp-t1515,Mounting sleeve,,,,,,,,,,,,,,,,,,T1515
9399652843850,wp-t1517s,Shock length measuring tool,,,,,,,,,,,,,,,,,,T1517S
9399654089034,wp-t152,Belray Molylube Antiseize,,,,,,,,,,,,,,,,,,T152
9400595841354,wp-t1558s,Housing for nitrogen filling device,,,,,,,,,,,,,,,,,,T1558S
,wp-t1561s,Spring mounting tool,,,,,,,,,,,,,,,,,,T1561S
9399652188490,wp-t1563,Adaptor PDS Ø 58mm,,,,,,,,,,,,,,,,,,T1563
9399652254026,wp-t1564,Adaptor SX Ø 65mm,,,,,,,,,,,,,,,,,,T1564
9399652286794,wp-t1565,Filling adapter,,,,,,,,,,,,,,,,,,T1565
9399654187338,wp-t158,PP300 grease reservoir 100 g,,,,,,,,,,,,,,,,,,T158
9399650615626,wp-t159,Water-repellent grease 454 g,,,,,,,,,,,,,,,,,,T159
9399648780618,wp-t16001,Mounting tool piston rod,,,,,,,,,,,,,,,,,,T16001
9399648452938,wp-t16006,Calibrating tool,,,,,,,,,,,,,,,,,,T16006
9399653531978,wp-t16007,Mounting tool seal,,,,,,,,,,,,,,,,,,T16007
9399650419018,wp-t16014s,Clamp for steering damper,,,,,,,,,,,,,,,,,,T16014S
9399660740938,wp-t16015s,Socket,,,,,,,,,,,,,,,,,,T16015S
9400594628938,wp-t16021s,MX steering damper mounting tool,,,,,,,,,,,,,,,,,,T16021S
9400608489802,wp-t16023,Steering piston holder,,,,,,,,,,,,,,,,,,T16023
9400595317066,wp-t16024s,Press-out tool,,,,,,,,,,,,,,,,,,T16024S
9399648878922,wp-t163,Loctite 648 50ml,,,,,,,,,,,,,,,,,,T163
9399648584010,wp-t17001,Adapter Ø50 for clamp wrench T146,,,,,,,,,,,,,,,,,,T17001
9399660937546,wp-t17002s,Socket,,,,,,,,,,,,,,,,,,T17002S
9399661068618,wp-t17003s,"Pin wrench for piston Ø3,5",,,,,,,,,,,,,,,,,,T17003S
9399652385098,wp-t17008s,Filling adapter M10x1,,,,,,,,,,,,,,,,,,T17008S
15665051042122,wp-t17009s,Allen screwdriver,,,,,,,,,,,,,,,,,,T17009S
9400597152074,wp-t17010s,Wrench 18x3,,,,,,,,,,,,,,,,,,T17010S
9400596758858,wp-t17029s,Socket,,,,,,,,,,,,,,,,,,T17029S
9400595677514,wp-t170s1,Filling tool,,,,,,,,,,,,,,,,,,T170S1
9399652516170,wp-t173,Filling adapter,,,,,,,,,,,,,,,,,,T173
9399651467594,wp-t175,Mounting tool,,,,,,,,,,,,,,,,,,T175
9400615338314,wp-t18001,Filling adapter,,,,,,,,,,,,,,,,,,T18001
9399653007690,wp-t18006,$M-T18006,,,,,,,,,,,,,,,,,,T18006
9399659495754,wp-t18007,$M-T18007,,,,,,,,,,,,,,,,,,T18007
9400596496714,wp-t18008s,$M-T18008S,,,,,,,,,,,,,,,,,,T18008S
9399656350026,wp-t18009,$M-T18009,,,,,,,,,,,,,,,,,,T18009
9399629513034,wp-t20012,Toolboard,,,,,,,,,,,,,,,,,,T20012
9399652909386,wp-t206,Measuring cylinder 500 ml,,,,,,,,,,,,,,,,,,T206
9399652974922,wp-t207,Measuring cylinder 1000 ml,,,,,,,,,,,,,,,,,,T207
9399663133002,wp-t304,Hook wrench,,,,,,,,,,,,,,,,,,T304
9399658742090,wp-t305,"Mounting sleeve oil seal D=12,4",,,,,,,,,,,,,,,,,,T305
9399658840394,wp-t313,Mounting sleeve,,,,,,,,,,,,,,,,,,T313
9399659004234,wp-t315,Bush removal/fitting tool pipe,,,,,,,,,,,,,,,,,,T315
9399659037002,wp-t316,Clamp bush D=40,,,,,,,,,,,,,,,,,,T316
9400594956618,wp-t43001,Mounting sleeve,,,,,,,,,,,,,,,,,,T43001
9399655629130,wp-t501s,Tube clamp inner/outer pipe,,,,,,,,,,,,,,,,,,T501S
9399659069770,wp-t502s,Impact sleeve for sealing rings,,,,,,,,,,,,,,,,,,T502S
9399659168074,wp-t503s,Inner pipe fitting tool,,,,,,,,,,,,,,,,,,T503S
9399655661898,wp-t506s,Clamping jaw Ø43/57mm,,,,,,,,,,,,,,,,,,T506S
9399651205450,wp-t507,Removal/fitting bush,,,,,,,,,,,,,,,,,,T507
9399651270986,wp-t508s,MXMA vice,,,,,,,,,,,,,,,,,,T508S
9399664968010,wp-t511,Silicone grease for dust seal,,,,,,,,,,,,,,,,,,T511
9399659233610,wp-t512,Protecting sleeve,,,,,,,,,,,,,,,,,,T512
9399651762506,wp-t514,Support tool,,,,,,,,,,,,,,,,,,T514
9399655727434,wp-t515,Clamping jaw Set Ø 27/12mm,,,,,,,,,,,,,,,,,,T515
9399661330762,wp-t516,Cartridge cap adapter,,,,,,,,,,,,,,,,,,T516
9399661461834,wp-t517,Screwcap adapter,,,,,,,,,,,,,,,,,,T517
9399648256330,wp-t518,Spacer + bore CC L120,,,,,,,,,,,,,,,,,,T518
9400615829834,wp-t519,Distance piece,,,,,,,,,,,,,,,,,,T519
9399649665354,wp-t520,Filling adapter M12x1-G 1/8,,,,,,,,,,,,,,,,,,T520
9399649829194,wp-t521,Filling adapter M27x1-G1/8,,,,,,,,,,,,,,,,,,T521
9399651631434,wp-t524,Ring wrench,,,,,,,,,,,,,,,,,,T524
9399651729738,wp-t526s,Clamping stand,,,,,,,,,,,,,,,,,,T526S
9399665066314,wp-t529,Filling adaptor 1/8G,,,,,,,,,,,,,,,,,,T529
9400596005194,wp-t531s,Clamping stand,,,,,,,,,,,,,,,,,,T531S
9400595611978,wp-t532s,Adapter,,,,,,,,,,,,,,,,,,T532S
9399648092490,wp-t535,Clamp barrels,,,,,,,,,,,,,,,,,,T535
15665051337034,wp-t536-00,Ring wrench,,,,,,,,,,,,,,,,,,T536-00
9400615272778,wp-t537,Socket,,,,,,,,,,,,,,,,,,T537
9399655858506,wp-t612s,Clamping stand,,,,,,,,,,,,,,,,,,T612S
9399651565898,wp-t620,Fitting long guide bush,,,,,,,,,,,,,,,,,,T620
9399654252874,wp-t625,Grease,,,,,,,,,,,,,,,,,,T625
9399655989578,wp-t639s,Clamping unit for use with TA,,,,,,,,,,,,,,,,,,T639S
9399656055114,wp-t720s,Clamping jaw D= 48,,,,,,,,,,,,,,,,,,T720S
9399659266378,wp-t724s,Mounting tool,,,,,,,,,,,,,,,,,,T724S
9399656087882,wp-t725s,Clamping stand,,,,,,,,,,,,,,,,,,T725S
9399659299146,wp-t726,Protecting sleeve,,,,,,,,,,,,,,,,,,T726
9399661691210,wp-t727s,Socket,,,,,,,,,,,,,,,,,,T727S
9399651139914,wp-t728,Mounting tool penstock,,,,,,,,,,,,,,,,,,T728
9399645602122,wp-wp170072int,Notepad,,,,,,,,,,,,,,,,,,WP170072INT
9399645536586,wp-wp170073int,Pen,,,,,,,,,,,,,,,,,,WP170073INT
9399647273290,wp-wp170076int,Paddock Chair,,,,,,,,,,,,,,,,,,WP170076INT
9399646323018,wp-wp170077int,Flag incl. Rope Loops Set,,,,,,,,,,,,,,,,,,WP170077INT
9399646388554,wp-wp170078int,Beachflag Set,,,,,,,,,,,,,,,,,,WP170078INT
9399646290250,wp-wp170079int,Endlessbanner,,,,,,,,,,,,,,,,,,WP170079INT
9399645765962,wp-wp170096int,Paper Shopper,,,,,,,,,,,,,,,,,,WP170096INT
9399646421322,wp-wp170097int,Beachflag (only Cloth),,,,,,,,,,,,,,,,,,WP170097INT
9399647535434,wp-wp180001xx,Pro Components Offroad 2018,,,,,,,,,,,,,,,,,,WP180001EN-DE
9399647568202,wp-wp180002xx,Pro Components Street 2018,,,,,,,,,,,,,,,,,,WP180002EN-DE
9399646912842,wp-wp180003int,Tent Roof 3 x 3 m,,,,,,,,,,,,,,,,,,WP180003INT
9399646978378,wp-wp180004int,Tent Side Wall 3 x 3 m,,,,,,,,,,,,,,,,,,WP180004INT
9399647011146,wp-wp180005int,Tent Roof 6 x 3 m,,,,,,,,,,,,,,,,,,WP180005INT
9399647076682,wp-wp180006int,Tent Side Wall 6 x 3 m,,,,,,,,,,,,,,,,,,WP180006INT
9399645700426,wp-wp180007int,Post it,,,,,,,,,,,,,,,,,,WP180007INT
9399647633738,wp-wp180008en,Brandvalue Poster Kit,,,,,,,,,,,,,,,,,,WP180008EN
9399647764810,wp-wp180009en,Poster Kit,,,,,,,,,,,,,,,,,,WP180009EN
9399645274442,wp-wp190001int,Lanyard,,,,,,,,,,,,,,,,,,WP190001INT
15665051631946,wp-wp190002xx,Pro Components Street 2019/2020,,,,,,,,,,,,,,,,,,WP190002EN/DE
9399646191946,wp-wp210001int,Endlessbanner,,,,,,,,,,,,,,,,,,WP210001INT
9399647600970,wp-wp210003xxxx,Product Overview Poster 2021,,,,,,,,,,,,,,,,,,WP210003ENDE
9399647797578,wp-wp210004xxxx,Finance Customer Information Flyer 2021,,,,,,,,,,,,,,,,,,WP210004ENDE
9399647830346,wp-wp210005xxxx,Product Catalogue 2021,,,,,,,,,,,,,,,,,,WP210005ENDE
9399645208906,wp-wp210006int,Pen,,,,,,,,,,,,,,,,,,WP210006INT
9399645045066,wp-wp210007int,Post it,,,,,,,,,,,,,,,,,,WP210007INT
9400594301258,wp-wp210008int,Track Tape,,,,,,,,,,,,,,,,,,WP210008INT
9399645143370,wp-wp210009int,Notepad A4,,,,,,,,,,,,,,,,,,WP210009INT
9399645012298,wp-wp210010int,Sticker Sheet,,,,,,,,,,,,,,,,,,WP210010INT
9399644848458,wp-wp220001int,Mug-to-go,,,,,,,,,,,,,,,,,,WP220001INT
9399644913994,wp-wp220002int,Sunglasses,,,,,,,,,,,,,,,,,,WP220002INT
9399645995338,wp-wp220003int,Tent Roof 3 x 3 M,,,,,,,,,,,,,,,,,,WP220003INT
9399646060874,wp-wp220004int,Tent Side Wall 3 x 3 M,,,,,,,,,,,,,,,,,,WP220004INT
15665051730250,wp-wp220004xx,PRODUCT POSTER 2022,,,,,,,,,,,,,,,,,,WP220004DE
9399646093642,wp-wp220005int,Tent Roof 6 x 3 M,,,,,,,,,,,,,,,,,,WP220005INT
9399646159178,wp-wp220006int,Tent Side Wall 6 x 3 M,,,,,,,,,,,,,,,,,,WP220006INT
9399645897034,wp-wp220007int,Chair,,,,,,,,,,,,,,,,,,WP220007INT
9399644815690,wp-wp220008int,Notepad A4,,,,,,,,,,,,,,,,,,WP220008INT
9399644750154,wp-wp220009int,Notepad A5,,,,,,,,,,,,,,,,,,WP220009INT
9399644684618,wp-wp220010int,Notepad A6,,,,,,,,,,,,,,,,,,WP220010INT
9399644651850,wp-wp220011int,Document Folder Small,,,,,,,,,,,,,,,,,,WP220011INT
15665051894090,wp-wp24001int,WP PRODUCT POSTER OFFROAD 2024,,,,,,,,,,,,,,,,,,WP24001INT
15665051992394,wp-wp24002int,WP PRODUCT POSTER STREET 2024,,,,,,,,,,,,,,,,,,WP24002INT
15665052057930,wp-z10010,Suspension lift kit,,,,,,,,,,,,,,,,,,Z10010
9399619780938,wp-zf10001,Bladder kit,,,,,,,,,,,,,,,,,,ZF10001
9399620305226,wp-zf10002,Trax Link Bladderkit 2017,,,,,,,,,,,,,,,,,,ZF10002
9399620206922,wp-zf10003,Trax PDS Bladderkit KTM,,,,,,,,,,,,,,,,,,ZF10003
9399620141386,wp-zf10004,Trax Bladderkit Suzuki/ Kawasaki/ Yamaha,,,,,,,,,,,,,,,,,,ZF10004
9399619879242,wp-zf10005,PDS Bladderkit KTM OEM,,,,,,,,,,,,,,,,,,ZF10005
9399620469066,wp-zf10006,Race Kit Shock KTM RC390R SSP 300,,,,,,,,,,,,,,,,,,ZF10006
9399620403530,wp-zf10007,Separation piston kit,,,,,,,,,,,,,,,,,,ZF10007
9399620370762,wp-zf10008,Bladderkit,,,,,,,,,,,,,,,,,,ZF10008
9399618961738,wp-zf10011,Bladder Kit,,,,,,,,,,,,,,,,,,ZF10011
9400594071882,wp-zf10012,Bladder kit,,,,,,,,,,,,,,,,,,ZF10012
9399620501834,wp-zg10002,Optional Parts Kit AER 48 Cone Valve,,,,,,,,,,,,,,,,,,ZG10002
9399629119818,wp-zg10004,Upgrad Kit AER 48 MY18,,,,,,,,,,,,,,,,,,ZG10004
9399626137930,wp-zg10004t,Upgrad Kit AER 48 MY18,,,,,,,,,,,,,,,,,,ZG10004T
9637537349962,wp-zg10013,Race Kit Fork KTM RC390R SSP300,,,,,,,,,,,,,,,,,,ZG10013
9399626662218,wp-zg10015,Lowering kit 5mm,,,,,,,,,,,,,,,,,,ZG10015
9399626596682,wp-zg10016,Lowering kit 10mm,,,,,,,,,,,,,,,,,,ZG10016
9399639671114,wp-zg10018,Quick lock kit,,,,,,,,,,,,,,,,,,ZG10018
9399639540042,wp-zg10021,Quick-lock coupling,,,,,,,,,,,,,,,,,,ZG10021
